Using training backend: dqn (train_generic_dqn.py)
WARNING: All log messages before absl::InitializeLog() is called are written to STDERR
I0000 00:00:1784203947.399104  115982 port.cc:153] oneDNN custom operations are on. You may see slightly different numerical results due to floating-point round-off errors from different computation orders. To turn them off, set the environment variable `TF_ENABLE_ONEDNN_OPTS=0`.
I0000 00:00:1784203947.430790  115982 cpu_feature_guard.cc:227] This TensorFlow binary is optimized to use available CPU instructions in performance-critical operations.
To enable the following instructions: AVX2 AVX_VNNI FMA, in other operations, rebuild TensorFlow with the appropriate compiler flags.
WARNING: All log messages before absl::InitializeLog() is called are written to STDERR
I0000 00:00:1784203948.080049  115982 port.cc:153] oneDNN custom operations are on. You may see slightly different numerical results due to floating-point round-off errors from different computation orders. To turn them off, set the environment variable `TF_ENABLE_ONEDNN_OPTS=0`.
TensorFlow GPU devices: [PhysicalDevice(name='/physical_device:GPU:0', device_type='GPU')] memory_growth=enabled
Started Godot instances on ports [6200, 6201, 6202, 6203]
Scenario spec: agent_id=BreakoutPaddle agent_count=1 agents=['BreakoutPaddle'] multi_agent=False teams=[] unassigned=1 obs_dim=5 num_actions=3 actions=['idle', 'move_left', 'move_right']
I0000 00:00:1784203952.220258  115982 gpu_device.cc:2043] Created device /job:localhost/replica:0/task:0/device:GPU:0 with 6158 MB memory:  -> device: 0, name: NVIDIA GeForce RTX 4060 Laptop GPU, pci bus id: 0000:01:00.0, compute capability: 8.9
Epsilon schedule: start=1.000 min=0.000 decay=0.996323 (derived); reaches 0.010 at episode 1250/2500
DQN learner: compiled batched graph
Collector mode: async workers=4 queue=256 policy_sync_steps=100 update_basis=transitions update_every=4 updates_per_interval=1 max_updates_per_env_step=1
episode=0000
  mode      collector=async  worker=3  epsilon=0.996
  outcome   reward=-8.9988  success=0/1 (0.00%)  steps=mean:188.0 range:[188,188]
  training  completed=1/2500  queue=0/256 (0%)  replay=310/200000  updates=0  loss=0.00000  policy_version=0
  throughput env_steps_s=3134.0  transitions_s=3134.0  transitions_step=1.0  updates_s=0.0  updates_throttled=0
episode=0002
  mode      collector=async  worker=0  epsilon=0.993
  outcome   reward=-10.006499999999999  success=0/1 (0.00%)  steps=mean:65.0 range:[65,65]
  training  completed=2/2500  queue=0/256 (0%)  replay=529/200000  updates=0  loss=0.00000  policy_version=0
  throughput env_steps_s=3591.3  transitions_s=3591.3  transitions_step=1.0  updates_s=0.0  updates_throttled=0
episode=0001
  mode      collector=async  worker=1  epsilon=0.989
  outcome   reward=-10.0067  success=0/1 (0.00%)  steps=mean:67.0 range:[67,67]
  training  completed=3/2500  queue=0/256 (0%)  replay=599/200000  updates=0  loss=0.00000  policy_version=0
  throughput env_steps_s=4456.8  transitions_s=4456.8  transitions_step=1.0  updates_s=0.0  updates_throttled=0
episode=0006
  mode      collector=async  worker=1  epsilon=0.985
  outcome   reward=-10.0061  success=0/1 (0.00%)  steps=mean:61.0 range:[61,61]
  training  completed=4/2500  queue=0/256 (0%)  replay=834/200000  updates=0  loss=0.00000  policy_version=0
  throughput env_steps_s=4353.8  transitions_s=4353.8  transitions_step=1.0  updates_s=0.0  updates_throttled=0
episode=0003
  mode      collector=async  worker=2  epsilon=0.982
  outcome   reward=-9.003899999999998  success=0/1 (0.00%)  steps=mean:239.0 range:[239,239]
  training  completed=5/2500  queue=0/256 (0%)  replay=846/200000  updates=0  loss=0.00000  policy_version=0
  throughput env_steps_s=4152.5  transitions_s=4152.5  transitions_step=1.0  updates_s=0.0  updates_throttled=0
episode=0004
  mode      collector=async  worker=3  epsilon=0.978
  outcome   reward=-8.998099999999999  success=0/1 (0.00%)  steps=mean:181.0 range:[181,181]
  training  completed=6/2500  queue=0/256 (0%)  replay=1025/200000  updates=0  loss=0.00000  policy_version=0
  throughput env_steps_s=5631.3  transitions_s=5631.3  transitions_step=1.0  updates_s=0.0  updates_throttled=0
episode=0009
  mode      collector=async  worker=3  epsilon=0.975
  outcome   reward=-10.0062  success=0/1 (0.00%)  steps=mean:62.0 range:[62,62]
  training  completed=7/2500  queue=0/256 (0%)  replay=1296/200000  updates=0  loss=0.00000  policy_version=0
  throughput env_steps_s=4803.7  transitions_s=4803.7  transitions_step=1.0  updates_s=0.0  updates_throttled=0
episode=0007
  mode      collector=async  worker=1  epsilon=0.971
  outcome   reward=-8.999199999999998  success=0/1 (0.00%)  steps=mean:192.0 range:[192,192]
  training  completed=8/2500  queue=0/256 (0%)  replay=1534/200000  updates=0  loss=0.00000  policy_version=0
  throughput env_steps_s=3925.0  transitions_s=3925.0  transitions_step=1.0  updates_s=0.0  updates_throttled=0
episode=0008
  mode      collector=async  worker=2  epsilon=0.967
  outcome   reward=-7.999900000000014  success=0/1 (0.00%)  steps=mean:199.0 range:[199,199]
  training  completed=9/2500  queue=0/256 (0%)  replay=1677/200000  updates=0  loss=0.00000  policy_version=0
  throughput env_steps_s=4088.7  transitions_s=4088.7  transitions_step=1.0  updates_s=0.0  updates_throttled=0
episode=0005
  mode      collector=async  worker=0  epsilon=0.964
  outcome   reward=-7.011500000000014  success=0/1 (0.00%)  steps=mean:315.0 range:[315,315]
  training  completed=10/2500  queue=0/256 (0%)  replay=1765/200000  updates=0  loss=0.00000  policy_version=0
  throughput env_steps_s=3538.7  transitions_s=3538.7  transitions_step=1.0  updates_s=0.0  updates_throttled=0
episode=0010
  mode      collector=async  worker=3  epsilon=0.960
  outcome   reward=-8.998  success=0/1 (0.00%)  steps=mean:180.0 range:[180,180]
  training  completed=11/2500  queue=0/256 (0%)  replay=2014/200000  updates=0  loss=0.00000  policy_version=0
  throughput env_steps_s=3734.5  transitions_s=3734.5  transitions_step=1.0  updates_s=0.0  updates_throttled=0
episode=0013
  mode      collector=async  worker=0  epsilon=0.957
  outcome   reward=-8.998299999999999  success=0/1 (0.00%)  steps=mean:183.0 range:[183,183]
  training  completed=12/2500  queue=0/256 (0%)  replay=2491/200000  updates=0  loss=0.00000  policy_version=0
  throughput env_steps_s=3286.1  transitions_s=3286.1  transitions_step=1.0  updates_s=0.0  updates_throttled=0
episode=0011
  mode      collector=async  worker=1  epsilon=0.953
  outcome   reward=-7.011700000000037  success=0/1 (0.00%)  steps=mean:317.0 range:[317,317]
  training  completed=13/2500  queue=0/256 (0%)  replay=2696/200000  updates=0  loss=0.00000  policy_version=0
  throughput env_steps_s=2995.5  transitions_s=2995.5  transitions_step=1.0  updates_s=0.0  updates_throttled=0
episode=0014
  mode      collector=async  worker=3  epsilon=0.950
  outcome   reward=-8.997799999999998  success=0/1 (0.00%)  steps=mean:178.0 range:[178,178]
  training  completed=14/2500  queue=0/256 (0%)  replay=2753/200000  updates=0  loss=0.00000  policy_version=0
  throughput env_steps_s=3340.8  transitions_s=3340.8  transitions_step=1.0  updates_s=0.0  updates_throttled=0
episode=0012
  mode      collector=async  worker=2  epsilon=0.946
  outcome   reward=-7.010900000000033  success=0/1 (0.00%)  steps=mean:309.0 range:[309,309]
  training  completed=15/2500  queue=0/256 (0%)  replay=2886/200000  updates=0  loss=0.00000  policy_version=0
  throughput env_steps_s=2798.1  transitions_s=2798.1  transitions_step=1.0  updates_s=0.0  updates_throttled=0
episode=0016
  mode      collector=async  worker=1  epsilon=0.943
  outcome   reward=-10.0061  success=0/1 (0.00%)  steps=mean:61.0 range:[61,61]
  training  completed=16/2500  queue=0/256 (0%)  replay=2958/200000  updates=0  loss=0.00000  policy_version=0
  throughput env_steps_s=3156.5  transitions_s=3156.5  transitions_step=1.0  updates_s=0.0  updates_throttled=0
episode=0018
  mode      collector=async  worker=2  epsilon=0.939
  outcome   reward=-10.0067  success=0/1 (0.00%)  steps=mean:67.0 range:[67,67]
  training  completed=17/2500  queue=0/256 (0%)  replay=3132/200000  updates=0  loss=0.00000  policy_version=0
  throughput env_steps_s=2756.6  transitions_s=2756.6  transitions_step=1.0  updates_s=0.0  updates_throttled=0
episode=0017
  mode      collector=async  worker=3  epsilon=0.936
  outcome   reward=-9.000499999999999  success=0/1 (0.00%)  steps=mean:205.0 range:[205,205]
  training  completed=18/2500  queue=0/256 (0%)  replay=3676/200000  updates=0  loss=0.00000  policy_version=0
  throughput env_steps_s=3015.0  transitions_s=3015.0  transitions_step=1.0  updates_s=0.0  updates_throttled=0
episode=0015
  mode      collector=async  worker=0  epsilon=0.932
  outcome   reward=-8.011199999999997  success=0/1 (0.00%)  steps=mean:312.0 range:[312,312]
  training  completed=19/2500  queue=0/256 (0%)  replay=3694/200000  updates=0  loss=0.00000  policy_version=0
  throughput env_steps_s=3422.9  transitions_s=3422.9  transitions_step=1.0  updates_s=0.0  updates_throttled=0
episode=0019
  mode      collector=async  worker=1  epsilon=0.929
  outcome   reward=-8.9987  success=0/1 (0.00%)  steps=mean:187.0 range:[187,187]
  training  completed=20/2500  queue=12/256 (5%)  replay=3738/200000  updates=0  loss=0.00000  policy_version=0
  throughput env_steps_s=2317.4  transitions_s=2317.4  transitions_step=1.0  updates_s=0.0  updates_throttled=0
episode=0020
  mode      collector=async  worker=2  epsilon=0.926
  outcome   reward=-7.998300000000014  success=0/1 (0.00%)  steps=mean:183.0 range:[183,183]
  training  completed=21/2500  queue=0/256 (0%)  replay=3920/200000  updates=0  loss=0.00000  policy_version=0
  throughput env_steps_s=2670.6  transitions_s=2670.6  transitions_step=1.0  updates_s=0.0  updates_throttled=0
episode=0021
  mode      collector=async  worker=3  epsilon=0.922
  outcome   reward=-10.0067  success=0/1 (0.00%)  steps=mean:67.0 range:[67,67]
  training  completed=22/2500  queue=0/256 (0%)  replay=3951/200000  updates=0  loss=0.00000  policy_version=0
  throughput env_steps_s=2457.6  transitions_s=2457.6  transitions_step=1.0  updates_s=0.0  updates_throttled=0
episode=0023
  mode      collector=async  worker=1  epsilon=0.919
  outcome   reward=-9.000499999999999  success=0/1 (0.00%)  steps=mean:205.0 range:[205,205]
  training  completed=23/2500  queue=0/256 (0%)  replay=4521/200000  updates=0  loss=0.00000  policy_version=0
  throughput env_steps_s=2781.1  transitions_s=2781.1  transitions_step=1.0  updates_s=0.0  updates_throttled=0
episode=0022
  mode      collector=async  worker=0  epsilon=0.915
  outcome   reward=-8.999699999999999  success=0/1 (0.00%)  steps=mean:197.0 range:[197,197]
  training  completed=24/2500  queue=0/256 (0%)  replay=4527/200000  updates=0  loss=0.00000  policy_version=0
  throughput env_steps_s=4353.4  transitions_s=4353.4  transitions_step=1.0  updates_s=0.0  updates_throttled=0
episode=0024
  mode      collector=async  worker=2  epsilon=0.912
  outcome   reward=-8.9987  success=0/1 (0.00%)  steps=mean:187.0 range:[187,187]
  training  completed=25/2500  queue=0/256 (0%)  replay=4575/200000  updates=0  loss=0.00000  policy_version=0
  throughput env_steps_s=2726.0  transitions_s=2726.0  transitions_step=1.0  updates_s=0.0  updates_throttled=0
Saved checkpoint: checkpoints/breakout_27bricks_v2/ckpt-25
Scheduled replay buffer save: checkpoints/breakout_27bricks_v2/replay-25.npz transitions=4575
episode=0025
  mode      collector=async  worker=3  epsilon=0.909
  outcome   reward=-8.998099999999999  success=0/1 (0.00%)  steps=mean:181.0 range:[181,181]
  training  completed=26/2500  queue=11/256 (4%)  replay=4703/200000  updates=0  loss=0.00000  policy_version=0
  throughput env_steps_s=1679.6  transitions_s=1679.6  transitions_step=1.0  updates_s=0.0  updates_throttled=0
Saved replay buffer: checkpoints/breakout_27bricks_v2/replay-25.npz transitions=4575
episode=0027
  mode      collector=async  worker=0  epsilon=0.905
  outcome   reward=-8.9986  success=0/1 (0.00%)  steps=mean:186.0 range:[186,186]
  training  completed=27/2500  queue=0/256 (0%)  replay=5168/200000  updates=0  loss=0.00000  policy_version=0
  throughput env_steps_s=2112.0  transitions_s=2112.0  transitions_step=1.0  updates_s=0.0  updates_throttled=0
episode=0028
  mode      collector=async  worker=2  epsilon=0.902
  outcome   reward=-9.000499999999999  success=0/1 (0.00%)  steps=mean:205.0 range:[205,205]
  training  completed=28/2500  queue=0/256 (0%)  replay=5417/200000  updates=0  loss=0.00000  policy_version=0
  throughput env_steps_s=2430.7  transitions_s=2430.7  transitions_step=1.0  updates_s=0.0  updates_throttled=0
episode=0029
  mode      collector=async  worker=3  epsilon=0.899
  outcome   reward=-8.9988  success=0/1 (0.00%)  steps=mean:188.0 range:[188,188]
  training  completed=29/2500  queue=0/256 (0%)  replay=5469/200000  updates=0  loss=0.00000  policy_version=0
  throughput env_steps_s=1940.1  transitions_s=1940.1  transitions_step=1.0  updates_s=0.0  updates_throttled=0
episode=0026
  mode      collector=async  worker=1  epsilon=0.895
  outcome   reward=-8.011999999999997  success=0/1 (0.00%)  steps=mean:320.0 range:[320,320]
  training  completed=30/2500  queue=0/256 (0%)  replay=5916/200000  updates=0  loss=0.00000  policy_version=0
  throughput env_steps_s=1969.1  transitions_s=1969.1  transitions_step=1.0  updates_s=0.0  updates_throttled=0
episode=0030
  mode      collector=async  worker=0  epsilon=0.892
  outcome   reward=-9.000699999999998  success=0/1 (0.00%)  steps=mean:207.0 range:[207,207]
  training  completed=31/2500  queue=0/256 (0%)  replay=5942/200000  updates=0  loss=0.00000  policy_version=0
  throughput env_steps_s=2536.3  transitions_s=2536.3  transitions_step=1.0  updates_s=0.0  updates_throttled=0
episode=0033
  mode      collector=async  worker=1  epsilon=0.889
  outcome   reward=-10.0062  success=0/1 (0.00%)  steps=mean:62.0 range:[62,62]
  training  completed=32/2500  queue=0/256 (0%)  replay=6143/200000  updates=0  loss=0.00000  policy_version=0
  throughput env_steps_s=2216.5  transitions_s=2216.5  transitions_step=1.0  updates_s=0.0  updates_throttled=0
episode=0034
  mode      collector=async  worker=0  epsilon=0.886
  outcome   reward=-10.0064  success=0/1 (0.00%)  steps=mean:64.0 range:[64,64]
  training  completed=33/2500  queue=0/256 (0%)  replay=6222/200000  updates=0  loss=0.00000  policy_version=0
  throughput env_steps_s=2378.6  transitions_s=2378.6  transitions_step=1.0  updates_s=0.0  updates_throttled=0
episode=0032
  mode      collector=async  worker=3  epsilon=0.882
  outcome   reward=-8.999699999999999  success=0/1 (0.00%)  steps=mean:197.0 range:[197,197]
  training  completed=34/2500  queue=0/256 (0%)  replay=6261/200000  updates=0  loss=0.00000  policy_version=0
  throughput env_steps_s=1680.7  transitions_s=1680.7  transitions_step=1.0  updates_s=0.0  updates_throttled=0
episode=0031
  mode      collector=async  worker=2  epsilon=0.879
  outcome   reward=-9.002899999999999  success=0/1 (0.00%)  steps=mean:229.0 range:[229,229]
  training  completed=35/2500  queue=0/256 (0%)  replay=6325/200000  updates=0  loss=0.00000  policy_version=0
  throughput env_steps_s=1686.7  transitions_s=1686.7  transitions_step=1.0  updates_s=0.0  updates_throttled=0
episode=0035
  mode      collector=async  worker=1  epsilon=0.876
  outcome   reward=-10.0066  success=0/1 (0.00%)  steps=mean:66.0 range:[66,66]
  training  completed=36/2500  queue=0/256 (0%)  replay=6431/200000  updates=0  loss=0.00000  policy_version=0
  throughput env_steps_s=2458.2  transitions_s=2458.2  transitions_step=1.0  updates_s=0.0  updates_throttled=0
episode=0037
  mode      collector=async  worker=3  epsilon=0.873
  outcome   reward=-10.0061  success=0/1 (0.00%)  steps=mean:61.0 range:[61,61]
  training  completed=37/2500  queue=0/256 (0%)  replay=6481/200000  updates=0  loss=0.00000  policy_version=0
  throughput env_steps_s=2076.1  transitions_s=2076.1  transitions_step=1.0  updates_s=0.0  updates_throttled=0
episode=0038
  mode      collector=async  worker=2  epsilon=0.869
  outcome   reward=-10.0066  success=0/1 (0.00%)  steps=mean:66.0 range:[66,66]
  training  completed=38/2500  queue=0/256 (0%)  replay=6571/200000  updates=0  loss=0.00000  policy_version=0
  throughput env_steps_s=1524.6  transitions_s=1524.6  transitions_step=1.0  updates_s=0.0  updates_throttled=0
episode=0039
  mode      collector=async  worker=1  epsilon=0.866
  outcome   reward=-10.0061  success=0/1 (0.00%)  steps=mean:61.0 range:[61,61]
  training  completed=39/2500  queue=0/256 (0%)  replay=6717/200000  updates=0  loss=0.00000  policy_version=0
  throughput env_steps_s=1833.0  transitions_s=1833.0  transitions_step=1.0  updates_s=0.0  updates_throttled=0
episode=0040
  mode      collector=async  worker=3  epsilon=0.863
  outcome   reward=-10.006499999999999  success=0/1 (0.00%)  steps=mean:65.0 range:[65,65]
  training  completed=40/2500  queue=4/256 (2%)  replay=6748/200000  updates=0  loss=0.00000  policy_version=0
  throughput env_steps_s=1297.1  transitions_s=1297.1  transitions_step=1.0  updates_s=0.0  updates_throttled=0
episode=0036
  mode      collector=async  worker=0  epsilon=0.860
  outcome   reward=-8.9985  success=0/1 (0.00%)  steps=mean:185.0 range:[185,185]
  training  completed=41/2500  queue=0/256 (0%)  replay=6906/200000  updates=0  loss=0.00000  policy_version=0
  throughput env_steps_s=2352.1  transitions_s=2352.1  transitions_step=1.0  updates_s=0.0  updates_throttled=0
episode=0043
  mode      collector=async  worker=3  epsilon=0.857
  outcome   reward=-10.0062  success=0/1 (0.00%)  steps=mean:62.0 range:[62,62]
  training  completed=42/2500  queue=0/256 (0%)  replay=7002/200000  updates=0  loss=0.00000  policy_version=0
  throughput env_steps_s=1572.3  transitions_s=1572.3  transitions_step=1.0  updates_s=0.0  updates_throttled=0
episode=0044
  mode      collector=async  worker=0  epsilon=0.853
  outcome   reward=-10.006  success=0/1 (0.00%)  steps=mean:60.0 range:[60,60]
  training  completed=43/2500  queue=0/256 (0%)  replay=7153/200000  updates=0  loss=0.00000  policy_version=0
  throughput env_steps_s=1914.2  transitions_s=1914.2  transitions_step=1.0  updates_s=0.0  updates_throttled=0
episode=0045
  mode      collector=async  worker=3  epsilon=0.850
  outcome   reward=-10.0062  success=0/1 (0.00%)  steps=mean:62.0 range:[62,62]
  training  completed=44/2500  queue=0/256 (0%)  replay=7261/200000  updates=0  loss=0.00000  policy_version=0
  throughput env_steps_s=1769.2  transitions_s=1769.2  transitions_step=1.0  updates_s=0.0  updates_throttled=0
episode=0046
  mode      collector=async  worker=0  epsilon=0.847
  outcome   reward=-10.0063  success=0/1 (0.00%)  steps=mean:63.0 range:[63,63]
  training  completed=45/2500  queue=0/256 (0%)  replay=7370/200000  updates=0  loss=0.00000  policy_version=0
  throughput env_steps_s=1623.2  transitions_s=1623.2  transitions_step=1.0  updates_s=0.0  updates_throttled=0
episode=0042
  mode      collector=async  worker=1  epsilon=0.844
  outcome   reward=-8.997799999999998  success=0/1 (0.00%)  steps=mean:178.0 range:[178,178]
  training  completed=46/2500  queue=0/256 (0%)  replay=7430/200000  updates=0  loss=0.00000  policy_version=0
  throughput env_steps_s=1927.2  transitions_s=1927.2  transitions_step=1.0  updates_s=0.0  updates_throttled=0
episode=0048
  mode      collector=async  worker=0  epsilon=0.841
  outcome   reward=-10.0064  success=0/1 (0.00%)  steps=mean:64.0 range:[64,64]
  training  completed=47/2500  queue=0/256 (0%)  replay=7661/200000  updates=0  loss=0.00000  policy_version=0
  throughput env_steps_s=1777.2  transitions_s=1777.2  transitions_step=1.0  updates_s=0.0  updates_throttled=0
episode=0049
  mode      collector=async  worker=1  epsilon=0.838
  outcome   reward=-10.0064  success=0/1 (0.00%)  steps=mean:64.0 range:[64,64]
  training  completed=48/2500  queue=0/256 (0%)  replay=7717/200000  updates=0  loss=0.00000  policy_version=0
  throughput env_steps_s=2176.4  transitions_s=2176.4  transitions_step=1.0  updates_s=0.0  updates_throttled=0
episode=0041
  mode      collector=async  worker=2  epsilon=0.835
  outcome   reward=-8.014799999999997  success=0/1 (0.00%)  steps=mean:348.0 range:[348,348]
  training  completed=49/2500  queue=0/256 (0%)  replay=7932/200000  updates=0  loss=0.00000  policy_version=0
  throughput env_steps_s=1704.2  transitions_s=1704.2  transitions_step=1.0  updates_s=0.0  updates_throttled=0
episode=0047
  mode      collector=async  worker=3  epsilon=0.832
  outcome   reward=-8.999699999999999  success=0/1 (0.00%)  steps=mean:197.0 range:[197,197]
  training  completed=50/2500  queue=0/256 (0%)  replay=8060/200000  updates=0  loss=0.00000  policy_version=0
  throughput env_steps_s=1866.7  transitions_s=1866.7  transitions_step=1.0  updates_s=0.0  updates_throttled=0
Saved checkpoint: checkpoints/breakout_27bricks_v2/ckpt-50
Scheduled replay buffer save: checkpoints/breakout_27bricks_v2/replay-50.npz transitions=8060
Saved replay buffer: checkpoints/breakout_27bricks_v2/replay-50.npz transitions=8060
episode=0051
  mode      collector=async  worker=1  epsilon=0.829
  outcome   reward=-8.998199999999999  success=0/1 (0.00%)  steps=mean:182.0 range:[182,182]
  training  completed=51/2500  queue=0/256 (0%)  replay=8492/200000  updates=0  loss=0.00000  policy_version=0
  throughput env_steps_s=1584.9  transitions_s=1584.9  transitions_step=1.0  updates_s=0.0  updates_throttled=0
episode=0052
  mode      collector=async  worker=2  epsilon=0.826
  outcome   reward=-9.0003  success=0/1 (0.00%)  steps=mean:203.0 range:[203,203]
  training  completed=52/2500  queue=0/256 (0%)  replay=8725/200000  updates=0  loss=0.00000  policy_version=0
  throughput env_steps_s=1341.4  transitions_s=1341.4  transitions_step=1.0  updates_s=0.0  updates_throttled=0
episode=0050
  mode      collector=async  worker=0  epsilon=0.823
  outcome   reward=-7.022700000000013  success=0/1 (0.00%)  steps=mean:427.0 range:[427,427]
  training  completed=53/2500  queue=0/256 (0%)  replay=9343/200000  updates=0  loss=0.00000  policy_version=0
  throughput env_steps_s=1480.1  transitions_s=1480.1  transitions_step=1.0  updates_s=0.0  updates_throttled=0
episode=0055
  mode      collector=async  worker=2  epsilon=0.820
  outcome   reward=-8.998399999999998  success=0/1 (0.00%)  steps=mean:184.0 range:[184,184]
  training  completed=54/2500  queue=0/256 (0%)  replay=9443/200000  updates=0  loss=0.00000  policy_version=0
  throughput env_steps_s=1587.9  transitions_s=1587.9  transitions_step=1.0  updates_s=0.0  updates_throttled=0
episode=0054
  mode      collector=async  worker=1  epsilon=0.817
  outcome   reward=-9.004299999999999  success=0/1 (0.00%)  steps=mean:243.0 range:[243,243]
  training  completed=55/2500  queue=0/256 (0%)  replay=9467/200000  updates=0  loss=0.00000  policy_version=0
  throughput env_steps_s=2271.5  transitions_s=2271.5  transitions_step=1.0  updates_s=0.0  updates_throttled=0
episode=0053
  mode      collector=async  worker=3  epsilon=0.814
  outcome   reward=-8.016099999999996  success=0/1 (0.00%)  steps=mean:361.0 range:[361,361]
  training  completed=56/2500  queue=0/256 (0%)  replay=9491/200000  updates=0  loss=0.00000  policy_version=0
  throughput env_steps_s=1759.0  transitions_s=1759.0  transitions_step=1.0  updates_s=0.0  updates_throttled=0
episode=0056
  mode      collector=async  worker=0  epsilon=0.811
  outcome   reward=-10.0064  success=0/1 (0.00%)  steps=mean:64.0 range:[64,64]
  training  completed=57/2500  queue=0/256 (0%)  replay=9647/200000  updates=0  loss=0.00000  policy_version=0
  throughput env_steps_s=1521.7  transitions_s=1521.7  transitions_step=1.0  updates_s=0.0  updates_throttled=0
episode=0058
  mode      collector=async  worker=1  epsilon=0.808
  outcome   reward=-10.0067  success=0/1 (0.00%)  steps=mean:67.0 range:[67,67]
  training  completed=58/2500  queue=0/256 (0%)  replay=9694/200000  updates=0  loss=0.00000  policy_version=0
  throughput env_steps_s=1033.6  transitions_s=1033.6  transitions_step=1.0  updates_s=0.0  updates_throttled=0
episode=0057
  mode      collector=async  worker=2  epsilon=0.805
  outcome   reward=-9.004399999999999  success=0/1 (0.00%)  steps=mean:244.0 range:[244,244]
  training  completed=59/2500  queue=14/256 (5%)  replay=10384/200000  updates=97  loss=0.53870  policy_version=0
  throughput env_steps_s=491.2  transitions_s=491.2  transitions_step=1.0  updates_s=69.0  updates_throttled=0
episode=0059
  mode      collector=async  worker=3  epsilon=0.802
  outcome   reward=-9.0026  success=0/1 (0.00%)  steps=mean:226.0 range:[226,226]
  training  completed=60/2500  queue=14/256 (5%)  replay=10409/200000  updates=6  loss=0.57931  policy_version=1
  throughput env_steps_s=1280.6  transitions_s=1280.6  transitions_step=1.0  updates_s=307.4  updates_throttled=0
episode=0061
  mode      collector=async  worker=1  epsilon=0.799
  outcome   reward=-9.000899999999998  success=0/1 (0.00%)  steps=mean:209.0 range:[209,209]
  training  completed=61/2500  queue=0/256 (0%)  replay=10615/200000  updates=51  loss=0.40857  policy_version=1
  throughput env_steps_s=1061.9  transitions_s=1061.9  transitions_step=1.0  updates_s=262.9  updates_throttled=0
episode=0063
  mode      collector=async  worker=3  epsilon=0.796
  outcome   reward=-10.0067  success=0/1 (0.00%)  steps=mean:67.0 range:[67,67]
  training  completed=62/2500  queue=0/256 (0%)  replay=10686/200000  updates=18  loss=0.34310  policy_version=1
  throughput env_steps_s=974.2  transitions_s=974.2  transitions_step=1.0  updates_s=247.0  updates_throttled=0
episode=0060
  mode      collector=async  worker=0  epsilon=0.793
  outcome   reward=-7.013900000000035  success=0/1 (0.00%)  steps=mean:339.0 range:[339,339]
  training  completed=63/2500  queue=0/256 (0%)  replay=10970/200000  updates=71  loss=0.35643  policy_version=2
  throughput env_steps_s=1126.5  transitions_s=1126.5  transitions_step=1.0  updates_s=281.6  updates_throttled=0
episode=0062
  mode      collector=async  worker=2  epsilon=0.790
  outcome   reward=-8.997599999999998  success=0/1 (0.00%)  steps=mean:176.0 range:[176,176]
  training  completed=64/2500  queue=0/256 (0%)  replay=11007/200000  updates=9  loss=0.43406  policy_version=2
  throughput env_steps_s=1291.2  transitions_s=1291.2  transitions_step=1.0  updates_s=314.1  updates_throttled=0
episode=0065
  mode      collector=async  worker=3  epsilon=0.787
  outcome   reward=-8.999099999999999  success=0/1 (0.00%)  steps=mean:191.0 range:[191,191]
  training  completed=65/2500  queue=5/256 (2%)  replay=11426/200000  updates=105  loss=0.32945  policy_version=3
  throughput env_steps_s=1037.6  transitions_s=1037.6  transitions_step=1.0  updates_s=260.0  updates_throttled=0
episode=0064
  mode      collector=async  worker=1  epsilon=0.784
  outcome   reward=-9.0017  success=0/1 (0.00%)  steps=mean:217.0 range:[217,217]
  training  completed=66/2500  queue=2/256 (1%)  replay=11515/200000  updates=22  loss=0.36979  policy_version=3
  throughput env_steps_s=827.1  transitions_s=827.1  transitions_step=1.0  updates_s=204.4  updates_throttled=0
episode=0066
  mode      collector=async  worker=0  epsilon=0.781
  outcome   reward=-9.000699999999998  success=0/1 (0.00%)  steps=mean:207.0 range:[207,207]
  training  completed=67/2500  queue=0/256 (0%)  replay=11846/200000  updates=83  loss=0.24730  policy_version=4
  throughput env_steps_s=1214.0  transitions_s=1214.0  transitions_step=1.0  updates_s=304.4  updates_throttled=0
episode=0067
  mode      collector=async  worker=2  epsilon=0.778
  outcome   reward=-9.0026  success=0/1 (0.00%)  steps=mean:226.0 range:[226,226]
  training  completed=68/2500  queue=1/256 (0%)  replay=11879/200000  updates=8  loss=0.46655  policy_version=4
  throughput env_steps_s=905.5  transitions_s=905.5  transitions_step=1.0  updates_s=219.5  updates_throttled=0
episode=0068
  mode      collector=async  worker=3  epsilon=0.776
  outcome   reward=-9.003999999999998  success=0/1 (0.00%)  steps=mean:240.0 range:[240,240]
  training  completed=69/2500  queue=0/256 (0%)  replay=12423/200000  updates=136  loss=0.21607  policy_version=6
  throughput env_steps_s=1096.9  transitions_s=1096.9  transitions_step=1.0  updates_s=274.2  updates_throttled=0
episode=0069
  mode      collector=async  worker=1  epsilon=0.773
  outcome   reward=-9.002799999999999  success=0/1 (0.00%)  steps=mean:228.0 range:[228,228]
  training  completed=70/2500  queue=3/256 (1%)  replay=12452/200000  updates=8  loss=0.21488  policy_version=6
  throughput env_steps_s=929.4  transitions_s=929.4  transitions_step=1.0  updates_s=256.4  updates_throttled=0
episode=0070
  mode      collector=async  worker=0  epsilon=0.770
  outcome   reward=-8.997799999999998  success=0/1 (0.00%)  steps=mean:178.0 range:[178,178]
  training  completed=71/2500  queue=0/256 (0%)  replay=12558/200000  updates=26  loss=0.21619  policy_version=6
  throughput env_steps_s=842.9  transitions_s=842.9  transitions_step=1.0  updates_s=206.7  updates_throttled=0
episode=0071
  mode      collector=async  worker=2  epsilon=0.767
  outcome   reward=-8.999099999999999  success=0/1 (0.00%)  steps=mean:191.0 range:[191,191]
  training  completed=72/2500  queue=0/256 (0%)  replay=12603/200000  updates=11  loss=0.07387  policy_version=6
  throughput env_steps_s=857.7  transitions_s=857.7  transitions_step=1.0  updates_s=209.7  updates_throttled=0
episode=0072
  mode      collector=async  worker=3  epsilon=0.764
  outcome   reward=-10.0061  success=0/1 (0.00%)  steps=mean:61.0 range:[61,61]
  training  completed=73/2500  queue=0/256 (0%)  replay=12667/200000  updates=16  loss=0.20764  policy_version=6
  throughput env_steps_s=909.4  transitions_s=909.4  transitions_step=1.0  updates_s=227.4  updates_throttled=0
episode=0074
  mode      collector=async  worker=0  epsilon=0.761
  outcome   reward=-8.997  success=0/1 (0.00%)  steps=mean:170.0 range:[170,170]
  training  completed=74/2500  queue=2/256 (1%)  replay=13233/200000  updates=142  loss=0.15325  policy_version=8
  throughput env_steps_s=1030.1  transitions_s=1030.1  transitions_step=1.0  updates_s=258.4  updates_throttled=0
episode=0075
  mode      collector=async  worker=2  epsilon=0.759
  outcome   reward=-9.000699999999998  success=0/1 (0.00%)  steps=mean:207.0 range:[207,207]
  training  completed=75/2500  queue=2/256 (1%)  replay=13385/200000  updates=38  loss=0.16535  policy_version=8
  throughput env_steps_s=1273.2  transitions_s=1273.2  transitions_step=1.0  updates_s=318.3  updates_throttled=0
Saved checkpoint: checkpoints/breakout_27bricks_v2/ckpt-75
Scheduled replay buffer save: checkpoints/breakout_27bricks_v2/replay-75.npz transitions=13385
Saved replay buffer: checkpoints/breakout_27bricks_v2/replay-75.npz transitions=13385
episode=0076
  mode      collector=async  worker=3  epsilon=0.756
  outcome   reward=-8.999199999999998  success=0/1 (0.00%)  steps=mean:192.0 range:[192,192]
  training  completed=76/2500  queue=6/256 (2%)  replay=13484/200000  updates=25  loss=0.18171  policy_version=8
  throughput env_steps_s=843.7  transitions_s=843.7  transitions_step=1.0  updates_s=213.1  updates_throttled=0
episode=0078
  mode      collector=async  worker=2  epsilon=0.753
  outcome   reward=-10.0064  success=0/1 (0.00%)  steps=mean:64.0 range:[64,64]
  training  completed=77/2500  queue=2/256 (1%)  replay=13606/200000  updates=30  loss=0.10592  policy_version=9
  throughput env_steps_s=987.1  transitions_s=987.1  transitions_step=1.0  updates_s=242.7  updates_throttled=0
episode=0079
  mode      collector=async  worker=3  epsilon=0.750
  outcome   reward=-10.006  success=0/1 (0.00%)  steps=mean:60.0 range:[60,60]
  training  completed=78/2500  queue=0/256 (0%)  replay=13770/200000  updates=41  loss=0.18972  policy_version=9
  throughput env_steps_s=923.9  transitions_s=923.9  transitions_step=1.0  updates_s=231.0  updates_throttled=0
episode=0080
  mode      collector=async  worker=2  epsilon=0.747
  outcome   reward=-10.006499999999999  success=0/1 (0.00%)  steps=mean:65.0 range:[65,65]
  training  completed=79/2500  queue=0/256 (0%)  replay=13887/200000  updates=29  loss=0.15136  policy_version=9
  throughput env_steps_s=866.4  transitions_s=866.4  transitions_step=1.0  updates_s=214.8  updates_throttled=0
episode=0082
  mode      collector=async  worker=2  epsilon=0.745
  outcome   reward=-10.0063  success=0/1 (0.00%)  steps=mean:63.0 range:[63,63]
  training  completed=80/2500  queue=12/256 (5%)  replay=14108/200000  updates=56  loss=0.17611  policy_version=10
  throughput env_steps_s=966.5  transitions_s=966.5  transitions_step=1.0  updates_s=244.9  updates_throttled=0
episode=0073
  mode      collector=async  worker=1  epsilon=0.742
  outcome   reward=-7.0232000000000205  success=0/1 (0.00%)  steps=mean:432.0 range:[432,432]
  training  completed=81/2500  queue=0/256 (0%)  replay=14138/200000  updates=7  loss=0.12240  policy_version=10
  throughput env_steps_s=1360.3  transitions_s=1360.3  transitions_step=1.0  updates_s=317.4  updates_throttled=0
episode=0083
  mode      collector=async  worker=2  epsilon=0.739
  outcome   reward=-10.0064  success=0/1 (0.00%)  steps=mean:64.0 range:[64,64]
  training  completed=82/2500  queue=1/256 (0%)  replay=14385/200000  updates=62  loss=0.05268  policy_version=10
  throughput env_steps_s=863.1  transitions_s=863.1  transitions_step=1.0  updates_s=216.6  updates_throttled=0
episode=0084
  mode      collector=async  worker=1  epsilon=0.737
  outcome   reward=-10.0067  success=0/1 (0.00%)  steps=mean:67.0 range:[67,67]
  training  completed=83/2500  queue=3/256 (1%)  replay=14414/200000  updates=7  loss=0.02702  policy_version=11
  throughput env_steps_s=949.9  transitions_s=949.9  transitions_step=1.0  updates_s=229.3  updates_throttled=0
episode=0086
  mode      collector=async  worker=1  epsilon=0.734
  outcome   reward=-10.0064  success=0/1 (0.00%)  steps=mean:64.0 range:[64,64]
  training  completed=84/2500  queue=5/256 (2%)  replay=14652/200000  updates=60  loss=0.02978  policy_version=11
  throughput env_steps_s=938.8  transitions_s=938.8  transitions_step=1.0  updates_s=236.7  updates_throttled=0
episode=0087
  mode      collector=async  worker=1  epsilon=0.731
  outcome   reward=-10.0069  success=0/1 (0.00%)  steps=mean:69.0 range:[69,69]
  training  completed=85/2500  queue=1/256 (0%)  replay=14899/200000  updates=61  loss=0.02987  policy_version=12
  throughput env_steps_s=942.6  transitions_s=942.6  transitions_step=1.0  updates_s=232.8  updates_throttled=0
episode=0081
  mode      collector=async  worker=3  epsilon=0.728
  outcome   reward=-8.010399999999997  success=0/1 (0.00%)  steps=mean:304.0 range:[304,304]
  training  completed=86/2500  queue=3/256 (1%)  replay=15009/200000  updates=28  loss=0.01852  policy_version=12
  throughput env_steps_s=953.9  transitions_s=953.9  transitions_step=1.0  updates_s=242.8  updates_throttled=0
episode=0085
  mode      collector=async  worker=2  epsilon=0.726
  outcome   reward=-8.9996  success=0/1 (0.00%)  steps=mean:196.0 range:[196,196]
  training  completed=87/2500  queue=0/256 (0%)  replay=15151/200000  updates=35  loss=0.01846  policy_version=12
  throughput env_steps_s=841.7  transitions_s=841.7  transitions_step=1.0  updates_s=207.5  updates_throttled=0
episode=0089
  mode      collector=async  worker=3  epsilon=0.723
  outcome   reward=-10.006499999999999  success=0/1 (0.00%)  steps=mean:65.0 range:[65,65]
  training  completed=88/2500  queue=0/256 (0%)  replay=15279/200000  updates=32  loss=0.01854  policy_version=13
  throughput env_steps_s=982.7  transitions_s=982.7  transitions_step=1.0  updates_s=245.7  updates_throttled=0
episode=0077
  mode      collector=async  worker=0  epsilon=0.720
  outcome   reward=-6.032300000000049  success=0/1 (0.00%)  steps=mean:523.0 range:[523,523]
  training  completed=89/2500  queue=0/256 (0%)  replay=15346/200000  updates=17  loss=0.01764  policy_version=13
  throughput env_steps_s=736.1  transitions_s=736.1  transitions_step=1.0  updates_s=186.8  updates_throttled=0
episode=0092
  mode      collector=async  worker=0  epsilon=0.718
  outcome   reward=-10.0067  success=0/1 (0.00%)  steps=mean:67.0 range:[67,67]
  training  completed=90/2500  queue=3/256 (1%)  replay=15584/200000  updates=60  loss=0.02791  policy_version=13
  throughput env_steps_s=860.2  transitions_s=860.2  transitions_step=1.0  updates_s=216.9  updates_throttled=0
episode=0088
  mode      collector=async  worker=1  epsilon=0.715
  outcome   reward=-9.002199999999998  success=0/1 (0.00%)  steps=mean:222.0 range:[222,222]
  training  completed=91/2500  queue=1/256 (0%)  replay=15844/200000  updates=65  loss=0.02400  policy_version=14
  throughput env_steps_s=845.7  transitions_s=845.7  transitions_step=1.0  updates_s=211.4  updates_throttled=0
episode=0091
  mode      collector=async  worker=3  epsilon=0.713
  outcome   reward=-8.998299999999999  success=0/1 (0.00%)  steps=mean:183.0 range:[183,183]
  training  completed=92/2500  queue=2/256 (1%)  replay=16016/200000  updates=43  loss=0.02159  policy_version=15
  throughput env_steps_s=1031.7  transitions_s=1031.7  transitions_step=1.0  updates_s=257.9  updates_throttled=0
episode=0095
  mode      collector=async  worker=3  epsilon=0.710
  outcome   reward=-10.0067  success=0/1 (0.00%)  steps=mean:67.0 range:[67,67]
  training  completed=93/2500  queue=1/256 (0%)  replay=16268/200000  updates=63  loss=0.03040  policy_version=15
  throughput env_steps_s=867.8  transitions_s=867.8  transitions_step=1.0  updates_s=216.9  updates_throttled=0
episode=0093
  mode      collector=async  worker=0  epsilon=0.707
  outcome   reward=-8.998399999999998  success=0/1 (0.00%)  steps=mean:184.0 range:[184,184]
  training  completed=94/2500  queue=2/256 (1%)  replay=16293/200000  updates=6  loss=0.03686  policy_version=15
  throughput env_steps_s=836.0  transitions_s=836.0  transitions_step=1.0  updates_s=200.6  updates_throttled=0
episode=0097
  mode      collector=async  worker=0  epsilon=0.705
  outcome   reward=-7.998200000000014  success=0/1 (0.00%)  steps=mean:182.0 range:[182,182]
  training  completed=95/2500  queue=1/256 (0%)  replay=17020/200000  updates=182  loss=0.02861  policy_version=17
  throughput env_steps_s=865.1  transitions_s=865.1  transitions_step=1.0  updates_s=216.6  updates_throttled=0
episode=0094
  mode      collector=async  worker=1  epsilon=0.702
  outcome   reward=-7.013200000000035  success=0/1 (0.00%)  steps=mean:332.0 range:[332,332]
  training  completed=96/2500  queue=1/256 (0%)  replay=17212/200000  updates=48  loss=0.02836  policy_version=18
  throughput env_steps_s=823.7  transitions_s=823.7  transitions_step=1.0  updates_s=205.9  updates_throttled=0
episode=0090
  mode      collector=async  worker=2  epsilon=0.700
  outcome   reward=-6.030900000000052  success=0/1 (0.00%)  steps=mean:509.0 range:[509,509]
  training  completed=97/2500  queue=1/256 (0%)  replay=17212/200000  updates=0  loss=0.00000  policy_version=18
  throughput env_steps_s=823.7  transitions_s=823.7  transitions_step=1.0  updates_s=205.9  updates_throttled=0
episode=0096
  mode      collector=async  worker=3  epsilon=0.697
  outcome   reward=-7.012600000000035  success=0/1 (0.00%)  steps=mean:326.0 range:[326,326]
  training  completed=98/2500  queue=2/256 (1%)  replay=17584/200000  updates=93  loss=0.02790  policy_version=18
  throughput env_steps_s=856.1  transitions_s=856.1  transitions_step=1.0  updates_s=214.0  updates_throttled=0
episode=0098
  mode      collector=async  worker=0  epsilon=0.694
  outcome   reward=-8.997499999999999  success=0/1 (0.00%)  steps=mean:175.0 range:[175,175]
  training  completed=99/2500  queue=9/256 (4%)  replay=17712/200000  updates=32  loss=0.03231  policy_version=19
  throughput env_steps_s=742.7  transitions_s=742.7  transitions_step=1.0  updates_s=185.7  updates_throttled=0
episode=0100
  mode      collector=async  worker=2  epsilon=0.692
  outcome   reward=-8.997799999999998  success=0/1 (0.00%)  steps=mean:178.0 range:[178,178]
  training  completed=100/2500  queue=5/256 (2%)  replay=17906/200000  updates=48  loss=0.02450  policy_version=19
  throughput env_steps_s=874.8  transitions_s=874.8  transitions_step=1.0  updates_s=216.4  updates_throttled=0
Saved checkpoint: checkpoints/breakout_27bricks_v2/ckpt-100
Scheduled replay buffer save: checkpoints/breakout_27bricks_v2/replay-100.npz transitions=17906
Evaluating frozen checkpoint episode=100 episodes=20 metric=auto...
Saved replay buffer: checkpoints/breakout_27bricks_v2/replay-100.npz transitions=17906
episode=0099
  mode      collector=async  worker=1  epsilon=0.689
  outcome   reward=-8.999899999999998  success=0/1 (0.00%)  steps=mean:199.0 range:[199,199]
  training  completed=101/2500  queue=6/256 (2%)  replay=18013/200000  updates=27  loss=0.06419  policy_version=20
  throughput env_steps_s=744.0  transitions_s=744.0  transitions_step=1.0  updates_s=187.7  updates_throttled=0
episode=0101
  mode      collector=async  worker=3  epsilon=0.687
  outcome   reward=-8.998  success=0/1 (0.00%)  steps=mean:180.0 range:[180,180]
  training  completed=102/2500  queue=2/256 (1%)  replay=18304/200000  updates=73  loss=0.03287  policy_version=20
  throughput env_steps_s=660.9  transitions_s=660.9  transitions_step=1.0  updates_s=165.8  updates_throttled=0
episode=0103
  mode      collector=async  worker=2  epsilon=0.684
  outcome   reward=-9.0011  success=0/1 (0.00%)  steps=mean:211.0 range:[211,211]
  training  completed=103/2500  queue=0/256 (0%)  replay=18723/200000  updates=104  loss=0.02977  policy_version=21
  throughput env_steps_s=707.4  transitions_s=707.4  transitions_step=1.0  updates_s=175.6  updates_throttled=0
episode=0104
  mode      collector=async  worker=1  epsilon=0.682
  outcome   reward=-8.998099999999999  success=0/1 (0.00%)  steps=mean:181.0 range:[181,181]
  training  completed=104/2500  queue=2/256 (1%)  replay=18756/200000  updates=9  loss=0.04467  policy_version=21
  throughput env_steps_s=736.7  transitions_s=736.7  transitions_step=1.0  updates_s=200.9  updates_throttled=0
episode=0102
  mode      collector=async  worker=0  epsilon=0.679
  outcome   reward=-8.012099999999997  success=0/1 (0.00%)  steps=mean:321.0 range:[321,321]
  training  completed=105/2500  queue=2/256 (1%)  replay=19036/200000  updates=70  loss=0.03189  policy_version=22
  throughput env_steps_s=860.2  transitions_s=860.2  transitions_step=1.0  updates_s=215.1  updates_throttled=0
episode=0105
  mode      collector=async  worker=3  epsilon=0.677
  outcome   reward=-8.999299999999998  success=0/1 (0.00%)  steps=mean:193.0 range:[193,193]
  training  completed=106/2500  queue=4/256 (2%)  replay=19044/200000  updates=2  loss=0.02863  policy_version=22
  throughput env_steps_s=877.2  transitions_s=877.2  transitions_step=1.0  updates_s=219.3  updates_throttled=0
episode=0107
  mode      collector=async  worker=1  epsilon=0.674
  outcome   reward=-10.0064  success=0/1 (0.00%)  steps=mean:64.0 range:[64,64]
  training  completed=107/2500  queue=0/256 (0%)  replay=19064/200000  updates=5  loss=0.02100  policy_version=22
  throughput env_steps_s=871.0  transitions_s=871.0  transitions_step=1.0  updates_s=217.7  updates_throttled=0
episode=0109
  mode      collector=async  worker=3  epsilon=0.672
  outcome   reward=-10.0062  success=0/1 (0.00%)  steps=mean:62.0 range:[62,62]
  training  completed=108/2500  queue=2/256 (1%)  replay=19301/200000  updates=59  loss=0.02957  policy_version=23
  throughput env_steps_s=733.9  transitions_s=733.9  transitions_step=1.0  updates_s=182.7  updates_throttled=0
episode=0106
  mode      collector=async  worker=2  epsilon=0.669
  outcome   reward=-9.002999999999998  success=0/1 (0.00%)  steps=mean:230.0 range:[230,230]
  training  completed=109/2500  queue=0/256 (0%)  replay=19638/200000  updates=84  loss=0.02537  policy_version=24
  throughput env_steps_s=652.7  transitions_s=652.7  transitions_step=1.0  updates_s=162.7  updates_throttled=0
episode=0110
  mode      collector=async  worker=1  epsilon=0.667
  outcome   reward=-8.999299999999998  success=0/1 (0.00%)  steps=mean:193.0 range:[193,193]
  training  completed=110/2500  queue=0/256 (0%)  replay=19843/200000  updates=51  loss=0.02370  policy_version=24
  throughput env_steps_s=714.6  transitions_s=714.6  transitions_step=1.0  updates_s=177.8  updates_throttled=0
episode=0108
  mode      collector=async  worker=0  epsilon=0.664
  outcome   reward=-8.009799999999998  success=0/1 (0.00%)  steps=mean:298.0 range:[298,298]
  training  completed=111/2500  queue=0/256 (0%)  replay=20101/200000  updates=65  loss=0.02814  policy_version=25
  throughput env_steps_s=829.8  transitions_s=829.8  transitions_step=1.0  updates_s=209.1  updates_throttled=0
episode=0113
  mode      collector=async  worker=1  epsilon=0.662
  outcome   reward=-10.0066  success=0/1 (0.00%)  steps=mean:66.0 range:[66,66]
  training  completed=112/2500  queue=0/256 (0%)  replay=20107/200000  updates=1  loss=0.02592  policy_version=25
  throughput env_steps_s=1179.8  transitions_s=1179.8  transitions_step=1.0  updates_s=196.6  updates_throttled=0
episode=0111
  mode      collector=async  worker=3  epsilon=0.659
  outcome   reward=-8.9995  success=0/1 (0.00%)  steps=mean:195.0 range:[195,195]
  training  completed=113/2500  queue=3/256 (1%)  replay=20108/200000  updates=1  loss=0.03858  policy_version=25
  throughput env_steps_s=176.7  transitions_s=176.7  transitions_step=1.0  updates_s=176.7  updates_throttled=0
episode=0112
  mode      collector=async  worker=2  epsilon=0.657
  outcome   reward=-9.0033  success=0/1 (0.00%)  steps=mean:233.0 range:[233,233]
  training  completed=114/2500  queue=2/256 (1%)  replay=20568/200000  updates=115  loss=0.02370  policy_version=26
  throughput env_steps_s=713.2  transitions_s=713.2  transitions_step=1.0  updates_s=178.3  updates_throttled=0
episode=0115
  mode      collector=async  worker=1  epsilon=0.655
  outcome   reward=-8.998399999999998  success=0/1 (0.00%)  steps=mean:184.0 range:[184,184]
  training  completed=115/2500  queue=3/256 (1%)  replay=20856/200000  updates=72  loss=0.01959  policy_version=27
  throughput env_steps_s=639.6  transitions_s=639.6  transitions_step=1.0  updates_s=159.9  updates_throttled=0
episode=0116
  mode      collector=async  worker=3  epsilon=0.652
  outcome   reward=-8.9987  success=0/1 (0.00%)  steps=mean:187.0 range:[187,187]
  training  completed=116/2500  queue=3/256 (1%)  replay=20860/200000  updates=1  loss=0.02414  policy_version=27
  throughput env_steps_s=679.4  transitions_s=679.4  transitions_step=1.0  updates_s=169.9  updates_throttled=0
episode=0114
  mode      collector=async  worker=0  epsilon=0.650
  outcome   reward=-8.997799999999998  success=0/1 (0.00%)  steps=mean:178.0 range:[178,178]
  training  completed=117/2500  queue=0/256 (0%)  replay=20871/200000  updates=2  loss=0.02401  policy_version=27
  throughput env_steps_s=1108.0  transitions_s=1108.0  transitions_step=1.0  updates_s=201.4  updates_throttled=0
episode=0119
  mode      collector=async  worker=3  epsilon=0.647
  outcome   reward=-10.0064  success=0/1 (0.00%)  steps=mean:64.0 range:[64,64]
  training  completed=118/2500  queue=5/256 (2%)  replay=21048/200000  updates=45  loss=0.02180  policy_version=27
  throughput env_steps_s=698.7  transitions_s=698.7  transitions_step=1.0  updates_s=177.6  updates_throttled=0
episode=0117
  mode      collector=async  worker=2  epsilon=0.645
  outcome   reward=-8.999699999999999  success=0/1 (0.00%)  steps=mean:197.0 range:[197,197]
  training  completed=119/2500  queue=2/256 (1%)  replay=21352/200000  updates=76  loss=0.02075  policy_version=28
  throughput env_steps_s=697.0  transitions_s=697.0  transitions_step=1.0  updates_s=174.3  updates_throttled=0
episode=0122
  mode      collector=async  worker=2  epsilon=0.643
  outcome   reward=-10.0061  success=0/1 (0.00%)  steps=mean:61.0 range:[61,61]
  training  completed=120/2500  queue=7/256 (3%)  replay=21603/200000  updates=62  loss=0.02094  policy_version=29
  throughput env_steps_s=627.6  transitions_s=627.6  transitions_step=1.0  updates_s=155.0  updates_throttled=0
episode=0120
  mode      collector=async  worker=0  epsilon=0.640
  outcome   reward=-8.9979  success=0/1 (0.00%)  steps=mean:179.0 range:[179,179]
  training  completed=121/2500  queue=2/256 (1%)  replay=21636/200000  updates=9  loss=0.08128  policy_version=29
  throughput env_steps_s=738.6  transitions_s=738.6  transitions_step=1.0  updates_s=201.4  updates_throttled=0
episode=0123
  mode      collector=async  worker=2  epsilon=0.638
  outcome   reward=-10.0061  success=0/1 (0.00%)  steps=mean:61.0 range:[61,61]
  training  completed=122/2500  queue=3/256 (1%)  replay=21895/200000  updates=64  loss=0.03158  policy_version=29
  throughput env_steps_s=699.0  transitions_s=699.0  transitions_step=1.0  updates_s=172.7  updates_throttled=0
episode=0121
  mode      collector=async  worker=3  epsilon=0.636
  outcome   reward=-9.004999999999999  success=0/1 (0.00%)  steps=mean:250.0 range:[250,250]
  training  completed=123/2500  queue=3/256 (1%)  replay=22040/200000  updates=37  loss=0.01974  policy_version=30
  throughput env_steps_s=645.9  transitions_s=645.9  transitions_step=1.0  updates_s=164.8  updates_throttled=0
episode=0118
  mode      collector=async  worker=1  epsilon=0.633
  outcome   reward=-7.012100000000014  success=0/1 (0.00%)  steps=mean:321.0 range:[321,321]
  training  completed=124/2500  queue=0/256 (0%)  replay=22110/200000  updates=17  loss=0.01865  policy_version=30
  throughput env_steps_s=624.6  transitions_s=624.6  transitions_step=1.0  updates_s=151.7  updates_throttled=0
episode=0124
  mode      collector=async  worker=0  epsilon=0.631
  outcome   reward=-8.9987  success=0/1 (0.00%)  steps=mean:187.0 range:[187,187]
  training  completed=125/2500  queue=3/256 (1%)  replay=22354/200000  updates=61  loss=0.01539  policy_version=30
  throughput env_steps_s=701.3  transitions_s=701.3  transitions_step=1.0  updates_s=175.3  updates_throttled=0
Saved checkpoint: checkpoints/breakout_27bricks_v2/ckpt-125
Scheduled replay buffer save: checkpoints/breakout_27bricks_v2/replay-125.npz transitions=22354
episode=0127
  mode      collector=async  worker=1  epsilon=0.629
  outcome   reward=-10.0063  success=0/1 (0.00%)  steps=mean:63.0 range:[63,63]
  training  completed=126/2500  queue=3/256 (1%)  replay=22431/200000  updates=19  loss=0.01863  policy_version=31
  throughput env_steps_s=541.5  transitions_s=541.5  transitions_step=1.0  updates_s=133.6  updates_throttled=0
Saved replay buffer: checkpoints/breakout_27bricks_v2/replay-125.npz transitions=22354
episode=0125
  mode      collector=async  worker=2  epsilon=0.626
  outcome   reward=-8.998399999999998  success=0/1 (0.00%)  steps=mean:184.0 range:[184,184]
  training  completed=127/2500  queue=0/256 (0%)  replay=22597/200000  updates=42  loss=0.01280  policy_version=31
  throughput env_steps_s=712.4  transitions_s=712.4  transitions_step=1.0  updates_s=180.2  updates_throttled=0
episode=0129
  mode      collector=async  worker=1  epsilon=0.624
  outcome   reward=-10.006499999999999  success=0/1 (0.00%)  steps=mean:65.0 range:[65,65]
  training  completed=128/2500  queue=0/256 (0%)  replay=22659/200000  updates=15  loss=0.01632  policy_version=31
  throughput env_steps_s=523.3  transitions_s=523.3  transitions_step=1.0  updates_s=126.6  updates_throttled=0
episode=0126
  mode      collector=async  worker=3  epsilon=0.622
  outcome   reward=-8.998299999999999  success=0/1 (0.00%)  steps=mean:183.0 range:[183,183]
  training  completed=129/2500  queue=0/256 (0%)  replay=22802/200000  updates=36  loss=0.01169  policy_version=32
  throughput env_steps_s=649.1  transitions_s=649.1  transitions_step=1.0  updates_s=163.4  updates_throttled=0
episode=0130
  mode      collector=async  worker=2  epsilon=0.619
  outcome   reward=-10.0062  success=0/1 (0.00%)  steps=mean:62.0 range:[62,62]
  training  completed=130/2500  queue=0/256 (0%)  replay=22871/200000  updates=17  loss=0.00968  policy_version=32
  throughput env_steps_s=798.5  transitions_s=798.5  transitions_step=1.0  updates_s=196.7  updates_throttled=0
episode=0131
  mode      collector=async  worker=1  epsilon=0.617
  outcome   reward=-10.0064  success=0/1 (0.00%)  steps=mean:64.0 range:[64,64]
  training  completed=131/2500  queue=4/256 (2%)  replay=22892/200000  updates=6  loss=0.02135  policy_version=32
  throughput env_steps_s=652.5  transitions_s=652.5  transitions_step=1.0  updates_s=186.4  updates_throttled=0
episode=0128
  mode      collector=async  worker=0  epsilon=0.615
  outcome   reward=-8.001300000000015  success=0/1 (0.00%)  steps=mean:213.0 range:[213,213]
  training  completed=132/2500  queue=2/256 (1%)  replay=23168/200000  updates=69  loss=0.01304  policy_version=32
  throughput env_steps_s=590.2  transitions_s=590.2  transitions_step=1.0  updates_s=147.6  updates_throttled=0
episode=0134
  mode      collector=async  worker=1  epsilon=0.613
  outcome   reward=-10.0067  success=0/1 (0.00%)  steps=mean:67.0 range:[67,67]
  training  completed=133/2500  queue=1/256 (0%)  replay=23188/200000  updates=5  loss=0.02012  policy_version=32
  throughput env_steps_s=630.4  transitions_s=630.4  transitions_step=1.0  updates_s=157.6  updates_throttled=0
episode=0132
  mode      collector=async  worker=3  epsilon=0.610
  outcome   reward=-8.9979  success=0/1 (0.00%)  steps=mean:179.0 range:[179,179]
  training  completed=134/2500  queue=2/256 (1%)  replay=23444/200000  updates=64  loss=0.01044  policy_version=33
  throughput env_steps_s=608.8  transitions_s=608.8  transitions_step=1.0  updates_s=152.2  updates_throttled=0
episode=0133
  mode      collector=async  worker=2  epsilon=0.608
  outcome   reward=-8.9996  success=0/1 (0.00%)  steps=mean:196.0 range:[196,196]
  training  completed=135/2500  queue=3/256 (1%)  replay=23677/200000  updates=58  loss=0.01002  policy_version=34
  throughput env_steps_s=569.6  transitions_s=569.6  transitions_step=1.0  updates_s=141.8  updates_throttled=0
episode=0137
  mode      collector=async  worker=3  epsilon=0.606
  outcome   reward=-10.006499999999999  success=0/1 (0.00%)  steps=mean:65.0 range:[65,65]
  training  completed=136/2500  queue=0/256 (0%)  replay=23719/200000  updates=10  loss=0.01330  policy_version=34
  throughput env_steps_s=612.8  transitions_s=612.8  transitions_step=1.0  updates_s=145.9  updates_throttled=0
episode=0135
  mode      collector=async  worker=0  epsilon=0.604
  outcome   reward=-8.999699999999999  success=0/1 (0.00%)  steps=mean:197.0 range:[197,197]
  training  completed=137/2500  queue=0/256 (0%)  replay=23971/200000  updates=63  loss=0.00985  policy_version=34
  throughput env_steps_s=620.4  transitions_s=620.4  transitions_step=1.0  updates_s=155.1  updates_throttled=0
episode=0140
  mode      collector=async  worker=0  epsilon=0.601
  outcome   reward=-10.006499999999999  success=0/1 (0.00%)  steps=mean:65.0 range:[65,65]
  training  completed=138/2500  queue=8/256 (3%)  replay=24269/200000  updates=75  loss=0.01387  policy_version=35
  throughput env_steps_s=645.7  transitions_s=645.7  transitions_step=1.0  updates_s=162.5  updates_throttled=0
Frozen evaluation episode=100: success=0/20 (0.00%) reward_mean=-9.6549 steps_mean=99.0
Saved checkpoint: checkpoints/breakout_27bricks_v2/best/ckpt-138
Best checkpoint applied using live weights at episode=138 (background evaluation was requested for episode=100)
New best checkpoint: checkpoints/breakout_27bricks_v2/best/ckpt-138 metric=auto success=0.00% reward_mean=-9.6549
episode=0141
  mode      collector=async  worker=0  epsilon=0.599
  outcome   reward=-10.0063  success=0/1 (0.00%)  steps=mean:63.0 range:[63,63]
  training  completed=139/2500  queue=0/256 (0%)  replay=24495/200000  updates=56  loss=0.01310  policy_version=36
  throughput env_steps_s=689.0  transitions_s=689.0  transitions_step=1.0  updates_s=170.7  updates_throttled=0
episode=0142
  mode      collector=async  worker=0  epsilon=0.597
  outcome   reward=-10.0062  success=0/1 (0.00%)  steps=mean:62.0 range:[62,62]
  training  completed=140/2500  queue=12/256 (5%)  replay=24748/200000  updates=64  loss=0.01342  policy_version=36
  throughput env_steps_s=720.2  transitions_s=720.2  transitions_step=1.0  updates_s=182.2  updates_throttled=0
episode=0138
  mode      collector=async  worker=2  epsilon=0.595
  outcome   reward=-8.012199999999996  success=0/1 (0.00%)  steps=mean:322.0 range:[322,322]
  training  completed=141/2500  queue=0/256 (0%)  replay=24895/200000  updates=36  loss=0.06037  policy_version=37
  throughput env_steps_s=743.9  transitions_s=743.9  transitions_step=1.0  updates_s=182.2  updates_throttled=0
episode=0136
  mode      collector=async  worker=1  epsilon=0.593
  outcome   reward=-6.0233000000000585  success=0/1 (0.00%)  steps=mean:433.0 range:[433,433]
  training  completed=142/2500  queue=1/256 (0%)  replay=24936/200000  updates=11  loss=0.01556  policy_version=37
  throughput env_steps_s=767.2  transitions_s=767.2  transitions_step=1.0  updates_s=205.8  updates_throttled=0
episode=0139
  mode      collector=async  worker=3  epsilon=0.590
  outcome   reward=-7.0108000000000334  success=0/1 (0.00%)  steps=mean:308.0 range:[308,308]
  training  completed=143/2500  queue=0/256 (0%)  replay=24993/200000  updates=14  loss=0.01437  policy_version=37
  throughput env_steps_s=633.1  transitions_s=633.1  transitions_step=1.0  updates_s=155.5  updates_throttled=0
episode=0144
  mode      collector=async  worker=2  epsilon=0.588
  outcome   reward=-10.006499999999999  success=0/1 (0.00%)  steps=mean:65.0 range:[65,65]
  training  completed=144/2500  queue=0/256 (0%)  replay=25180/200000  updates=47  loss=0.01374  policy_version=37
  throughput env_steps_s=725.0  transitions_s=725.0  transitions_step=1.0  updates_s=182.2  updates_throttled=0
episode=0146
  mode      collector=async  worker=3  epsilon=0.586
  outcome   reward=-10.006  success=0/1 (0.00%)  steps=mean:60.0 range:[60,60]
  training  completed=145/2500  queue=1/256 (0%)  replay=25232/200000  updates=13  loss=0.01999  policy_version=38
  throughput env_steps_s=677.1  transitions_s=677.1  transitions_step=1.0  updates_s=169.3  updates_throttled=0
episode=0147
  mode      collector=async  worker=2  epsilon=0.584
  outcome   reward=-10.0066  success=0/1 (0.00%)  steps=mean:66.0 range:[66,66]
  training  completed=146/2500  queue=3/256 (1%)  replay=25446/200000  updates=53  loss=0.01340  policy_version=38
  throughput env_steps_s=673.2  transitions_s=673.2  transitions_step=1.0  updates_s=166.7  updates_throttled=0
episode=0145
  mode      collector=async  worker=1  epsilon=0.582
  outcome   reward=-7.997300000000013  success=0/1 (0.00%)  steps=mean:173.0 range:[173,173]
  training  completed=147/2500  queue=2/256 (1%)  replay=25632/200000  updates=47  loss=0.01480  policy_version=39
  throughput env_steps_s=648.0  transitions_s=648.0  transitions_step=1.0  updates_s=163.7  updates_throttled=0
episode=0143
  mode      collector=async  worker=0  epsilon=0.580
  outcome   reward=-9.002499999999998  success=0/1 (0.00%)  steps=mean:225.0 range:[225,225]
  training  completed=148/2500  queue=0/256 (0%)  replay=25638/200000  updates=1  loss=0.00168  policy_version=39
  throughput env_steps_s=520.6  transitions_s=520.6  transitions_step=1.0  updates_s=86.8  updates_throttled=0
episode=0148
  mode      collector=async  worker=3  epsilon=0.578
  outcome   reward=-9.001299999999999  success=0/1 (0.00%)  steps=mean:213.0 range:[213,213]
  training  completed=149/2500  queue=3/256 (1%)  replay=26104/200000  updates=117  loss=0.01497  policy_version=40
  throughput env_steps_s=718.1  transitions_s=718.1  transitions_step=1.0  updates_s=180.3  updates_throttled=0
episode=0149
  mode      collector=async  worker=2  epsilon=0.575
  outcome   reward=-8.998999999999999  success=0/1 (0.00%)  steps=mean:190.0 range:[190,190]
  training  completed=150/2500  queue=0/256 (0%)  replay=26151/200000  updates=11  loss=0.00942  policy_version=40
  throughput env_steps_s=749.1  transitions_s=749.1  transitions_step=1.0  updates_s=175.3  updates_throttled=0
Saved checkpoint: checkpoints/breakout_27bricks_v2/ckpt-150
Scheduled replay buffer save: checkpoints/breakout_27bricks_v2/replay-150.npz transitions=26151
Saved replay buffer: checkpoints/breakout_27bricks_v2/replay-150.npz transitions=26151
episode=0152
  mode      collector=async  worker=3  epsilon=0.573
  outcome   reward=-10.0062  success=0/1 (0.00%)  steps=mean:62.0 range:[62,62]
  training  completed=151/2500  queue=5/256 (2%)  replay=26389/200000  updates=60  loss=0.01019  policy_version=40
  throughput env_steps_s=605.8  transitions_s=605.8  transitions_step=1.0  updates_s=152.7  updates_throttled=0
episode=0151
  mode      collector=async  worker=0  epsilon=0.571
  outcome   reward=-8.998899999999999  success=0/1 (0.00%)  steps=mean:189.0 range:[189,189]
  training  completed=152/2500  queue=2/256 (1%)  replay=26393/200000  updates=1  loss=0.01727  policy_version=40
  throughput env_steps_s=1360.0  transitions_s=1360.0  transitions_step=1.0  updates_s=340.0  updates_throttled=0
episode=0150
  mode      collector=async  worker=1  epsilon=0.569
  outcome   reward=-9.000499999999999  success=0/1 (0.00%)  steps=mean:205.0 range:[205,205]
  training  completed=153/2500  queue=0/256 (0%)  replay=26458/200000  updates=16  loss=0.00740  policy_version=41
  throughput env_steps_s=605.2  transitions_s=605.2  transitions_step=1.0  updates_s=149.0  updates_throttled=0
episode=0154
  mode      collector=async  worker=3  epsilon=0.567
  outcome   reward=-10.0063  success=0/1 (0.00%)  steps=mean:63.0 range:[63,63]
  training  completed=154/2500  queue=2/256 (1%)  replay=26640/200000  updates=46  loss=0.01223  policy_version=41
  throughput env_steps_s=676.8  transitions_s=676.8  transitions_step=1.0  updates_s=171.1  updates_throttled=0
episode=0153
  mode      collector=async  worker=2  epsilon=0.565
  outcome   reward=-8.9986  success=0/1 (0.00%)  steps=mean:186.0 range:[186,186]
  training  completed=155/2500  queue=0/256 (0%)  replay=26883/200000  updates=60  loss=0.00881  policy_version=42
  throughput env_steps_s=659.3  transitions_s=659.3  transitions_step=1.0  updates_s=162.8  updates_throttled=0
episode=0157
  mode      collector=async  worker=3  epsilon=0.563
  outcome   reward=-10.0064  success=0/1 (0.00%)  steps=mean:64.0 range:[64,64]
  training  completed=156/2500  queue=2/256 (1%)  replay=26912/200000  updates=8  loss=0.01017  policy_version=42
  throughput env_steps_s=582.5  transitions_s=582.5  transitions_step=1.0  updates_s=160.7  updates_throttled=0
episode=0159
  mode      collector=async  worker=3  epsilon=0.561
  outcome   reward=-10.0061  success=0/1 (0.00%)  steps=mean:61.0 range:[61,61]
  training  completed=157/2500  queue=1/256 (0%)  replay=27149/200000  updates=59  loss=0.00973  policy_version=42
  throughput env_steps_s=650.3  transitions_s=650.3  transitions_step=1.0  updates_s=161.9  updates_throttled=0
episode=0156
  mode      collector=async  worker=1  epsilon=0.559
  outcome   reward=-8.999099999999999  success=0/1 (0.00%)  steps=mean:191.0 range:[191,191]
  training  completed=158/2500  queue=0/256 (0%)  replay=27238/200000  updates=22  loss=0.00803  policy_version=43
  throughput env_steps_s=686.7  transitions_s=686.7  transitions_step=1.0  updates_s=169.7  updates_throttled=0
episode=0155
  mode      collector=async  worker=0  epsilon=0.557
  outcome   reward=-9.002899999999999  success=0/1 (0.00%)  steps=mean:229.0 range:[229,229]
  training  completed=159/2500  queue=0/256 (0%)  replay=27267/200000  updates=7  loss=0.00765  policy_version=43
  throughput env_steps_s=570.7  transitions_s=570.7  transitions_step=1.0  updates_s=137.8  updates_throttled=0
episode=0160
  mode      collector=async  worker=3  epsilon=0.555
  outcome   reward=-10.0062  success=0/1 (0.00%)  steps=mean:62.0 range:[62,62]
  training  completed=160/2500  queue=5/256 (2%)  replay=27405/200000  updates=35  loss=0.00906  policy_version=43
  throughput env_steps_s=526.9  transitions_s=526.9  transitions_step=1.0  updates_s=133.6  updates_throttled=0
episode=0161
  mode      collector=async  worker=1  epsilon=0.553
  outcome   reward=-10.0061  success=0/1 (0.00%)  steps=mean:61.0 range:[61,61]
  training  completed=161/2500  queue=1/256 (0%)  replay=27468/200000  updates=16  loss=0.08051  policy_version=43
  throughput env_steps_s=738.0  transitions_s=738.0  transitions_step=1.0  updates_s=187.4  updates_throttled=0
episode=0162
  mode      collector=async  worker=0  epsilon=0.551
  outcome   reward=-10.006  success=0/1 (0.00%)  steps=mean:60.0 range:[60,60]
  training  completed=162/2500  queue=0/256 (0%)  replay=27562/200000  updates=23  loss=0.05427  policy_version=43
  throughput env_steps_s=640.1  transitions_s=640.1  transitions_step=1.0  updates_s=156.6  updates_throttled=0
episode=0164
  mode      collector=async  worker=1  epsilon=0.549
  outcome   reward=-10.0066  success=0/1 (0.00%)  steps=mean:66.0 range:[66,66]
  training  completed=163/2500  queue=0/256 (0%)  replay=27735/200000  updates=43  loss=0.02535  policy_version=44
  throughput env_steps_s=585.6  transitions_s=585.6  transitions_step=1.0  updates_s=145.5  updates_throttled=0
episode=0158
  mode      collector=async  worker=2  epsilon=0.547
  outcome   reward=-9.004199999999999  success=0/1 (0.00%)  steps=mean:242.0 range:[242,242]
  training  completed=164/2500  queue=0/256 (0%)  replay=27798/200000  updates=16  loss=0.01766  policy_version=44
  throughput env_steps_s=557.9  transitions_s=557.9  transitions_step=1.0  updates_s=141.7  updates_throttled=0
episode=0165
  mode      collector=async  worker=0  epsilon=0.545
  outcome   reward=-10.0063  success=0/1 (0.00%)  steps=mean:63.0 range:[63,63]
  training  completed=165/2500  queue=2/256 (1%)  replay=27800/200000  updates=1  loss=0.01446  policy_version=44
  throughput env_steps_s=565.8  transitions_s=565.8  transitions_step=1.0  updates_s=282.9  updates_throttled=0
episode=0168
  mode      collector=async  worker=0  epsilon=0.543
  outcome   reward=-10.0061  success=0/1 (0.00%)  steps=mean:61.0 range:[61,61]
  training  completed=166/2500  queue=3/256 (1%)  replay=28029/200000  updates=57  loss=0.01417  policy_version=45
  throughput env_steps_s=598.2  transitions_s=598.2  transitions_step=1.0  updates_s=148.9  updates_throttled=0
episode=0166
  mode      collector=async  worker=1  epsilon=0.541
  outcome   reward=-10.0062  success=0/1 (0.00%)  steps=mean:62.0 range:[62,62]
  training  completed=167/2500  queue=0/256 (0%)  replay=28051/200000  updates=5  loss=0.01684  policy_version=45
  throughput env_steps_s=646.8  transitions_s=646.8  transitions_step=1.0  updates_s=147.0  updates_throttled=0
episode=0163
  mode      collector=async  worker=3  epsilon=0.539
  outcome   reward=-7.998400000000014  success=0/1 (0.00%)  steps=mean:184.0 range:[184,184]
  training  completed=168/2500  queue=0/256 (0%)  replay=28149/200000  updates=25  loss=0.00979  policy_version=45
  throughput env_steps_s=586.7  transitions_s=586.7  transitions_step=1.0  updates_s=149.7  updates_throttled=0
episode=0169
  mode      collector=async  worker=0  epsilon=0.537
  outcome   reward=-10.0061  success=0/1 (0.00%)  steps=mean:61.0 range:[61,61]
  training  completed=169/2500  queue=1/256 (0%)  replay=28288/200000  updates=35  loss=0.00414  policy_version=45
  throughput env_steps_s=587.4  transitions_s=587.4  transitions_step=1.0  updates_s=147.9  updates_throttled=0
episode=0170
  mode      collector=async  worker=1  epsilon=0.535
  outcome   reward=-10.0062  success=0/1 (0.00%)  steps=mean:62.0 range:[62,62]
  training  completed=170/2500  queue=0/256 (0%)  replay=28301/200000  updates=3  loss=0.00490  policy_version=45
  throughput env_steps_s=870.1  transitions_s=870.1  transitions_step=1.0  updates_s=200.8  updates_throttled=0
episode=0167
  mode      collector=async  worker=2  epsilon=0.533
  outcome   reward=-8.999199999999998  success=0/1 (0.00%)  steps=mean:192.0 range:[192,192]
  training  completed=171/2500  queue=0/256 (0%)  replay=28502/200000  updates=50  loss=0.00692  policy_version=46
  throughput env_steps_s=566.5  transitions_s=566.5  transitions_step=1.0  updates_s=140.9  updates_throttled=0
episode=0172
  mode      collector=async  worker=0  epsilon=0.531
  outcome   reward=-10.006499999999999  success=0/1 (0.00%)  steps=mean:65.0 range:[65,65]
  training  completed=172/2500  queue=3/256 (1%)  replay=28552/200000  updates=13  loss=0.00620  policy_version=46
  throughput env_steps_s=614.6  transitions_s=614.6  transitions_step=1.0  updates_s=159.8  updates_throttled=0
episode=0174
  mode      collector=async  worker=2  epsilon=0.529
  outcome   reward=-10.0063  success=0/1 (0.00%)  steps=mean:63.0 range:[63,63]
  training  completed=173/2500  queue=1/256 (0%)  replay=28738/200000  updates=46  loss=0.00769  policy_version=46
  throughput env_steps_s=654.0  transitions_s=654.0  transitions_step=1.0  updates_s=161.7  updates_throttled=0
episode=0171
  mode      collector=async  worker=3  epsilon=0.527
  outcome   reward=-7.997700000000014  success=0/1 (0.00%)  steps=mean:177.0 range:[177,177]
  training  completed=174/2500  queue=0/256 (0%)  replay=28843/200000  updates=26  loss=0.00693  policy_version=47
  throughput env_steps_s=592.5  transitions_s=592.5  transitions_step=1.0  updates_s=146.7  updates_throttled=0
episode=0177
  mode      collector=async  worker=3  epsilon=0.525
  outcome   reward=-10.006  success=0/1 (0.00%)  steps=mean:60.0 range:[60,60]
  training  completed=175/2500  queue=0/256 (0%)  replay=29050/200000  updates=52  loss=0.00791  policy_version=47
  throughput env_steps_s=559.8  transitions_s=559.8  transitions_step=1.0  updates_s=140.6  updates_throttled=0
Saved checkpoint: checkpoints/breakout_27bricks_v2/ckpt-175
Scheduled replay buffer save: checkpoints/breakout_27bricks_v2/replay-175.npz transitions=29050
Saved replay buffer: checkpoints/breakout_27bricks_v2/replay-175.npz transitions=29050
episode=0173
  mode      collector=async  worker=1  epsilon=0.523
  outcome   reward=-8.008899999999997  success=0/1 (0.00%)  steps=mean:289.0 range:[289,289]
  training  completed=176/2500  queue=0/256 (0%)  replay=29515/200000  updates=116  loss=0.02083  policy_version=48
  throughput env_steps_s=529.5  transitions_s=529.5  transitions_step=1.0  updates_s=132.1  updates_throttled=0
episode=0179
  mode      collector=async  worker=1  epsilon=0.521
  outcome   reward=-10.0063  success=0/1 (0.00%)  steps=mean:63.0 range:[63,63]
  training  completed=177/2500  queue=2/256 (1%)  replay=29793/200000  updates=70  loss=0.00812  policy_version=49
  throughput env_steps_s=562.8  transitions_s=562.8  transitions_step=1.0  updates_s=141.7  updates_throttled=0
episode=0178
  mode      collector=async  worker=3  epsilon=0.519
  outcome   reward=-9.001399999999999  success=0/1 (0.00%)  steps=mean:214.0 range:[214,214]
  training  completed=178/2500  queue=0/256 (0%)  replay=29902/200000  updates=27  loss=0.00624  policy_version=49
  throughput env_steps_s=580.7  transitions_s=580.7  transitions_step=1.0  updates_s=143.9  updates_throttled=0
episode=0180
  mode      collector=async  worker=1  epsilon=0.517
  outcome   reward=-10.0063  success=0/1 (0.00%)  steps=mean:63.0 range:[63,63]
  training  completed=179/2500  queue=3/256 (1%)  replay=30060/200000  updates=40  loss=0.01160  policy_version=50
  throughput env_steps_s=562.7  transitions_s=562.7  transitions_step=1.0  updates_s=142.5  updates_throttled=0
episode=0181
  mode      collector=async  worker=3  epsilon=0.515
  outcome   reward=-10.006499999999999  success=0/1 (0.00%)  steps=mean:65.0 range:[65,65]
  training  completed=180/2500  queue=5/256 (2%)  replay=30135/200000  updates=18  loss=0.03549  policy_version=50
  throughput env_steps_s=584.1  transitions_s=584.1  transitions_step=1.0  updates_s=140.2  updates_throttled=0
episode=0182
  mode      collector=async  worker=1  epsilon=0.513
  outcome   reward=-10.0068  success=0/1 (0.00%)  steps=mean:68.0 range:[68,68]
  training  completed=181/2500  queue=1/256 (0%)  replay=30357/200000  updates=56  loss=0.03491  policy_version=50
  throughput env_steps_s=610.0  transitions_s=610.0  transitions_step=1.0  updates_s=153.9  updates_throttled=0
episode=0176
  mode      collector=async  worker=2  epsilon=0.511
  outcome   reward=-8.022499999999997  success=0/1 (0.00%)  steps=mean:425.0 range:[425,425]
  training  completed=182/2500  queue=0/256 (0%)  replay=30405/200000  updates=12  loss=0.03582  policy_version=51
  throughput env_steps_s=496.5  transitions_s=496.5  transitions_step=1.0  updates_s=124.1  updates_throttled=0
episode=0175
  mode      collector=async  worker=0  epsilon=0.510
  outcome   reward=-8.026199999999996  success=0/1 (0.00%)  steps=mean:462.0 range:[462,462]
  training  completed=183/2500  queue=0/256 (0%)  replay=30406/200000  updates=0  loss=0.00000  policy_version=51
  throughput env_steps_s=446.5  transitions_s=446.5  transitions_step=1.0  updates_s=0.0  updates_throttled=0
episode=0184
  mode      collector=async  worker=1  epsilon=0.508
  outcome   reward=-10.0064  success=0/1 (0.00%)  steps=mean:64.0 range:[64,64]
  training  completed=184/2500  queue=0/256 (0%)  replay=30638/200000  updates=58  loss=0.01888  policy_version=51
  throughput env_steps_s=617.8  transitions_s=617.8  transitions_step=1.0  updates_s=154.4  updates_throttled=0
episode=0187
  mode      collector=async  worker=1  epsilon=0.506
  outcome   reward=-10.0062  success=0/1 (0.00%)  steps=mean:62.0 range:[62,62]
  training  completed=185/2500  queue=0/256 (0%)  replay=30874/200000  updates=59  loss=0.02780  policy_version=52
  throughput env_steps_s=555.8  transitions_s=555.8  transitions_step=1.0  updates_s=138.9  updates_throttled=0
episode=0183
  mode      collector=async  worker=3  epsilon=0.504
  outcome   reward=-8.9979  success=0/1 (0.00%)  steps=mean:179.0 range:[179,179]
  training  completed=186/2500  queue=0/256 (0%)  replay=30898/200000  updates=6  loss=0.00605  policy_version=52
  throughput env_steps_s=486.2  transitions_s=486.2  transitions_step=1.0  updates_s=121.6  updates_throttled=0
episode=0186
  mode      collector=async  worker=0  epsilon=0.502
  outcome   reward=-9.0002  success=0/1 (0.00%)  steps=mean:202.0 range:[202,202]
  training  completed=187/2500  queue=0/256 (0%)  replay=31167/200000  updates=67  loss=0.00957  policy_version=52
  throughput env_steps_s=543.2  transitions_s=543.2  transitions_step=1.0  updates_s=135.3  updates_throttled=0
episode=0185
  mode      collector=async  worker=2  epsilon=0.500
  outcome   reward=-8.999999999999998  success=0/1 (0.00%)  steps=mean:200.0 range:[200,200]
  training  completed=188/2500  queue=1/256 (0%)  replay=31203/200000  updates=9  loss=0.00705  policy_version=53
  throughput env_steps_s=619.0  transitions_s=619.0  transitions_step=1.0  updates_s=154.8  updates_throttled=0
episode=0190
  mode      collector=async  worker=0  epsilon=0.498
  outcome   reward=-10.0062  success=0/1 (0.00%)  steps=mean:62.0 range:[62,62]
  training  completed=189/2500  queue=0/256 (0%)  replay=31407/200000  updates=51  loss=0.04784  policy_version=53
  throughput env_steps_s=553.1  transitions_s=553.1  transitions_step=1.0  updates_s=138.3  updates_throttled=0
episode=0191
  mode      collector=async  worker=2  epsilon=0.497
  outcome   reward=-10.0063  success=0/1 (0.00%)  steps=mean:63.0 range:[63,63]
  training  completed=190/2500  queue=0/256 (0%)  replay=31478/200000  updates=18  loss=0.08126  policy_version=53
  throughput env_steps_s=555.7  transitions_s=555.7  transitions_step=1.0  updates_s=140.9  updates_throttled=0
episode=0192
  mode      collector=async  worker=0  epsilon=0.495
  outcome   reward=-10.0064  success=0/1 (0.00%)  steps=mean:64.0 range:[64,64]
  training  completed=191/2500  queue=0/256 (0%)  replay=31659/200000  updates=45  loss=0.03650  policy_version=54
  throughput env_steps_s=537.1  transitions_s=537.1  transitions_step=1.0  updates_s=133.5  updates_throttled=0
episode=0188
  mode      collector=async  worker=1  epsilon=0.493
  outcome   reward=-9.002499999999998  success=0/1 (0.00%)  steps=mean:225.0 range:[225,225]
  training  completed=192/2500  queue=0/256 (0%)  replay=31704/200000  updates=12  loss=0.01711  policy_version=54
  throughput env_steps_s=592.5  transitions_s=592.5  transitions_step=1.0  updates_s=158.0  updates_throttled=0
episode=0193
  mode      collector=async  worker=2  epsilon=0.491
  outcome   reward=-10.0061  success=0/1 (0.00%)  steps=mean:61.0 range:[61,61]
  training  completed=193/2500  queue=0/256 (0%)  replay=31729/200000  updates=6  loss=0.02031  policy_version=54
  throughput env_steps_s=709.5  transitions_s=709.5  transitions_step=1.0  updates_s=170.3  updates_throttled=0
episode=0196
  mode      collector=async  worker=2  epsilon=0.489
  outcome   reward=-10.0063  success=0/1 (0.00%)  steps=mean:63.0 range:[63,63]
  training  completed=194/2500  queue=0/256 (0%)  replay=31979/200000  updates=62  loss=0.03114  policy_version=54
  throughput env_steps_s=653.5  transitions_s=653.5  transitions_step=1.0  updates_s=162.1  updates_throttled=0
episode=0195
  mode      collector=async  worker=1  epsilon=0.488
  outcome   reward=-10.0068  success=0/1 (0.00%)  steps=mean:68.0 range:[68,68]
  training  completed=195/2500  queue=2/256 (1%)  replay=32000/200000  updates=6  loss=0.01702  policy_version=55
  throughput env_steps_s=544.2  transitions_s=544.2  transitions_step=1.0  updates_s=155.5  updates_throttled=0
episode=0189
  mode      collector=async  worker=3  epsilon=0.486
  outcome   reward=-8.010699999999998  success=0/1 (0.00%)  steps=mean:307.0 range:[307,307]
  training  completed=196/2500  queue=0/256 (0%)  replay=32154/200000  updates=38  loss=0.02429  policy_version=55
  throughput env_steps_s=548.0  transitions_s=548.0  transitions_step=1.0  updates_s=135.2  updates_throttled=0
episode=0197
  mode      collector=async  worker=2  epsilon=0.484
  outcome   reward=-10.0064  success=0/1 (0.00%)  steps=mean:64.0 range:[64,64]
  training  completed=197/2500  queue=0/256 (0%)  replay=32243/200000  updates=22  loss=0.02825  policy_version=55
  throughput env_steps_s=552.0  transitions_s=552.0  transitions_step=1.0  updates_s=136.5  updates_throttled=0
episode=0194
  mode      collector=async  worker=0  epsilon=0.482
  outcome   reward=-8.9973  success=0/1 (0.00%)  steps=mean:173.0 range:[173,173]
  training  completed=198/2500  queue=0/256 (0%)  replay=32319/200000  updates=19  loss=0.01417  policy_version=55
  throughput env_steps_s=505.9  transitions_s=505.9  transitions_step=1.0  updates_s=126.5  updates_throttled=0
episode=0200
  mode      collector=async  worker=2  epsilon=0.480
  outcome   reward=-10.0063  success=0/1 (0.00%)  steps=mean:63.0 range:[63,63]
  training  completed=199/2500  queue=0/256 (0%)  replay=32503/200000  updates=46  loss=0.02794  policy_version=56
  throughput env_steps_s=539.7  transitions_s=539.7  transitions_step=1.0  updates_s=134.9  updates_throttled=0
episode=0198
  mode      collector=async  worker=1  epsilon=0.479
  outcome   reward=-7.998600000000015  success=0/1 (0.00%)  steps=mean:186.0 range:[186,186]
  training  completed=200/2500  queue=7/256 (3%)  replay=32704/200000  updates=51  loss=0.00862  policy_version=56
  throughput env_steps_s=558.4  transitions_s=558.4  transitions_step=1.0  updates_s=141.7  updates_throttled=0
Saved checkpoint: checkpoints/breakout_27bricks_v2/ckpt-200
Scheduled replay buffer save: checkpoints/breakout_27bricks_v2/replay-200.npz transitions=32704
Evaluating frozen checkpoint episode=200 episodes=20 metric=auto...
episode=0202
  mode      collector=async  worker=2  epsilon=0.477
  outcome   reward=-10.0064  success=0/1 (0.00%)  steps=mean:64.0 range:[64,64]
  training  completed=201/2500  queue=1/256 (0%)  replay=32765/200000  updates=15  loss=0.05251  policy_version=56
  throughput env_steps_s=513.5  transitions_s=513.5  transitions_step=1.0  updates_s=126.3  updates_throttled=0
Saved replay buffer: checkpoints/breakout_27bricks_v2/replay-200.npz transitions=32704
episode=0199
  mode      collector=async  worker=3  epsilon=0.475
  outcome   reward=-9.0011  success=0/1 (0.00%)  steps=mean:211.0 range:[211,211]
  training  completed=202/2500  queue=0/256 (0%)  replay=33019/200000  updates=63  loss=0.04293  policy_version=57
  throughput env_steps_s=416.9  transitions_s=416.9  transitions_step=1.0  updates_s=103.4  updates_throttled=0
episode=0201
  mode      collector=async  worker=0  epsilon=0.473
  outcome   reward=-8.999999999999998  success=0/1 (0.00%)  steps=mean:200.0 range:[200,200]
  training  completed=203/2500  queue=3/256 (1%)  replay=33110/200000  updates=23  loss=0.04606  policy_version=57
  throughput env_steps_s=419.3  transitions_s=419.3  transitions_step=1.0  updates_s=106.0  updates_throttled=0
episode=0203
  mode      collector=async  worker=1  epsilon=0.472
  outcome   reward=-8.998499999999998  success=0/1 (0.00%)  steps=mean:185.0 range:[185,185]
  training  completed=204/2500  queue=1/256 (0%)  replay=33456/200000  updates=87  loss=0.03725  policy_version=58
  throughput env_steps_s=463.3  transitions_s=463.3  transitions_step=1.0  updates_s=116.5  updates_throttled=0
episode=0207
  mode      collector=async  worker=1  epsilon=0.470
  outcome   reward=-10.0062  success=0/1 (0.00%)  steps=mean:62.0 range:[62,62]
  training  completed=205/2500  queue=3/256 (1%)  replay=33700/200000  updates=61  loss=0.03453  policy_version=59
  throughput env_steps_s=496.8  transitions_s=496.8  transitions_step=1.0  updates_s=124.2  updates_throttled=0
episode=0208
  mode      collector=async  worker=1  epsilon=0.468
  outcome   reward=-10.0063  success=0/1 (0.00%)  steps=mean:63.0 range:[63,63]
  training  completed=206/2500  queue=0/256 (0%)  replay=33946/200000  updates=61  loss=0.02168  policy_version=59
  throughput env_steps_s=486.3  transitions_s=486.3  transitions_step=1.0  updates_s=120.6  updates_throttled=0
episode=0206
  mode      collector=async  worker=0  epsilon=0.466
  outcome   reward=-9.000399999999999  success=0/1 (0.00%)  steps=mean:204.0 range:[204,204]
  training  completed=207/2500  queue=0/256 (0%)  replay=33946/200000  updates=0  loss=0.00000  policy_version=59
  throughput env_steps_s=486.3  transitions_s=486.3  transitions_step=1.0  updates_s=120.6  updates_throttled=0
episode=0204
  mode      collector=async  worker=2  epsilon=0.465
  outcome   reward=-8.012399999999998  success=0/1 (0.00%)  steps=mean:324.0 range:[324,324]
  training  completed=208/2500  queue=2/256 (1%)  replay=34048/200000  updates=26  loss=0.01038  policy_version=60
  throughput env_steps_s=428.7  transitions_s=428.7  transitions_step=1.0  updates_s=109.3  updates_throttled=0
episode=0209
  mode      collector=async  worker=1  epsilon=0.463
  outcome   reward=-10.0062  success=0/1 (0.00%)  steps=mean:62.0 range:[62,62]
  training  completed=209/2500  queue=1/256 (0%)  replay=34156/200000  updates=27  loss=0.03001  policy_version=60
  throughput env_steps_s=486.0  transitions_s=486.0  transitions_step=1.0  updates_s=121.5  updates_throttled=0
episode=0211
  mode      collector=async  worker=2  epsilon=0.461
  outcome   reward=-10.006  success=0/1 (0.00%)  steps=mean:60.0 range:[60,60]
  training  completed=210/2500  queue=3/256 (1%)  replay=34284/200000  updates=32  loss=0.01387  policy_version=60
  throughput env_steps_s=450.5  transitions_s=450.5  transitions_step=1.0  updates_s=112.6  updates_throttled=0
episode=0213
  mode      collector=async  worker=2  epsilon=0.460
  outcome   reward=-10.0062  success=0/1 (0.00%)  steps=mean:62.0 range:[62,62]
  training  completed=211/2500  queue=2/256 (1%)  replay=34532/200000  updates=62  loss=0.02187  policy_version=61
  throughput env_steps_s=441.4  transitions_s=441.4  transitions_step=1.0  updates_s=110.3  updates_throttled=0
episode=0205
  mode      collector=async  worker=3  epsilon=0.458
  outcome   reward=-8.020199999999997  success=0/1 (0.00%)  steps=mean:402.0 range:[402,402]
  training  completed=212/2500  queue=0/256 (0%)  replay=34636/200000  updates=26  loss=0.00665  policy_version=61
  throughput env_steps_s=464.1  transitions_s=464.1  transitions_step=1.0  updates_s=116.0  updates_throttled=0
episode=0210
  mode      collector=async  worker=0  epsilon=0.456
  outcome   reward=-7.997500000000013  success=0/1 (0.00%)  steps=mean:175.0 range:[175,175]
  training  completed=213/2500  queue=0/256 (0%)  replay=34699/200000  updates=15  loss=0.00536  policy_version=61
  throughput env_steps_s=452.9  transitions_s=452.9  transitions_step=1.0  updates_s=107.8  updates_throttled=0
episode=0214
  mode      collector=async  worker=2  epsilon=0.455
  outcome   reward=-10.0063  success=0/1 (0.00%)  steps=mean:63.0 range:[63,63]
  training  completed=214/2500  queue=4/256 (2%)  replay=34803/200000  updates=26  loss=0.06322  policy_version=62
  throughput env_steps_s=472.2  transitions_s=472.2  transitions_step=1.0  updates_s=118.1  updates_throttled=0
episode=0212
  mode      collector=async  worker=1  epsilon=0.453
  outcome   reward=-8.999099999999999  success=0/1 (0.00%)  steps=mean:191.0 range:[191,191]
  training  completed=215/2500  queue=0/256 (0%)  replay=34887/200000  updates=21  loss=0.07105  policy_version=62
  throughput env_steps_s=533.8  transitions_s=533.8  transitions_step=1.0  updates_s=133.4  updates_throttled=0
episode=0218
  mode      collector=async  worker=1  epsilon=0.451
  outcome   reward=-10.0061  success=0/1 (0.00%)  steps=mean:61.0 range:[61,61]
  training  completed=216/2500  queue=0/256 (0%)  replay=35147/200000  updates=65  loss=0.01705  policy_version=62
  throughput env_steps_s=448.4  transitions_s=448.4  transitions_step=1.0  updates_s=112.1  updates_throttled=0
episode=0216
  mode      collector=async  worker=0  epsilon=0.450
  outcome   reward=-8.998899999999999  success=0/1 (0.00%)  steps=mean:189.0 range:[189,189]
  training  completed=217/2500  queue=2/256 (1%)  replay=35432/200000  updates=72  loss=0.02791  policy_version=63
  throughput env_steps_s=461.8  transitions_s=461.8  transitions_step=1.0  updates_s=116.7  updates_throttled=0
episode=0215
  mode      collector=async  worker=3  epsilon=0.448
  outcome   reward=-8.999699999999999  success=0/1 (0.00%)  steps=mean:197.0 range:[197,197]
  training  completed=218/2500  queue=2/256 (1%)  replay=35449/200000  updates=4  loss=0.01790  policy_version=63
  throughput env_steps_s=575.3  transitions_s=575.3  transitions_step=1.0  updates_s=135.4  updates_throttled=0
episode=0217
  mode      collector=async  worker=2  epsilon=0.446
  outcome   reward=-8.998299999999999  success=0/1 (0.00%)  steps=mean:183.0 range:[183,183]
  training  completed=219/2500  queue=0/256 (0%)  replay=35547/200000  updates=24  loss=0.03151  policy_version=63
  throughput env_steps_s=441.9  transitions_s=441.9  transitions_step=1.0  updates_s=108.2  updates_throttled=0
episode=0221
  mode      collector=async  worker=3  epsilon=0.445
  outcome   reward=-10.0061  success=0/1 (0.00%)  steps=mean:61.0 range:[61,61]
  training  completed=220/2500  queue=6/256 (2%)  replay=35733/200000  updates=47  loss=0.06010  policy_version=64
  throughput env_steps_s=432.2  transitions_s=432.2  transitions_step=1.0  updates_s=109.2  updates_throttled=0
episode=0219
  mode      collector=async  worker=1  epsilon=0.443
  outcome   reward=-8.997699999999998  success=0/1 (0.00%)  steps=mean:177.0 range:[177,177]
  training  completed=221/2500  queue=3/256 (1%)  replay=35838/200000  updates=26  loss=0.07510  policy_version=64
  throughput env_steps_s=440.2  transitions_s=440.2  transitions_step=1.0  updates_s=109.0  updates_throttled=0
episode=0224
  mode      collector=async  worker=1  epsilon=0.441
  outcome   reward=-10.0064  success=0/1 (0.00%)  steps=mean:64.0 range:[64,64]
  training  completed=222/2500  queue=0/256 (0%)  replay=36085/200000  updates=62  loss=0.02734  policy_version=65
  throughput env_steps_s=474.3  transitions_s=474.3  transitions_step=1.0  updates_s=119.1  updates_throttled=0
Frozen evaluation episode=200: success=0/20 (0.00%) reward_mean=-9.9056 steps_mean=76.2
episode=0220
  mode      collector=async  worker=0  epsilon=0.440
  outcome   reward=-8.007799999999998  success=0/1 (0.00%)  steps=mean:278.0 range:[278,278]
  training  completed=223/2500  queue=0/256 (0%)  replay=36487/200000  updates=100  loss=0.04352  policy_version=66
  throughput env_steps_s=437.9  transitions_s=437.9  transitions_step=1.0  updates_s=108.9  updates_throttled=0
episode=0225
  mode      collector=async  worker=1  epsilon=0.438
  outcome   reward=-8.998299999999999  success=0/1 (0.00%)  steps=mean:183.0 range:[183,183]
  training  completed=224/2500  queue=0/256 (0%)  replay=36783/200000  updates=74  loss=0.03067  policy_version=66
  throughput env_steps_s=495.1  transitions_s=495.1  transitions_step=1.0  updates_s=123.8  updates_throttled=0
episode=0226
  mode      collector=async  worker=0  epsilon=0.437
  outcome   reward=-9.000699999999998  success=0/1 (0.00%)  steps=mean:207.0 range:[207,207]
  training  completed=225/2500  queue=0/256 (0%)  replay=37283/200000  updates=125  loss=0.03786  policy_version=68
  throughput env_steps_s=508.8  transitions_s=508.8  transitions_step=1.0  updates_s=127.2  updates_throttled=0
Saved checkpoint: checkpoints/breakout_27bricks_v2/ckpt-225
Scheduled replay buffer save: checkpoints/breakout_27bricks_v2/replay-225.npz transitions=37283
episode=0222
  mode      collector=async  worker=2  epsilon=0.435
  outcome   reward=-7.0218000000000185  success=0/1 (0.00%)  steps=mean:418.0 range:[418,418]
  training  completed=226/2500  queue=0/256 (0%)  replay=37335/200000  updates=13  loss=0.08742  policy_version=68
  throughput env_steps_s=394.8  transitions_s=394.8  transitions_step=1.0  updates_s=98.7  updates_throttled=0
Saved replay buffer: checkpoints/breakout_27bricks_v2/replay-225.npz transitions=37283
episode=0228
  mode      collector=async  worker=0  epsilon=0.433
  outcome   reward=-10.0063  success=0/1 (0.00%)  steps=mean:63.0 range:[63,63]
  training  completed=227/2500  queue=1/256 (0%)  replay=37556/200000  updates=56  loss=0.02943  policy_version=68
  throughput env_steps_s=500.1  transitions_s=500.1  transitions_step=1.0  updates_s=126.7  updates_throttled=0
episode=0227
  mode      collector=async  worker=1  epsilon=0.432
  outcome   reward=-9.003499999999999  success=0/1 (0.00%)  steps=mean:235.0 range:[235,235]
  training  completed=228/2500  queue=2/256 (1%)  replay=37720/200000  updates=41  loss=0.08075  policy_version=69
  throughput env_steps_s=500.1  transitions_s=500.1  transitions_step=1.0  updates_s=125.0  updates_throttled=0
episode=0223
  mode      collector=async  worker=3  epsilon=0.430
  outcome   reward=-7.030700000000017  success=0/1 (0.00%)  steps=mean:507.0 range:[507,507]
  training  completed=229/2500  queue=0/256 (0%)  replay=37742/200000  updates=5  loss=0.01641  policy_version=69
  throughput env_steps_s=736.0  transitions_s=736.0  transitions_step=1.0  updates_s=167.3  updates_throttled=0
episode=0231
  mode      collector=async  worker=1  epsilon=0.429
  outcome   reward=-10.0063  success=0/1 (0.00%)  steps=mean:63.0 range:[63,63]
  training  completed=230/2500  queue=0/256 (0%)  replay=37957/200000  updates=54  loss=0.04486  policy_version=69
  throughput env_steps_s=516.0  transitions_s=516.0  transitions_step=1.0  updates_s=129.6  updates_throttled=0
episode=0232
  mode      collector=async  worker=3  epsilon=0.427
  outcome   reward=-10.0063  success=0/1 (0.00%)  steps=mean:63.0 range:[63,63]
  training  completed=231/2500  queue=1/256 (0%)  replay=38016/200000  updates=15  loss=0.01248  policy_version=70
  throughput env_steps_s=528.1  transitions_s=528.1  transitions_step=1.0  updates_s=134.3  updates_throttled=0
episode=0229
  mode      collector=async  worker=2  epsilon=0.425
  outcome   reward=-7.998800000000015  success=0/1 (0.00%)  steps=mean:188.0 range:[188,188]
  training  completed=232/2500  queue=0/256 (0%)  replay=38061/200000  updates=11  loss=0.07848  policy_version=70
  throughput env_steps_s=522.4  transitions_s=522.4  transitions_step=1.0  updates_s=127.7  updates_throttled=0
episode=0235
  mode      collector=async  worker=2  epsilon=0.424
  outcome   reward=-10.0064  success=0/1 (0.00%)  steps=mean:64.0 range:[64,64]
  training  completed=233/2500  queue=2/256 (1%)  replay=38344/200000  updates=71  loss=0.02665  policy_version=70
  throughput env_steps_s=538.1  transitions_s=538.1  transitions_step=1.0  updates_s=135.0  updates_throttled=0
episode=0230
  mode      collector=async  worker=0  epsilon=0.422
  outcome   reward=-9.001  success=0/1 (0.00%)  steps=mean:210.0 range:[210,210]
  training  completed=234/2500  queue=0/256 (0%)  replay=38418/200000  updates=18  loss=0.00976  policy_version=71
  throughput env_steps_s=444.6  transitions_s=444.6  transitions_step=1.0  updates_s=108.2  updates_throttled=0
episode=0233
  mode      collector=async  worker=1  epsilon=0.421
  outcome   reward=-7.998200000000015  success=0/1 (0.00%)  steps=mean:182.0 range:[182,182]
  training  completed=235/2500  queue=0/256 (0%)  replay=38627/200000  updates=52  loss=0.01021  policy_version=71
  throughput env_steps_s=513.3  transitions_s=513.3  transitions_step=1.0  updates_s=127.7  updates_throttled=0
episode=0234
  mode      collector=async  worker=3  epsilon=0.419
  outcome   reward=-7.999200000000014  success=0/1 (0.00%)  steps=mean:192.0 range:[192,192]
  training  completed=236/2500  queue=0/256 (0%)  replay=38738/200000  updates=28  loss=0.04867  policy_version=71
  throughput env_steps_s=502.6  transitions_s=502.6  transitions_step=1.0  updates_s=126.8  updates_throttled=0
episode=0237
  mode      collector=async  worker=0  epsilon=0.418
  outcome   reward=-8.998  success=0/1 (0.00%)  steps=mean:180.0 range:[180,180]
  training  completed=237/2500  queue=1/256 (0%)  replay=39233/200000  updates=124  loss=0.06570  policy_version=73
  throughput env_steps_s=497.3  transitions_s=497.3  transitions_step=1.0  updates_s=124.6  updates_throttled=0
episode=0239
  mode      collector=async  worker=3  epsilon=0.416
  outcome   reward=-8.9987  success=0/1 (0.00%)  steps=mean:187.0 range:[187,187]
  training  completed=238/2500  queue=0/256 (0%)  replay=39461/200000  updates=57  loss=0.02656  policy_version=73
  throughput env_steps_s=507.6  transitions_s=507.6  transitions_step=1.0  updates_s=126.9  updates_throttled=0
episode=0238
  mode      collector=async  worker=1  epsilon=0.415
  outcome   reward=-9.002299999999998  success=0/1 (0.00%)  steps=mean:223.0 range:[223,223]
  training  completed=239/2500  queue=0/256 (0%)  replay=39499/200000  updates=9  loss=0.01037  policy_version=73
  throughput env_steps_s=509.9  transitions_s=509.9  transitions_step=1.0  updates_s=120.8  updates_throttled=0
episode=0240
  mode      collector=async  worker=0  epsilon=0.413
  outcome   reward=-10.0062  success=0/1 (0.00%)  steps=mean:62.0 range:[62,62]
  training  completed=240/2500  queue=4/256 (2%)  replay=39502/200000  updates=1  loss=0.02476  policy_version=73
  throughput env_steps_s=179.7  transitions_s=179.7  transitions_step=1.0  updates_s=59.9  updates_throttled=0
episode=0236
  mode      collector=async  worker=2  epsilon=0.412
  outcome   reward=-7.010300000000014  success=0/1 (0.00%)  steps=mean:303.0 range:[303,303]
  training  completed=241/2500  queue=0/256 (0%)  replay=39542/200000  updates=10  loss=0.11931  policy_version=73
  throughput env_steps_s=402.1  transitions_s=402.1  transitions_step=1.0  updates_s=100.5  updates_throttled=0
episode=0243
  mode      collector=async  worker=0  epsilon=0.410
  outcome   reward=-10.0063  success=0/1 (0.00%)  steps=mean:63.0 range:[63,63]
  training  completed=242/2500  queue=0/256 (0%)  replay=39774/200000  updates=58  loss=0.08066  policy_version=74
  throughput env_steps_s=503.1  transitions_s=503.1  transitions_step=1.0  updates_s=125.8  updates_throttled=0
episode=0245
  mode      collector=async  worker=0  epsilon=0.409
  outcome   reward=-10.006  success=0/1 (0.00%)  steps=mean:60.0 range:[60,60]
  training  completed=243/2500  queue=0/256 (0%)  replay=40030/200000  updates=64  loss=0.09648  policy_version=75
  throughput env_steps_s=509.7  transitions_s=509.7  transitions_step=1.0  updates_s=127.4  updates_throttled=0
episode=0242
  mode      collector=async  worker=1  epsilon=0.407
  outcome   reward=-9.000899999999998  success=0/1 (0.00%)  steps=mean:209.0 range:[209,209]
  training  completed=244/2500  queue=0/256 (0%)  replay=40285/200000  updates=64  loss=0.08361  policy_version=75
  throughput env_steps_s=467.0  transitions_s=467.0  transitions_step=1.0  updates_s=117.2  updates_throttled=0
episode=0244
  mode      collector=async  worker=2  epsilon=0.406
  outcome   reward=-8.00480000000001  success=0/1 (0.00%)  steps=mean:248.0 range:[248,248]
  training  completed=245/2500  queue=0/256 (0%)  replay=40522/200000  updates=59  loss=0.04691  policy_version=76
  throughput env_steps_s=486.2  transitions_s=486.2  transitions_step=1.0  updates_s=121.0  updates_throttled=0
episode=0241
  mode      collector=async  worker=3  epsilon=0.404
  outcome   reward=-7.0108000000000334  success=0/1 (0.00%)  steps=mean:308.0 range:[308,308]
  training  completed=246/2500  queue=0/256 (0%)  replay=40676/200000  updates=39  loss=0.04660  policy_version=76
  throughput env_steps_s=508.5  transitions_s=508.5  transitions_step=1.0  updates_s=128.8  updates_throttled=0
episode=0248
  mode      collector=async  worker=2  epsilon=0.403
  outcome   reward=-10.0063  success=0/1 (0.00%)  steps=mean:63.0 range:[63,63]
  training  completed=247/2500  queue=0/256 (0%)  replay=40794/200000  updates=29  loss=0.03170  policy_version=76
  throughput env_steps_s=480.0  transitions_s=480.0  transitions_step=1.0  updates_s=118.0  updates_throttled=0
episode=0249
  mode      collector=async  worker=3  epsilon=0.401
  outcome   reward=-10.0062  success=0/1 (0.00%)  steps=mean:62.0 range:[62,62]
  training  completed=248/2500  queue=4/256 (2%)  replay=40941/200000  updates=37  loss=0.08870  policy_version=77
  throughput env_steps_s=492.0  transitions_s=492.0  transitions_step=1.0  updates_s=123.8  updates_throttled=0
episode=0246
  mode      collector=async  worker=0  epsilon=0.400
  outcome   reward=-9.003999999999998  success=0/1 (0.00%)  steps=mean:240.0 range:[240,240]
  training  completed=249/2500  queue=0/256 (0%)  replay=40969/200000  updates=7  loss=0.04889  policy_version=77
  throughput env_steps_s=521.9  transitions_s=521.9  transitions_step=1.0  updates_s=130.5  updates_throttled=0
episode=0250
  mode      collector=async  worker=2  epsilon=0.398
  outcome   reward=-10.006499999999999  success=0/1 (0.00%)  steps=mean:65.0 range:[65,65]
  training  completed=250/2500  queue=2/256 (1%)  replay=41061/200000  updates=23  loss=0.05151  policy_version=77
  throughput env_steps_s=419.7  transitions_s=419.7  transitions_step=1.0  updates_s=104.9  updates_throttled=0
Saved checkpoint: checkpoints/breakout_27bricks_v2/ckpt-250
Scheduled replay buffer save: checkpoints/breakout_27bricks_v2/replay-250.npz transitions=41061
episode=0247
  mode      collector=async  worker=1  epsilon=0.397
  outcome   reward=-9.000599999999999  success=0/1 (0.00%)  steps=mean:206.0 range:[206,206]
  training  completed=251/2500  queue=0/256 (0%)  replay=41123/200000  updates=15  loss=0.05357  policy_version=77
  throughput env_steps_s=452.0  transitions_s=452.0  transitions_step=1.0  updates_s=109.3  updates_throttled=0
Saved replay buffer: checkpoints/breakout_27bricks_v2/replay-250.npz transitions=41061
episode=0254
  mode      collector=async  worker=1  epsilon=0.395
  outcome   reward=-10.0063  success=0/1 (0.00%)  steps=mean:63.0 range:[63,63]
  training  completed=252/2500  queue=1/256 (0%)  replay=41380/200000  updates=65  loss=0.07478  policy_version=78
  throughput env_steps_s=469.4  transitions_s=469.4  transitions_step=1.0  updates_s=118.7  updates_throttled=0
episode=0255
  mode      collector=async  worker=1  epsilon=0.394
  outcome   reward=-10.0062  success=0/1 (0.00%)  steps=mean:62.0 range:[62,62]
  training  completed=253/2500  queue=0/256 (0%)  replay=41619/200000  updates=59  loss=0.06497  policy_version=79
  throughput env_steps_s=476.6  transitions_s=476.6  transitions_step=1.0  updates_s=117.6  updates_throttled=0
episode=0252
  mode      collector=async  worker=0  epsilon=0.392
  outcome   reward=-7.997400000000013  success=0/1 (0.00%)  steps=mean:174.0 range:[174,174]
  training  completed=254/2500  queue=2/256 (1%)  replay=41688/200000  updates=18  loss=0.03825  policy_version=79
  throughput env_steps_s=477.2  transitions_s=477.2  transitions_step=1.0  updates_s=124.5  updates_throttled=0
episode=0256
  mode      collector=async  worker=1  epsilon=0.391
  outcome   reward=-10.0064  success=0/1 (0.00%)  steps=mean:64.0 range:[64,64]
  training  completed=255/2500  queue=0/256 (0%)  replay=41865/200000  updates=44  loss=0.04973  policy_version=79
  throughput env_steps_s=513.4  transitions_s=513.4  transitions_step=1.0  updates_s=127.6  updates_throttled=0
episode=0251
  mode      collector=async  worker=3  epsilon=0.389
  outcome   reward=-9.003999999999998  success=0/1 (0.00%)  steps=mean:240.0 range:[240,240]
  training  completed=256/2500  queue=0/256 (0%)  replay=41881/200000  updates=4  loss=0.01668  policy_version=79
  throughput env_steps_s=497.8  transitions_s=497.8  transitions_step=1.0  updates_s=124.4  updates_throttled=0
episode=0253
  mode      collector=async  worker=2  epsilon=0.388
  outcome   reward=-9.0019  success=0/1 (0.00%)  steps=mean:219.0 range:[219,219]
  training  completed=257/2500  queue=1/256 (0%)  replay=41951/200000  updates=17  loss=0.09046  policy_version=79
  throughput env_steps_s=496.3  transitions_s=496.3  transitions_step=1.0  updates_s=120.5  updates_throttled=0
episode=0258
  mode      collector=async  worker=1  epsilon=0.387
  outcome   reward=-10.0062  success=0/1 (0.00%)  steps=mean:62.0 range:[62,62]
  training  completed=258/2500  queue=2/256 (1%)  replay=42120/200000  updates=43  loss=0.03784  policy_version=80
  throughput env_steps_s=449.4  transitions_s=449.4  transitions_step=1.0  updates_s=114.3  updates_throttled=0
episode=0260
  mode      collector=async  worker=2  epsilon=0.385
  outcome   reward=-10.0061  success=0/1 (0.00%)  steps=mean:61.0 range:[61,61]
  training  completed=259/2500  queue=0/256 (0%)  replay=42209/200000  updates=22  loss=0.02927  policy_version=80
  throughput env_steps_s=542.7  transitions_s=542.7  transitions_step=1.0  updates_s=134.2  updates_throttled=0
episode=0257
  mode      collector=async  worker=0  epsilon=0.384
  outcome   reward=-8.9986  success=0/1 (0.00%)  steps=mean:186.0 range:[186,186]
  training  completed=260/2500  queue=6/256 (2%)  replay=42420/200000  updates=53  loss=0.06678  policy_version=81
  throughput env_steps_s=442.2  transitions_s=442.2  transitions_step=1.0  updates_s=111.1  updates_throttled=0
episode=0259
  mode      collector=async  worker=3  epsilon=0.382
  outcome   reward=-8.9996  success=0/1 (0.00%)  steps=mean:196.0 range:[196,196]
  training  completed=261/2500  queue=0/256 (0%)  replay=42631/200000  updates=52  loss=0.10041  policy_version=81
  throughput env_steps_s=454.9  transitions_s=454.9  transitions_step=1.0  updates_s=112.1  updates_throttled=0
episode=0263
  mode      collector=async  worker=0  epsilon=0.381
  outcome   reward=-10.006  success=0/1 (0.00%)  steps=mean:60.0 range:[60,60]
  training  completed=262/2500  queue=0/256 (0%)  replay=42671/200000  updates=10  loss=0.01403  policy_version=81
  throughput env_steps_s=446.2  transitions_s=446.2  transitions_step=1.0  updates_s=111.5  updates_throttled=0
episode=0261
  mode      collector=async  worker=1  epsilon=0.379
  outcome   reward=-8.998099999999999  success=0/1 (0.00%)  steps=mean:181.0 range:[181,181]
  training  completed=263/2500  queue=0/256 (0%)  replay=42848/200000  updates=45  loss=0.10667  policy_version=82
  throughput env_steps_s=454.4  transitions_s=454.4  transitions_step=1.0  updates_s=115.5  updates_throttled=0
episode=0262
  mode      collector=async  worker=2  epsilon=0.378
  outcome   reward=-8.013499999999997  success=0/1 (0.00%)  steps=mean:335.0 range:[335,335]
  training  completed=264/2500  queue=4/256 (2%)  replay=43542/200000  updates=173  loss=0.08908  policy_version=83
  throughput env_steps_s=447.8  transitions_s=447.8  transitions_step=1.0  updates_s=111.6  updates_throttled=0
episode=0264
  mode      collector=async  worker=3  epsilon=0.377
  outcome   reward=-9.002199999999998  success=0/1 (0.00%)  steps=mean:222.0 range:[222,222]
  training  completed=265/2500  queue=3/256 (1%)  replay=43550/200000  updates=2  loss=0.01789  policy_version=83
  throughput env_steps_s=1165.5  transitions_s=1165.5  transitions_step=1.0  updates_s=291.4  updates_throttled=0
episode=0265
  mode      collector=async  worker=0  epsilon=0.375
  outcome   reward=-9.002499999999998  success=0/1 (0.00%)  steps=mean:225.0 range:[225,225]
  training  completed=266/2500  queue=0/256 (0%)  replay=43576/200000  updates=7  loss=0.02521  policy_version=83
  throughput env_steps_s=351.0  transitions_s=351.0  transitions_step=1.0  updates_s=94.5  updates_throttled=0
episode=0268
  mode      collector=async  worker=3  epsilon=0.374
  outcome   reward=-10.0064  success=0/1 (0.00%)  steps=mean:64.0 range:[64,64]
  training  completed=267/2500  queue=0/256 (0%)  replay=43807/200000  updates=57  loss=0.09601  policy_version=84
  throughput env_steps_s=441.4  transitions_s=441.4  transitions_step=1.0  updates_s=108.9  updates_throttled=0
episode=0269
  mode      collector=async  worker=0  epsilon=0.373
  outcome   reward=-10.0063  success=0/1 (0.00%)  steps=mean:63.0 range:[63,63]
  training  completed=268/2500  queue=0/256 (0%)  replay=43845/200000  updates=10  loss=0.13754  policy_version=84
  throughput env_steps_s=428.3  transitions_s=428.3  transitions_step=1.0  updates_s=112.7  updates_throttled=0
episode=0270
  mode      collector=async  worker=3  epsilon=0.371
  outcome   reward=-10.006  success=0/1 (0.00%)  steps=mean:60.0 range:[60,60]
  training  completed=269/2500  queue=0/256 (0%)  replay=44051/200000  updates=51  loss=0.11565  policy_version=85
  throughput env_steps_s=434.3  transitions_s=434.3  transitions_step=1.0  updates_s=107.5  updates_throttled=0
episode=0271
  mode      collector=async  worker=0  epsilon=0.370
  outcome   reward=-10.0064  success=0/1 (0.00%)  steps=mean:64.0 range:[64,64]
  training  completed=270/2500  queue=1/256 (0%)  replay=44088/200000  updates=10  loss=0.07805  policy_version=85
  throughput env_steps_s=397.1  transitions_s=397.1  transitions_step=1.0  updates_s=107.3  updates_throttled=0
episode=0272
  mode      collector=async  worker=3  epsilon=0.368
  outcome   reward=-10.0061  success=0/1 (0.00%)  steps=mean:61.0 range:[61,61]
  training  completed=271/2500  queue=0/256 (0%)  replay=44302/200000  updates=53  loss=0.07023  policy_version=85
  throughput env_steps_s=444.8  transitions_s=444.8  transitions_step=1.0  updates_s=110.2  updates_throttled=0
episode=0273
  mode      collector=async  worker=0  epsilon=0.367
  outcome   reward=-10.0063  success=0/1 (0.00%)  steps=mean:63.0 range:[63,63]
  training  completed=272/2500  queue=0/256 (0%)  replay=44358/200000  updates=14  loss=0.05134  policy_version=85
  throughput env_steps_s=439.2  transitions_s=439.2  transitions_step=1.0  updates_s=109.8  updates_throttled=0
episode=0267
  mode      collector=async  worker=2  epsilon=0.366
  outcome   reward=-9.0026  success=0/1 (0.00%)  steps=mean:226.0 range:[226,226]
  training  completed=273/2500  queue=1/256 (0%)  replay=44401/200000  updates=11  loss=0.06657  policy_version=86
  throughput env_steps_s=391.8  transitions_s=391.8  transitions_step=1.0  updates_s=100.2  updates_throttled=0
episode=0276
  mode      collector=async  worker=2  epsilon=0.364
  outcome   reward=-10.0062  success=0/1 (0.00%)  steps=mean:62.0 range:[62,62]
  training  completed=274/2500  queue=0/256 (0%)  replay=44649/200000  updates=62  loss=0.06631  policy_version=86
  throughput env_steps_s=539.4  transitions_s=539.4  transitions_step=1.0  updates_s=134.8  updates_throttled=0
episode=0277
  mode      collector=async  worker=2  epsilon=0.363
  outcome   reward=-10.0066  success=0/1 (0.00%)  steps=mean:66.0 range:[66,66]
  training  completed=275/2500  queue=3/256 (1%)  replay=44896/200000  updates=62  loss=0.02919  policy_version=87
  throughput env_steps_s=450.1  transitions_s=450.1  transitions_step=1.0  updates_s=113.0  updates_throttled=0
Saved checkpoint: checkpoints/breakout_27bricks_v2/ckpt-275
Scheduled replay buffer save: checkpoints/breakout_27bricks_v2/replay-275.npz transitions=44896
episode=0266
  mode      collector=async  worker=1  epsilon=0.362
  outcome   reward=-9.031899999999997  success=0/1 (0.00%)  steps=mean:519.0 range:[519,519]
  training  completed=276/2500  queue=8/256 (3%)  replay=44935/200000  updates=9  loss=0.23847  policy_version=87
  throughput env_steps_s=395.5  transitions_s=395.5  transitions_step=1.0  updates_s=91.3  updates_throttled=0
Saved replay buffer: checkpoints/breakout_27bricks_v2/replay-275.npz transitions=44896
episode=0274
  mode      collector=async  worker=3  epsilon=0.360
  outcome   reward=-8.999999999999998  success=0/1 (0.00%)  steps=mean:200.0 range:[200,200]
  training  completed=277/2500  queue=0/256 (0%)  replay=45126/200000  updates=48  loss=0.04482  policy_version=87
  throughput env_steps_s=505.0  transitions_s=505.0  transitions_step=1.0  updates_s=126.9  updates_throttled=0
episode=0275
  mode      collector=async  worker=0  epsilon=0.359
  outcome   reward=-8.999299999999998  success=0/1 (0.00%)  steps=mean:193.0 range:[193,193]
  training  completed=278/2500  queue=0/256 (0%)  replay=45137/200000  updates=3  loss=0.04285  policy_version=87
  throughput env_steps_s=325.6  transitions_s=325.6  transitions_step=1.0  updates_s=88.8  updates_throttled=0
episode=0280
  mode      collector=async  worker=3  epsilon=0.358
  outcome   reward=-10.0061  success=0/1 (0.00%)  steps=mean:61.0 range:[61,61]
  training  completed=279/2500  queue=0/256 (0%)  replay=45363/200000  updates=56  loss=0.05606  policy_version=88
  throughput env_steps_s=432.0  transitions_s=432.0  transitions_step=1.0  updates_s=107.1  updates_throttled=0
episode=0278
  mode      collector=async  worker=2  epsilon=0.356
  outcome   reward=-8.998999999999999  success=0/1 (0.00%)  steps=mean:190.0 range:[190,190]
  training  completed=280/2500  queue=3/256 (1%)  replay=45610/200000  updates=62  loss=0.05834  policy_version=89
  throughput env_steps_s=448.4  transitions_s=448.4  transitions_step=1.0  updates_s=112.5  updates_throttled=0
episode=0283
  mode      collector=async  worker=2  epsilon=0.355
  outcome   reward=-10.0062  success=0/1 (0.00%)  steps=mean:62.0 range:[62,62]
  training  completed=281/2500  queue=1/256 (0%)  replay=45844/200000  updates=59  loss=0.09187  policy_version=89
  throughput env_steps_s=462.0  transitions_s=462.0  transitions_step=1.0  updates_s=116.5  updates_throttled=0
episode=0282
  mode      collector=async  worker=3  epsilon=0.354
  outcome   reward=-8.9995  success=0/1 (0.00%)  steps=mean:195.0 range:[195,195]
  training  completed=282/2500  queue=4/256 (2%)  replay=46172/200000  updates=82  loss=0.08188  policy_version=90
  throughput env_steps_s=479.2  transitions_s=479.2  transitions_step=1.0  updates_s=119.8  updates_throttled=0
episode=0284
  mode      collector=async  worker=2  epsilon=0.353
  outcome   reward=-8.997699999999998  success=0/1 (0.00%)  steps=mean:177.0 range:[177,177]
  training  completed=283/2500  queue=0/256 (0%)  replay=46581/200000  updates=102  loss=0.06320  policy_version=91
  throughput env_steps_s=460.1  transitions_s=460.1  transitions_step=1.0  updates_s=114.7  updates_throttled=0
episode=0286
  mode      collector=async  worker=2  epsilon=0.351
  outcome   reward=-10.0064  success=0/1 (0.00%)  steps=mean:64.0 range:[64,64]
  training  completed=284/2500  queue=0/256 (0%)  replay=46834/200000  updates=63  loss=0.03601  policy_version=92
  throughput env_steps_s=481.4  transitions_s=481.4  transitions_step=1.0  updates_s=119.9  updates_throttled=0
episode=0281
  mode      collector=async  worker=0  epsilon=0.350
  outcome   reward=-7.024900000000012  success=0/1 (0.00%)  steps=mean:449.0 range:[449,449]
  training  completed=285/2500  queue=0/256 (0%)  replay=46953/200000  updates=30  loss=0.05051  policy_version=92
  throughput env_steps_s=435.8  transitions_s=435.8  transitions_step=1.0  updates_s=109.9  updates_throttled=0
episode=0279
  mode      collector=async  worker=1  epsilon=0.349
  outcome   reward=-6.035400000000045  success=0/1 (0.00%)  steps=mean:554.0 range:[554,554]
  training  completed=286/2500  queue=1/256 (0%)  replay=47120/200000  updates=42  loss=0.04949  policy_version=92
  throughput env_steps_s=406.1  transitions_s=406.1  transitions_step=1.0  updates_s=102.1  updates_throttled=0
episode=0288
  mode      collector=async  worker=0  epsilon=0.347
  outcome   reward=-10.0067  success=0/1 (0.00%)  steps=mean:67.0 range:[67,67]
  training  completed=287/2500  queue=0/256 (0%)  replay=47211/200000  updates=22  loss=0.06533  policy_version=93
  throughput env_steps_s=438.1  transitions_s=438.1  transitions_step=1.0  updates_s=105.9  updates_throttled=0
episode=0285
  mode      collector=async  worker=3  epsilon=0.346
  outcome   reward=-7.01030000000003  success=0/1 (0.00%)  steps=mean:303.0 range:[303,303]
  training  completed=288/2500  queue=3/256 (1%)  replay=47364/200000  updates=39  loss=0.03726  policy_version=93
  throughput env_steps_s=408.0  transitions_s=408.0  transitions_step=1.0  updates_s=104.0  updates_throttled=0
episode=0290
  mode      collector=async  worker=0  epsilon=0.345
  outcome   reward=-10.0061  success=0/1 (0.00%)  steps=mean:61.0 range:[61,61]
  training  completed=289/2500  queue=0/256 (0%)  replay=47438/200000  updates=18  loss=0.05969  policy_version=93
  throughput env_steps_s=432.0  transitions_s=432.0  transitions_step=1.0  updates_s=105.1  updates_throttled=0
episode=0292
  mode      collector=async  worker=0  epsilon=0.344
  outcome   reward=-10.006  success=0/1 (0.00%)  steps=mean:60.0 range:[60,60]
  training  completed=290/2500  queue=0/256 (0%)  replay=47659/200000  updates=55  loss=0.09006  policy_version=94
  throughput env_steps_s=448.1  transitions_s=448.1  transitions_step=1.0  updates_s=111.5  updates_throttled=0
episode=0287
  mode      collector=async  worker=2  epsilon=0.342
  outcome   reward=-9.004399999999999  success=0/1 (0.00%)  steps=mean:244.0 range:[244,244]
  training  completed=291/2500  queue=3/256 (1%)  replay=47828/200000  updates=43  loss=0.07011  policy_version=94
  throughput env_steps_s=419.6  transitions_s=419.6  transitions_step=1.0  updates_s=106.8  updates_throttled=0
episode=0293
  mode      collector=async  worker=0  epsilon=0.341
  outcome   reward=-10.0062  success=0/1 (0.00%)  steps=mean:62.0 range:[62,62]
  training  completed=292/2500  queue=0/256 (0%)  replay=47906/200000  updates=19  loss=0.05470  policy_version=94
  throughput env_steps_s=418.8  transitions_s=418.8  transitions_step=1.0  updates_s=102.0  updates_throttled=0
episode=0289
  mode      collector=async  worker=1  epsilon=0.340
  outcome   reward=-7.999500000000014  success=0/1 (0.00%)  steps=mean:195.0 range:[195,195]
  training  completed=293/2500  queue=2/256 (1%)  replay=47924/200000  updates=5  loss=0.03590  policy_version=94
  throughput env_steps_s=451.0  transitions_s=451.0  transitions_step=1.0  updates_s=125.3  updates_throttled=0
episode=0291
  mode      collector=async  worker=3  epsilon=0.339
  outcome   reward=-8.016499999999997  success=0/1 (0.00%)  steps=mean:365.0 range:[365,365]
  training  completed=294/2500  queue=0/256 (0%)  replay=48818/200000  updates=223  loss=0.06481  policy_version=97
  throughput env_steps_s=439.3  transitions_s=439.3  transitions_step=1.0  updates_s=109.6  updates_throttled=0
episode=0294
  mode      collector=async  worker=2  epsilon=0.337
  outcome   reward=-8.009899999999998  success=0/1 (0.00%)  steps=mean:299.0 range:[299,299]
  training  completed=295/2500  queue=0/256 (0%)  replay=48985/200000  updates=42  loss=0.06997  policy_version=97
  throughput env_steps_s=444.0  transitions_s=444.0  transitions_step=1.0  updates_s=111.7  updates_throttled=0
episode=0297
  mode      collector=async  worker=3  epsilon=0.336
  outcome   reward=-10.0061  success=0/1 (0.00%)  steps=mean:61.0 range:[61,61]
  training  completed=296/2500  queue=2/256 (1%)  replay=49052/200000  updates=17  loss=0.08284  policy_version=97
  throughput env_steps_s=501.1  transitions_s=501.1  transitions_step=1.0  updates_s=127.1  updates_throttled=0
episode=0295
  mode      collector=async  worker=0  epsilon=0.335
  outcome   reward=-7.021400000000012  success=0/1 (0.00%)  steps=mean:414.0 range:[414,414]
  training  completed=297/2500  queue=0/256 (0%)  replay=49555/200000  updates=125  loss=0.04014  policy_version=98
  throughput env_steps_s=445.4  transitions_s=445.4  transitions_step=1.0  updates_s=110.7  updates_throttled=0
episode=0298
  mode      collector=async  worker=2  epsilon=0.334
  outcome   reward=-8.998299999999999  success=0/1 (0.00%)  steps=mean:183.0 range:[183,183]
  training  completed=298/2500  queue=0/256 (0%)  replay=49751/200000  updates=49  loss=0.03074  policy_version=99
  throughput env_steps_s=460.0  transitions_s=460.0  transitions_step=1.0  updates_s=115.0  updates_throttled=0
episode=0300
  mode      collector=async  worker=0  epsilon=0.332
  outcome   reward=-10.0067  success=0/1 (0.00%)  steps=mean:67.0 range:[67,67]
  training  completed=299/2500  queue=1/256 (0%)  replay=49800/200000  updates=13  loss=0.05594  policy_version=99
  throughput env_steps_s=383.7  transitions_s=383.7  transitions_step=1.0  updates_s=101.8  updates_throttled=0
episode=0299
  mode      collector=async  worker=3  epsilon=0.331
  outcome   reward=-9.001399999999999  success=0/1 (0.00%)  steps=mean:214.0 range:[214,214]
  training  completed=300/2500  queue=6/256 (2%)  replay=49905/200000  updates=26  loss=0.01489  policy_version=99
  throughput env_steps_s=429.1  transitions_s=429.1  transitions_step=1.0  updates_s=106.2  updates_throttled=0
Saved checkpoint: checkpoints/breakout_27bricks_v2/ckpt-300
Scheduled replay buffer save: checkpoints/breakout_27bricks_v2/replay-300.npz transitions=49905
Evaluating frozen checkpoint episode=300 episodes=20 metric=auto...
Saved replay buffer: checkpoints/breakout_27bricks_v2/replay-300.npz transitions=49905
episode=0301
  mode      collector=async  worker=2  epsilon=0.330
  outcome   reward=-10.006499999999999  success=0/1 (0.00%)  steps=mean:65.0 range:[65,65]
  training  completed=301/2500  queue=1/256 (0%)  replay=50004/200000  updates=25  loss=0.06461  policy_version=100
  throughput env_steps_s=317.8  transitions_s=317.8  transitions_step=1.0  updates_s=80.2  updates_throttled=0
episode=0302
  mode      collector=async  worker=0  epsilon=0.329
  outcome   reward=-10.0062  success=0/1 (0.00%)  steps=mean:62.0 range:[62,62]
  training  completed=302/2500  queue=0/256 (0%)  replay=50083/200000  updates=19  loss=0.07912  policy_version=100
  throughput env_steps_s=357.9  transitions_s=357.9  transitions_step=1.0  updates_s=86.1  updates_throttled=0
episode=0296
  mode      collector=async  worker=1  epsilon=0.327
  outcome   reward=-6.037000000000042  success=0/1 (0.00%)  steps=mean:570.0 range:[570,570]
  training  completed=303/2500  queue=0/256 (0%)  replay=50216/200000  updates=34  loss=0.05285  policy_version=100
  throughput env_steps_s=364.4  transitions_s=364.4  transitions_step=1.0  updates_s=93.1  updates_throttled=0
episode=0304
  mode      collector=async  worker=2  epsilon=0.326
  outcome   reward=-10.0064  success=0/1 (0.00%)  steps=mean:64.0 range:[64,64]
  training  completed=304/2500  queue=0/256 (0%)  replay=50273/200000  updates=14  loss=0.02565  policy_version=100
  throughput env_steps_s=312.9  transitions_s=312.9  transitions_step=1.0  updates_s=76.9  updates_throttled=0
episode=0305
  mode      collector=async  worker=0  epsilon=0.325
  outcome   reward=-10.0067  success=0/1 (0.00%)  steps=mean:67.0 range:[67,67]
  training  completed=305/2500  queue=0/256 (0%)  replay=50343/200000  updates=17  loss=0.02687  policy_version=100
  throughput env_steps_s=410.9  transitions_s=410.9  transitions_step=1.0  updates_s=99.8  updates_throttled=0
episode=0306
  mode      collector=async  worker=1  epsilon=0.324
  outcome   reward=-10.0066  success=0/1 (0.00%)  steps=mean:66.0 range:[66,66]
  training  completed=306/2500  queue=1/256 (0%)  replay=50500/200000  updates=40  loss=0.05572  policy_version=101
  throughput env_steps_s=351.7  transitions_s=351.7  transitions_step=1.0  updates_s=89.6  updates_throttled=0
episode=0307
  mode      collector=async  worker=2  epsilon=0.323
  outcome   reward=-10.0063  success=0/1 (0.00%)  steps=mean:63.0 range:[63,63]
  training  completed=307/2500  queue=0/256 (0%)  replay=50528/200000  updates=7  loss=0.03291  policy_version=101
  throughput env_steps_s=387.0  transitions_s=387.0  transitions_step=1.0  updates_s=96.8  updates_throttled=0
episode=0308
  mode      collector=async  worker=0  epsilon=0.322
  outcome   reward=-10.0061  success=0/1 (0.00%)  steps=mean:61.0 range:[61,61]
  training  completed=308/2500  queue=0/256 (0%)  replay=50620/200000  updates=23  loss=0.08419  policy_version=101
  throughput env_steps_s=372.0  transitions_s=372.0  transitions_step=1.0  updates_s=93.0  updates_throttled=0
episode=0310
  mode      collector=async  worker=2  epsilon=0.320
  outcome   reward=-10.0064  success=0/1 (0.00%)  steps=mean:64.0 range:[64,64]
  training  completed=309/2500  queue=0/256 (0%)  replay=50790/200000  updates=42  loss=0.05067  policy_version=101
  throughput env_steps_s=369.9  transitions_s=369.9  transitions_step=1.0  updates_s=91.4  updates_throttled=0
episode=0309
  mode      collector=async  worker=1  epsilon=0.319
  outcome   reward=-10.006499999999999  success=0/1 (0.00%)  steps=mean:65.0 range:[65,65]
  training  completed=310/2500  queue=0/256 (0%)  replay=50795/200000  updates=1  loss=0.01578  policy_version=101
  throughput env_steps_s=223.5  transitions_s=223.5  transitions_step=1.0  updates_s=44.7  updates_throttled=0
episode=0311
  mode      collector=async  worker=0  epsilon=0.318
  outcome   reward=-10.0066  success=0/1 (0.00%)  steps=mean:66.0 range:[66,66]
  training  completed=311/2500  queue=0/256 (0%)  replay=50859/200000  updates=16  loss=0.03062  policy_version=102
  throughput env_steps_s=365.2  transitions_s=365.2  transitions_step=1.0  updates_s=91.3  updates_throttled=0
episode=0313
  mode      collector=async  worker=1  epsilon=0.317
  outcome   reward=-10.0062  success=0/1 (0.00%)  steps=mean:62.0 range:[62,62]
  training  completed=312/2500  queue=0/256 (0%)  replay=51048/200000  updates=48  loss=0.05510  policy_version=102
  throughput env_steps_s=337.7  transitions_s=337.7  transitions_step=1.0  updates_s=85.8  updates_throttled=0
episode=0303
  mode      collector=async  worker=3  epsilon=0.316
  outcome   reward=-8.010699999999998  success=0/1 (0.00%)  steps=mean:307.0 range:[307,307]
  training  completed=313/2500  queue=0/256 (0%)  replay=51072/200000  updates=6  loss=0.02649  policy_version=102
  throughput env_steps_s=298.8  transitions_s=298.8  transitions_step=1.0  updates_s=74.7  updates_throttled=0
episode=0314
  mode      collector=async  worker=0  epsilon=0.314
  outcome   reward=-10.006499999999999  success=0/1 (0.00%)  steps=mean:65.0 range:[65,65]
  training  completed=314/2500  queue=2/256 (1%)  replay=51120/200000  updates=12  loss=0.01487  policy_version=102
  throughput env_steps_s=308.5  transitions_s=308.5  transitions_step=1.0  updates_s=77.1  updates_throttled=0
episode=0315
  mode      collector=async  worker=1  epsilon=0.313
  outcome   reward=-10.0067  success=0/1 (0.00%)  steps=mean:67.0 range:[67,67]
  training  completed=315/2500  queue=0/256 (0%)  replay=51322/200000  updates=50  loss=0.04339  policy_version=103
  throughput env_steps_s=340.9  transitions_s=340.9  transitions_step=1.0  updates_s=84.4  updates_throttled=0
episode=0316
  mode      collector=async  worker=3  epsilon=0.312
  outcome   reward=-10.0067  success=0/1 (0.00%)  steps=mean:67.0 range:[67,67]
  training  completed=316/2500  queue=0/256 (0%)  replay=51336/200000  updates=4  loss=0.04786  policy_version=103
  throughput env_steps_s=349.6  transitions_s=349.6  transitions_step=1.0  updates_s=99.9  updates_throttled=0
episode=0317
  mode      collector=async  worker=0  epsilon=0.311
  outcome   reward=-10.0064  success=0/1 (0.00%)  steps=mean:64.0 range:[64,64]
  training  completed=317/2500  queue=2/256 (1%)  replay=51381/200000  updates=11  loss=0.02119  policy_version=103
  throughput env_steps_s=375.7  transitions_s=375.7  transitions_step=1.0  updates_s=91.8  updates_throttled=0
episode=0312
  mode      collector=async  worker=2  epsilon=0.310
  outcome   reward=-8.998199999999999  success=0/1 (0.00%)  steps=mean:182.0 range:[182,182]
  training  completed=318/2500  queue=0/256 (0%)  replay=51530/200000  updates=37  loss=0.06384  policy_version=103
  throughput env_steps_s=365.5  transitions_s=365.5  transitions_step=1.0  updates_s=90.8  updates_throttled=0
episode=0319
  mode      collector=async  worker=3  epsilon=0.309
  outcome   reward=-10.0063  success=0/1 (0.00%)  steps=mean:63.0 range:[63,63]
  training  completed=319/2500  queue=0/256 (0%)  replay=51573/200000  updates=11  loss=0.05575  policy_version=103
  throughput env_steps_s=349.3  transitions_s=349.3  transitions_step=1.0  updates_s=89.3  updates_throttled=0
episode=0320
  mode      collector=async  worker=0  epsilon=0.308
  outcome   reward=-10.0066  success=0/1 (0.00%)  steps=mean:66.0 range:[66,66]
  training  completed=320/2500  queue=0/256 (0%)  replay=51647/200000  updates=18  loss=0.07218  policy_version=104
  throughput env_steps_s=364.6  transitions_s=364.6  transitions_step=1.0  updates_s=88.7  updates_throttled=0
episode=0321
  mode      collector=async  worker=2  epsilon=0.306
  outcome   reward=-10.0062  success=0/1 (0.00%)  steps=mean:62.0 range:[62,62]
  training  completed=321/2500  queue=0/256 (0%)  replay=51802/200000  updates=39  loss=0.04984  policy_version=104
  throughput env_steps_s=347.9  transitions_s=347.9  transitions_step=1.0  updates_s=87.5  updates_throttled=0
episode=0322
  mode      collector=async  worker=3  epsilon=0.305
  outcome   reward=-10.0063  success=0/1 (0.00%)  steps=mean:63.0 range:[63,63]
  training  completed=322/2500  queue=2/256 (1%)  replay=51856/200000  updates=14  loss=0.04567  policy_version=104
  throughput env_steps_s=365.9  transitions_s=365.9  transitions_step=1.0  updates_s=94.9  updates_throttled=0
episode=0324
  mode      collector=async  worker=2  epsilon=0.304
  outcome   reward=-10.006499999999999  success=0/1 (0.00%)  steps=mean:65.0 range:[65,65]
  training  completed=323/2500  queue=0/256 (0%)  replay=52039/200000  updates=45  loss=0.04207  policy_version=105
  throughput env_steps_s=345.6  transitions_s=345.6  transitions_step=1.0  updates_s=85.0  updates_throttled=0
episode=0318
  mode      collector=async  worker=1  epsilon=0.303
  outcome   reward=-8.999699999999999  success=0/1 (0.00%)  steps=mean:197.0 range:[197,197]
  training  completed=324/2500  queue=0/256 (0%)  replay=52087/200000  updates=12  loss=0.01796  policy_version=105
  throughput env_steps_s=315.7  transitions_s=315.7  transitions_step=1.0  updates_s=78.9  updates_throttled=0
episode=0325
  mode      collector=async  worker=3  epsilon=0.302
  outcome   reward=-10.0063  success=0/1 (0.00%)  steps=mean:63.0 range:[63,63]
  training  completed=325/2500  queue=0/256 (0%)  replay=52110/200000  updates=6  loss=0.05408  policy_version=105
  throughput env_steps_s=336.1  transitions_s=336.1  transitions_step=1.0  updates_s=87.7  updates_throttled=0
Saved checkpoint: checkpoints/breakout_27bricks_v2/ckpt-325
Scheduled replay buffer save: checkpoints/breakout_27bricks_v2/replay-325.npz transitions=52110
Saved replay buffer: checkpoints/breakout_27bricks_v2/replay-325.npz transitions=52110
episode=0326
  mode      collector=async  worker=2  epsilon=0.301
  outcome   reward=-10.006  success=0/1 (0.00%)  steps=mean:60.0 range:[60,60]
  training  completed=326/2500  queue=0/256 (0%)  replay=52275/200000  updates=41  loss=0.03202  policy_version=105
  throughput env_steps_s=371.5  transitions_s=371.5  transitions_step=1.0  updates_s=92.3  updates_throttled=0
episode=0327
  mode      collector=async  worker=1  epsilon=0.300
  outcome   reward=-10.006  success=0/1 (0.00%)  steps=mean:60.0 range:[60,60]
  training  completed=327/2500  queue=0/256 (0%)  replay=52328/200000  updates=14  loss=0.05284  policy_version=105
  throughput env_steps_s=364.2  transitions_s=364.2  transitions_step=1.0  updates_s=96.2  updates_throttled=0
episode=0328
  mode      collector=async  worker=3  epsilon=0.299
  outcome   reward=-10.006  success=0/1 (0.00%)  steps=mean:60.0 range:[60,60]
  training  completed=328/2500  queue=1/256 (0%)  replay=52360/200000  updates=8  loss=0.03751  policy_version=105
  throughput env_steps_s=349.7  transitions_s=349.7  transitions_step=1.0  updates_s=87.4  updates_throttled=0
episode=0323
  mode      collector=async  worker=0  epsilon=0.298
  outcome   reward=-9.001199999999999  success=0/1 (0.00%)  steps=mean:212.0 range:[212,212]
  training  completed=329/2500  queue=0/256 (0%)  replay=52475/200000  updates=28  loss=0.02827  policy_version=106
  throughput env_steps_s=364.4  transitions_s=364.4  transitions_step=1.0  updates_s=88.7  updates_throttled=0
episode=0329
  mode      collector=async  worker=2  epsilon=0.296
  outcome   reward=-10.0059  success=0/1 (0.00%)  steps=mean:59.0 range:[59,59]
  training  completed=330/2500  queue=0/256 (0%)  replay=52518/200000  updates=11  loss=0.07222  policy_version=106
  throughput env_steps_s=388.7  transitions_s=388.7  transitions_step=1.0  updates_s=99.4  updates_throttled=0
episode=0332
  mode      collector=async  worker=0  epsilon=0.295
  outcome   reward=-10.0063  success=0/1 (0.00%)  steps=mean:63.0 range:[63,63]
  training  completed=331/2500  queue=0/256 (0%)  replay=52738/200000  updates=55  loss=0.04451  policy_version=106
  throughput env_steps_s=360.8  transitions_s=360.8  transitions_step=1.0  updates_s=90.2  updates_throttled=0
episode=0333
  mode      collector=async  worker=2  epsilon=0.294
  outcome   reward=-10.006499999999999  success=0/1 (0.00%)  steps=mean:65.0 range:[65,65]
  training  completed=332/2500  queue=0/256 (0%)  replay=52767/200000  updates=7  loss=0.02717  policy_version=106
  throughput env_steps_s=299.6  transitions_s=299.6  transitions_step=1.0  updates_s=72.3  updates_throttled=0
episode=0335
  mode      collector=async  worker=2  epsilon=0.293
  outcome   reward=-10.0061  success=0/1 (0.00%)  steps=mean:61.0 range:[61,61]
  training  completed=333/2500  queue=2/256 (1%)  replay=53012/200000  updates=62  loss=0.05029  policy_version=107
  throughput env_steps_s=352.0  transitions_s=352.0  transitions_step=1.0  updates_s=89.1  updates_throttled=0
episode=0336
  mode      collector=async  worker=2  epsilon=0.292
  outcome   reward=-10.0066  success=0/1 (0.00%)  steps=mean:66.0 range:[66,66]
  training  completed=334/2500  queue=1/256 (0%)  replay=53296/200000  updates=71  loss=0.04910  policy_version=108
  throughput env_steps_s=355.3  transitions_s=355.3  transitions_step=1.0  updates_s=88.8  updates_throttled=0
episode=0334
  mode      collector=async  worker=0  epsilon=0.291
  outcome   reward=-9.000699999999998  success=0/1 (0.00%)  steps=mean:207.0 range:[207,207]
  training  completed=335/2500  queue=0/256 (0%)  replay=53579/200000  updates=70  loss=0.03143  policy_version=108
  throughput env_steps_s=342.0  transitions_s=342.0  transitions_step=1.0  updates_s=84.6  updates_throttled=0
episode=0330
  mode      collector=async  worker=1  epsilon=0.290
  outcome   reward=-8.013099999999998  success=0/1 (0.00%)  steps=mean:331.0 range:[331,331]
  training  completed=336/2500  queue=3/256 (1%)  replay=53588/200000  updates=3  loss=0.10530  policy_version=108
  throughput env_steps_s=321.4  transitions_s=321.4  transitions_step=1.0  updates_s=107.1  updates_throttled=0
episode=0331
  mode      collector=async  worker=3  epsilon=0.289
  outcome   reward=-8.014299999999997  success=0/1 (0.00%)  steps=mean:343.0 range:[343,343]
  training  completed=337/2500  queue=2/256 (1%)  replay=53716/200000  updates=32  loss=0.01627  policy_version=109
  throughput env_steps_s=368.3  transitions_s=368.3  transitions_step=1.0  updates_s=92.1  updates_throttled=0
episode=0338
  mode      collector=async  worker=0  epsilon=0.288
  outcome   reward=-10.006499999999999  success=0/1 (0.00%)  steps=mean:65.0 range:[65,65]
  training  completed=338/2500  queue=0/256 (0%)  replay=53895/200000  updates=44  loss=0.04661  policy_version=109
  throughput env_steps_s=375.7  transitions_s=375.7  transitions_step=1.0  updates_s=92.4  updates_throttled=0
episode=0337
  mode      collector=async  worker=2  epsilon=0.287
  outcome   reward=-8.998999999999999  success=0/1 (0.00%)  steps=mean:190.0 range:[190,190]
  training  completed=339/2500  queue=0/256 (0%)  replay=54057/200000  updates=41  loss=0.04424  policy_version=110
  throughput env_steps_s=358.1  transitions_s=358.1  transitions_step=1.0  updates_s=90.6  updates_throttled=0
episode=0341
  mode      collector=async  worker=0  epsilon=0.286
  outcome   reward=-10.006499999999999  success=0/1 (0.00%)  steps=mean:65.0 range:[65,65]
  training  completed=340/2500  queue=11/256 (4%)  replay=54141/200000  updates=21  loss=0.06193  policy_version=110
  throughput env_steps_s=326.8  transitions_s=326.8  transitions_step=1.0  updates_s=81.7  updates_throttled=0
Frozen evaluation episode=300: success=0/20 (0.00%) reward_mean=-9.5556 steps_mean=125.8
Saved checkpoint: checkpoints/breakout_27bricks_v2/best/ckpt-340
Best checkpoint applied using live weights at episode=340 (background evaluation was requested for episode=300)
New best checkpoint: checkpoints/breakout_27bricks_v2/best/ckpt-340 metric=auto success=0.00% reward_mean=-9.5556
episode=0339
  mode      collector=async  worker=1  epsilon=0.285
  outcome   reward=-8.9995  success=0/1 (0.00%)  steps=mean:195.0 range:[195,195]
  training  completed=341/2500  queue=3/256 (1%)  replay=54332/200000  updates=48  loss=0.06156  policy_version=110
  throughput env_steps_s=420.7  transitions_s=420.7  transitions_step=1.0  updates_s=105.7  updates_throttled=0
episode=0344
  mode      collector=async  worker=1  epsilon=0.284
  outcome   reward=-10.006499999999999  success=0/1 (0.00%)  steps=mean:65.0 range:[65,65]
  training  completed=342/2500  queue=0/256 (0%)  replay=54578/200000  updates=61  loss=0.03079  policy_version=111
  throughput env_steps_s=409.9  transitions_s=409.9  transitions_step=1.0  updates_s=101.6  updates_throttled=0
episode=0340
  mode      collector=async  worker=3  epsilon=0.283
  outcome   reward=-9.004299999999999  success=0/1 (0.00%)  steps=mean:243.0 range:[243,243]
  training  completed=343/2500  queue=0/256 (0%)  replay=54709/200000  updates=33  loss=0.03507  policy_version=111
  throughput env_steps_s=400.5  transitions_s=400.5  transitions_step=1.0  updates_s=100.9  updates_throttled=0
episode=0345
  mode      collector=async  worker=1  epsilon=0.282
  outcome   reward=-10.0062  success=0/1 (0.00%)  steps=mean:62.0 range:[62,62]
  training  completed=344/2500  queue=0/256 (0%)  replay=54826/200000  updates=29  loss=0.03238  policy_version=112
  throughput env_steps_s=401.7  transitions_s=401.7  transitions_step=1.0  updates_s=99.6  updates_throttled=0
episode=0343
  mode      collector=async  worker=0  epsilon=0.281
  outcome   reward=-9.000599999999999  success=0/1 (0.00%)  steps=mean:206.0 range:[206,206]
  training  completed=345/2500  queue=0/256 (0%)  replay=54972/200000  updates=37  loss=0.05740  policy_version=112
  throughput env_steps_s=431.1  transitions_s=431.1  transitions_step=1.0  updates_s=109.3  updates_throttled=0
episode=0342
  mode      collector=async  worker=2  epsilon=0.280
  outcome   reward=-9.001999999999999  success=0/1 (0.00%)  steps=mean:220.0 range:[220,220]
  training  completed=346/2500  queue=0/256 (0%)  replay=54973/200000  updates=0  loss=0.00000  policy_version=112
  throughput env_steps_s=177.4  transitions_s=177.4  transitions_step=1.0  updates_s=0.0  updates_throttled=0
episode=0347
  mode      collector=async  worker=1  epsilon=0.278
  outcome   reward=-10.0063  success=0/1 (0.00%)  steps=mean:63.0 range:[63,63]
  training  completed=347/2500  queue=1/256 (0%)  replay=55068/200000  updates=24  loss=0.03315  policy_version=112
  throughput env_steps_s=355.8  transitions_s=355.8  transitions_step=1.0  updates_s=89.9  updates_throttled=0
episode=0349
  mode      collector=async  worker=2  epsilon=0.277
  outcome   reward=-10.0062  success=0/1 (0.00%)  steps=mean:62.0 range:[62,62]
  training  completed=348/2500  queue=0/256 (0%)  replay=55250/200000  updates=45  loss=0.02652  policy_version=113
  throughput env_steps_s=419.3  transitions_s=419.3  transitions_step=1.0  updates_s=103.7  updates_throttled=0
episode=0348
  mode      collector=async  worker=0  epsilon=0.276
  outcome   reward=-8.999699999999999  success=0/1 (0.00%)  steps=mean:197.0 range:[197,197]
  training  completed=349/2500  queue=0/256 (0%)  replay=55723/200000  updates=118  loss=0.01809  policy_version=114
  throughput env_steps_s=401.6  transitions_s=401.6  transitions_step=1.0  updates_s=100.2  updates_throttled=0
episode=0350
  mode      collector=async  worker=1  epsilon=0.275
  outcome   reward=-9.0003  success=0/1 (0.00%)  steps=mean:203.0 range:[203,203]
  training  completed=350/2500  queue=0/256 (0%)  replay=55895/200000  updates=43  loss=0.03495  policy_version=114
  throughput env_steps_s=397.9  transitions_s=397.9  transitions_step=1.0  updates_s=99.5  updates_throttled=0
Saved checkpoint: checkpoints/breakout_27bricks_v2/ckpt-350
Scheduled replay buffer save: checkpoints/breakout_27bricks_v2/replay-350.npz transitions=55895
Saved replay buffer: checkpoints/breakout_27bricks_v2/replay-350.npz transitions=55895
episode=0352
  mode      collector=async  worker=0  epsilon=0.274
  outcome   reward=-10.0066  success=0/1 (0.00%)  steps=mean:66.0 range:[66,66]
  training  completed=351/2500  queue=0/256 (0%)  replay=55969/200000  updates=19  loss=0.01981  policy_version=114
  throughput env_steps_s=361.6  transitions_s=361.6  transitions_step=1.0  updates_s=92.8  updates_throttled=0
episode=0351
  mode      collector=async  worker=2  epsilon=0.273
  outcome   reward=-9.000499999999999  success=0/1 (0.00%)  steps=mean:205.0 range:[205,205]
  training  completed=352/2500  queue=0/256 (0%)  replay=56047/200000  updates=19  loss=0.04867  policy_version=115
  throughput env_steps_s=388.3  transitions_s=388.3  transitions_step=1.0  updates_s=94.6  updates_throttled=0
episode=0353
  mode      collector=async  worker=1  epsilon=0.272
  outcome   reward=-10.0062  success=0/1 (0.00%)  steps=mean:62.0 range:[62,62]
  training  completed=353/2500  queue=0/256 (0%)  replay=56142/200000  updates=24  loss=0.03426  policy_version=115
  throughput env_steps_s=432.5  transitions_s=432.5  transitions_step=1.0  updates_s=109.3  updates_throttled=0
episode=0346
  mode      collector=async  worker=3  epsilon=0.271
  outcome   reward=-8.015899999999997  success=0/1 (0.00%)  steps=mean:359.0 range:[359,359]
  training  completed=354/2500  queue=0/256 (0%)  replay=56161/200000  updates=5  loss=0.01488  policy_version=115
  throughput env_steps_s=308.8  transitions_s=308.8  transitions_step=1.0  updates_s=81.3  updates_throttled=0
episode=0354
  mode      collector=async  worker=0  epsilon=0.270
  outcome   reward=-10.0061  success=0/1 (0.00%)  steps=mean:61.0 range:[61,61]
  training  completed=355/2500  queue=0/256 (0%)  replay=56226/200000  updates=16  loss=0.04339  policy_version=115
  throughput env_steps_s=404.5  transitions_s=404.5  transitions_step=1.0  updates_s=99.6  updates_throttled=0
episode=0356
  mode      collector=async  worker=1  epsilon=0.269
  outcome   reward=-10.0067  success=0/1 (0.00%)  steps=mean:67.0 range:[67,67]
  training  completed=356/2500  queue=0/256 (0%)  replay=56407/200000  updates=45  loss=0.02447  policy_version=116
  throughput env_steps_s=375.9  transitions_s=375.9  transitions_step=1.0  updates_s=93.4  updates_throttled=0
episode=0358
  mode      collector=async  worker=0  epsilon=0.268
  outcome   reward=-10.0062  success=0/1 (0.00%)  steps=mean:62.0 range:[62,62]
  training  completed=357/2500  queue=0/256 (0%)  replay=56450/200000  updates=11  loss=0.01242  policy_version=116
  throughput env_steps_s=389.9  transitions_s=389.9  transitions_step=1.0  updates_s=99.7  updates_throttled=0
episode=0359
  mode      collector=async  worker=1  epsilon=0.267
  outcome   reward=-10.0066  success=0/1 (0.00%)  steps=mean:66.0 range:[66,66]
  training  completed=358/2500  queue=1/256 (0%)  replay=56672/200000  updates=56  loss=0.02285  policy_version=116
  throughput env_steps_s=390.7  transitions_s=390.7  transitions_step=1.0  updates_s=98.6  updates_throttled=0
episode=0360
  mode      collector=async  worker=0  epsilon=0.266
  outcome   reward=-10.006499999999999  success=0/1 (0.00%)  steps=mean:65.0 range:[65,65]
  training  completed=359/2500  queue=1/256 (0%)  replay=56732/200000  updates=15  loss=0.01054  policy_version=116
  throughput env_steps_s=389.1  transitions_s=389.1  transitions_step=1.0  updates_s=97.3  updates_throttled=0
episode=0355
  mode      collector=async  worker=2  epsilon=0.265
  outcome   reward=-8.998999999999999  success=0/1 (0.00%)  steps=mean:190.0 range:[190,190]
  training  completed=360/2500  queue=4/256 (2%)  replay=56799/200000  updates=16  loss=0.04752  policy_version=117
  throughput env_steps_s=375.6  transitions_s=375.6  transitions_step=1.0  updates_s=89.7  updates_throttled=0
episode=0357
  mode      collector=async  worker=3  epsilon=0.264
  outcome   reward=-9.002099999999999  success=0/1 (0.00%)  steps=mean:221.0 range:[221,221]
  training  completed=361/2500  queue=0/256 (0%)  replay=57018/200000  updates=55  loss=0.03062  policy_version=117
  throughput env_steps_s=438.6  transitions_s=438.6  transitions_step=1.0  updates_s=110.1  updates_throttled=0
episode=0362
  mode      collector=async  worker=0  epsilon=0.264
  outcome   reward=-8.999199999999998  success=0/1 (0.00%)  steps=mean:192.0 range:[192,192]
  training  completed=362/2500  queue=3/256 (1%)  replay=57480/200000  updates=116  loss=0.03034  policy_version=118
  throughput env_steps_s=385.0  transitions_s=385.0  transitions_step=1.0  updates_s=96.7  updates_throttled=0
episode=0363
  mode      collector=async  worker=2  epsilon=0.263
  outcome   reward=-9.000599999999999  success=0/1 (0.00%)  steps=mean:206.0 range:[206,206]
  training  completed=363/2500  queue=3/256 (1%)  replay=57648/200000  updates=42  loss=0.01742  policy_version=119
  throughput env_steps_s=376.3  transitions_s=376.3  transitions_step=1.0  updates_s=94.1  updates_throttled=0
episode=0361
  mode      collector=async  worker=1  epsilon=0.262
  outcome   reward=-9.004299999999999  success=0/1 (0.00%)  steps=mean:243.0 range:[243,243]
  training  completed=364/2500  queue=0/256 (0%)  replay=57701/200000  updates=13  loss=0.02448  policy_version=119
  throughput env_steps_s=369.2  transitions_s=369.2  transitions_step=1.0  updates_s=90.6  updates_throttled=0
episode=0367
  mode      collector=async  worker=1  epsilon=0.261
  outcome   reward=-10.0064  success=0/1 (0.00%)  steps=mean:64.0 range:[64,64]
  training  completed=365/2500  queue=0/256 (0%)  replay=57958/200000  updates=64  loss=0.02515  policy_version=119
  throughput env_steps_s=394.0  transitions_s=394.0  transitions_step=1.0  updates_s=98.1  updates_throttled=0
episode=0366
  mode      collector=async  worker=2  epsilon=0.260
  outcome   reward=-8.999899999999998  success=0/1 (0.00%)  steps=mean:199.0 range:[199,199]
  training  completed=366/2500  queue=0/256 (0%)  replay=58422/200000  updates=116  loss=0.02836  policy_version=121
  throughput env_steps_s=387.0  transitions_s=387.0  transitions_step=1.0  updates_s=96.8  updates_throttled=0
episode=0364
  mode      collector=async  worker=3  epsilon=0.259
  outcome   reward=-8.016999999999998  success=0/1 (0.00%)  steps=mean:370.0 range:[370,370]
  training  completed=367/2500  queue=1/256 (0%)  replay=58472/200000  updates=13  loss=0.02752  policy_version=121
  throughput env_steps_s=370.8  transitions_s=370.8  transitions_step=1.0  updates_s=96.4  updates_throttled=0
episode=0369
  mode      collector=async  worker=2  epsilon=0.258
  outcome   reward=-10.006499999999999  success=0/1 (0.00%)  steps=mean:65.0 range:[65,65]
  training  completed=368/2500  queue=3/256 (1%)  replay=58696/200000  updates=56  loss=0.02232  policy_version=121
  throughput env_steps_s=411.0  transitions_s=411.0  transitions_step=1.0  updates_s=102.8  updates_throttled=0
episode=0370
  mode      collector=async  worker=3  epsilon=0.257
  outcome   reward=-10.006499999999999  success=0/1 (0.00%)  steps=mean:65.0 range:[65,65]
  training  completed=369/2500  queue=0/256 (0%)  replay=58727/200000  updates=7  loss=0.03469  policy_version=121
  throughput env_steps_s=432.7  transitions_s=432.7  transitions_step=1.0  updates_s=97.7  updates_throttled=0
episode=0365
  mode      collector=async  worker=0  epsilon=0.256
  outcome   reward=-8.015899999999997  success=0/1 (0.00%)  steps=mean:359.0 range:[359,359]
  training  completed=370/2500  queue=1/256 (0%)  replay=58896/200000  updates=43  loss=0.02159  policy_version=122
  throughput env_steps_s=401.0  transitions_s=401.0  transitions_step=1.0  updates_s=102.0  updates_throttled=0
episode=0371
  mode      collector=async  worker=2  epsilon=0.255
  outcome   reward=-10.0067  success=0/1 (0.00%)  steps=mean:67.0 range:[67,67]
  training  completed=371/2500  queue=0/256 (0%)  replay=58957/200000  updates=15  loss=0.02497  policy_version=122
  throughput env_steps_s=375.7  transitions_s=375.7  transitions_step=1.0  updates_s=92.4  updates_throttled=0
episode=0372
  mode      collector=async  worker=3  epsilon=0.254
  outcome   reward=-10.0064  success=0/1 (0.00%)  steps=mean:64.0 range:[64,64]
  training  completed=372/2500  queue=0/256 (0%)  replay=58974/200000  updates=4  loss=0.01935  policy_version=122
  throughput env_steps_s=424.9  transitions_s=424.9  transitions_step=1.0  updates_s=100.0  updates_throttled=0
episode=0373
  mode      collector=async  worker=0  epsilon=0.253
  outcome   reward=-10.0063  success=0/1 (0.00%)  steps=mean:63.0 range:[63,63]
  training  completed=373/2500  queue=1/256 (0%)  replay=59148/200000  updates=44  loss=0.02101  policy_version=122
  throughput env_steps_s=399.0  transitions_s=399.0  transitions_step=1.0  updates_s=100.9  updates_throttled=0
episode=0374
  mode      collector=async  worker=2  epsilon=0.252
  outcome   reward=-10.0063  success=0/1 (0.00%)  steps=mean:63.0 range:[63,63]
  training  completed=374/2500  queue=0/256 (0%)  replay=59222/200000  updates=18  loss=0.01801  policy_version=123
  throughput env_steps_s=429.4  transitions_s=429.4  transitions_step=1.0  updates_s=104.4  updates_throttled=0
episode=0375
  mode      collector=async  worker=3  epsilon=0.251
  outcome   reward=-8.999299999999998  success=0/1 (0.00%)  steps=mean:193.0 range:[193,193]
  training  completed=375/2500  queue=0/256 (0%)  replay=59739/200000  updates=129  loss=0.01661  policy_version=124
  throughput env_steps_s=397.1  transitions_s=397.1  transitions_step=1.0  updates_s=99.1  updates_throttled=0
Saved checkpoint: checkpoints/breakout_27bricks_v2/ckpt-375
Scheduled replay buffer save: checkpoints/breakout_27bricks_v2/replay-375.npz transitions=59739
Saved replay buffer: checkpoints/breakout_27bricks_v2/replay-375.npz transitions=59739
episode=0368
  mode      collector=async  worker=1  epsilon=0.250
  outcome   reward=-7.028900000000016  success=0/1 (0.00%)  steps=mean:489.0 range:[489,489]
  training  completed=376/2500  queue=0/256 (0%)  replay=59936/200000  updates=50  loss=0.01873  policy_version=124
  throughput env_steps_s=374.8  transitions_s=374.8  transitions_step=1.0  updates_s=95.1  updates_throttled=0
episode=0376
  mode      collector=async  worker=0  epsilon=0.249
  outcome   reward=-8.008399999999998  success=0/1 (0.00%)  steps=mean:284.0 range:[284,284]
  training  completed=377/2500  queue=0/256 (0%)  replay=60263/200000  updates=81  loss=0.01953  policy_version=125
  throughput env_steps_s=393.0  transitions_s=393.0  transitions_step=1.0  updates_s=97.4  updates_throttled=0
episode=0378
  mode      collector=async  worker=3  epsilon=0.248
  outcome   reward=-9.003699999999998  success=0/1 (0.00%)  steps=mean:237.0 range:[237,237]
  training  completed=378/2500  queue=0/256 (0%)  replay=60698/200000  updates=109  loss=0.02471  policy_version=126
  throughput env_steps_s=390.0  transitions_s=390.0  transitions_step=1.0  updates_s=97.7  updates_throttled=0
episode=0377
  mode      collector=async  worker=2  epsilon=0.248
  outcome   reward=-7.016500000000013  success=0/1 (0.00%)  steps=mean:365.0 range:[365,365]
  training  completed=379/2500  queue=0/256 (0%)  replay=60703/200000  updates=1  loss=0.02228  policy_version=126
  throughput env_steps_s=357.4  transitions_s=357.4  transitions_step=1.0  updates_s=71.5  updates_throttled=0
episode=0379
  mode      collector=async  worker=1  epsilon=0.247
  outcome   reward=-6.011600000000033  success=0/1 (0.00%)  steps=mean:316.0 range:[316,316]
  training  completed=380/2500  queue=2/256 (1%)  replay=61203/200000  updates=125  loss=0.02402  policy_version=128
  throughput env_steps_s=397.2  transitions_s=397.2  transitions_step=1.0  updates_s=99.3  updates_throttled=0
episode=0381
  mode      collector=async  worker=3  epsilon=0.246
  outcome   reward=-7.010600000000011  success=0/1 (0.00%)  steps=mean:306.0 range:[306,306]
  training  completed=381/2500  queue=0/256 (0%)  replay=61930/200000  updates=182  loss=0.02465  policy_version=129
  throughput env_steps_s=383.3  transitions_s=383.3  transitions_step=1.0  updates_s=96.0  updates_throttled=0
episode=0384
  mode      collector=async  worker=3  epsilon=0.245
  outcome   reward=-9.0041  success=0/1 (0.00%)  steps=mean:241.0 range:[241,241]
  training  completed=382/2500  queue=0/256 (0%)  replay=62890/200000  updates=240  loss=0.02423  policy_version=132
  throughput env_steps_s=397.3  transitions_s=397.3  transitions_step=1.0  updates_s=99.3  updates_throttled=0
episode=0380
  mode      collector=async  worker=0  epsilon=0.244
  outcome   reward=-6.049600000000052  success=0/1 (0.00%)  steps=mean:696.0 range:[696,696]
  training  completed=383/2500  queue=0/256 (0%)  replay=63098/200000  updates=52  loss=0.01666  policy_version=132
  throughput env_steps_s=400.1  transitions_s=400.1  transitions_step=1.0  updates_s=100.0  updates_throttled=0
episode=0386
  mode      collector=async  worker=0  epsilon=0.243
  outcome   reward=-10.0067  success=0/1 (0.00%)  steps=mean:67.0 range:[67,67]
  training  completed=384/2500  queue=1/256 (0%)  replay=63388/200000  updates=73  loss=0.02532  policy_version=133
  throughput env_steps_s=378.0  transitions_s=378.0  transitions_step=1.0  updates_s=95.1  updates_throttled=0
episode=0385
  mode      collector=async  worker=3  epsilon=0.242
  outcome   reward=-8.9986  success=0/1 (0.00%)  steps=mean:186.0 range:[186,186]
  training  completed=385/2500  queue=0/256 (0%)  replay=63611/200000  updates=55  loss=0.02626  policy_version=134
  throughput env_steps_s=388.5  transitions_s=388.5  transitions_step=1.0  updates_s=95.8  updates_throttled=0
episode=0387
  mode      collector=async  worker=0  epsilon=0.241
  outcome   reward=-10.006499999999999  success=0/1 (0.00%)  steps=mean:65.0 range:[65,65]
  training  completed=386/2500  queue=1/256 (0%)  replay=63648/200000  updates=10  loss=0.01703  policy_version=134
  throughput env_steps_s=356.4  transitions_s=356.4  transitions_step=1.0  updates_s=96.3  updates_throttled=0
episode=0389
  mode      collector=async  worker=0  epsilon=0.240
  outcome   reward=-10.0063  success=0/1 (0.00%)  steps=mean:63.0 range:[63,63]
  training  completed=387/2500  queue=0/256 (0%)  replay=63893/200000  updates=61  loss=0.02386  policy_version=134
  throughput env_steps_s=387.4  transitions_s=387.4  transitions_step=1.0  updates_s=96.4  updates_throttled=0
episode=0383
  mode      collector=async  worker=1  epsilon=0.239
  outcome   reward=-5.05710000000005  success=0/1 (0.00%)  steps=mean:771.0 range:[771,771]
  training  completed=388/2500  queue=1/256 (0%)  replay=64232/200000  updates=85  loss=0.01980  policy_version=135
  throughput env_steps_s=406.7  transitions_s=406.7  transitions_step=1.0  updates_s=102.0  updates_throttled=0
episode=0388
  mode      collector=async  worker=3  epsilon=0.239
  outcome   reward=-7.998600000000014  success=0/1 (0.00%)  steps=mean:186.0 range:[186,186]
  training  completed=389/2500  queue=0/256 (0%)  replay=64410/200000  updates=44  loss=0.01300  policy_version=136
  throughput env_steps_s=389.4  transitions_s=389.4  transitions_step=1.0  updates_s=96.2  updates_throttled=0
episode=0382
  mode      collector=async  worker=2  epsilon=0.238
  outcome   reward=-4.073899999999951  success=0/1 (0.00%)  steps=mean:939.0 range:[939,939]
  training  completed=390/2500  queue=2/256 (1%)  replay=64432/200000  updates=6  loss=0.04872  policy_version=136
  throughput env_steps_s=333.0  transitions_s=333.0  transitions_step=1.0  updates_s=90.8  updates_throttled=0
episode=0393
  mode      collector=async  worker=2  epsilon=0.237
  outcome   reward=-10.0066  success=0/1 (0.00%)  steps=mean:66.0 range:[66,66]
  training  completed=391/2500  queue=0/256 (0%)  replay=64669/200000  updates=59  loss=0.02152  policy_version=136
  throughput env_steps_s=403.1  transitions_s=403.1  transitions_step=1.0  updates_s=100.3  updates_throttled=0
episode=0394
  mode      collector=async  worker=2  epsilon=0.236
  outcome   reward=-10.0064  success=0/1 (0.00%)  steps=mean:64.0 range:[64,64]
  training  completed=392/2500  queue=0/256 (0%)  replay=64936/200000  updates=67  loss=0.01920  policy_version=137
  throughput env_steps_s=381.3  transitions_s=381.3  transitions_step=1.0  updates_s=95.7  updates_throttled=0
episode=0391
  mode      collector=async  worker=1  epsilon=0.235
  outcome   reward=-8.999299999999998  success=0/1 (0.00%)  steps=mean:193.0 range:[193,193]
  training  completed=393/2500  queue=4/256 (2%)  replay=65004/200000  updates=17  loss=0.02037  policy_version=137
  throughput env_steps_s=377.0  transitions_s=377.0  transitions_step=1.0  updates_s=94.2  updates_throttled=0
episode=0395
  mode      collector=async  worker=2  epsilon=0.234
  outcome   reward=-10.0064  success=0/1 (0.00%)  steps=mean:64.0 range:[64,64]
  training  completed=394/2500  queue=0/256 (0%)  replay=65178/200000  updates=43  loss=0.01676  policy_version=137
  throughput env_steps_s=405.7  transitions_s=405.7  transitions_step=1.0  updates_s=100.2  updates_throttled=0
episode=0390
  mode      collector=async  worker=0  epsilon=0.233
  outcome   reward=-8.016499999999997  success=0/1 (0.00%)  steps=mean:365.0 range:[365,365]
  training  completed=395/2500  queue=0/256 (0%)  replay=65296/200000  updates=30  loss=0.02743  policy_version=138
  throughput env_steps_s=420.0  transitions_s=420.0  transitions_step=1.0  updates_s=106.8  updates_throttled=0
episode=0396
  mode      collector=async  worker=1  epsilon=0.232
  outcome   reward=-10.0063  success=0/1 (0.00%)  steps=mean:63.0 range:[63,63]
  training  completed=396/2500  queue=0/256 (0%)  replay=65299/200000  updates=0  loss=0.00000  policy_version=138
  throughput env_steps_s=234.7  transitions_s=234.7  transitions_step=1.0  updates_s=0.0  updates_throttled=0
episode=0392
  mode      collector=async  worker=3  epsilon=0.232
  outcome   reward=-9.004299999999999  success=0/1 (0.00%)  steps=mean:243.0 range:[243,243]
  training  completed=397/2500  queue=0/256 (0%)  replay=65407/200000  updates=27  loss=0.01955  policy_version=138
  throughput env_steps_s=377.7  transitions_s=377.7  transitions_step=1.0  updates_s=94.4  updates_throttled=0
episode=0399
  mode      collector=async  worker=1  epsilon=0.231
  outcome   reward=-10.0067  success=0/1 (0.00%)  steps=mean:67.0 range:[67,67]
  training  completed=398/2500  queue=0/256 (0%)  replay=65567/200000  updates=40  loss=0.01681  policy_version=138
  throughput env_steps_s=369.7  transitions_s=369.7  transitions_step=1.0  updates_s=92.4  updates_throttled=0
episode=0400
  mode      collector=async  worker=3  epsilon=0.230
  outcome   reward=-10.0066  success=0/1 (0.00%)  steps=mean:66.0 range:[66,66]
  training  completed=399/2500  queue=0/256 (0%)  replay=65687/200000  updates=30  loss=0.02485  policy_version=139
  throughput env_steps_s=415.6  transitions_s=415.6  transitions_step=1.0  updates_s=103.9  updates_throttled=0
episode=0401
  mode      collector=async  worker=1  epsilon=0.229
  outcome   reward=-10.006499999999999  success=0/1 (0.00%)  steps=mean:65.0 range:[65,65]
  training  completed=400/2500  queue=5/256 (2%)  replay=65825/200000  updates=35  loss=0.02700  policy_version=139
  throughput env_steps_s=359.9  transitions_s=359.9  transitions_step=1.0  updates_s=91.3  updates_throttled=0
Saved checkpoint: checkpoints/breakout_27bricks_v2/ckpt-400
Scheduled replay buffer save: checkpoints/breakout_27bricks_v2/replay-400.npz transitions=65825
Evaluating frozen checkpoint episode=400 episodes=20 metric=auto...
Saved replay buffer: checkpoints/breakout_27bricks_v2/replay-400.npz transitions=65825
episode=0398
  mode      collector=async  worker=0  epsilon=0.228
  outcome   reward=-8.998099999999999  success=0/1 (0.00%)  steps=mean:181.0 range:[181,181]
  training  completed=401/2500  queue=0/256 (0%)  replay=66016/200000  updates=48  loss=0.03168  policy_version=140
  throughput env_steps_s=285.2  transitions_s=285.2  transitions_step=1.0  updates_s=71.7  updates_throttled=0
episode=0397
  mode      collector=async  worker=2  epsilon=0.227
  outcome   reward=-9.000799999999998  success=0/1 (0.00%)  steps=mean:208.0 range:[208,208]
  training  completed=402/2500  queue=1/256 (0%)  replay=66026/200000  updates=2  loss=0.00992  policy_version=140
  throughput env_steps_s=621.9  transitions_s=621.9  transitions_step=1.0  updates_s=124.4  updates_throttled=0
episode=0403
  mode      collector=async  worker=1  epsilon=0.227
  outcome   reward=-10.0067  success=0/1 (0.00%)  steps=mean:67.0 range:[67,67]
  training  completed=403/2500  queue=0/256 (0%)  replay=66089/200000  updates=16  loss=0.01689  policy_version=140
  throughput env_steps_s=352.4  transitions_s=352.4  transitions_step=1.0  updates_s=89.5  updates_throttled=0
episode=0404
  mode      collector=async  worker=0  epsilon=0.226
  outcome   reward=-10.0061  success=0/1 (0.00%)  steps=mean:61.0 range:[61,61]
  training  completed=404/2500  queue=0/256 (0%)  replay=66259/200000  updates=42  loss=0.01672  policy_version=140
  throughput env_steps_s=329.6  transitions_s=329.6  transitions_step=1.0  updates_s=81.4  updates_throttled=0
episode=0406
  mode      collector=async  worker=1  epsilon=0.225
  outcome   reward=-9.0011  success=0/1 (0.00%)  steps=mean:211.0 range:[211,211]
  training  completed=405/2500  queue=0/256 (0%)  replay=66910/200000  updates=163  loss=0.01660  policy_version=142
  throughput env_steps_s=328.0  transitions_s=328.0  transitions_step=1.0  updates_s=82.1  updates_throttled=0
episode=0402
  mode      collector=async  worker=3  epsilon=0.224
  outcome   reward=-9.012099999999998  success=0/1 (0.00%)  steps=mean:321.0 range:[321,321]
  training  completed=406/2500  queue=0/256 (0%)  replay=66973/200000  updates=16  loss=0.02728  policy_version=142
  throughput env_steps_s=316.8  transitions_s=316.8  transitions_step=1.0  updates_s=80.5  updates_throttled=0
episode=0407
  mode      collector=async  worker=0  epsilon=0.223
  outcome   reward=-8.997799999999998  success=0/1 (0.00%)  steps=mean:178.0 range:[178,178]
  training  completed=407/2500  queue=0/256 (0%)  replay=66974/200000  updates=0  loss=0.00000  policy_version=142
  throughput env_steps_s=155.4  transitions_s=155.4  transitions_step=1.0  updates_s=0.0  updates_throttled=0
episode=0409
  mode      collector=async  worker=3  epsilon=0.222
  outcome   reward=-10.0062  success=0/1 (0.00%)  steps=mean:62.0 range:[62,62]
  training  completed=408/2500  queue=0/256 (0%)  replay=67215/200000  updates=60  loss=0.01419  policy_version=143
  throughput env_steps_s=338.2  transitions_s=338.2  transitions_step=1.0  updates_s=84.2  updates_throttled=0
episode=0411
  mode      collector=async  worker=3  epsilon=0.222
  outcome   reward=-10.0063  success=0/1 (0.00%)  steps=mean:63.0 range:[63,63]
  training  completed=409/2500  queue=0/256 (0%)  replay=67490/200000  updates=69  loss=0.01296  policy_version=143
  throughput env_steps_s=338.0  transitions_s=338.0  transitions_step=1.0  updates_s=84.8  updates_throttled=0
episode=0405
  mode      collector=async  worker=2  epsilon=0.221
  outcome   reward=-7.02240000000002  success=0/1 (0.00%)  steps=mean:424.0 range:[424,424]
  training  completed=410/2500  queue=0/256 (0%)  replay=67716/200000  updates=57  loss=0.02262  policy_version=144
  throughput env_steps_s=335.0  transitions_s=335.0  transitions_step=1.0  updates_s=84.5  updates_throttled=0
episode=0412
  mode      collector=async  worker=3  epsilon=0.220
  outcome   reward=-8.987099999999998  success=0/1 (0.00%)  steps=mean:71.0 range:[71,71]
  training  completed=411/2500  queue=0/256 (0%)  replay=67759/200000  updates=10  loss=0.01014  policy_version=144
  throughput env_steps_s=333.8  transitions_s=333.8  transitions_step=1.0  updates_s=77.6  updates_throttled=0
episode=0413
  mode      collector=async  worker=2  epsilon=0.219
  outcome   reward=-10.0066  success=0/1 (0.00%)  steps=mean:66.0 range:[66,66]
  training  completed=412/2500  queue=0/256 (0%)  replay=67971/200000  updates=53  loss=0.01804  policy_version=144
  throughput env_steps_s=322.7  transitions_s=322.7  transitions_step=1.0  updates_s=80.7  updates_throttled=0
episode=0415
  mode      collector=async  worker=2  epsilon=0.218
  outcome   reward=-10.0061  success=0/1 (0.00%)  steps=mean:61.0 range:[61,61]
  training  completed=413/2500  queue=0/256 (0%)  replay=68207/200000  updates=59  loss=0.02746  policy_version=145
  throughput env_steps_s=323.6  transitions_s=323.6  transitions_step=1.0  updates_s=80.9  updates_throttled=0
episode=0414
  mode      collector=async  worker=3  epsilon=0.218
  outcome   reward=-9.002699999999999  success=0/1 (0.00%)  steps=mean:227.0 range:[227,227]
  training  completed=414/2500  queue=0/256 (0%)  replay=68695/200000  updates=122  loss=0.02634  policy_version=146
  throughput env_steps_s=327.2  transitions_s=327.2  transitions_step=1.0  updates_s=81.8  updates_throttled=0
episode=0408
  mode      collector=async  worker=1  epsilon=0.217
  outcome   reward=-5.026800000000029  success=0/1 (0.00%)  steps=mean:468.0 range:[468,468]
  training  completed=415/2500  queue=0/256 (0%)  replay=68750/200000  updates=14  loss=0.00821  policy_version=146
  throughput env_steps_s=288.6  transitions_s=288.6  transitions_step=1.0  updates_s=73.5  updates_throttled=0
episode=0416
  mode      collector=async  worker=2  epsilon=0.216
  outcome   reward=-8.001800000000014  success=0/1 (0.00%)  steps=mean:218.0 range:[218,218]
  training  completed=416/2500  queue=0/256 (0%)  replay=69091/200000  updates=85  loss=0.02052  policy_version=147
  throughput env_steps_s=325.2  transitions_s=325.2  transitions_step=1.0  updates_s=81.1  updates_throttled=0
episode=0418
  mode      collector=async  worker=1  epsilon=0.215
  outcome   reward=-8.9987  success=0/1 (0.00%)  steps=mean:187.0 range:[187,187]
  training  completed=417/2500  queue=1/256 (0%)  replay=69500/200000  updates=103  loss=0.01360  policy_version=148
  throughput env_steps_s=314.4  transitions_s=314.4  transitions_step=1.0  updates_s=79.2  updates_throttled=0
episode=0419
  mode      collector=async  worker=2  epsilon=0.214
  outcome   reward=-9.000799999999998  success=0/1 (0.00%)  steps=mean:208.0 range:[208,208]
  training  completed=418/2500  queue=0/256 (0%)  replay=69910/200000  updates=102  loss=0.01787  policy_version=149
  throughput env_steps_s=333.5  transitions_s=333.5  transitions_step=1.0  updates_s=83.0  updates_throttled=0
episode=0421
  mode      collector=async  worker=2  epsilon=0.214
  outcome   reward=-10.0061  success=0/1 (0.00%)  steps=mean:61.0 range:[61,61]
  training  completed=419/2500  queue=1/256 (0%)  replay=70156/200000  updates=62  loss=0.01681  policy_version=150
  throughput env_steps_s=305.1  transitions_s=305.1  transitions_step=1.0  updates_s=76.9  updates_throttled=0
episode=0410
  mode      collector=async  worker=0  epsilon=0.213
  outcome   reward=-6.059700000000092  success=0/1 (0.00%)  steps=mean:797.0 range:[797,797]
  training  completed=420/2500  queue=4/256 (2%)  replay=70182/200000  updates=6  loss=0.00801  policy_version=150
  throughput env_steps_s=262.2  transitions_s=262.2  transitions_step=1.0  updates_s=60.5  updates_throttled=0
episode=0422
  mode      collector=async  worker=2  epsilon=0.212
  outcome   reward=-10.0063  success=0/1 (0.00%)  steps=mean:63.0 range:[63,63]
  training  completed=421/2500  queue=3/256 (1%)  replay=70412/200000  updates=58  loss=0.01599  policy_version=151
  throughput env_steps_s=336.9  transitions_s=336.9  transitions_step=1.0  updates_s=85.0  updates_throttled=0
episode=0424
  mode      collector=async  worker=2  epsilon=0.211
  outcome   reward=-10.0064  success=0/1 (0.00%)  steps=mean:64.0 range:[64,64]
  training  completed=422/2500  queue=0/256 (0%)  replay=70664/200000  updates=63  loss=0.00924  policy_version=151
  throughput env_steps_s=335.8  transitions_s=335.8  transitions_step=1.0  updates_s=84.0  updates_throttled=0
episode=0420
  mode      collector=async  worker=1  epsilon=0.210
  outcome   reward=-8.011199999999997  success=0/1 (0.00%)  steps=mean:312.0 range:[312,312]
  training  completed=423/2500  queue=2/256 (1%)  replay=70728/200000  updates=16  loss=0.01936  policy_version=151
  throughput env_steps_s=297.6  transitions_s=297.6  transitions_step=1.0  updates_s=74.4  updates_throttled=0
Frozen evaluation episode=400: success=0/20 (0.00%) reward_mean=-9.3572 steps_mean=162.2
Saved checkpoint: checkpoints/breakout_27bricks_v2/best/ckpt-423
Best checkpoint applied using live weights at episode=423 (background evaluation was requested for episode=400)
New best checkpoint: checkpoints/breakout_27bricks_v2/best/ckpt-423 metric=auto success=0.00% reward_mean=-9.3572
episode=0417
  mode      collector=async  worker=3  epsilon=0.210
  outcome   reward=-8.036299999999995  success=0/1 (0.00%)  steps=mean:563.0 range:[563,563]
  training  completed=424/2500  queue=0/256 (0%)  replay=70970/200000  updates=60  loss=0.01105  policy_version=152
  throughput env_steps_s=361.5  transitions_s=361.5  transitions_step=1.0  updates_s=89.6  updates_throttled=0
episode=0427
  mode      collector=async  worker=3  epsilon=0.209
  outcome   reward=-10.0066  success=0/1 (0.00%)  steps=mean:66.0 range:[66,66]
  training  completed=425/2500  queue=1/256 (0%)  replay=71232/200000  updates=66  loss=0.01800  policy_version=153
  throughput env_steps_s=369.4  transitions_s=369.4  transitions_step=1.0  updates_s=93.1  updates_throttled=0
Saved checkpoint: checkpoints/breakout_27bricks_v2/ckpt-425
Scheduled replay buffer save: checkpoints/breakout_27bricks_v2/replay-425.npz transitions=71232
Saved replay buffer: checkpoints/breakout_27bricks_v2/replay-425.npz transitions=71232
episode=0428
  mode      collector=async  worker=3  epsilon=0.208
  outcome   reward=-10.006  success=0/1 (0.00%)  steps=mean:60.0 range:[60,60]
  training  completed=426/2500  queue=0/256 (0%)  replay=71478/200000  updates=61  loss=0.01953  policy_version=153
  throughput env_steps_s=382.6  transitions_s=382.6  transitions_step=1.0  updates_s=94.9  updates_throttled=0
episode=0423
  mode      collector=async  worker=0  epsilon=0.207
  outcome   reward=-8.014299999999997  success=0/1 (0.00%)  steps=mean:343.0 range:[343,343]
  training  completed=427/2500  queue=0/256 (0%)  replay=71510/200000  updates=8  loss=0.01676  policy_version=153
  throughput env_steps_s=346.0  transitions_s=346.0  transitions_step=1.0  updates_s=86.5  updates_throttled=0
episode=0430
  mode      collector=async  worker=0  epsilon=0.207
  outcome   reward=-10.0062  success=0/1 (0.00%)  steps=mean:62.0 range:[62,62]
  training  completed=428/2500  queue=0/256 (0%)  replay=71786/200000  updates=69  loss=0.01338  policy_version=154
  throughput env_steps_s=385.4  transitions_s=385.4  transitions_step=1.0  updates_s=96.3  updates_throttled=0
episode=0426
  mode      collector=async  worker=1  epsilon=0.206
  outcome   reward=-8.013999999999998  success=0/1 (0.00%)  steps=mean:340.0 range:[340,340]
  training  completed=429/2500  queue=0/256 (0%)  replay=72074/200000  updates=72  loss=0.01195  policy_version=155
  throughput env_steps_s=360.0  transitions_s=360.0  transitions_step=1.0  updates_s=90.0  updates_throttled=0
episode=0425
  mode      collector=async  worker=2  epsilon=0.205
  outcome   reward=-8.015599999999997  success=0/1 (0.00%)  steps=mean:356.0 range:[356,356]
  training  completed=430/2500  queue=0/256 (0%)  replay=72087/200000  updates=3  loss=0.00768  policy_version=155
  throughput env_steps_s=375.7  transitions_s=375.7  transitions_step=1.0  updates_s=86.7  updates_throttled=0
episode=0431
  mode      collector=async  worker=0  epsilon=0.204
  outcome   reward=-8.987099999999998  success=0/1 (0.00%)  steps=mean:71.0 range:[71,71]
  training  completed=431/2500  queue=0/256 (0%)  replay=72094/200000  updates=2  loss=0.01548  policy_version=155
  throughput env_steps_s=362.9  transitions_s=362.9  transitions_step=1.0  updates_s=103.7  updates_throttled=0
episode=0429
  mode      collector=async  worker=3  epsilon=0.204
  outcome   reward=-8.997699999999998  success=0/1 (0.00%)  steps=mean:177.0 range:[177,177]
  training  completed=432/2500  queue=0/256 (0%)  replay=72201/200000  updates=27  loss=0.00823  policy_version=155
  throughput env_steps_s=364.9  transitions_s=364.9  transitions_step=1.0  updates_s=92.1  updates_throttled=0
episode=0434
  mode      collector=async  worker=0  epsilon=0.203
  outcome   reward=-10.006499999999999  success=0/1 (0.00%)  steps=mean:65.0 range:[65,65]
  training  completed=433/2500  queue=0/256 (0%)  replay=72352/200000  updates=38  loss=0.03643  policy_version=155
  throughput env_steps_s=374.5  transitions_s=374.5  transitions_step=1.0  updates_s=94.3  updates_throttled=0
episode=0433
  mode      collector=async  worker=2  epsilon=0.202
  outcome   reward=-9.0001  success=0/1 (0.00%)  steps=mean:201.0 range:[201,201]
  training  completed=434/2500  queue=0/256 (0%)  replay=72877/200000  updates=131  loss=0.01238  policy_version=157
  throughput env_steps_s=377.4  transitions_s=377.4  transitions_step=1.0  updates_s=94.2  updates_throttled=0
episode=0435
  mode      collector=async  worker=3  epsilon=0.201
  outcome   reward=-8.998299999999999  success=0/1 (0.00%)  steps=mean:183.0 range:[183,183]
  training  completed=435/2500  queue=0/256 (0%)  replay=72958/200000  updates=20  loss=0.00580  policy_version=157
  throughput env_steps_s=342.3  transitions_s=342.3  transitions_step=1.0  updates_s=84.5  updates_throttled=0
episode=0436
  mode      collector=async  worker=0  epsilon=0.201
  outcome   reward=-8.9987  success=0/1 (0.00%)  steps=mean:187.0 range:[187,187]
  training  completed=436/2500  queue=0/256 (0%)  replay=73103/200000  updates=36  loss=0.01131  policy_version=157
  throughput env_steps_s=371.3  transitions_s=371.3  transitions_step=1.0  updates_s=92.2  updates_throttled=0
episode=0437
  mode      collector=async  worker=2  epsilon=0.200
  outcome   reward=-10.006  success=0/1 (0.00%)  steps=mean:60.0 range:[60,60]
  training  completed=437/2500  queue=0/256 (0%)  replay=73111/200000  updates=2  loss=0.00438  policy_version=157
  throughput env_steps_s=369.0  transitions_s=369.0  transitions_step=1.0  updates_s=92.3  updates_throttled=0
episode=0438
  mode      collector=async  worker=3  epsilon=0.199
  outcome   reward=-10.0064  success=0/1 (0.00%)  steps=mean:64.0 range:[64,64]
  training  completed=438/2500  queue=2/256 (1%)  replay=73208/200000  updates=25  loss=0.00827  policy_version=158
  throughput env_steps_s=369.7  transitions_s=369.7  transitions_step=1.0  updates_s=95.3  updates_throttled=0
episode=0439
  mode      collector=async  worker=0  epsilon=0.198
  outcome   reward=-10.0064  success=0/1 (0.00%)  steps=mean:64.0 range:[64,64]
  training  completed=439/2500  queue=1/256 (0%)  replay=73364/200000  updates=39  loss=0.02064  policy_version=158
  throughput env_steps_s=356.1  transitions_s=356.1  transitions_step=1.0  updates_s=89.0  updates_throttled=0
episode=0441
  mode      collector=async  worker=3  epsilon=0.198
  outcome   reward=-10.0061  success=0/1 (0.00%)  steps=mean:61.0 range:[61,61]
  training  completed=440/2500  queue=0/256 (0%)  replay=73466/200000  updates=25  loss=0.00692  policy_version=158
  throughput env_steps_s=366.1  transitions_s=366.1  transitions_step=1.0  updates_s=89.7  updates_throttled=0
episode=0432
  mode      collector=async  worker=1  epsilon=0.197
  outcome   reward=-8.017099999999997  success=0/1 (0.00%)  steps=mean:371.0 range:[371,371]
  training  completed=441/2500  queue=0/256 (0%)  replay=73523/200000  updates=14  loss=0.04501  policy_version=158
  throughput env_steps_s=438.6  transitions_s=438.6  transitions_step=1.0  updates_s=107.7  updates_throttled=0
episode=0443
  mode      collector=async  worker=3  epsilon=0.196
  outcome   reward=-8.998299999999999  success=0/1 (0.00%)  steps=mean:183.0 range:[183,183]
  training  completed=442/2500  queue=0/256 (0%)  replay=74189/200000  updates=167  loss=0.02341  policy_version=160
  throughput env_steps_s=280.2  transitions_s=280.2  transitions_step=1.0  updates_s=70.3  updates_throttled=0
episode=0442
  mode      collector=async  worker=0  epsilon=0.196
  outcome   reward=-9.003799999999998  success=0/1 (0.00%)  steps=mean:238.0 range:[238,238]
  training  completed=443/2500  queue=0/256 (0%)  replay=74357/200000  updates=42  loss=0.01776  policy_version=160
  throughput env_steps_s=206.2  transitions_s=206.2  transitions_step=1.0  updates_s=51.5  updates_throttled=0
episode=0440
  mode      collector=async  worker=2  epsilon=0.195
  outcome   reward=-7.030500000000016  success=0/1 (0.00%)  steps=mean:505.0 range:[505,505]
  training  completed=444/2500  queue=0/256 (0%)  replay=75070/200000  updates=178  loss=0.01779  policy_version=162
  throughput env_steps_s=208.0  transitions_s=208.0  transitions_step=1.0  updates_s=51.9  updates_throttled=0
episode=0444
  mode      collector=async  worker=1  epsilon=0.194
  outcome   reward=-8.019299999999998  success=0/1 (0.00%)  steps=mean:393.0 range:[393,393]
  training  completed=445/2500  queue=0/256 (0%)  replay=75143/200000  updates=18  loss=0.00921  policy_version=162
  throughput env_steps_s=220.8  transitions_s=220.8  transitions_step=1.0  updates_s=54.4  updates_throttled=0
episode=0446
  mode      collector=async  worker=0  epsilon=0.193
  outcome   reward=-8.003600000000011  success=0/1 (0.00%)  steps=mean:236.0 range:[236,236]
  training  completed=446/2500  queue=1/256 (0%)  replay=75285/200000  updates=36  loss=0.01375  policy_version=163
  throughput env_steps_s=224.5  transitions_s=224.5  transitions_step=1.0  updates_s=56.9  updates_throttled=0
episode=0448
  mode      collector=async  worker=1  epsilon=0.193
  outcome   reward=-10.006  success=0/1 (0.00%)  steps=mean:60.0 range:[60,60]
  training  completed=447/2500  queue=3/256 (1%)  replay=75400/200000  updates=29  loss=0.01971  policy_version=163
  throughput env_steps_s=195.5  transitions_s=195.5  transitions_step=1.0  updates_s=49.3  updates_throttled=0
episode=0447
  mode      collector=async  worker=2  epsilon=0.192
  outcome   reward=-8.998199999999999  success=0/1 (0.00%)  steps=mean:182.0 range:[182,182]
  training  completed=448/2500  queue=4/256 (2%)  replay=75776/200000  updates=94  loss=0.01785  policy_version=164
  throughput env_steps_s=209.1  transitions_s=209.1  transitions_step=1.0  updates_s=52.3  updates_throttled=0
episode=0449
  mode      collector=async  worker=0  epsilon=0.191
  outcome   reward=-8.9979  success=0/1 (0.00%)  steps=mean:179.0 range:[179,179]
  training  completed=449/2500  queue=0/256 (0%)  replay=76014/200000  updates=59  loss=0.00913  policy_version=165
  throughput env_steps_s=225.1  transitions_s=225.1  transitions_step=1.0  updates_s=55.8  updates_throttled=0
episode=0450
  mode      collector=async  worker=1  epsilon=0.191
  outcome   reward=-7.998100000000015  success=0/1 (0.00%)  steps=mean:181.0 range:[181,181]
  training  completed=450/2500  queue=0/256 (0%)  replay=76076/200000  updates=16  loss=0.01424  policy_version=165
  throughput env_steps_s=207.6  transitions_s=207.6  transitions_step=1.0  updates_s=53.6  updates_throttled=0
Saved checkpoint: checkpoints/breakout_27bricks_v2/ckpt-450
Scheduled replay buffer save: checkpoints/breakout_27bricks_v2/replay-450.npz transitions=76076
Saved replay buffer: checkpoints/breakout_27bricks_v2/replay-450.npz transitions=76076
episode=0453
  mode      collector=async  worker=1  epsilon=0.190
  outcome   reward=-10.0068  success=0/1 (0.00%)  steps=mean:68.0 range:[68,68]
  training  completed=451/2500  queue=1/256 (0%)  replay=76340/200000  updates=66  loss=0.01804  policy_version=165
  throughput env_steps_s=203.7  transitions_s=203.7  transitions_step=1.0  updates_s=50.9  updates_throttled=0
episode=0452
  mode      collector=async  worker=0  epsilon=0.189
  outcome   reward=-8.999699999999999  success=0/1 (0.00%)  steps=mean:197.0 range:[197,197]
  training  completed=452/2500  queue=0/256 (0%)  replay=76792/200000  updates=113  loss=0.01240  policy_version=166
  throughput env_steps_s=214.8  transitions_s=214.8  transitions_step=1.0  updates_s=53.7  updates_throttled=0
episode=0455
  mode      collector=async  worker=0  epsilon=0.188
  outcome   reward=-10.0062  success=0/1 (0.00%)  steps=mean:62.0 range:[62,62]
  training  completed=453/2500  queue=0/256 (0%)  replay=77036/200000  updates=61  loss=0.02075  policy_version=167
  throughput env_steps_s=208.0  transitions_s=208.0  transitions_step=1.0  updates_s=52.0  updates_throttled=0
episode=0454
  mode      collector=async  worker=1  epsilon=0.188
  outcome   reward=-8.998  success=0/1 (0.00%)  steps=mean:180.0 range:[180,180]
  training  completed=454/2500  queue=1/256 (0%)  replay=77097/200000  updates=15  loss=0.00782  policy_version=167
  throughput env_steps_s=210.3  transitions_s=210.3  transitions_step=1.0  updates_s=51.7  updates_throttled=0
episode=0451
  mode      collector=async  worker=2  epsilon=0.187
  outcome   reward=-8.015199999999997  success=0/1 (0.00%)  steps=mean:352.0 range:[352,352]
  training  completed=455/2500  queue=0/256 (0%)  replay=77207/200000  updates=27  loss=0.00983  policy_version=168
  throughput env_steps_s=213.4  transitions_s=213.4  transitions_step=1.0  updates_s=52.4  updates_throttled=0
episode=0456
  mode      collector=async  worker=0  epsilon=0.186
  outcome   reward=-10.0063  success=0/1 (0.00%)  steps=mean:63.0 range:[63,63]
  training  completed=456/2500  queue=1/256 (0%)  replay=77292/200000  updates=22  loss=0.01884  policy_version=168
  throughput env_steps_s=207.1  transitions_s=207.1  transitions_step=1.0  updates_s=53.6  updates_throttled=0
episode=0457
  mode      collector=async  worker=1  epsilon=0.186
  outcome   reward=-10.0059  success=0/1 (0.00%)  steps=mean:59.0 range:[59,59]
  training  completed=457/2500  queue=0/256 (0%)  replay=77337/200000  updates=11  loss=0.01740  policy_version=168
  throughput env_steps_s=192.2  transitions_s=192.2  transitions_step=1.0  updates_s=47.0  updates_throttled=0
episode=0458
  mode      collector=async  worker=2  epsilon=0.185
  outcome   reward=-10.006  success=0/1 (0.00%)  steps=mean:60.0 range:[60,60]
  training  completed=458/2500  queue=0/256 (0%)  replay=77442/200000  updates=26  loss=0.02344  policy_version=168
  throughput env_steps_s=219.9  transitions_s=219.9  transitions_step=1.0  updates_s=54.4  updates_throttled=0
episode=0445
  mode      collector=async  worker=3  epsilon=0.184
  outcome   reward=-2.066599999999987  success=0/1 (0.00%)  steps=mean:866.0 range:[866,866]
  training  completed=459/2500  queue=0/256 (0%)  replay=77628/200000  updates=47  loss=0.01226  policy_version=169
  throughput env_steps_s=213.3  transitions_s=213.3  transitions_step=1.0  updates_s=53.9  updates_throttled=0
episode=0462
  mode      collector=async  worker=3  epsilon=0.184
  outcome   reward=-10.0064  success=0/1 (0.00%)  steps=mean:64.0 range:[64,64]
  training  completed=460/2500  queue=3/256 (1%)  replay=77872/200000  updates=61  loss=0.02065  policy_version=169
  throughput env_steps_s=212.9  transitions_s=212.9  transitions_step=1.0  updates_s=53.2  updates_throttled=0
episode=0463
  mode      collector=async  worker=3  epsilon=0.183
  outcome   reward=-10.0066  success=0/1 (0.00%)  steps=mean:66.0 range:[66,66]
  training  completed=461/2500  queue=0/256 (0%)  replay=78121/200000  updates=62  loss=0.02988  policy_version=170
  throughput env_steps_s=220.5  transitions_s=220.5  transitions_step=1.0  updates_s=54.9  updates_throttled=0
episode=0461
  mode      collector=async  worker=2  epsilon=0.182
  outcome   reward=-8.997399999999999  success=0/1 (0.00%)  steps=mean:174.0 range:[174,174]
  training  completed=462/2500  queue=0/256 (0%)  replay=78144/200000  updates=6  loss=0.01355  policy_version=170
  throughput env_steps_s=176.3  transitions_s=176.3  transitions_step=1.0  updates_s=46.0  updates_throttled=0
episode=0464
  mode      collector=async  worker=3  epsilon=0.182
  outcome   reward=-10.0061  success=0/1 (0.00%)  steps=mean:61.0 range:[61,61]
  training  completed=463/2500  queue=0/256 (0%)  replay=78387/200000  updates=60  loss=0.02037  policy_version=170
  throughput env_steps_s=219.8  transitions_s=219.8  transitions_step=1.0  updates_s=54.3  updates_throttled=0
episode=0465
  mode      collector=async  worker=2  epsilon=0.181
  outcome   reward=-10.0067  success=0/1 (0.00%)  steps=mean:67.0 range:[67,67]
  training  completed=464/2500  queue=0/256 (0%)  replay=78420/200000  updates=9  loss=0.00890  policy_version=171
  throughput env_steps_s=195.6  transitions_s=195.6  transitions_step=1.0  updates_s=53.3  updates_throttled=0
episode=0459
  mode      collector=async  worker=0  epsilon=0.180
  outcome   reward=-8.018799999999997  success=0/1 (0.00%)  steps=mean:388.0 range:[388,388]
  training  completed=465/2500  queue=0/256 (0%)  replay=78879/200000  updates=114  loss=0.01898  policy_version=172
  throughput env_steps_s=224.0  transitions_s=224.0  transitions_step=1.0  updates_s=55.6  updates_throttled=0
episode=0460
  mode      collector=async  worker=1  epsilon=0.180
  outcome   reward=-7.020800000000017  success=0/1 (0.00%)  steps=mean:408.0 range:[408,408]
  training  completed=466/2500  queue=1/256 (0%)  replay=78968/200000  updates=23  loss=0.00902  policy_version=172
  throughput env_steps_s=216.2  transitions_s=216.2  transitions_step=1.0  updates_s=55.9  updates_throttled=0
episode=0469
  mode      collector=async  worker=1  epsilon=0.179
  outcome   reward=-10.0064  success=0/1 (0.00%)  steps=mean:64.0 range:[64,64]
  training  completed=467/2500  queue=1/256 (0%)  replay=79202/200000  updates=58  loss=0.00859  policy_version=173
  throughput env_steps_s=212.4  transitions_s=212.4  transitions_step=1.0  updates_s=52.6  updates_throttled=0
episode=0466
  mode      collector=async  worker=3  epsilon=0.178
  outcome   reward=-9.0041  success=0/1 (0.00%)  steps=mean:241.0 range:[241,241]
  training  completed=468/2500  queue=0/256 (0%)  replay=79357/200000  updates=39  loss=0.02347  policy_version=173
  throughput env_steps_s=199.5  transitions_s=199.5  transitions_step=1.0  updates_s=50.2  updates_throttled=0
episode=0467
  mode      collector=async  worker=2  epsilon=0.178
  outcome   reward=-9.003599999999999  success=0/1 (0.00%)  steps=mean:236.0 range:[236,236]
  training  completed=469/2500  queue=0/256 (0%)  replay=79374/200000  updates=4  loss=0.00960  policy_version=173
  throughput env_steps_s=202.1  transitions_s=202.1  transitions_step=1.0  updates_s=47.6  updates_throttled=0
episode=0472
  mode      collector=async  worker=2  epsilon=0.177
  outcome   reward=-10.0066  success=0/1 (0.00%)  steps=mean:66.0 range:[66,66]
  training  completed=470/2500  queue=2/256 (1%)  replay=79620/200000  updates=62  loss=0.01860  policy_version=174
  throughput env_steps_s=215.6  transitions_s=215.6  transitions_step=1.0  updates_s=54.4  updates_throttled=0
episode=0468
  mode      collector=async  worker=0  epsilon=0.176
  outcome   reward=-8.002500000000008  success=0/1 (0.00%)  steps=mean:225.0 range:[225,225]
  training  completed=471/2500  queue=0/256 (0%)  replay=79742/200000  updates=30  loss=0.01835  policy_version=174
  throughput env_steps_s=217.7  transitions_s=217.7  transitions_step=1.0  updates_s=53.5  updates_throttled=0
episode=0474
  mode      collector=async  worker=0  epsilon=0.176
  outcome   reward=-10.0061  success=0/1 (0.00%)  steps=mean:61.0 range:[61,61]
  training  completed=472/2500  queue=0/256 (0%)  replay=79977/200000  updates=59  loss=0.01185  policy_version=174
  throughput env_steps_s=207.3  transitions_s=207.3  transitions_step=1.0  updates_s=52.0  updates_throttled=0
episode=0470
  mode      collector=async  worker=1  epsilon=0.175
  outcome   reward=-9.001499999999998  success=0/1 (0.00%)  steps=mean:215.0 range:[215,215]
  training  completed=473/2500  queue=0/256 (0%)  replay=80079/200000  updates=25  loss=0.01638  policy_version=175
  throughput env_steps_s=218.0  transitions_s=218.0  transitions_step=1.0  updates_s=53.4  updates_throttled=0
episode=0475
  mode      collector=async  worker=0  epsilon=0.174
  outcome   reward=-10.0063  success=0/1 (0.00%)  steps=mean:63.0 range:[63,63]
  training  completed=474/2500  queue=0/256 (0%)  replay=80241/200000  updates=41  loss=0.01269  policy_version=175
  throughput env_steps_s=212.3  transitions_s=212.3  transitions_step=1.0  updates_s=53.7  updates_throttled=0
episode=0476
  mode      collector=async  worker=1  epsilon=0.174
  outcome   reward=-10.0067  success=0/1 (0.00%)  steps=mean:67.0 range:[67,67]
  training  completed=475/2500  queue=0/256 (0%)  replay=80333/200000  updates=23  loss=0.00898  policy_version=175
  throughput env_steps_s=220.4  transitions_s=220.4  transitions_step=1.0  updates_s=55.1  updates_throttled=0
Saved checkpoint: checkpoints/breakout_27bricks_v2/ckpt-475
Scheduled replay buffer save: checkpoints/breakout_27bricks_v2/replay-475.npz transitions=80333
episode=0471
  mode      collector=async  worker=3  epsilon=0.173
  outcome   reward=-9.0041  success=0/1 (0.00%)  steps=mean:241.0 range:[241,241]
  training  completed=476/2500  queue=5/256 (2%)  replay=80358/200000  updates=6  loss=0.06648  policy_version=175
  throughput env_steps_s=150.4  transitions_s=150.4  transitions_step=1.0  updates_s=36.1  updates_throttled=0
Saved replay buffer: checkpoints/breakout_27bricks_v2/replay-475.npz transitions=80333
episode=0473
  mode      collector=async  worker=2  epsilon=0.173
  outcome   reward=-8.011599999999998  success=0/1 (0.00%)  steps=mean:316.0 range:[316,316]
  training  completed=477/2500  queue=0/256 (0%)  replay=80883/200000  updates=131  loss=0.01781  policy_version=177
  throughput env_steps_s=212.5  transitions_s=212.5  transitions_step=1.0  updates_s=53.0  updates_throttled=0
episode=0478
  mode      collector=async  worker=1  epsilon=0.172
  outcome   reward=-8.9988  success=0/1 (0.00%)  steps=mean:188.0 range:[188,188]
  training  completed=478/2500  queue=2/256 (1%)  replay=81112/200000  updates=58  loss=0.01486  policy_version=177
  throughput env_steps_s=213.0  transitions_s=213.0  transitions_step=1.0  updates_s=54.0  updates_throttled=0
episode=0477
  mode      collector=async  worker=0  epsilon=0.171
  outcome   reward=-6.029100000000014  success=0/1 (0.00%)  steps=mean:491.0 range:[491,491]
  training  completed=479/2500  queue=0/256 (0%)  replay=82198/200000  updates=271  loss=0.01699  policy_version=180
  throughput env_steps_s=214.5  transitions_s=214.5  transitions_step=1.0  updates_s=53.5  updates_throttled=0
episode=0479
  mode      collector=async  worker=3  epsilon=0.171
  outcome   reward=-6.02890000000005  success=0/1 (0.00%)  steps=mean:489.0 range:[489,489]
  training  completed=480/2500  queue=4/256 (2%)  replay=82302/200000  updates=26  loss=0.01818  policy_version=180
  throughput env_steps_s=207.2  transitions_s=207.2  transitions_step=1.0  updates_s=51.8  updates_throttled=0
episode=0480
  mode      collector=async  worker=2  epsilon=0.170
  outcome   reward=-7.018700000000025  success=0/1 (0.00%)  steps=mean:387.0 range:[387,387]
  training  completed=481/2500  queue=0/256 (0%)  replay=82403/200000  updates=25  loss=0.03965  policy_version=181
  throughput env_steps_s=217.6  transitions_s=217.6  transitions_step=1.0  updates_s=53.9  updates_throttled=0
episode=0483
  mode      collector=async  worker=3  epsilon=0.169
  outcome   reward=-10.0066  success=0/1 (0.00%)  steps=mean:66.0 range:[66,66]
  training  completed=482/2500  queue=0/256 (0%)  replay=82563/200000  updates=40  loss=0.01541  policy_version=181
  throughput env_steps_s=207.1  transitions_s=207.1  transitions_step=1.0  updates_s=51.8  updates_throttled=0
episode=0485
  mode      collector=async  worker=3  epsilon=0.169
  outcome   reward=-10.0063  success=0/1 (0.00%)  steps=mean:63.0 range:[63,63]
  training  completed=483/2500  queue=0/256 (0%)  replay=82811/200000  updates=62  loss=0.01590  policy_version=182
  throughput env_steps_s=213.6  transitions_s=213.6  transitions_step=1.0  updates_s=53.4  updates_throttled=0
episode=0482
  mode      collector=async  worker=0  epsilon=0.168
  outcome   reward=-8.010299999999997  success=0/1 (0.00%)  steps=mean:303.0 range:[303,303]
  training  completed=484/2500  queue=0/256 (0%)  replay=83401/200000  updates=148  loss=0.01435  policy_version=183
  throughput env_steps_s=219.1  transitions_s=219.1  transitions_step=1.0  updates_s=54.9  updates_throttled=0
episode=0486
  mode      collector=async  worker=3  epsilon=0.167
  outcome   reward=-8.998899999999999  success=0/1 (0.00%)  steps=mean:189.0 range:[189,189]
  training  completed=485/2500  queue=0/256 (0%)  replay=83591/200000  updates=47  loss=0.00896  policy_version=183
  throughput env_steps_s=223.1  transitions_s=223.1  transitions_step=1.0  updates_s=55.2  updates_throttled=0
episode=0487
  mode      collector=async  worker=0  epsilon=0.167
  outcome   reward=-8.998199999999999  success=0/1 (0.00%)  steps=mean:182.0 range:[182,182]
  training  completed=486/2500  queue=0/256 (0%)  replay=84137/200000  updates=137  loss=0.02205  policy_version=185
  throughput env_steps_s=212.3  transitions_s=212.3  transitions_step=1.0  updates_s=53.3  updates_throttled=0
episode=0481
  mode      collector=async  worker=1  epsilon=0.166
  outcome   reward=-4.063600000000012  success=0/1 (0.00%)  steps=mean:836.0 range:[836,836]
  training  completed=487/2500  queue=0/256 (0%)  replay=84424/200000  updates=72  loss=0.01312  policy_version=186
  throughput env_steps_s=227.0  transitions_s=227.0  transitions_step=1.0  updates_s=56.9  updates_throttled=0
episode=0489
  mode      collector=async  worker=0  epsilon=0.166
  outcome   reward=-8.999199999999998  success=0/1 (0.00%)  steps=mean:192.0 range:[192,192]
  training  completed=488/2500  queue=0/256 (0%)  replay=84947/200000  updates=130  loss=0.00985  policy_version=187
  throughput env_steps_s=221.9  transitions_s=221.9  transitions_step=1.0  updates_s=55.2  updates_throttled=0
episode=0484
  mode      collector=async  worker=2  epsilon=0.165
  outcome   reward=-6.044400000000046  success=0/1 (0.00%)  steps=mean:644.0 range:[644,644]
  training  completed=489/2500  queue=0/256 (0%)  replay=85006/200000  updates=15  loss=0.00632  policy_version=187
  throughput env_steps_s=213.9  transitions_s=213.9  transitions_step=1.0  updates_s=54.4  updates_throttled=0
episode=0492
  mode      collector=async  worker=2  epsilon=0.164
  outcome   reward=-10.006  success=0/1 (0.00%)  steps=mean:60.0 range:[60,60]
  training  completed=490/2500  queue=1/256 (0%)  replay=85240/200000  updates=59  loss=0.01582  policy_version=188
  throughput env_steps_s=218.5  transitions_s=218.5  transitions_step=1.0  updates_s=55.1  updates_throttled=0
episode=0488
  mode      collector=async  worker=3  epsilon=0.164
  outcome   reward=-7.0239000000000145  success=0/1 (0.00%)  steps=mean:439.0 range:[439,439]
  training  completed=491/2500  queue=0/256 (0%)  replay=85350/200000  updates=27  loss=0.01175  policy_version=188
  throughput env_steps_s=217.2  transitions_s=217.2  transitions_step=1.0  updates_s=53.3  updates_throttled=0
episode=0490
  mode      collector=async  worker=1  epsilon=0.163
  outcome   reward=-9.005099999999999  success=0/1 (0.00%)  steps=mean:251.0 range:[251,251]
  training  completed=492/2500  queue=0/256 (0%)  replay=85419/200000  updates=17  loss=0.01511  policy_version=188
  throughput env_steps_s=217.7  transitions_s=217.7  transitions_step=1.0  updates_s=53.6  updates_throttled=0
episode=0494
  mode      collector=async  worker=3  epsilon=0.163
  outcome   reward=-8.998  success=0/1 (0.00%)  steps=mean:180.0 range:[180,180]
  training  completed=493/2500  queue=0/256 (0%)  replay=86067/200000  updates=162  loss=0.02250  policy_version=190
  throughput env_steps_s=219.2  transitions_s=219.2  transitions_step=1.0  updates_s=54.8  updates_throttled=0
episode=0493
  mode      collector=async  worker=2  epsilon=0.162
  outcome   reward=-9.000499999999999  success=0/1 (0.00%)  steps=mean:205.0 range:[205,205]
  training  completed=494/2500  queue=0/256 (0%)  replay=86067/200000  updates=0  loss=0.00000  policy_version=190
  throughput env_steps_s=219.2  transitions_s=219.2  transitions_step=1.0  updates_s=54.8  updates_throttled=0
episode=0495
  mode      collector=async  worker=1  epsilon=0.161
  outcome   reward=-9.001  success=0/1 (0.00%)  steps=mean:210.0 range:[210,210]
  training  completed=495/2500  queue=0/256 (0%)  replay=86275/200000  updates=52  loss=0.01524  policy_version=190
  throughput env_steps_s=218.8  transitions_s=218.8  transitions_step=1.0  updates_s=54.7  updates_throttled=0
episode=0496
  mode      collector=async  worker=3  epsilon=0.161
  outcome   reward=-10.0064  success=0/1 (0.00%)  steps=mean:64.0 range:[64,64]
  training  completed=496/2500  queue=0/256 (0%)  replay=86327/200000  updates=13  loss=0.02869  policy_version=190
  throughput env_steps_s=213.9  transitions_s=213.9  transitions_step=1.0  updates_s=53.5  updates_throttled=0
episode=0499
  mode      collector=async  worker=3  epsilon=0.160
  outcome   reward=-10.0061  success=0/1 (0.00%)  steps=mean:61.0 range:[61,61]
  training  completed=497/2500  queue=0/256 (0%)  replay=86570/200000  updates=61  loss=0.00829  policy_version=191
  throughput env_steps_s=203.7  transitions_s=203.7  transitions_step=1.0  updates_s=51.1  updates_throttled=0
episode=0497
  mode      collector=async  worker=2  epsilon=0.160
  outcome   reward=-8.999199999999998  success=0/1 (0.00%)  steps=mean:192.0 range:[192,192]
  training  completed=498/2500  queue=0/256 (0%)  replay=86822/200000  updates=63  loss=0.00877  policy_version=192
  throughput env_steps_s=220.0  transitions_s=220.0  transitions_step=1.0  updates_s=55.0  updates_throttled=0
episode=0500
  mode      collector=async  worker=3  epsilon=0.159
  outcome   reward=-10.0062  success=0/1 (0.00%)  steps=mean:62.0 range:[62,62]
  training  completed=499/2500  queue=0/256 (0%)  replay=86843/200000  updates=5  loss=0.00528  policy_version=192
  throughput env_steps_s=289.1  transitions_s=289.1  transitions_step=1.0  updates_s=68.8  updates_throttled=0
episode=0498
  mode      collector=async  worker=1  epsilon=0.158
  outcome   reward=-8.997599999999998  success=0/1 (0.00%)  steps=mean:176.0 range:[176,176]
  training  completed=500/2500  queue=3/256 (1%)  replay=87002/200000  updates=40  loss=0.00515  policy_version=192
  throughput env_steps_s=205.9  transitions_s=205.9  transitions_step=1.0  updates_s=51.8  updates_throttled=0
Saved checkpoint: checkpoints/breakout_27bricks_v2/ckpt-500
Scheduled replay buffer save: checkpoints/breakout_27bricks_v2/replay-500.npz transitions=87002
Evaluating frozen checkpoint episode=500 episodes=20 metric=auto...
Saved replay buffer: checkpoints/breakout_27bricks_v2/replay-500.npz transitions=87002
episode=0502
  mode      collector=async  worker=3  epsilon=0.158
  outcome   reward=-10.0061  success=0/1 (0.00%)  steps=mean:61.0 range:[61,61]
  training  completed=501/2500  queue=0/256 (0%)  replay=87075/200000  updates=18  loss=0.04697  policy_version=192
  throughput env_steps_s=177.1  transitions_s=177.1  transitions_step=1.0  updates_s=43.7  updates_throttled=0
episode=0504
  mode      collector=async  worker=3  epsilon=0.157
  outcome   reward=-10.0061  success=0/1 (0.00%)  steps=mean:61.0 range:[61,61]
  training  completed=502/2500  queue=0/256 (0%)  replay=87325/200000  updates=63  loss=0.01584  policy_version=193
  throughput env_steps_s=180.1  transitions_s=180.1  transitions_step=1.0  updates_s=45.4  updates_throttled=0
episode=0501
  mode      collector=async  worker=2  epsilon=0.157
  outcome   reward=-8.996899999999998  success=0/1 (0.00%)  steps=mean:169.0 range:[169,169]
  training  completed=503/2500  queue=0/256 (0%)  replay=87539/200000  updates=53  loss=0.02213  policy_version=193
  throughput env_steps_s=167.5  transitions_s=167.5  transitions_step=1.0  updates_s=41.5  updates_throttled=0
episode=0506
  mode      collector=async  worker=2  epsilon=0.156
  outcome   reward=-10.006  success=0/1 (0.00%)  steps=mean:60.0 range:[60,60]
  training  completed=504/2500  queue=0/256 (0%)  replay=87785/200000  updates=62  loss=0.01003  policy_version=194
  throughput env_steps_s=171.4  transitions_s=171.4  transitions_step=1.0  updates_s=43.2  updates_throttled=0
episode=0491
  mode      collector=async  worker=0  epsilon=0.156
  outcome   reward=-5.056400000000009  success=0/1 (0.00%)  steps=mean:764.0 range:[764,764]
  training  completed=505/2500  queue=0/256 (0%)  replay=87925/200000  updates=35  loss=0.00868  policy_version=194
  throughput env_steps_s=239.7  transitions_s=239.7  transitions_step=1.0  updates_s=59.9  updates_throttled=0
episode=0505
  mode      collector=async  worker=3  epsilon=0.155
  outcome   reward=-8.9988  success=0/1 (0.00%)  steps=mean:188.0 range:[188,188]
  training  completed=506/2500  queue=0/256 (0%)  replay=88067/200000  updates=35  loss=0.00866  policy_version=195
  throughput env_steps_s=349.5  transitions_s=349.5  transitions_step=1.0  updates_s=86.1  updates_throttled=0
episode=0509
  mode      collector=async  worker=3  epsilon=0.154
  outcome   reward=-10.0062  success=0/1 (0.00%)  steps=mean:62.0 range:[62,62]
  training  completed=507/2500  queue=1/256 (0%)  replay=88289/200000  updates=56  loss=0.01684  policy_version=195
  throughput env_steps_s=341.9  transitions_s=341.9  transitions_step=1.0  updates_s=86.3  updates_throttled=0
episode=0503
  mode      collector=async  worker=1  epsilon=0.154
  outcome   reward=-5.022200000000029  success=0/1 (0.00%)  steps=mean:422.0 range:[422,422]
  training  completed=508/2500  queue=0/256 (0%)  replay=88630/200000  updates=85  loss=0.02537  policy_version=196
  throughput env_steps_s=343.8  transitions_s=343.8  transitions_step=1.0  updates_s=85.7  updates_throttled=0
episode=0508
  mode      collector=async  worker=0  epsilon=0.153
  outcome   reward=-9.0003  success=0/1 (0.00%)  steps=mean:203.0 range:[203,203]
  training  completed=509/2500  queue=0/256 (0%)  replay=88727/200000  updates=24  loss=0.03147  policy_version=196
  throughput env_steps_s=325.0  transitions_s=325.0  transitions_step=1.0  updates_s=80.4  updates_throttled=0
episode=0507
  mode      collector=async  worker=2  epsilon=0.153
  outcome   reward=-9.003599999999999  success=0/1 (0.00%)  steps=mean:236.0 range:[236,236]
  training  completed=510/2500  queue=0/256 (0%)  replay=88767/200000  updates=10  loss=0.02475  policy_version=196
  throughput env_steps_s=319.1  transitions_s=319.1  transitions_step=1.0  updates_s=79.8  updates_throttled=0
episode=0513
  mode      collector=async  worker=2  epsilon=0.152
  outcome   reward=-10.006  success=0/1 (0.00%)  steps=mean:60.0 range:[60,60]
  training  completed=511/2500  queue=0/256 (0%)  replay=88998/200000  updates=58  loss=0.01053  policy_version=197
  throughput env_steps_s=329.7  transitions_s=329.7  transitions_step=1.0  updates_s=82.8  updates_throttled=0
episode=0510
  mode      collector=async  worker=3  epsilon=0.152
  outcome   reward=-7.999100000000013  success=0/1 (0.00%)  steps=mean:191.0 range:[191,191]
  training  completed=512/2500  queue=0/256 (0%)  replay=89086/200000  updates=22  loss=0.00627  policy_version=197
  throughput env_steps_s=323.4  transitions_s=323.4  transitions_step=1.0  updates_s=80.8  updates_throttled=0
episode=0514
  mode      collector=async  worker=2  epsilon=0.151
  outcome   reward=-10.0067  success=0/1 (0.00%)  steps=mean:67.0 range:[67,67]
  training  completed=513/2500  queue=0/256 (0%)  replay=89275/200000  updates=47  loss=0.00527  policy_version=198
  throughput env_steps_s=325.1  transitions_s=325.1  transitions_step=1.0  updates_s=80.8  updates_throttled=0
episode=0512
  mode      collector=async  worker=0  epsilon=0.151
  outcome   reward=-8.998299999999999  success=0/1 (0.00%)  steps=mean:183.0 range:[183,183]
  training  completed=514/2500  queue=0/256 (0%)  replay=89447/200000  updates=43  loss=0.00505  policy_version=198
  throughput env_steps_s=313.2  transitions_s=313.2  transitions_step=1.0  updates_s=78.3  updates_throttled=0
episode=0516
  mode      collector=async  worker=2  epsilon=0.150
  outcome   reward=-10.0063  success=0/1 (0.00%)  steps=mean:63.0 range:[63,63]
  training  completed=515/2500  queue=0/256 (0%)  replay=89540/200000  updates=24  loss=0.01897  policy_version=198
  throughput env_steps_s=318.9  transitions_s=318.9  transitions_step=1.0  updates_s=82.3  updates_throttled=0
episode=0515
  mode      collector=async  worker=3  epsilon=0.149
  outcome   reward=-8.999799999999999  success=0/1 (0.00%)  steps=mean:198.0 range:[198,198]
  training  completed=516/2500  queue=1/256 (0%)  replay=89880/200000  updates=85  loss=0.03725  policy_version=199
  throughput env_steps_s=332.7  transitions_s=332.7  transitions_step=1.0  updates_s=83.2  updates_throttled=0
episode=0519
  mode      collector=async  worker=3  epsilon=0.149
  outcome   reward=-10.0068  success=0/1 (0.00%)  steps=mean:68.0 range:[68,68]
  training  completed=517/2500  queue=0/256 (0%)  replay=90170/200000  updates=72  loss=0.01602  policy_version=200
  throughput env_steps_s=337.4  transitions_s=337.4  transitions_step=1.0  updates_s=83.8  updates_throttled=0
episode=0517
  mode      collector=async  worker=0  epsilon=0.148
  outcome   reward=-8.9971  success=0/1 (0.00%)  steps=mean:171.0 range:[171,171]
  training  completed=518/2500  queue=0/256 (0%)  replay=90172/200000  updates=1  loss=0.00669  policy_version=200
  throughput env_steps_s=306.0  transitions_s=306.0  transitions_step=1.0  updates_s=153.0  updates_throttled=0
episode=0511
  mode      collector=async  worker=1  epsilon=0.148
  outcome   reward=-6.022400000000056  success=0/1 (0.00%)  steps=mean:424.0 range:[424,424]
  training  completed=519/2500  queue=0/256 (0%)  replay=90265/200000  updates=23  loss=0.00873  policy_version=200
  throughput env_steps_s=340.3  transitions_s=340.3  transitions_step=1.0  updates_s=84.2  updates_throttled=0
episode=0518
  mode      collector=async  worker=2  epsilon=0.147
  outcome   reward=-8.013799999999998  success=0/1 (0.00%)  steps=mean:338.0 range:[338,338]
  training  completed=520/2500  queue=4/256 (2%)  replay=90895/200000  updates=157  loss=0.02559  policy_version=202
  throughput env_steps_s=337.1  transitions_s=337.1  transitions_step=1.0  updates_s=84.0  updates_throttled=0
episode=0520
  mode      collector=async  worker=3  epsilon=0.147
  outcome   reward=-9.0002  success=0/1 (0.00%)  steps=mean:202.0 range:[202,202]
  training  completed=521/2500  queue=1/256 (0%)  replay=90937/200000  updates=11  loss=0.04022  policy_version=202
  throughput env_steps_s=362.8  transitions_s=362.8  transitions_step=1.0  updates_s=95.0  updates_throttled=0
episode=0521
  mode      collector=async  worker=0  epsilon=0.146
  outcome   reward=-9.000599999999999  success=0/1 (0.00%)  steps=mean:206.0 range:[206,206]
  training  completed=522/2500  queue=3/256 (1%)  replay=91056/200000  updates=30  loss=0.04074  policy_version=202
  throughput env_steps_s=336.7  transitions_s=336.7  transitions_step=1.0  updates_s=84.9  updates_throttled=0
episode=0523
  mode      collector=async  worker=2  epsilon=0.146
  outcome   reward=-10.0063  success=0/1 (0.00%)  steps=mean:63.0 range:[63,63]
  training  completed=523/2500  queue=1/256 (0%)  replay=91160/200000  updates=26  loss=0.03367  policy_version=202
  throughput env_steps_s=358.8  transitions_s=358.8  transitions_step=1.0  updates_s=89.7  updates_throttled=0
episode=0525
  mode      collector=async  worker=0  epsilon=0.145
  outcome   reward=-10.006499999999999  success=0/1 (0.00%)  steps=mean:65.0 range:[65,65]
  training  completed=524/2500  queue=0/256 (0%)  replay=91323/200000  updates=40  loss=0.04380  policy_version=203
  throughput env_steps_s=320.6  transitions_s=320.6  transitions_step=1.0  updates_s=78.7  updates_throttled=0
episode=0526
  mode      collector=async  worker=2  epsilon=0.145
  outcome   reward=-10.0062  success=0/1 (0.00%)  steps=mean:62.0 range:[62,62]
  training  completed=525/2500  queue=1/256 (0%)  replay=91409/200000  updates=22  loss=0.03306  policy_version=203
  throughput env_steps_s=317.9  transitions_s=317.9  transitions_step=1.0  updates_s=81.3  updates_throttled=0
Saved checkpoint: checkpoints/breakout_27bricks_v2/ckpt-525
Scheduled replay buffer save: checkpoints/breakout_27bricks_v2/replay-525.npz transitions=91409
Saved replay buffer: checkpoints/breakout_27bricks_v2/replay-525.npz transitions=91409
episode=0528
  mode      collector=async  worker=2  epsilon=0.144
  outcome   reward=-10.0066  success=0/1 (0.00%)  steps=mean:66.0 range:[66,66]
  training  completed=526/2500  queue=0/256 (0%)  replay=91671/200000  updates=65  loss=0.01919  policy_version=204
  throughput env_steps_s=315.5  transitions_s=315.5  transitions_step=1.0  updates_s=78.3  updates_throttled=0
episode=0522
  mode      collector=async  worker=1  epsilon=0.143
  outcome   reward=-7.016500000000037  success=0/1 (0.00%)  steps=mean:365.0 range:[365,365]
  training  completed=527/2500  queue=0/256 (0%)  replay=91679/200000  updates=2  loss=0.00414  policy_version=204
  throughput env_steps_s=293.3  transitions_s=293.3  transitions_step=1.0  updates_s=73.3  updates_throttled=0
episode=0524
  mode      collector=async  worker=3  epsilon=0.143
  outcome   reward=-9.0034  success=0/1 (0.00%)  steps=mean:234.0 range:[234,234]
  training  completed=528/2500  queue=0/256 (0%)  replay=91895/200000  updates=54  loss=0.02192  policy_version=204
  throughput env_steps_s=329.4  transitions_s=329.4  transitions_step=1.0  updates_s=82.4  updates_throttled=0
Frozen evaluation episode=500: success=0/20 (0.00%) reward_mean=-8.8605 steps_mean=205.1
Saved checkpoint: checkpoints/breakout_27bricks_v2/best/ckpt-528
Best checkpoint applied using live weights at episode=528 (background evaluation was requested for episode=500)
New best checkpoint: checkpoints/breakout_27bricks_v2/best/ckpt-528 metric=auto success=0.00% reward_mean=-8.8605
episode=0527
  mode      collector=async  worker=0  epsilon=0.142
  outcome   reward=-7.012700000000011  success=0/1 (0.00%)  steps=mean:327.0 range:[327,327]
  training  completed=529/2500  queue=0/256 (0%)  replay=92635/200000  updates=185  loss=0.02196  policy_version=206
  throughput env_steps_s=356.2  transitions_s=356.2  transitions_step=1.0  updates_s=89.0  updates_throttled=0
episode=0530
  mode      collector=async  worker=1  epsilon=0.142
  outcome   reward=-7.009000000000013  success=0/1 (0.00%)  steps=mean:290.0 range:[290,290]
  training  completed=530/2500  queue=0/256 (0%)  replay=92830/200000  updates=49  loss=0.03638  policy_version=207
  throughput env_steps_s=366.1  transitions_s=366.1  transitions_step=1.0  updates_s=92.0  updates_throttled=0
episode=0531
  mode      collector=async  worker=3  epsilon=0.141
  outcome   reward=-9.004499999999998  success=0/1 (0.00%)  steps=mean:245.0 range:[245,245]
  training  completed=531/2500  queue=0/256 (0%)  replay=92870/200000  updates=10  loss=0.08115  policy_version=207
  throughput env_steps_s=366.5  transitions_s=366.5  transitions_step=1.0  updates_s=91.6  updates_throttled=0
episode=0532
  mode      collector=async  worker=0  epsilon=0.141
  outcome   reward=-10.006  success=0/1 (0.00%)  steps=mean:60.0 range:[60,60]
  training  completed=532/2500  queue=1/256 (0%)  replay=92877/200000  updates=2  loss=0.05519  policy_version=207
  throughput env_steps_s=290.9  transitions_s=290.9  transitions_step=1.0  updates_s=83.1  updates_throttled=0
episode=0533
  mode      collector=async  worker=1  epsilon=0.140
  outcome   reward=-10.0064  success=0/1 (0.00%)  steps=mean:64.0 range:[64,64]
  training  completed=533/2500  queue=0/256 (0%)  replay=93083/200000  updates=51  loss=0.02916  policy_version=207
  throughput env_steps_s=388.5  transitions_s=388.5  transitions_step=1.0  updates_s=96.2  updates_throttled=0
episode=0529
  mode      collector=async  worker=2  epsilon=0.140
  outcome   reward=-7.025100000000014  success=0/1 (0.00%)  steps=mean:451.0 range:[451,451]
  training  completed=534/2500  queue=0/256 (0%)  replay=93451/200000  updates=92  loss=0.03149  policy_version=208
  throughput env_steps_s=388.7  transitions_s=388.7  transitions_step=1.0  updates_s=97.2  updates_throttled=0
episode=0535
  mode      collector=async  worker=0  epsilon=0.139
  outcome   reward=-8.998299999999999  success=0/1 (0.00%)  steps=mean:183.0 range:[183,183]
  training  completed=535/2500  queue=0/256 (0%)  replay=93629/200000  updates=45  loss=0.01402  policy_version=209
  throughput env_steps_s=411.5  transitions_s=411.5  transitions_step=1.0  updates_s=104.0  updates_throttled=0
episode=0537
  mode      collector=async  worker=2  epsilon=0.139
  outcome   reward=-10.006499999999999  success=0/1 (0.00%)  steps=mean:65.0 range:[65,65]
  training  completed=536/2500  queue=0/256 (0%)  replay=93721/200000  updates=23  loss=0.00862  policy_version=209
  throughput env_steps_s=425.7  transitions_s=425.7  transitions_step=1.0  updates_s=106.4  updates_throttled=0
episode=0536
  mode      collector=async  worker=1  epsilon=0.138
  outcome   reward=-9.0001  success=0/1 (0.00%)  steps=mean:201.0 range:[201,201]
  training  completed=537/2500  queue=1/256 (0%)  replay=93876/200000  updates=39  loss=0.03531  policy_version=209
  throughput env_steps_s=378.2  transitions_s=378.2  transitions_step=1.0  updates_s=95.2  updates_throttled=0
episode=0538
  mode      collector=async  worker=0  epsilon=0.138
  outcome   reward=-10.0064  success=0/1 (0.00%)  steps=mean:64.0 range:[64,64]
  training  completed=538/2500  queue=0/256 (0%)  replay=93891/200000  updates=3  loss=0.02011  policy_version=209
  throughput env_steps_s=461.3  transitions_s=461.3  transitions_step=1.0  updates_s=92.3  updates_throttled=0
episode=0541
  mode      collector=async  worker=0  epsilon=0.137
  outcome   reward=-10.0064  success=0/1 (0.00%)  steps=mean:64.0 range:[64,64]
  training  completed=539/2500  queue=1/256 (0%)  replay=94128/200000  updates=60  loss=0.02379  policy_version=210
  throughput env_steps_s=388.9  transitions_s=388.9  transitions_step=1.0  updates_s=98.5  updates_throttled=0
episode=0534
  mode      collector=async  worker=3  epsilon=0.137
  outcome   reward=-8.015099999999997  success=0/1 (0.00%)  steps=mean:351.0 range:[351,351]
  training  completed=540/2500  queue=5/256 (2%)  replay=94263/200000  updates=33  loss=0.02839  policy_version=210
  throughput env_steps_s=361.8  transitions_s=361.8  transitions_step=1.0  updates_s=88.4  updates_throttled=0
episode=0542
  mode      collector=async  worker=0  epsilon=0.136
  outcome   reward=-10.006  success=0/1 (0.00%)  steps=mean:60.0 range:[60,60]
  training  completed=541/2500  queue=3/256 (1%)  replay=94380/200000  updates=30  loss=0.03676  policy_version=210
  throughput env_steps_s=392.0  transitions_s=392.0  transitions_step=1.0  updates_s=100.5  updates_throttled=0
episode=0539
  mode      collector=async  worker=2  epsilon=0.136
  outcome   reward=-8.9988  success=0/1 (0.00%)  steps=mean:188.0 range:[188,188]
  training  completed=542/2500  queue=0/256 (0%)  replay=94461/200000  updates=20  loss=0.03325  policy_version=211
  throughput env_steps_s=388.2  transitions_s=388.2  transitions_step=1.0  updates_s=95.8  updates_throttled=0
episode=0544
  mode      collector=async  worker=0  epsilon=0.135
  outcome   reward=-10.0062  success=0/1 (0.00%)  steps=mean:62.0 range:[62,62]
  training  completed=543/2500  queue=0/256 (0%)  replay=94623/200000  updates=40  loss=0.03212  policy_version=211
  throughput env_steps_s=370.0  transitions_s=370.0  transitions_step=1.0  updates_s=91.4  updates_throttled=0
episode=0545
  mode      collector=async  worker=2  epsilon=0.135
  outcome   reward=-10.0062  success=0/1 (0.00%)  steps=mean:62.0 range:[62,62]
  training  completed=544/2500  queue=0/256 (0%)  replay=94686/200000  updates=16  loss=0.01065  policy_version=211
  throughput env_steps_s=362.5  transitions_s=362.5  transitions_step=1.0  updates_s=92.1  updates_throttled=0
episode=0540
  mode      collector=async  worker=1  epsilon=0.134
  outcome   reward=-9.002399999999998  success=0/1 (0.00%)  steps=mean:224.0 range:[224,224]
  training  completed=545/2500  queue=3/256 (1%)  replay=94780/200000  updates=24  loss=0.01040  policy_version=211
  throughput env_steps_s=373.0  transitions_s=373.0  transitions_step=1.0  updates_s=95.2  updates_throttled=0
episode=0546
  mode      collector=async  worker=0  epsilon=0.134
  outcome   reward=-10.006  success=0/1 (0.00%)  steps=mean:60.0 range:[60,60]
  training  completed=546/2500  queue=0/256 (0%)  replay=94879/200000  updates=24  loss=0.01954  policy_version=212
  throughput env_steps_s=401.3  transitions_s=401.3  transitions_step=1.0  updates_s=97.3  updates_throttled=0
episode=0548
  mode      collector=async  worker=1  epsilon=0.133
  outcome   reward=-10.0066  success=0/1 (0.00%)  steps=mean:66.0 range:[66,66]
  training  completed=547/2500  queue=1/256 (0%)  replay=95036/200000  updates=40  loss=0.01951  policy_version=212
  throughput env_steps_s=375.6  transitions_s=375.6  transitions_step=1.0  updates_s=95.7  updates_throttled=0
episode=0543
  mode      collector=async  worker=3  epsilon=0.133
  outcome   reward=-9.000499999999999  success=0/1 (0.00%)  steps=mean:205.0 range:[205,205]
  training  completed=548/2500  queue=0/256 (0%)  replay=95110/200000  updates=18  loss=0.01216  policy_version=212
  throughput env_steps_s=366.8  transitions_s=366.8  transitions_step=1.0  updates_s=89.2  updates_throttled=0
episode=0549
  mode      collector=async  worker=0  epsilon=0.132
  outcome   reward=-9.000399999999999  success=0/1 (0.00%)  steps=mean:204.0 range:[204,204]
  training  completed=549/2500  queue=0/256 (0%)  replay=95658/200000  updates=137  loss=0.01694  policy_version=214
  throughput env_steps_s=388.9  transitions_s=388.9  transitions_step=1.0  updates_s=97.2  updates_throttled=0
episode=0547
  mode      collector=async  worker=2  epsilon=0.132
  outcome   reward=-7.010700000000035  success=0/1 (0.00%)  steps=mean:307.0 range:[307,307]
  training  completed=550/2500  queue=1/256 (0%)  replay=95968/200000  updates=78  loss=0.03350  policy_version=214
  throughput env_steps_s=377.7  transitions_s=377.7  transitions_step=1.0  updates_s=95.0  updates_throttled=0
Saved checkpoint: checkpoints/breakout_27bricks_v2/ckpt-550
Scheduled replay buffer save: checkpoints/breakout_27bricks_v2/replay-550.npz transitions=95968
episode=0550
  mode      collector=async  worker=1  epsilon=0.131
  outcome   reward=-9.0041  success=0/1 (0.00%)  steps=mean:241.0 range:[241,241]
  training  completed=551/2500  queue=7/256 (3%)  replay=96001/200000  updates=8  loss=0.01486  policy_version=215
  throughput env_steps_s=295.2  transitions_s=295.2  transitions_step=1.0  updates_s=71.6  updates_throttled=0
Saved replay buffer: checkpoints/breakout_27bricks_v2/replay-550.npz transitions=95968
episode=0552
  mode      collector=async  worker=0  epsilon=0.131
  outcome   reward=-8.998299999999999  success=0/1 (0.00%)  steps=mean:183.0 range:[183,183]
  training  completed=552/2500  queue=0/256 (0%)  replay=96404/200000  updates=101  loss=0.01941  policy_version=216
  throughput env_steps_s=396.7  transitions_s=396.7  transitions_step=1.0  updates_s=99.4  updates_throttled=0
episode=0553
  mode      collector=async  worker=2  epsilon=0.130
  outcome   reward=-9.004199999999999  success=0/1 (0.00%)  steps=mean:242.0 range:[242,242]
  training  completed=553/2500  queue=0/256 (0%)  replay=96946/200000  updates=135  loss=0.01855  policy_version=217
  throughput env_steps_s=364.0  transitions_s=364.0  transitions_step=1.0  updates_s=90.7  updates_throttled=0
episode=0555
  mode      collector=async  worker=0  epsilon=0.130
  outcome   reward=-8.997599999999998  success=0/1 (0.00%)  steps=mean:176.0 range:[176,176]
  training  completed=554/2500  queue=0/256 (0%)  replay=97083/200000  updates=34  loss=0.03868  policy_version=217
  throughput env_steps_s=357.8  transitions_s=357.8  transitions_step=1.0  updates_s=88.8  updates_throttled=0
episode=0554
  mode      collector=async  worker=1  epsilon=0.129
  outcome   reward=-8.014099999999997  success=0/1 (0.00%)  steps=mean:341.0 range:[341,341]
  training  completed=555/2500  queue=0/256 (0%)  replay=97383/200000  updates=75  loss=0.03005  policy_version=218
  throughput env_steps_s=364.8  transitions_s=364.8  transitions_step=1.0  updates_s=91.2  updates_throttled=0
episode=0556
  mode      collector=async  worker=2  epsilon=0.129
  outcome   reward=-8.998299999999999  success=0/1 (0.00%)  steps=mean:183.0 range:[183,183]
  training  completed=556/2500  queue=0/256 (0%)  replay=97667/200000  updates=71  loss=0.01055  policy_version=219
  throughput env_steps_s=361.5  transitions_s=361.5  transitions_step=1.0  updates_s=90.4  updates_throttled=0
episode=0557
  mode      collector=async  worker=0  epsilon=0.128
  outcome   reward=-7.998400000000014  success=0/1 (0.00%)  steps=mean:184.0 range:[184,184]
  training  completed=557/2500  queue=0/256 (0%)  replay=97822/200000  updates=39  loss=0.02407  policy_version=219
  throughput env_steps_s=377.7  transitions_s=377.7  transitions_step=1.0  updates_s=95.0  updates_throttled=0
episode=0551
  mode      collector=async  worker=3  epsilon=0.128
  outcome   reward=-6.049700000000111  success=0/1 (0.00%)  steps=mean:697.0 range:[697,697]
  training  completed=558/2500  queue=0/256 (0%)  replay=97859/200000  updates=9  loss=0.01600  policy_version=219
  throughput env_steps_s=402.0  transitions_s=402.0  transitions_step=1.0  updates_s=97.8  updates_throttled=0
episode=0559
  mode      collector=async  worker=2  epsilon=0.128
  outcome   reward=-8.997399999999999  success=0/1 (0.00%)  steps=mean:174.0 range:[174,174]
  training  completed=559/2500  queue=0/256 (0%)  replay=98394/200000  updates=134  loss=0.02637  policy_version=220
  throughput env_steps_s=377.9  transitions_s=377.9  transitions_step=1.0  updates_s=94.6  updates_throttled=0
episode=0558
  mode      collector=async  worker=1  epsilon=0.127
  outcome   reward=-8.013199999999998  success=0/1 (0.00%)  steps=mean:332.0 range:[332,332]
  training  completed=560/2500  queue=3/256 (1%)  replay=98699/200000  updates=76  loss=0.03123  policy_version=221
  throughput env_steps_s=361.5  transitions_s=361.5  transitions_step=1.0  updates_s=90.1  updates_throttled=0
episode=0563
  mode      collector=async  worker=1  epsilon=0.127
  outcome   reward=-10.0068  success=0/1 (0.00%)  steps=mean:68.0 range:[68,68]
  training  completed=561/2500  queue=0/256 (0%)  replay=98968/200000  updates=68  loss=0.01698  policy_version=222
  throughput env_steps_s=366.6  transitions_s=366.6  transitions_step=1.0  updates_s=92.7  updates_throttled=0
episode=0560
  mode      collector=async  worker=0  epsilon=0.126
  outcome   reward=-8.010199999999998  success=0/1 (0.00%)  steps=mean:302.0 range:[302,302]
  training  completed=562/2500  queue=0/256 (0%)  replay=99015/200000  updates=11  loss=0.07229  policy_version=222
  throughput env_steps_s=416.3  transitions_s=416.3  transitions_step=1.0  updates_s=97.4  updates_throttled=0
episode=0562
  mode      collector=async  worker=2  epsilon=0.126
  outcome   reward=-9.003599999999999  success=0/1 (0.00%)  steps=mean:236.0 range:[236,236]
  training  completed=563/2500  queue=0/256 (0%)  replay=99342/200000  updates=82  loss=0.02672  policy_version=223
  throughput env_steps_s=354.7  transitions_s=354.7  transitions_step=1.0  updates_s=89.0  updates_throttled=0
episode=0561
  mode      collector=async  worker=3  epsilon=0.125
  outcome   reward=-7.022700000000014  success=0/1 (0.00%)  steps=mean:427.0 range:[427,427]
  training  completed=564/2500  queue=0/256 (0%)  replay=99571/200000  updates=57  loss=0.02365  policy_version=223
  throughput env_steps_s=378.6  transitions_s=378.6  transitions_step=1.0  updates_s=94.2  updates_throttled=0
episode=0565
  mode      collector=async  worker=0  epsilon=0.125
  outcome   reward=-8.9988  success=0/1 (0.00%)  steps=mean:188.0 range:[188,188]
  training  completed=565/2500  queue=0/256 (0%)  replay=99729/200000  updates=40  loss=0.00930  policy_version=224
  throughput env_steps_s=380.1  transitions_s=380.1  transitions_step=1.0  updates_s=96.2  updates_throttled=0
episode=0566
  mode      collector=async  worker=2  epsilon=0.124
  outcome   reward=-8.9996  success=0/1 (0.00%)  steps=mean:196.0 range:[196,196]
  training  completed=566/2500  queue=0/256 (0%)  replay=100119/200000  updates=97  loss=0.00822  policy_version=225
  throughput env_steps_s=388.4  transitions_s=388.4  transitions_step=1.0  updates_s=96.6  updates_throttled=0
episode=0567
  mode      collector=async  worker=3  epsilon=0.124
  outcome   reward=-8.012199999999998  success=0/1 (0.00%)  steps=mean:322.0 range:[322,322]
  training  completed=567/2500  queue=2/256 (1%)  replay=100840/200000  updates=181  loss=0.02154  policy_version=227
  throughput env_steps_s=365.3  transitions_s=365.3  transitions_step=1.0  updates_s=91.7  updates_throttled=0
episode=0564
  mode      collector=async  worker=1  epsilon=0.123
  outcome   reward=-7.0285000000000135  success=0/1 (0.00%)  steps=mean:485.0 range:[485,485]
  training  completed=568/2500  queue=0/256 (0%)  replay=100934/200000  updates=23  loss=0.01606  policy_version=227
  throughput env_steps_s=379.9  transitions_s=379.9  transitions_step=1.0  updates_s=93.0  updates_throttled=0
episode=0568
  mode      collector=async  worker=0  epsilon=0.123
  outcome   reward=-7.012300000000035  success=0/1 (0.00%)  steps=mean:323.0 range:[323,323]
  training  completed=569/2500  queue=0/256 (0%)  replay=101067/200000  updates=33  loss=0.01286  policy_version=227
  throughput env_steps_s=358.8  transitions_s=358.8  transitions_step=1.0  updates_s=89.0  updates_throttled=0
episode=0570
  mode      collector=async  worker=3  epsilon=0.122
  outcome   reward=-10.0066  success=0/1 (0.00%)  steps=mean:66.0 range:[66,66]
  training  completed=570/2500  queue=2/256 (1%)  replay=101120/200000  updates=14  loss=0.05656  policy_version=227
  throughput env_steps_s=353.5  transitions_s=353.5  transitions_step=1.0  updates_s=93.4  updates_throttled=0
episode=0573
  mode      collector=async  worker=3  epsilon=0.122
  outcome   reward=-10.006499999999999  success=0/1 (0.00%)  steps=mean:65.0 range:[65,65]
  training  completed=571/2500  queue=0/256 (0%)  replay=101374/200000  updates=63  loss=0.01753  policy_version=228
  throughput env_steps_s=368.5  transitions_s=368.5  transitions_step=1.0  updates_s=91.4  updates_throttled=0
episode=0574
  mode      collector=async  worker=3  epsilon=0.122
  outcome   reward=-10.0068  success=0/1 (0.00%)  steps=mean:68.0 range:[68,68]
  training  completed=572/2500  queue=0/256 (0%)  replay=101654/200000  updates=70  loss=0.02764  policy_version=229
  throughput env_steps_s=372.9  transitions_s=372.9  transitions_step=1.0  updates_s=93.2  updates_throttled=0
episode=0569
  mode      collector=async  worker=2  epsilon=0.121
  outcome   reward=-6.020600000000057  success=0/1 (0.00%)  steps=mean:406.0 range:[406,406]
  training  completed=573/2500  queue=2/256 (1%)  replay=101704/200000  updates=13  loss=0.03786  policy_version=229
  throughput env_steps_s=338.2  transitions_s=338.2  transitions_step=1.0  updates_s=87.9  updates_throttled=0
episode=0575
  mode      collector=async  worker=3  epsilon=0.121
  outcome   reward=-10.0064  success=0/1 (0.00%)  steps=mean:64.0 range:[64,64]
  training  completed=574/2500  queue=2/256 (1%)  replay=101917/200000  updates=53  loss=0.02331  policy_version=229
  throughput env_steps_s=378.8  transitions_s=378.8  transitions_step=1.0  updates_s=94.3  updates_throttled=0
episode=0576
  mode      collector=async  worker=2  epsilon=0.120
  outcome   reward=-8.016699999999997  success=0/1 (0.00%)  steps=mean:367.0 range:[367,367]
  training  completed=575/2500  queue=0/256 (0%)  replay=103138/200000  updates=305  loss=0.01504  policy_version=232
  throughput env_steps_s=360.7  transitions_s=360.7  transitions_step=1.0  updates_s=90.1  updates_throttled=0
Saved checkpoint: checkpoints/breakout_27bricks_v2/ckpt-575
Scheduled replay buffer save: checkpoints/breakout_27bricks_v2/replay-575.npz transitions=103138
Saved replay buffer: checkpoints/breakout_27bricks_v2/replay-575.npz transitions=103138
episode=0578
  mode      collector=async  worker=2  epsilon=0.120
  outcome   reward=-10.006  success=0/1 (0.00%)  steps=mean:60.0 range:[60,60]
  training  completed=576/2500  queue=1/256 (0%)  replay=103388/200000  updates=63  loss=0.01374  policy_version=233
  throughput env_steps_s=339.9  transitions_s=339.9  transitions_step=1.0  updates_s=85.7  updates_throttled=0
episode=0571
  mode      collector=async  worker=1  epsilon=0.119
  outcome   reward=-6.04250000000005  success=0/1 (0.00%)  steps=mean:625.0 range:[625,625]
  training  completed=577/2500  queue=0/256 (0%)  replay=103502/200000  updates=28  loss=0.02198  policy_version=233
  throughput env_steps_s=381.4  transitions_s=381.4  transitions_step=1.0  updates_s=93.7  updates_throttled=0
episode=0577
  mode      collector=async  worker=3  epsilon=0.119
  outcome   reward=-7.038300000000039  success=0/1 (0.00%)  steps=mean:583.0 range:[583,583]
  training  completed=578/2500  queue=2/256 (1%)  replay=104220/200000  updates=180  loss=0.00862  policy_version=235
  throughput env_steps_s=373.5  transitions_s=373.5  transitions_step=1.0  updates_s=93.6  updates_throttled=0
episode=0580
  mode      collector=async  worker=1  epsilon=0.118
  outcome   reward=-8.9995  success=0/1 (0.00%)  steps=mean:195.0 range:[195,195]
  training  completed=579/2500  queue=1/256 (0%)  replay=104308/200000  updates=22  loss=0.01826  policy_version=235
  throughput env_steps_s=399.1  transitions_s=399.1  transitions_step=1.0  updates_s=99.8  updates_throttled=0
episode=0579
  mode      collector=async  worker=2  epsilon=0.118
  outcome   reward=-9.002799999999999  success=0/1 (0.00%)  steps=mean:228.0 range:[228,228]
  training  completed=580/2500  queue=3/256 (1%)  replay=104337/200000  updates=7  loss=0.00886  policy_version=235
  throughput env_steps_s=312.4  transitions_s=312.4  transitions_step=1.0  updates_s=75.4  updates_throttled=0
episode=0583
  mode      collector=async  worker=2  epsilon=0.118
  outcome   reward=-10.0067  success=0/1 (0.00%)  steps=mean:67.0 range:[67,67]
  training  completed=581/2500  queue=0/256 (0%)  replay=104590/200000  updates=63  loss=0.03123  policy_version=236
  throughput env_steps_s=384.6  transitions_s=384.6  transitions_step=1.0  updates_s=95.8  updates_throttled=0
episode=0582
  mode      collector=async  worker=1  epsilon=0.117
  outcome   reward=-10.006499999999999  success=0/1 (0.00%)  steps=mean:65.0 range:[65,65]
  training  completed=582/2500  queue=0/256 (0%)  replay=104593/200000  updates=1  loss=0.01707  policy_version=236
  throughput env_steps_s=329.2  transitions_s=329.2  transitions_step=1.0  updates_s=109.7  updates_throttled=0
episode=0581
  mode      collector=async  worker=3  epsilon=0.117
  outcome   reward=-8.9985  success=0/1 (0.00%)  steps=mean:185.0 range:[185,185]
  training  completed=583/2500  queue=0/256 (0%)  replay=104944/200000  updates=88  loss=0.02016  policy_version=237
  throughput env_steps_s=356.9  transitions_s=356.9  transitions_step=1.0  updates_s=89.5  updates_throttled=0
episode=0586
  mode      collector=async  worker=3  epsilon=0.116
  outcome   reward=-10.0064  success=0/1 (0.00%)  steps=mean:64.0 range:[64,64]
  training  completed=584/2500  queue=0/256 (0%)  replay=105183/200000  updates=59  loss=0.01254  policy_version=237
  throughput env_steps_s=366.0  transitions_s=366.0  transitions_step=1.0  updates_s=90.4  updates_throttled=0
episode=0587
  mode      collector=async  worker=3  epsilon=0.116
  outcome   reward=-10.006499999999999  success=0/1 (0.00%)  steps=mean:65.0 range:[65,65]
  training  completed=585/2500  queue=0/256 (0%)  replay=105447/200000  updates=66  loss=0.02213  policy_version=238
  throughput env_steps_s=356.0  transitions_s=356.0  transitions_step=1.0  updates_s=89.0  updates_throttled=0
episode=0585
  mode      collector=async  worker=1  epsilon=0.115
  outcome   reward=-9.003599999999999  success=0/1 (0.00%)  steps=mean:236.0 range:[236,236]
  training  completed=586/2500  queue=0/256 (0%)  replay=105545/200000  updates=25  loss=0.03040  policy_version=238
  throughput env_steps_s=355.3  transitions_s=355.3  transitions_step=1.0  updates_s=90.6  updates_throttled=0
episode=0572
  mode      collector=async  worker=0  epsilon=0.115
  outcome   reward=-1.0993999999998287  success=0/1 (0.00%)  steps=mean:1194.0 range:[1194,1194]
  training  completed=587/2500  queue=0/256 (0%)  replay=105800/200000  updates=64  loss=0.01125  policy_version=239
  throughput env_steps_s=376.9  transitions_s=376.9  transitions_step=1.0  updates_s=94.6  updates_throttled=0
episode=0584
  mode      collector=async  worker=2  epsilon=0.115
  outcome   reward=-7.022100000000019  success=0/1 (0.00%)  steps=mean:421.0 range:[421,421]
  training  completed=588/2500  queue=0/256 (0%)  replay=106255/200000  updates=113  loss=0.02190  policy_version=240
  throughput env_steps_s=361.3  transitions_s=361.3  transitions_step=1.0  updates_s=89.7  updates_throttled=0
episode=0589
  mode      collector=async  worker=1  epsilon=0.114
  outcome   reward=-9.0002  success=0/1 (0.00%)  steps=mean:202.0 range:[202,202]
  training  completed=589/2500  queue=0/256 (0%)  replay=106342/200000  updates=22  loss=0.03044  policy_version=240
  throughput env_steps_s=364.8  transitions_s=364.8  transitions_step=1.0  updates_s=92.2  updates_throttled=0
episode=0591
  mode      collector=async  worker=2  epsilon=0.114
  outcome   reward=-8.998999999999999  success=0/1 (0.00%)  steps=mean:190.0 range:[190,190]
  training  completed=590/2500  queue=0/256 (0%)  replay=107029/200000  updates=172  loss=0.00790  policy_version=242
  throughput env_steps_s=356.7  transitions_s=356.7  transitions_step=1.0  updates_s=89.3  updates_throttled=0
episode=0590
  mode      collector=async  worker=0  epsilon=0.113
  outcome   reward=-8.015399999999998  success=0/1 (0.00%)  steps=mean:354.0 range:[354,354]
  training  completed=591/2500  queue=0/256 (0%)  replay=107254/200000  updates=56  loss=0.00593  policy_version=243
  throughput env_steps_s=369.9  transitions_s=369.9  transitions_step=1.0  updates_s=92.1  updates_throttled=0
episode=0593
  mode      collector=async  worker=2  epsilon=0.113
  outcome   reward=-10.006499999999999  success=0/1 (0.00%)  steps=mean:65.0 range:[65,65]
  training  completed=592/2500  queue=0/256 (0%)  replay=107283/200000  updates=7  loss=0.01012  policy_version=243
  throughput env_steps_s=350.9  transitions_s=350.9  transitions_step=1.0  updates_s=84.7  updates_throttled=0
episode=0592
  mode      collector=async  worker=1  epsilon=0.113
  outcome   reward=-9.003999999999998  success=0/1 (0.00%)  steps=mean:240.0 range:[240,240]
  training  completed=593/2500  queue=0/256 (0%)  replay=107285/200000  updates=1  loss=0.00584  policy_version=243
  throughput env_steps_s=322.9  transitions_s=322.9  transitions_step=1.0  updates_s=161.4  updates_throttled=0
episode=0596
  mode      collector=async  worker=1  epsilon=0.112
  outcome   reward=-10.0063  success=0/1 (0.00%)  steps=mean:63.0 range:[63,63]
  training  completed=594/2500  queue=1/256 (0%)  replay=107536/200000  updates=63  loss=0.01793  policy_version=243
  throughput env_steps_s=356.9  transitions_s=356.9  transitions_step=1.0  updates_s=89.6  updates_throttled=0
episode=0588
  mode      collector=async  worker=3  epsilon=0.112
  outcome   reward=-6.045100000000046  success=0/1 (0.00%)  steps=mean:651.0 range:[651,651]
  training  completed=595/2500  queue=0/256 (0%)  replay=108051/200000  updates=128  loss=0.01075  policy_version=245
  throughput env_steps_s=363.3  transitions_s=363.3  transitions_step=1.0  updates_s=90.3  updates_throttled=0
episode=0594
  mode      collector=async  worker=0  epsilon=0.111
  outcome   reward=-9.002199999999998  success=0/1 (0.00%)  steps=mean:222.0 range:[222,222]
  training  completed=596/2500  queue=0/256 (0%)  replay=108149/200000  updates=25  loss=0.00737  policy_version=245
  throughput env_steps_s=375.2  transitions_s=375.2  transitions_step=1.0  updates_s=95.7  updates_throttled=0
episode=0595
  mode      collector=async  worker=2  epsilon=0.111
  outcome   reward=-9.0026  success=0/1 (0.00%)  steps=mean:226.0 range:[226,226]
  training  completed=597/2500  queue=0/256 (0%)  replay=108195/200000  updates=11  loss=0.00662  policy_version=245
  throughput env_steps_s=347.6  transitions_s=347.6  transitions_step=1.0  updates_s=83.1  updates_throttled=0
episode=0597
  mode      collector=async  worker=1  epsilon=0.110
  outcome   reward=-8.999999999999998  success=0/1 (0.00%)  steps=mean:200.0 range:[200,200]
  training  completed=598/2500  queue=2/256 (1%)  replay=108320/200000  updates=32  loss=0.01523  policy_version=245
  throughput env_steps_s=356.0  transitions_s=356.0  transitions_step=1.0  updates_s=91.1  updates_throttled=0
episode=0599
  mode      collector=async  worker=0  epsilon=0.110
  outcome   reward=-10.0063  success=0/1 (0.00%)  steps=mean:63.0 range:[63,63]
  training  completed=599/2500  queue=0/256 (0%)  replay=108407/200000  updates=21  loss=0.01647  policy_version=246
  throughput env_steps_s=382.3  transitions_s=382.3  transitions_step=1.0  updates_s=92.3  updates_throttled=0
episode=0600
  mode      collector=async  worker=2  epsilon=0.110
  outcome   reward=-10.0063  success=0/1 (0.00%)  steps=mean:63.0 range:[63,63]
  training  completed=600/2500  queue=3/256 (1%)  replay=108446/200000  updates=10  loss=0.00810  policy_version=246
  throughput env_steps_s=291.6  transitions_s=291.6  transitions_step=1.0  updates_s=74.8  updates_throttled=0
Saved checkpoint: checkpoints/breakout_27bricks_v2/ckpt-600
Scheduled replay buffer save: checkpoints/breakout_27bricks_v2/replay-600.npz transitions=108446
Evaluating frozen checkpoint episode=600 episodes=20 metric=auto...
Saved replay buffer: checkpoints/breakout_27bricks_v2/replay-600.npz transitions=108446
episode=0598
  mode      collector=async  worker=3  epsilon=0.109
  outcome   reward=-7.997600000000014  success=0/1 (0.00%)  steps=mean:176.0 range:[176,176]
  training  completed=601/2500  queue=0/256 (0%)  replay=108743/200000  updates=74  loss=0.01705  policy_version=246
  throughput env_steps_s=282.9  transitions_s=282.9  transitions_step=1.0  updates_s=70.5  updates_throttled=0
episode=0604
  mode      collector=async  worker=3  epsilon=0.109
  outcome   reward=-9.000399999999999  success=0/1 (0.00%)  steps=mean:204.0 range:[204,204]
  training  completed=602/2500  queue=1/256 (0%)  replay=109559/200000  updates=204  loss=0.01104  policy_version=248
  throughput env_steps_s=302.1  transitions_s=302.1  transitions_step=1.0  updates_s=75.5  updates_throttled=0
episode=0601
  mode      collector=async  worker=1  epsilon=0.108
  outcome   reward=-6.0317000000000185  success=0/1 (0.00%)  steps=mean:517.0 range:[517,517]
  training  completed=603/2500  queue=0/256 (0%)  replay=110397/200000  updates=210  loss=0.01833  policy_version=251
  throughput env_steps_s=297.2  transitions_s=297.2  transitions_step=1.0  updates_s=74.5  updates_throttled=0
episode=0605
  mode      collector=async  worker=3  epsilon=0.108
  outcome   reward=-9.007599999999998  success=0/1 (0.00%)  steps=mean:276.0 range:[276,276]
  training  completed=604/2500  queue=0/256 (0%)  replay=110642/200000  updates=61  loss=0.01744  policy_version=251
  throughput env_steps_s=299.4  transitions_s=299.4  transitions_step=1.0  updates_s=74.5  updates_throttled=0
episode=0607
  mode      collector=async  worker=3  epsilon=0.108
  outcome   reward=-10.0061  success=0/1 (0.00%)  steps=mean:61.0 range:[61,61]
  training  completed=605/2500  queue=0/256 (0%)  replay=110894/200000  updates=63  loss=0.04024  policy_version=252
  throughput env_steps_s=294.7  transitions_s=294.7  transitions_step=1.0  updates_s=73.7  updates_throttled=0
episode=0606
  mode      collector=async  worker=1  epsilon=0.107
  outcome   reward=-8.998899999999999  success=0/1 (0.00%)  steps=mean:189.0 range:[189,189]
  training  completed=606/2500  queue=1/256 (0%)  replay=111140/200000  updates=62  loss=0.02286  policy_version=252
  throughput env_steps_s=306.9  transitions_s=306.9  transitions_step=1.0  updates_s=77.3  updates_throttled=0
episode=0603
  mode      collector=async  worker=2  epsilon=0.107
  outcome   reward=-3.0680999999999887  success=0/1 (0.00%)  steps=mean:881.0 range:[881,881]
  training  completed=607/2500  queue=3/256 (1%)  replay=111996/200000  updates=214  loss=0.01134  policy_version=255
  throughput env_steps_s=303.2  transitions_s=303.2  transitions_step=1.0  updates_s=75.8  updates_throttled=0
episode=0602
  mode      collector=async  worker=0  epsilon=0.106
  outcome   reward=-5.072500000000051  success=0/1 (0.00%)  steps=mean:925.0 range:[925,925]
  training  completed=608/2500  queue=0/256 (0%)  replay=112083/200000  updates=21  loss=0.01897  policy_version=255
  throughput env_steps_s=295.2  transitions_s=295.2  transitions_step=1.0  updates_s=71.2  updates_throttled=0
episode=0609
  mode      collector=async  worker=1  epsilon=0.106
  outcome   reward=-9.002999999999998  success=0/1 (0.00%)  steps=mean:230.0 range:[230,230]
  training  completed=609/2500  queue=0/256 (0%)  replay=112087/200000  updates=1  loss=0.05165  policy_version=255
  throughput env_steps_s=273.4  transitions_s=273.4  transitions_step=1.0  updates_s=68.3  updates_throttled=0
episode=0608
  mode      collector=async  worker=3  epsilon=0.106
  outcome   reward=-8.013299999999997  success=0/1 (0.00%)  steps=mean:333.0 range:[333,333]
  training  completed=610/2500  queue=2/256 (1%)  replay=112200/200000  updates=29  loss=0.02884  policy_version=255
  throughput env_steps_s=298.7  transitions_s=298.7  transitions_step=1.0  updates_s=76.7  updates_throttled=0
episode=0612
  mode      collector=async  worker=1  epsilon=0.105
  outcome   reward=-10.0062  success=0/1 (0.00%)  steps=mean:62.0 range:[62,62]
  training  completed=611/2500  queue=1/256 (0%)  replay=112361/200000  updates=40  loss=0.00778  policy_version=255
  throughput env_steps_s=312.8  transitions_s=312.8  transitions_step=1.0  updates_s=77.7  updates_throttled=0
episode=0614
  mode      collector=async  worker=1  epsilon=0.105
  outcome   reward=-10.0066  success=0/1 (0.00%)  steps=mean:66.0 range:[66,66]
  training  completed=612/2500  queue=0/256 (0%)  replay=112625/200000  updates=66  loss=0.00734  policy_version=256
  throughput env_steps_s=293.2  transitions_s=293.2  transitions_step=1.0  updates_s=73.3  updates_throttled=0
episode=0610
  mode      collector=async  worker=2  epsilon=0.105
  outcome   reward=-9.0001  success=0/1 (0.00%)  steps=mean:201.0 range:[201,201]
  training  completed=613/2500  queue=0/256 (0%)  replay=112803/200000  updates=44  loss=0.01398  policy_version=257
  throughput env_steps_s=288.1  transitions_s=288.1  transitions_step=1.0  updates_s=71.2  updates_throttled=0
episode=0611
  mode      collector=async  worker=0  epsilon=0.104
  outcome   reward=-9.000499999999999  success=0/1 (0.00%)  steps=mean:205.0 range:[205,205]
  training  completed=614/2500  queue=0/256 (0%)  replay=112874/200000  updates=18  loss=0.00608  policy_version=257
  throughput env_steps_s=292.4  transitions_s=292.4  transitions_step=1.0  updates_s=74.1  updates_throttled=0
episode=0613
  mode      collector=async  worker=3  epsilon=0.104
  outcome   reward=-9.002899999999999  success=0/1 (0.00%)  steps=mean:229.0 range:[229,229]
  training  completed=615/2500  queue=0/256 (0%)  replay=113122/200000  updates=62  loss=0.00575  policy_version=257
  throughput env_steps_s=306.4  transitions_s=306.4  transitions_step=1.0  updates_s=76.6  updates_throttled=0
Frozen evaluation episode=600: success=0/20 (0.00%) reward_mean=-9.0069 steps_mean=188.8
episode=0618
  mode      collector=async  worker=3  epsilon=0.103
  outcome   reward=-10.006  success=0/1 (0.00%)  steps=mean:60.0 range:[60,60]
  training  completed=616/2500  queue=1/256 (0%)  replay=113340/200000  updates=55  loss=0.00848  policy_version=258
  throughput env_steps_s=319.5  transitions_s=319.5  transitions_step=1.0  updates_s=80.6  updates_throttled=0
episode=0619
  mode      collector=async  worker=3  epsilon=0.103
  outcome   reward=-10.0064  success=0/1 (0.00%)  steps=mean:64.0 range:[64,64]
  training  completed=617/2500  queue=0/256 (0%)  replay=113587/200000  updates=61  loss=0.00673  policy_version=258
  throughput env_steps_s=357.2  transitions_s=357.2  transitions_step=1.0  updates_s=88.2  updates_throttled=0
episode=0617
  mode      collector=async  worker=0  epsilon=0.103
  outcome   reward=-9.000899999999998  success=0/1 (0.00%)  steps=mean:209.0 range:[209,209]
  training  completed=618/2500  queue=0/256 (0%)  replay=113682/200000  updates=24  loss=0.00587  policy_version=259
  throughput env_steps_s=353.2  transitions_s=353.2  transitions_step=1.0  updates_s=89.2  updates_throttled=0
episode=0620
  mode      collector=async  worker=3  epsilon=0.102
  outcome   reward=-8.9888  success=0/1 (0.00%)  steps=mean:88.0 range:[88,88]
  training  completed=619/2500  queue=0/256 (0%)  replay=113931/200000  updates=62  loss=0.02668  policy_version=259
  throughput env_steps_s=361.5  transitions_s=361.5  transitions_step=1.0  updates_s=90.0  updates_throttled=0
episode=0621
  mode      collector=async  worker=0  epsilon=0.102
  outcome   reward=-10.0062  success=0/1 (0.00%)  steps=mean:62.0 range:[62,62]
  training  completed=620/2500  queue=2/256 (1%)  replay=113951/200000  updates=5  loss=0.04900  policy_version=259
  throughput env_steps_s=290.2  transitions_s=290.2  transitions_step=1.0  updates_s=72.6  updates_throttled=0
episode=0615
  mode      collector=async  worker=1  epsilon=0.101
  outcome   reward=-8.014399999999997  success=0/1 (0.00%)  steps=mean:344.0 range:[344,344]
  training  completed=621/2500  queue=0/256 (0%)  replay=114046/200000  updates=24  loss=0.03068  policy_version=260
  throughput env_steps_s=360.3  transitions_s=360.3  transitions_step=1.0  updates_s=91.0  updates_throttled=0
episode=0616
  mode      collector=async  worker=2  epsilon=0.101
  outcome   reward=-8.012799999999997  success=0/1 (0.00%)  steps=mean:328.0 range:[328,328]
  training  completed=622/2500  queue=0/256 (0%)  replay=114119/200000  updates=18  loss=0.01985  policy_version=260
  throughput env_steps_s=366.3  transitions_s=366.3  transitions_step=1.0  updates_s=90.3  updates_throttled=0
episode=0622
  mode      collector=async  worker=3  epsilon=0.101
  outcome   reward=-10.0062  success=0/1 (0.00%)  steps=mean:62.0 range:[62,62]
  training  completed=623/2500  queue=0/256 (0%)  replay=114201/200000  updates=21  loss=0.02813  policy_version=260
  throughput env_steps_s=361.7  transitions_s=361.7  transitions_step=1.0  updates_s=92.6  updates_throttled=0
episode=0626
  mode      collector=async  worker=3  epsilon=0.100
  outcome   reward=-10.0066  success=0/1 (0.00%)  steps=mean:66.0 range:[66,66]
  training  completed=624/2500  queue=0/256 (0%)  replay=114470/200000  updates=67  loss=0.01596  policy_version=261
  throughput env_steps_s=359.4  transitions_s=359.4  transitions_step=1.0  updates_s=89.5  updates_throttled=0
episode=0627
  mode      collector=async  worker=3  epsilon=0.100
  outcome   reward=-10.0064  success=0/1 (0.00%)  steps=mean:64.0 range:[64,64]
  training  completed=625/2500  queue=2/256 (1%)  replay=114729/200000  updates=65  loss=0.01569  policy_version=261
  throughput env_steps_s=352.1  transitions_s=352.1  transitions_step=1.0  updates_s=88.4  updates_throttled=0
Saved checkpoint: checkpoints/breakout_27bricks_v2/ckpt-625
Scheduled replay buffer save: checkpoints/breakout_27bricks_v2/replay-625.npz transitions=114729
Saved replay buffer: checkpoints/breakout_27bricks_v2/replay-625.npz transitions=114729
episode=0623
  mode      collector=async  worker=0  epsilon=0.100
  outcome   reward=-8.001100000000012  success=0/1 (0.00%)  steps=mean:211.0 range:[211,211]
  training  completed=626/2500  queue=0/256 (0%)  replay=114831/200000  updates=25  loss=0.00892  policy_version=262
  throughput env_steps_s=309.4  transitions_s=309.4  transitions_step=1.0  updates_s=75.8  updates_throttled=0
episode=0625
  mode      collector=async  worker=2  epsilon=0.099
  outcome   reward=-9.002399999999998  success=0/1 (0.00%)  steps=mean:224.0 range:[224,224]
  training  completed=627/2500  queue=0/256 (0%)  replay=114954/200000  updates=31  loss=0.01906  policy_version=262
  throughput env_steps_s=356.5  transitions_s=356.5  transitions_step=1.0  updates_s=89.8  updates_throttled=0
episode=0624
  mode      collector=async  worker=1  epsilon=0.099
  outcome   reward=-8.015099999999997  success=0/1 (0.00%)  steps=mean:351.0 range:[351,351]
  training  completed=628/2500  queue=2/256 (1%)  replay=115444/200000  updates=123  loss=0.00690  policy_version=263
  throughput env_steps_s=351.3  transitions_s=351.3  transitions_step=1.0  updates_s=88.2  updates_throttled=0
episode=0629
  mode      collector=async  worker=0  epsilon=0.099
  outcome   reward=-8.9987  success=0/1 (0.00%)  steps=mean:187.0 range:[187,187]
  training  completed=629/2500  queue=0/256 (0%)  replay=115564/200000  updates=30  loss=0.00487  policy_version=263
  throughput env_steps_s=342.4  transitions_s=342.4  transitions_step=1.0  updates_s=85.6  updates_throttled=0
episode=0628
  mode      collector=async  worker=3  epsilon=0.098
  outcome   reward=-9.0019  success=0/1 (0.00%)  steps=mean:219.0 range:[219,219]
  training  completed=630/2500  queue=0/256 (0%)  replay=115625/200000  updates=15  loss=0.05172  policy_version=264
  throughput env_steps_s=341.4  transitions_s=341.4  transitions_step=1.0  updates_s=84.0  updates_throttled=0
episode=0631
  mode      collector=async  worker=1  epsilon=0.098
  outcome   reward=-10.0063  success=0/1 (0.00%)  steps=mean:63.0 range:[63,63]
  training  completed=631/2500  queue=1/256 (0%)  replay=115708/200000  updates=21  loss=0.05310  policy_version=264
  throughput env_steps_s=371.9  transitions_s=371.9  transitions_step=1.0  updates_s=94.1  updates_throttled=0
episode=0630
  mode      collector=async  worker=2  epsilon=0.097
  outcome   reward=-8.999799999999999  success=0/1 (0.00%)  steps=mean:198.0 range:[198,198]
  training  completed=632/2500  queue=0/256 (0%)  replay=115734/200000  updates=6  loss=0.01364  policy_version=264
  throughput env_steps_s=365.6  transitions_s=365.6  transitions_step=1.0  updates_s=84.4  updates_throttled=0
episode=0634
  mode      collector=async  worker=1  epsilon=0.097
  outcome   reward=-10.0064  success=0/1 (0.00%)  steps=mean:64.0 range:[64,64]
  training  completed=633/2500  queue=0/256 (0%)  replay=115971/200000  updates=59  loss=0.02462  policy_version=264
  throughput env_steps_s=345.5  transitions_s=345.5  transitions_step=1.0  updates_s=86.0  updates_throttled=0
episode=0636
  mode      collector=async  worker=1  epsilon=0.097
  outcome   reward=-10.0068  success=0/1 (0.00%)  steps=mean:68.0 range:[68,68]
  training  completed=634/2500  queue=0/256 (0%)  replay=116238/200000  updates=67  loss=0.02963  policy_version=265
  throughput env_steps_s=358.4  transitions_s=358.4  transitions_step=1.0  updates_s=89.9  updates_throttled=0
episode=0633
  mode      collector=async  worker=3  epsilon=0.096
  outcome   reward=-8.9985  success=0/1 (0.00%)  steps=mean:185.0 range:[185,185]
  training  completed=635/2500  queue=0/256 (0%)  replay=116375/200000  updates=34  loss=0.00735  policy_version=265
  throughput env_steps_s=357.6  transitions_s=357.6  transitions_step=1.0  updates_s=88.7  updates_throttled=0
episode=0637
  mode      collector=async  worker=1  epsilon=0.096
  outcome   reward=-10.0064  success=0/1 (0.00%)  steps=mean:64.0 range:[64,64]
  training  completed=636/2500  queue=1/256 (0%)  replay=116496/200000  updates=31  loss=0.00853  policy_version=266
  throughput env_steps_s=361.8  transitions_s=361.8  transitions_step=1.0  updates_s=92.7  updates_throttled=0
episode=0638
  mode      collector=async  worker=3  epsilon=0.096
  outcome   reward=-8.999199999999998  success=0/1 (0.00%)  steps=mean:192.0 range:[192,192]
  training  completed=637/2500  queue=0/256 (0%)  replay=117124/200000  updates=157  loss=0.02616  policy_version=267
  throughput env_steps_s=356.8  transitions_s=356.8  transitions_step=1.0  updates_s=89.2  updates_throttled=0
episode=0635
  mode      collector=async  worker=2  epsilon=0.095
  outcome   reward=-8.017999999999997  success=0/1 (0.00%)  steps=mean:380.0 range:[380,380]
  training  completed=638/2500  queue=0/256 (0%)  replay=117238/200000  updates=28  loss=0.00991  policy_version=268
  throughput env_steps_s=358.9  transitions_s=358.9  transitions_step=1.0  updates_s=88.2  updates_throttled=0
episode=0640
  mode      collector=async  worker=3  epsilon=0.095
  outcome   reward=-10.0064  success=0/1 (0.00%)  steps=mean:64.0 range:[64,64]
  training  completed=639/2500  queue=0/256 (0%)  replay=117380/200000  updates=36  loss=0.01663  policy_version=268
  throughput env_steps_s=315.9  transitions_s=315.9  transitions_step=1.0  updates_s=80.1  updates_throttled=0
episode=0641
  mode      collector=async  worker=2  epsilon=0.095
  outcome   reward=-10.0064  success=0/1 (0.00%)  steps=mean:64.0 range:[64,64]
  training  completed=640/2500  queue=4/256 (2%)  replay=117517/200000  updates=34  loss=0.01145  policy_version=268
  throughput env_steps_s=342.1  transitions_s=342.1  transitions_step=1.0  updates_s=84.9  updates_throttled=0
episode=0632
  mode      collector=async  worker=0  epsilon=0.094
  outcome   reward=-6.029400000000044  success=0/1 (0.00%)  steps=mean:494.0 range:[494,494]
  training  completed=641/2500  queue=2/256 (1%)  replay=117520/200000  updates=1  loss=0.01944  policy_version=268
  throughput env_steps_s=501.7  transitions_s=501.7  transitions_step=1.0  updates_s=167.2  updates_throttled=0
episode=0642
  mode      collector=async  worker=3  epsilon=0.094
  outcome   reward=-10.0063  success=0/1 (0.00%)  steps=mean:63.0 range:[63,63]
  training  completed=642/2500  queue=0/256 (0%)  replay=117633/200000  updates=28  loss=0.04694  policy_version=269
  throughput env_steps_s=338.7  transitions_s=338.7  transitions_step=1.0  updates_s=83.9  updates_throttled=0
episode=0639
  mode      collector=async  worker=1  epsilon=0.094
  outcome   reward=-8.009799999999998  success=0/1 (0.00%)  steps=mean:298.0 range:[298,298]
  training  completed=643/2500  queue=0/256 (0%)  replay=117703/200000  updates=17  loss=0.02334  policy_version=269
  throughput env_steps_s=347.8  transitions_s=347.8  transitions_step=1.0  updates_s=84.5  updates_throttled=0
episode=0644
  mode      collector=async  worker=0  epsilon=0.093
  outcome   reward=-10.006499999999999  success=0/1 (0.00%)  steps=mean:65.0 range:[65,65]
  training  completed=644/2500  queue=1/256 (0%)  replay=117780/200000  updates=20  loss=0.03827  policy_version=269
  throughput env_steps_s=343.8  transitions_s=343.8  transitions_step=1.0  updates_s=89.3  updates_throttled=0
episode=0645
  mode      collector=async  worker=3  epsilon=0.093
  outcome   reward=-10.0066  success=0/1 (0.00%)  steps=mean:66.0 range:[66,66]
  training  completed=645/2500  queue=0/256 (0%)  replay=117898/200000  updates=29  loss=0.01591  policy_version=269
  throughput env_steps_s=346.2  transitions_s=346.2  transitions_step=1.0  updates_s=85.1  updates_throttled=0
episode=0643
  mode      collector=async  worker=2  epsilon=0.093
  outcome   reward=-8.999099999999999  success=0/1 (0.00%)  steps=mean:191.0 range:[191,191]
  training  completed=646/2500  queue=1/256 (0%)  replay=118252/200000  updates=89  loss=0.01707  policy_version=270
  throughput env_steps_s=342.6  transitions_s=342.6  transitions_step=1.0  updates_s=86.1  updates_throttled=0
episode=0649
  mode      collector=async  worker=2  epsilon=0.092
  outcome   reward=-10.006499999999999  success=0/1 (0.00%)  steps=mean:65.0 range:[65,65]
  training  completed=647/2500  queue=0/256 (0%)  replay=118506/200000  updates=63  loss=0.00718  policy_version=271
  throughput env_steps_s=349.0  transitions_s=349.0  transitions_step=1.0  updates_s=86.6  updates_throttled=0
episode=0646
  mode      collector=async  worker=1  epsilon=0.092
  outcome   reward=-9.002699999999999  success=0/1 (0.00%)  steps=mean:227.0 range:[227,227]
  training  completed=648/2500  queue=0/256 (0%)  replay=118591/200000  updates=21  loss=0.02100  policy_version=271
  throughput env_steps_s=337.5  transitions_s=337.5  transitions_step=1.0  updates_s=83.4  updates_throttled=0
episode=0648
  mode      collector=async  worker=3  epsilon=0.092
  outcome   reward=-9.0032  success=0/1 (0.00%)  steps=mean:232.0 range:[232,232]
  training  completed=649/2500  queue=2/256 (1%)  replay=118824/200000  updates=59  loss=0.03358  policy_version=272
  throughput env_steps_s=352.2  transitions_s=352.2  transitions_step=1.0  updates_s=89.2  updates_throttled=0
episode=0650
  mode      collector=async  worker=2  epsilon=0.091
  outcome   reward=-8.9986  success=0/1 (0.00%)  steps=mean:186.0 range:[186,186]
  training  completed=650/2500  queue=0/256 (0%)  replay=119219/200000  updates=98  loss=0.01739  policy_version=273
  throughput env_steps_s=343.1  transitions_s=343.1  transitions_step=1.0  updates_s=85.1  updates_throttled=0
Saved checkpoint: checkpoints/breakout_27bricks_v2/ckpt-650
Scheduled replay buffer save: checkpoints/breakout_27bricks_v2/replay-650.npz transitions=119219
Saved replay buffer: checkpoints/breakout_27bricks_v2/replay-650.npz transitions=119219
episode=0651
  mode      collector=async  worker=1  epsilon=0.091
  outcome   reward=-8.999199999999998  success=0/1 (0.00%)  steps=mean:192.0 range:[192,192]
  training  completed=651/2500  queue=0/256 (0%)  replay=119376/200000  updates=40  loss=0.01674  policy_version=273
  throughput env_steps_s=314.3  transitions_s=314.3  transitions_step=1.0  updates_s=80.1  updates_throttled=0
episode=0653
  mode      collector=async  worker=2  epsilon=0.091
  outcome   reward=-10.0063  success=0/1 (0.00%)  steps=mean:63.0 range:[63,63]
  training  completed=652/2500  queue=0/256 (0%)  replay=119490/200000  updates=28  loss=0.01724  policy_version=273
  throughput env_steps_s=327.7  transitions_s=327.7  transitions_step=1.0  updates_s=80.5  updates_throttled=0
episode=0652
  mode      collector=async  worker=3  epsilon=0.090
  outcome   reward=-8.997399999999999  success=0/1 (0.00%)  steps=mean:174.0 range:[174,174]
  training  completed=653/2500  queue=0/256 (0%)  replay=119526/200000  updates=9  loss=0.02129  policy_version=273
  throughput env_steps_s=381.7  transitions_s=381.7  transitions_step=1.0  updates_s=95.4  updates_throttled=0
episode=0656
  mode      collector=async  worker=3  epsilon=0.090
  outcome   reward=-10.0064  success=0/1 (0.00%)  steps=mean:64.0 range:[64,64]
  training  completed=654/2500  queue=1/256 (0%)  replay=119772/200000  updates=62  loss=0.00677  policy_version=274
  throughput env_steps_s=350.6  transitions_s=350.6  transitions_step=1.0  updates_s=88.4  updates_throttled=0
episode=0647
  mode      collector=async  worker=0  epsilon=0.090
  outcome   reward=-6.03440000000007  success=0/1 (0.00%)  steps=mean:544.0 range:[544,544]
  training  completed=655/2500  queue=0/256 (0%)  replay=119995/200000  updates=55  loss=0.01870  policy_version=274
  throughput env_steps_s=340.3  transitions_s=340.3  transitions_step=1.0  updates_s=83.9  updates_throttled=0
episode=0657
  mode      collector=async  worker=3  epsilon=0.089
  outcome   reward=-10.0061  success=0/1 (0.00%)  steps=mean:61.0 range:[61,61]
  training  completed=656/2500  queue=0/256 (0%)  replay=120015/200000  updates=5  loss=0.00515  policy_version=275
  throughput env_steps_s=346.1  transitions_s=346.1  transitions_step=1.0  updates_s=86.5  updates_throttled=0
episode=0654
  mode      collector=async  worker=1  epsilon=0.089
  outcome   reward=-9.002799999999999  success=0/1 (0.00%)  steps=mean:228.0 range:[228,228]
  training  completed=657/2500  queue=0/256 (0%)  replay=120287/200000  updates=68  loss=0.03516  policy_version=275
  throughput env_steps_s=355.4  transitions_s=355.4  transitions_step=1.0  updates_s=88.8  updates_throttled=0
episode=0655
  mode      collector=async  worker=2  epsilon=0.089
  outcome   reward=-7.999900000000014  success=0/1 (0.00%)  steps=mean:199.0 range:[199,199]
  training  completed=658/2500  queue=0/256 (0%)  replay=120295/200000  updates=2  loss=0.02884  policy_version=275
  throughput env_steps_s=324.5  transitions_s=324.5  transitions_step=1.0  updates_s=81.1  updates_throttled=0
episode=0660
  mode      collector=async  worker=1  epsilon=0.088
  outcome   reward=-10.006499999999999  success=0/1 (0.00%)  steps=mean:65.0 range:[65,65]
  training  completed=659/2500  queue=0/256 (0%)  replay=120559/200000  updates=66  loss=0.01350  policy_version=276
  throughput env_steps_s=342.7  transitions_s=342.7  transitions_step=1.0  updates_s=85.7  updates_throttled=0
episode=0662
  mode      collector=async  worker=1  epsilon=0.088
  outcome   reward=-10.0062  success=0/1 (0.00%)  steps=mean:62.0 range:[62,62]
  training  completed=660/2500  queue=5/256 (2%)  replay=120824/200000  updates=67  loss=0.03756  policy_version=277
  throughput env_steps_s=336.7  transitions_s=336.7  transitions_step=1.0  updates_s=85.1  updates_throttled=0
episode=0659
  mode      collector=async  worker=3  epsilon=0.088
  outcome   reward=-9.002799999999999  success=0/1 (0.00%)  steps=mean:228.0 range:[228,228]
  training  completed=661/2500  queue=0/256 (0%)  replay=120922/200000  updates=24  loss=0.03175  policy_version=277
  throughput env_steps_s=354.6  transitions_s=354.6  transitions_step=1.0  updates_s=86.8  updates_throttled=0
episode=0663
  mode      collector=async  worker=1  epsilon=0.087
  outcome   reward=-10.0061  success=0/1 (0.00%)  steps=mean:61.0 range:[61,61]
  training  completed=662/2500  queue=1/256 (0%)  replay=121072/200000  updates=38  loss=0.02669  policy_version=277
  throughput env_steps_s=354.6  transitions_s=354.6  transitions_step=1.0  updates_s=89.8  updates_throttled=0
episode=0664
  mode      collector=async  worker=3  epsilon=0.087
  outcome   reward=-10.006499999999999  success=0/1 (0.00%)  steps=mean:65.0 range:[65,65]
  training  completed=663/2500  queue=0/256 (0%)  replay=121194/200000  updates=30  loss=0.01036  policy_version=277
  throughput env_steps_s=360.7  transitions_s=360.7  transitions_step=1.0  updates_s=88.7  updates_throttled=0
episode=0661
  mode      collector=async  worker=2  epsilon=0.087
  outcome   reward=-8.003800000000009  success=0/1 (0.00%)  steps=mean:238.0 range:[238,238]
  training  completed=664/2500  queue=3/256 (1%)  replay=121240/200000  updates=12  loss=0.07028  policy_version=278
  throughput env_steps_s=320.9  transitions_s=320.9  transitions_step=1.0  updates_s=83.7  updates_throttled=0
episode=0665
  mode      collector=async  worker=1  epsilon=0.086
  outcome   reward=-8.998999999999999  success=0/1 (0.00%)  steps=mean:190.0 range:[190,190]
  training  completed=665/2500  queue=0/256 (0%)  replay=121808/200000  updates=142  loss=0.01247  policy_version=279
  throughput env_steps_s=351.0  transitions_s=351.0  transitions_step=1.0  updates_s=87.8  updates_throttled=0
episode=0667
  mode      collector=async  worker=2  epsilon=0.086
  outcome   reward=-9.000699999999998  success=0/1 (0.00%)  steps=mean:207.0 range:[207,207]
  training  completed=666/2500  queue=0/256 (0%)  replay=122062/200000  updates=63  loss=0.02052  policy_version=280
  throughput env_steps_s=351.9  transitions_s=351.9  transitions_step=1.0  updates_s=87.3  updates_throttled=0
episode=0669
  mode      collector=async  worker=2  epsilon=0.086
  outcome   reward=-10.0063  success=0/1 (0.00%)  steps=mean:63.0 range:[63,63]
  training  completed=667/2500  queue=1/256 (0%)  replay=122316/200000  updates=64  loss=0.00813  policy_version=280
  throughput env_steps_s=352.3  transitions_s=352.3  transitions_step=1.0  updates_s=88.8  updates_throttled=0
episode=0666
  mode      collector=async  worker=3  epsilon=0.085
  outcome   reward=-7.009800000000034  success=0/1 (0.00%)  steps=mean:298.0 range:[298,298]
  training  completed=668/2500  queue=0/256 (0%)  replay=122410/200000  updates=23  loss=0.01296  policy_version=281
  throughput env_steps_s=366.9  transitions_s=366.9  transitions_step=1.0  updates_s=89.8  updates_throttled=0
episode=0658
  mode      collector=async  worker=0  epsilon=0.085
  outcome   reward=-7.041200000000015  success=0/1 (0.00%)  steps=mean:612.0 range:[612,612]
  training  completed=669/2500  queue=0/256 (0%)  replay=122428/200000  updates=5  loss=0.00853  policy_version=281
  throughput env_steps_s=333.8  transitions_s=333.8  transitions_step=1.0  updates_s=92.7  updates_throttled=0
episode=0668
  mode      collector=async  worker=1  epsilon=0.085
  outcome   reward=-9.000499999999999  success=0/1 (0.00%)  steps=mean:205.0 range:[205,205]
  training  completed=670/2500  queue=0/256 (0%)  replay=122631/200000  updates=50  loss=0.01730  policy_version=281
  throughput env_steps_s=351.4  transitions_s=351.4  transitions_step=1.0  updates_s=86.6  updates_throttled=0
episode=0672
  mode      collector=async  worker=0  epsilon=0.084
  outcome   reward=-10.006499999999999  success=0/1 (0.00%)  steps=mean:65.0 range:[65,65]
  training  completed=671/2500  queue=0/256 (0%)  replay=122682/200000  updates=13  loss=0.00838  policy_version=281
  throughput env_steps_s=357.8  transitions_s=357.8  transitions_step=1.0  updates_s=91.2  updates_throttled=0
episode=0670
  mode      collector=async  worker=2  epsilon=0.084
  outcome   reward=-8.998199999999999  success=0/1 (0.00%)  steps=mean:182.0 range:[182,182]
  training  completed=672/2500  queue=0/256 (0%)  replay=123055/200000  updates=93  loss=0.01969  policy_version=282
  throughput env_steps_s=362.8  transitions_s=362.8  transitions_step=1.0  updates_s=90.4  updates_throttled=0
episode=0674
  mode      collector=async  worker=0  epsilon=0.084
  outcome   reward=-8.9979  success=0/1 (0.00%)  steps=mean:179.0 range:[179,179]
  training  completed=673/2500  queue=0/256 (0%)  replay=123404/200000  updates=88  loss=0.01329  policy_version=283
  throughput env_steps_s=345.4  transitions_s=345.4  transitions_step=1.0  updates_s=87.1  updates_throttled=0
episode=0671
  mode      collector=async  worker=3  epsilon=0.083
  outcome   reward=-8.010299999999997  success=0/1 (0.00%)  steps=mean:303.0 range:[303,303]
  training  completed=674/2500  queue=1/256 (0%)  replay=123640/200000  updates=59  loss=0.01290  policy_version=284
  throughput env_steps_s=342.7  transitions_s=342.7  transitions_step=1.0  updates_s=85.7  updates_throttled=0
episode=0675
  mode      collector=async  worker=2  epsilon=0.083
  outcome   reward=-8.999299999999998  success=0/1 (0.00%)  steps=mean:193.0 range:[193,193]
  training  completed=675/2500  queue=0/256 (0%)  replay=123831/200000  updates=47  loss=0.00632  policy_version=284
  throughput env_steps_s=339.4  transitions_s=339.4  transitions_step=1.0  updates_s=83.5  updates_throttled=0
Saved checkpoint: checkpoints/breakout_27bricks_v2/ckpt-675
Scheduled replay buffer save: checkpoints/breakout_27bricks_v2/replay-675.npz transitions=123831
episode=0673
  mode      collector=async  worker=1  epsilon=0.083
  outcome   reward=-8.011099999999997  success=0/1 (0.00%)  steps=mean:311.0 range:[311,311]
  training  completed=676/2500  queue=4/256 (2%)  replay=123868/200000  updates=10  loss=0.05402  policy_version=284
  throughput env_steps_s=267.0  transitions_s=267.0  transitions_step=1.0  updates_s=72.2  updates_throttled=0
episode=0677
  mode      collector=async  worker=3  epsilon=0.083
  outcome   reward=-10.0064  success=0/1 (0.00%)  steps=mean:64.0 range:[64,64]
  training  completed=677/2500  queue=0/256 (0%)  replay=123902/200000  updates=8  loss=0.00471  policy_version=284
  throughput env_steps_s=303.4  transitions_s=303.4  transitions_step=1.0  updates_s=71.4  updates_throttled=0
Saved replay buffer: checkpoints/breakout_27bricks_v2/replay-675.npz transitions=123831
episode=0676
  mode      collector=async  worker=0  epsilon=0.082
  outcome   reward=-8.013299999999997  success=0/1 (0.00%)  steps=mean:333.0 range:[333,333]
  training  completed=678/2500  queue=3/256 (1%)  replay=124736/200000  updates=209  loss=0.01087  policy_version=286
  throughput env_steps_s=339.6  transitions_s=339.6  transitions_step=1.0  updates_s=85.1  updates_throttled=0
episode=0678
  mode      collector=async  worker=2  epsilon=0.082
  outcome   reward=-9.002699999999999  success=0/1 (0.00%)  steps=mean:227.0 range:[227,227]
  training  completed=679/2500  queue=0/256 (0%)  replay=124743/200000  updates=1  loss=0.03307  policy_version=286
  throughput env_steps_s=609.1  transitions_s=609.1  transitions_step=1.0  updates_s=87.0  updates_throttled=0
episode=0680
  mode      collector=async  worker=3  epsilon=0.082
  outcome   reward=-9.001599999999998  success=0/1 (0.00%)  steps=mean:216.0 range:[216,216]
  training  completed=680/2500  queue=3/256 (1%)  replay=124758/200000  updates=4  loss=0.01660  policy_version=286
  throughput env_steps_s=269.2  transitions_s=269.2  transitions_step=1.0  updates_s=71.8  updates_throttled=0
episode=0681
  mode      collector=async  worker=0  epsilon=0.081
  outcome   reward=-10.0063  success=0/1 (0.00%)  steps=mean:63.0 range:[63,63]
  training  completed=681/2500  queue=2/256 (1%)  replay=125000/200000  updates=61  loss=0.03259  policy_version=287
  throughput env_steps_s=349.2  transitions_s=349.2  transitions_step=1.0  updates_s=88.0  updates_throttled=0
episode=0679
  mode      collector=async  worker=1  epsilon=0.081
  outcome   reward=-7.0114000000000125  success=0/1 (0.00%)  steps=mean:314.0 range:[314,314]
  training  completed=682/2500  queue=1/256 (0%)  replay=125100/200000  updates=25  loss=0.03911  policy_version=287
  throughput env_steps_s=345.5  transitions_s=345.5  transitions_step=1.0  updates_s=86.4  updates_throttled=0
episode=0682
  mode      collector=async  worker=2  epsilon=0.081
  outcome   reward=-9.002099999999999  success=0/1 (0.00%)  steps=mean:221.0 range:[221,221]
  training  completed=683/2500  queue=0/256 (0%)  replay=125643/200000  updates=135  loss=0.01242  policy_version=289
  throughput env_steps_s=343.1  transitions_s=343.1  transitions_step=1.0  updates_s=85.3  updates_throttled=0
episode=0684
  mode      collector=async  worker=0  epsilon=0.080
  outcome   reward=-9.002699999999999  success=0/1 (0.00%)  steps=mean:227.0 range:[227,227]
  training  completed=684/2500  queue=0/256 (0%)  replay=125883/200000  updates=60  loss=0.01703  policy_version=289
  throughput env_steps_s=348.6  transitions_s=348.6  transitions_step=1.0  updates_s=87.2  updates_throttled=0
episode=0685
  mode      collector=async  worker=1  epsilon=0.080
  outcome   reward=-9.0011  success=0/1 (0.00%)  steps=mean:211.0 range:[211,211]
  training  completed=685/2500  queue=0/256 (0%)  replay=125941/200000  updates=15  loss=0.01562  policy_version=289
  throughput env_steps_s=332.4  transitions_s=332.4  transitions_step=1.0  updates_s=86.0  updates_throttled=0
episode=0683
  mode      collector=async  worker=3  epsilon=0.080
  outcome   reward=-7.025400000000014  success=0/1 (0.00%)  steps=mean:454.0 range:[454,454]
  training  completed=686/2500  queue=0/256 (0%)  replay=126574/200000  updates=158  loss=0.01464  policy_version=291
  throughput env_steps_s=355.5  transitions_s=355.5  transitions_step=1.0  updates_s=88.7  updates_throttled=0
episode=0687
  mode      collector=async  worker=0  epsilon=0.080
  outcome   reward=-8.998399999999998  success=0/1 (0.00%)  steps=mean:184.0 range:[184,184]
  training  completed=687/2500  queue=2/256 (1%)  replay=126608/200000  updates=9  loss=0.00641  policy_version=291
  throughput env_steps_s=286.4  transitions_s=286.4  transitions_step=1.0  updates_s=75.8  updates_throttled=0
episode=0688
  mode      collector=async  worker=1  epsilon=0.079
  outcome   reward=-8.9979  success=0/1 (0.00%)  steps=mean:179.0 range:[179,179]
  training  completed=688/2500  queue=0/256 (0%)  replay=126651/200000  updates=10  loss=0.00328  policy_version=291
  throughput env_steps_s=420.0  transitions_s=420.0  transitions_step=1.0  updates_s=97.7  updates_throttled=0
episode=0689
  mode      collector=async  worker=3  epsilon=0.079
  outcome   reward=-8.996899999999998  success=0/1 (0.00%)  steps=mean:169.0 range:[169,169]
  training  completed=689/2500  queue=0/256 (0%)  replay=127271/200000  updates=155  loss=0.01376  policy_version=293
  throughput env_steps_s=342.8  transitions_s=342.8  transitions_step=1.0  updates_s=85.7  updates_throttled=0
episode=0691
  mode      collector=async  worker=1  epsilon=0.079
  outcome   reward=-9.0002  success=0/1 (0.00%)  steps=mean:202.0 range:[202,202]
  training  completed=690/2500  queue=2/256 (1%)  replay=127505/200000  updates=59  loss=0.02011  policy_version=293
  throughput env_steps_s=341.0  transitions_s=341.0  transitions_step=1.0  updates_s=86.0  updates_throttled=0
episode=0693
  mode      collector=async  worker=1  epsilon=0.078
  outcome   reward=-10.0061  success=0/1 (0.00%)  steps=mean:61.0 range:[61,61]
  training  completed=691/2500  queue=0/256 (0%)  replay=127748/200000  updates=61  loss=0.03860  policy_version=294
  throughput env_steps_s=345.1  transitions_s=345.1  transitions_step=1.0  updates_s=86.6  updates_throttled=0
episode=0692
  mode      collector=async  worker=3  epsilon=0.078
  outcome   reward=-9.003099999999998  success=0/1 (0.00%)  steps=mean:231.0 range:[231,231]
  training  completed=692/2500  queue=0/256 (0%)  replay=128194/200000  updates=111  loss=0.01651  policy_version=295
  throughput env_steps_s=336.9  transitions_s=336.9  transitions_step=1.0  updates_s=83.8  updates_throttled=0
episode=0695
  mode      collector=async  worker=3  epsilon=0.078
  outcome   reward=-10.006499999999999  success=0/1 (0.00%)  steps=mean:65.0 range:[65,65]
  training  completed=693/2500  queue=0/256 (0%)  replay=128450/200000  updates=64  loss=0.02156  policy_version=296
  throughput env_steps_s=333.7  transitions_s=333.7  transitions_step=1.0  updates_s=83.4  updates_throttled=0
episode=0696
  mode      collector=async  worker=3  epsilon=0.078
  outcome   reward=-10.006499999999999  success=0/1 (0.00%)  steps=mean:65.0 range:[65,65]
  training  completed=694/2500  queue=0/256 (0%)  replay=128709/200000  updates=65  loss=0.02843  policy_version=296
  throughput env_steps_s=336.4  transitions_s=336.4  transitions_step=1.0  updates_s=84.4  updates_throttled=0
episode=0690
  mode      collector=async  worker=0  epsilon=0.077
  outcome   reward=-5.048800000000014  success=0/1 (0.00%)  steps=mean:688.0 range:[688,688]
  training  completed=695/2500  queue=0/256 (0%)  replay=129347/200000  updates=159  loss=0.01197  policy_version=298
  throughput env_steps_s=341.4  transitions_s=341.4  transitions_step=1.0  updates_s=85.1  updates_throttled=0
episode=0686
  mode      collector=async  worker=2  epsilon=0.077
  outcome   reward=-1.0838999999999466  success=0/1 (0.00%)  steps=mean:1039.0 range:[1039,1039]
  training  completed=696/2500  queue=0/256 (0%)  replay=129798/200000  updates=113  loss=0.00934  policy_version=299
  throughput env_steps_s=347.1  transitions_s=347.1  transitions_step=1.0  updates_s=87.0  updates_throttled=0
episode=0699
  mode      collector=async  worker=2  epsilon=0.077
  outcome   reward=-10.0063  success=0/1 (0.00%)  steps=mean:63.0 range:[63,63]
  training  completed=697/2500  queue=0/256 (0%)  replay=130045/200000  updates=62  loss=0.02113  policy_version=300
  throughput env_steps_s=339.2  transitions_s=339.2  transitions_step=1.0  updates_s=85.2  updates_throttled=0
episode=0697
  mode      collector=async  worker=3  epsilon=0.076
  outcome   reward=-8.018799999999997  success=0/1 (0.00%)  steps=mean:388.0 range:[388,388]
  training  completed=698/2500  queue=1/256 (0%)  replay=130256/200000  updates=53  loss=0.02431  policy_version=300
  throughput env_steps_s=339.1  transitions_s=339.1  transitions_step=1.0  updates_s=85.2  updates_throttled=0
episode=0700
  mode      collector=async  worker=2  epsilon=0.076
  outcome   reward=-9.002799999999999  success=0/1 (0.00%)  steps=mean:228.0 range:[228,228]
  training  completed=699/2500  queue=0/256 (0%)  replay=130947/200000  updates=172  loss=0.01191  policy_version=302
  throughput env_steps_s=341.8  transitions_s=341.8  transitions_step=1.0  updates_s=85.1  updates_throttled=0
episode=0701
  mode      collector=async  worker=3  epsilon=0.076
  outcome   reward=-8.998199999999999  success=0/1 (0.00%)  steps=mean:182.0 range:[182,182]
  training  completed=700/2500  queue=3/256 (1%)  replay=130995/200000  updates=12  loss=0.04891  policy_version=302
  throughput env_steps_s=322.4  transitions_s=322.4  transitions_step=1.0  updates_s=80.6  updates_throttled=0
Saved checkpoint: checkpoints/breakout_27bricks_v2/ckpt-700
Scheduled replay buffer save: checkpoints/breakout_27bricks_v2/replay-700.npz transitions=130995
Evaluating frozen checkpoint episode=700 episodes=20 metric=auto...
Saved replay buffer: checkpoints/breakout_27bricks_v2/replay-700.npz transitions=130995
episode=0703
  mode      collector=async  worker=3  epsilon=0.076
  outcome   reward=-9.004299999999999  success=0/1 (0.00%)  steps=mean:243.0 range:[243,243]
  training  completed=701/2500  queue=2/256 (1%)  replay=131960/200000  updates=242  loss=0.02477  policy_version=304
  throughput env_steps_s=282.7  transitions_s=282.7  transitions_step=1.0  updates_s=70.9  updates_throttled=0
episode=0704
  mode      collector=async  worker=3  epsilon=0.075
  outcome   reward=-10.006499999999999  success=0/1 (0.00%)  steps=mean:65.0 range:[65,65]
  training  completed=702/2500  queue=0/256 (0%)  replay=132221/200000  updates=65  loss=0.03504  policy_version=305
  throughput env_steps_s=288.4  transitions_s=288.4  transitions_step=1.0  updates_s=71.8  updates_throttled=0
episode=0702
  mode      collector=async  worker=2  epsilon=0.075
  outcome   reward=-8.014599999999998  success=0/1 (0.00%)  steps=mean:346.0 range:[346,346]
  training  completed=703/2500  queue=0/256 (0%)  replay=132355/200000  updates=33  loss=0.01043  policy_version=305
  throughput env_steps_s=287.1  transitions_s=287.1  transitions_step=1.0  updates_s=70.7  updates_throttled=0
episode=0705
  mode      collector=async  worker=3  epsilon=0.075
  outcome   reward=-10.006  success=0/1 (0.00%)  steps=mean:60.0 range:[60,60]
  training  completed=704/2500  queue=0/256 (0%)  replay=132481/200000  updates=32  loss=0.03175  policy_version=306
  throughput env_steps_s=284.0  transitions_s=284.0  transitions_step=1.0  updates_s=72.1  updates_throttled=0
episode=0698
  mode      collector=async  worker=0  epsilon=0.074
  outcome   reward=-5.077099999999972  success=0/1 (0.00%)  steps=mean:971.0 range:[971,971]
  training  completed=705/2500  queue=0/256 (0%)  replay=133238/200000  updates=189  loss=0.03547  policy_version=308
  throughput env_steps_s=289.3  transitions_s=289.3  transitions_step=1.0  updates_s=72.2  updates_throttled=0
episode=0707
  mode      collector=async  worker=3  epsilon=0.074
  outcome   reward=-8.011799999999997  success=0/1 (0.00%)  steps=mean:318.0 range:[318,318]
  training  completed=706/2500  queue=0/256 (0%)  replay=133779/200000  updates=135  loss=0.01186  policy_version=309
  throughput env_steps_s=289.0  transitions_s=289.0  transitions_step=1.0  updates_s=72.1  updates_throttled=0
episode=0708
  mode      collector=async  worker=0  epsilon=0.074
  outcome   reward=-9.002899999999999  success=0/1 (0.00%)  steps=mean:229.0 range:[229,229]
  training  completed=707/2500  queue=1/256 (0%)  replay=134132/200000  updates=89  loss=0.04646  policy_version=310
  throughput env_steps_s=281.3  transitions_s=281.3  transitions_step=1.0  updates_s=70.9  updates_throttled=0
episode=0706
  mode      collector=async  worker=2  epsilon=0.074
  outcome   reward=-7.029900000000015  success=0/1 (0.00%)  steps=mean:499.0 range:[499,499]
  training  completed=708/2500  queue=0/256 (0%)  replay=134401/200000  updates=67  loss=0.01734  policy_version=311
  throughput env_steps_s=287.6  transitions_s=287.6  transitions_step=1.0  updates_s=71.6  updates_throttled=0
episode=0694
  mode      collector=async  worker=1  epsilon=0.073
  outcome   reward=1.845300000000199  success=0/1 (0.00%)  steps=mean:1747.0 range:[1747,1747]
  training  completed=709/2500  queue=0/256 (0%)  replay=134603/200000  updates=50  loss=0.02965  policy_version=311
  throughput env_steps_s=290.8  transitions_s=290.8  transitions_step=1.0  updates_s=72.0  updates_throttled=0
episode=0711
  mode      collector=async  worker=2  epsilon=0.073
  outcome   reward=-10.0066  success=0/1 (0.00%)  steps=mean:66.0 range:[66,66]
  training  completed=710/2500  queue=0/256 (0%)  replay=134650/200000  updates=12  loss=0.01440  policy_version=311
  throughput env_steps_s=288.1  transitions_s=288.1  transitions_step=1.0  updates_s=73.6  updates_throttled=0
episode=0712
  mode      collector=async  worker=1  epsilon=0.073
  outcome   reward=-10.0063  success=0/1 (0.00%)  steps=mean:63.0 range:[63,63]
  training  completed=711/2500  queue=0/256 (0%)  replay=134858/200000  updates=52  loss=0.00914  policy_version=312
  throughput env_steps_s=276.7  transitions_s=276.7  transitions_step=1.0  updates_s=69.2  updates_throttled=0
episode=0713
  mode      collector=async  worker=2  epsilon=0.073
  outcome   reward=-10.006  success=0/1 (0.00%)  steps=mean:60.0 range:[60,60]
  training  completed=712/2500  queue=0/256 (0%)  replay=134890/200000  updates=8  loss=0.00910  policy_version=312
  throughput env_steps_s=285.4  transitions_s=285.4  transitions_step=1.0  updates_s=71.4  updates_throttled=0
episode=0709
  mode      collector=async  worker=3  epsilon=0.072
  outcome   reward=-8.012399999999998  success=0/1 (0.00%)  steps=mean:324.0 range:[324,324]
  training  completed=713/2500  queue=0/256 (0%)  replay=135070/200000  updates=45  loss=0.02328  policy_version=312
  throughput env_steps_s=290.8  transitions_s=290.8  transitions_step=1.0  updates_s=72.7  updates_throttled=0
episode=0716
  mode      collector=async  worker=3  epsilon=0.072
  outcome   reward=-10.0063  success=0/1 (0.00%)  steps=mean:63.0 range:[63,63]
  training  completed=714/2500  queue=0/256 (0%)  replay=135325/200000  updates=64  loss=0.01811  policy_version=313
  throughput env_steps_s=288.8  transitions_s=288.8  transitions_step=1.0  updates_s=72.5  updates_throttled=0
episode=0717
  mode      collector=async  worker=3  epsilon=0.072
  outcome   reward=-10.0063  success=0/1 (0.00%)  steps=mean:63.0 range:[63,63]
  training  completed=715/2500  queue=0/256 (0%)  replay=135567/200000  updates=60  loss=0.00821  policy_version=313
  throughput env_steps_s=301.7  transitions_s=301.7  transitions_step=1.0  updates_s=74.8  updates_throttled=0
episode=0714
  mode      collector=async  worker=1  epsilon=0.072
  outcome   reward=-9.000699999999998  success=0/1 (0.00%)  steps=mean:207.0 range:[207,207]
  training  completed=716/2500  queue=0/256 (0%)  replay=135681/200000  updates=29  loss=0.02896  policy_version=314
  throughput env_steps_s=284.9  transitions_s=284.9  transitions_step=1.0  updates_s=72.5  updates_throttled=0
episode=0718
  mode      collector=async  worker=3  epsilon=0.071
  outcome   reward=-10.0061  success=0/1 (0.00%)  steps=mean:61.0 range:[61,61]
  training  completed=717/2500  queue=0/256 (0%)  replay=135806/200000  updates=31  loss=0.02873  policy_version=314
  throughput env_steps_s=300.2  transitions_s=300.2  transitions_step=1.0  updates_s=74.4  updates_throttled=0
episode=0719
  mode      collector=async  worker=1  epsilon=0.071
  outcome   reward=-10.0068  success=0/1 (0.00%)  steps=mean:68.0 range:[68,68]
  training  completed=718/2500  queue=0/256 (0%)  replay=135971/200000  updates=41  loss=0.04568  policy_version=314
  throughput env_steps_s=297.5  transitions_s=297.5  transitions_step=1.0  updates_s=73.9  updates_throttled=0
episode=0720
  mode      collector=async  worker=3  epsilon=0.071
  outcome   reward=-10.0062  success=0/1 (0.00%)  steps=mean:62.0 range:[62,62]
  training  completed=719/2500  queue=0/256 (0%)  replay=136031/200000  updates=15  loss=0.02143  policy_version=315
  throughput env_steps_s=301.1  transitions_s=301.1  transitions_step=1.0  updates_s=75.3  updates_throttled=0
Frozen evaluation episode=700: success=0/20 (0.00%) reward_mean=-9.0605 steps_mean=205.3
episode=0710
  mode      collector=async  worker=0  epsilon=0.070
  outcome   reward=-6.04230000000004  success=0/1 (0.00%)  steps=mean:623.0 range:[623,623]
  training  completed=720/2500  queue=7/256 (3%)  replay=136619/200000  updates=147  loss=0.01656  policy_version=316
  throughput env_steps_s=334.3  transitions_s=334.3  transitions_step=1.0  updates_s=83.6  updates_throttled=0
episode=0722
  mode      collector=async  worker=3  epsilon=0.070
  outcome   reward=-8.998099999999999  success=0/1 (0.00%)  steps=mean:181.0 range:[181,181]
  training  completed=721/2500  queue=2/256 (1%)  replay=136760/200000  updates=36  loss=0.04149  policy_version=316
  throughput env_steps_s=367.2  transitions_s=367.2  transitions_step=1.0  updates_s=93.7  updates_throttled=0
episode=0723
  mode      collector=async  worker=0  epsilon=0.070
  outcome   reward=-10.0063  success=0/1 (0.00%)  steps=mean:63.0 range:[63,63]
  training  completed=722/2500  queue=0/256 (0%)  replay=136891/200000  updates=32  loss=0.01741  policy_version=317
  throughput env_steps_s=367.7  transitions_s=367.7  transitions_step=1.0  updates_s=89.8  updates_throttled=0
episode=0715
  mode      collector=async  worker=2  epsilon=0.070
  outcome   reward=-6.032900000000048  success=0/1 (0.00%)  steps=mean:529.0 range:[529,529]
  training  completed=723/2500  queue=0/256 (0%)  replay=137015/200000  updates=31  loss=0.00836  policy_version=317
  throughput env_steps_s=333.1  transitions_s=333.1  transitions_step=1.0  updates_s=83.3  updates_throttled=0
episode=0726
  mode      collector=async  worker=2  epsilon=0.069
  outcome   reward=-10.006499999999999  success=0/1 (0.00%)  steps=mean:65.0 range:[65,65]
  training  completed=724/2500  queue=2/256 (1%)  replay=137252/200000  updates=60  loss=0.03405  policy_version=318
  throughput env_steps_s=334.2  transitions_s=334.2  transitions_step=1.0  updates_s=84.6  updates_throttled=0
episode=0721
  mode      collector=async  worker=1  epsilon=0.069
  outcome   reward=-6.016000000000032  success=0/1 (0.00%)  steps=mean:360.0 range:[360,360]
  training  completed=725/2500  queue=0/256 (0%)  replay=137435/200000  updates=45  loss=0.03239  policy_version=318
  throughput env_steps_s=358.2  transitions_s=358.2  transitions_step=1.0  updates_s=88.1  updates_throttled=0
Saved checkpoint: checkpoints/breakout_27bricks_v2/ckpt-725
Scheduled replay buffer save: checkpoints/breakout_27bricks_v2/replay-725.npz transitions=137435
episode=0727
  mode      collector=async  worker=2  epsilon=0.069
  outcome   reward=-10.006  success=0/1 (0.00%)  steps=mean:60.0 range:[60,60]
  training  completed=726/2500  queue=0/256 (0%)  replay=137491/200000  updates=14  loss=0.01184  policy_version=318
  throughput env_steps_s=291.9  transitions_s=291.9  transitions_step=1.0  updates_s=73.0  updates_throttled=0
Saved replay buffer: checkpoints/breakout_27bricks_v2/replay-725.npz transitions=137435
episode=0725
  mode      collector=async  worker=0  epsilon=0.069
  outcome   reward=-8.998399999999998  success=0/1 (0.00%)  steps=mean:184.0 range:[184,184]
  training  completed=727/2500  queue=0/256 (0%)  replay=137606/200000  updates=29  loss=0.01158  policy_version=319
  throughput env_steps_s=337.9  transitions_s=337.9  transitions_step=1.0  updates_s=85.2  updates_throttled=0
episode=0724
  mode      collector=async  worker=3  epsilon=0.068
  outcome   reward=-9.001599999999998  success=0/1 (0.00%)  steps=mean:216.0 range:[216,216]
  training  completed=728/2500  queue=0/256 (0%)  replay=137649/200000  updates=11  loss=0.01289  policy_version=319
  throughput env_steps_s=346.3  transitions_s=346.3  transitions_step=1.0  updates_s=88.6  updates_throttled=0
episode=0731
  mode      collector=async  worker=3  epsilon=0.068
  outcome   reward=-10.0061  success=0/1 (0.00%)  steps=mean:61.0 range:[61,61]
  training  completed=729/2500  queue=1/256 (0%)  replay=137892/200000  updates=61  loss=0.01404  policy_version=319
  throughput env_steps_s=342.0  transitions_s=342.0  transitions_step=1.0  updates_s=85.8  updates_throttled=0
episode=0732
  mode      collector=async  worker=3  epsilon=0.068
  outcome   reward=-8.997799999999998  success=0/1 (0.00%)  steps=mean:178.0 range:[178,178]
  training  completed=730/2500  queue=0/256 (0%)  replay=138597/200000  updates=176  loss=0.01362  policy_version=321
  throughput env_steps_s=337.8  transitions_s=337.8  transitions_step=1.0  updates_s=84.3  updates_throttled=0
episode=0733
  mode      collector=async  worker=3  epsilon=0.068
  outcome   reward=-9.004999999999999  success=0/1 (0.00%)  steps=mean:250.0 range:[250,250]
  training  completed=731/2500  queue=0/256 (0%)  replay=139610/200000  updates=253  loss=0.03951  policy_version=324
  throughput env_steps_s=342.0  transitions_s=342.0  transitions_step=1.0  updates_s=85.4  updates_throttled=0
episode=0729
  mode      collector=async  worker=2  epsilon=0.067
  outcome   reward=-8.040499999999994  success=0/1 (0.00%)  steps=mean:605.0 range:[605,605]
  training  completed=732/2500  queue=0/256 (0%)  replay=139910/200000  updates=75  loss=0.01181  policy_version=324
  throughput env_steps_s=337.8  transitions_s=337.8  transitions_step=1.0  updates_s=84.5  updates_throttled=0
episode=0728
  mode      collector=async  worker=1  epsilon=0.067
  outcome   reward=-6.043700000000044  success=0/1 (0.00%)  steps=mean:637.0 range:[637,637]
  training  completed=733/2500  queue=1/256 (0%)  replay=140012/200000  updates=26  loss=0.05669  policy_version=325
  throughput env_steps_s=334.1  transitions_s=334.1  transitions_step=1.0  updates_s=85.2  updates_throttled=0
episode=0730
  mode      collector=async  worker=0  epsilon=0.067
  outcome   reward=-6.046700000000049  success=0/1 (0.00%)  steps=mean:667.0 range:[667,667]
  training  completed=734/2500  queue=1/256 (0%)  replay=140244/200000  updates=58  loss=0.01759  policy_version=325
  throughput env_steps_s=346.6  transitions_s=346.6  transitions_step=1.0  updates_s=86.6  updates_throttled=0
episode=0734
  mode      collector=async  worker=3  epsilon=0.067
  outcome   reward=-9.0001  success=0/1 (0.00%)  steps=mean:201.0 range:[201,201]
  training  completed=735/2500  queue=0/256 (0%)  replay=140411/200000  updates=41  loss=0.00761  policy_version=326
  throughput env_steps_s=345.3  transitions_s=345.3  transitions_step=1.0  updates_s=84.8  updates_throttled=0
episode=0737
  mode      collector=async  worker=0  epsilon=0.066
  outcome   reward=-10.006499999999999  success=0/1 (0.00%)  steps=mean:65.0 range:[65,65]
  training  completed=736/2500  queue=0/256 (0%)  replay=140523/200000  updates=28  loss=0.01157  policy_version=326
  throughput env_steps_s=330.2  transitions_s=330.2  transitions_step=1.0  updates_s=82.6  updates_throttled=0
episode=0736
  mode      collector=async  worker=1  epsilon=0.066
  outcome   reward=-8.9972  success=0/1 (0.00%)  steps=mean:172.0 range:[172,172]
  training  completed=737/2500  queue=1/256 (0%)  replay=140668/200000  updates=37  loss=0.00921  policy_version=326
  throughput env_steps_s=338.1  transitions_s=338.1  transitions_step=1.0  updates_s=86.3  updates_throttled=0
episode=0739
  mode      collector=async  worker=0  epsilon=0.066
  outcome   reward=-10.0062  success=0/1 (0.00%)  steps=mean:62.0 range:[62,62]
  training  completed=738/2500  queue=1/256 (0%)  replay=140792/200000  updates=31  loss=0.02212  policy_version=326
  throughput env_steps_s=358.1  transitions_s=358.1  transitions_step=1.0  updates_s=89.5  updates_throttled=0
episode=0740
  mode      collector=async  worker=1  epsilon=0.066
  outcome   reward=-10.006  success=0/1 (0.00%)  steps=mean:60.0 range:[60,60]
  training  completed=739/2500  queue=2/256 (1%)  replay=140884/200000  updates=23  loss=0.00730  policy_version=327
  throughput env_steps_s=346.0  transitions_s=346.0  transitions_step=1.0  updates_s=86.5  updates_throttled=0
episode=0738
  mode      collector=async  worker=3  epsilon=0.065
  outcome   reward=-9.000799999999998  success=0/1 (0.00%)  steps=mean:208.0 range:[208,208]
  training  completed=740/2500  queue=3/256 (1%)  replay=141237/200000  updates=88  loss=0.01612  policy_version=328
  throughput env_steps_s=347.9  transitions_s=347.9  transitions_step=1.0  updates_s=86.7  updates_throttled=0
episode=0741
  mode      collector=async  worker=0  epsilon=0.065
  outcome   reward=-9.002399999999998  success=0/1 (0.00%)  steps=mean:224.0 range:[224,224]
  training  completed=741/2500  queue=0/256 (0%)  replay=141719/200000  updates=120  loss=0.01810  policy_version=329
  throughput env_steps_s=347.0  transitions_s=347.0  transitions_step=1.0  updates_s=86.4  updates_throttled=0
episode=0735
  mode      collector=async  worker=2  epsilon=0.065
  outcome   reward=-7.027800000000017  success=0/1 (0.00%)  steps=mean:478.0 range:[478,478]
  training  completed=742/2500  queue=0/256 (0%)  replay=141849/200000  updates=33  loss=0.04503  policy_version=329
  throughput env_steps_s=337.1  transitions_s=337.1  transitions_step=1.0  updates_s=85.6  updates_throttled=0
episode=0744
  mode      collector=async  worker=0  epsilon=0.065
  outcome   reward=-10.006  success=0/1 (0.00%)  steps=mean:60.0 range:[60,60]
  training  completed=743/2500  queue=0/256 (0%)  replay=141955/200000  updates=26  loss=0.03332  policy_version=329
  throughput env_steps_s=340.7  transitions_s=340.7  transitions_step=1.0  updates_s=83.6  updates_throttled=0
episode=0745
  mode      collector=async  worker=2  epsilon=0.065
  outcome   reward=-10.0062  success=0/1 (0.00%)  steps=mean:62.0 range:[62,62]
  training  completed=744/2500  queue=2/256 (1%)  replay=142100/200000  updates=37  loss=0.03500  policy_version=330
  throughput env_steps_s=326.9  transitions_s=326.9  transitions_step=1.0  updates_s=83.4  updates_throttled=0
episode=0746
  mode      collector=async  worker=0  epsilon=0.064
  outcome   reward=-10.0062  success=0/1 (0.00%)  steps=mean:62.0 range:[62,62]
  training  completed=745/2500  queue=0/256 (0%)  replay=142223/200000  updates=30  loss=0.00935  policy_version=330
  throughput env_steps_s=341.5  transitions_s=341.5  transitions_step=1.0  updates_s=83.3  updates_throttled=0
episode=0748
  mode      collector=async  worker=0  epsilon=0.064
  outcome   reward=-10.0063  success=0/1 (0.00%)  steps=mean:63.0 range:[63,63]
  training  completed=746/2500  queue=0/256 (0%)  replay=142471/200000  updates=62  loss=0.01695  policy_version=331
  throughput env_steps_s=336.0  transitions_s=336.0  transitions_step=1.0  updates_s=84.0  updates_throttled=0
episode=0747
  mode      collector=async  worker=2  epsilon=0.064
  outcome   reward=-8.997699999999998  success=0/1 (0.00%)  steps=mean:177.0 range:[177,177]
  training  completed=747/2500  queue=0/256 (0%)  replay=142820/200000  updates=88  loss=0.03128  policy_version=332
  throughput env_steps_s=340.1  transitions_s=340.1  transitions_step=1.0  updates_s=85.8  updates_throttled=0
episode=0749
  mode      collector=async  worker=0  epsilon=0.064
  outcome   reward=-8.9995  success=0/1 (0.00%)  steps=mean:195.0 range:[195,195]
  training  completed=748/2500  queue=0/256 (0%)  replay=143229/200000  updates=102  loss=0.02007  policy_version=333
  throughput env_steps_s=339.3  transitions_s=339.3  transitions_step=1.0  updates_s=84.6  updates_throttled=0
episode=0751
  mode      collector=async  worker=0  epsilon=0.063
  outcome   reward=-10.0062  success=0/1 (0.00%)  steps=mean:62.0 range:[62,62]
  training  completed=749/2500  queue=0/256 (0%)  replay=143474/200000  updates=61  loss=0.00974  policy_version=333
  throughput env_steps_s=329.0  transitions_s=329.0  transitions_step=1.0  updates_s=81.9  updates_throttled=0
episode=0743
  mode      collector=async  worker=3  epsilon=0.063
  outcome   reward=-2.0385000000000124  success=0/1 (0.00%)  steps=mean:585.0 range:[585,585]
  training  completed=750/2500  queue=0/256 (0%)  replay=143577/200000  updates=26  loss=0.02037  policy_version=333
  throughput env_steps_s=329.0  transitions_s=329.0  transitions_step=1.0  updates_s=83.1  updates_throttled=0
Saved checkpoint: checkpoints/breakout_27bricks_v2/ckpt-750
Scheduled replay buffer save: checkpoints/breakout_27bricks_v2/replay-750.npz transitions=143577
Saved replay buffer: checkpoints/breakout_27bricks_v2/replay-750.npz transitions=143577
episode=0753
  mode      collector=async  worker=3  epsilon=0.063
  outcome   reward=-8.9979  success=0/1 (0.00%)  steps=mean:179.0 range:[179,179]
  training  completed=751/2500  queue=1/256 (0%)  replay=144300/200000  updates=181  loss=0.02019  policy_version=335
  throughput env_steps_s=332.5  transitions_s=332.5  transitions_step=1.0  updates_s=83.2  updates_throttled=0
episode=0752
  mode      collector=async  worker=0  epsilon=0.063
  outcome   reward=-9.001199999999999  success=0/1 (0.00%)  steps=mean:212.0 range:[212,212]
  training  completed=752/2500  queue=0/256 (0%)  replay=144314/200000  updates=3  loss=0.10028  policy_version=335
  throughput env_steps_s=382.7  transitions_s=382.7  transitions_step=1.0  updates_s=82.0  updates_throttled=0
episode=0750
  mode      collector=async  worker=2  epsilon=0.062
  outcome   reward=-7.017700000000015  success=0/1 (0.00%)  steps=mean:377.0 range:[377,377]
  training  completed=753/2500  queue=0/256 (0%)  replay=144351/200000  updates=9  loss=0.00985  policy_version=335
  throughput env_steps_s=327.4  transitions_s=327.4  transitions_step=1.0  updates_s=79.6  updates_throttled=0
episode=0755
  mode      collector=async  worker=0  epsilon=0.062
  outcome   reward=-10.0068  success=0/1 (0.00%)  steps=mean:68.0 range:[68,68]
  training  completed=754/2500  queue=0/256 (0%)  replay=144578/200000  updates=57  loss=0.01979  policy_version=336
  throughput env_steps_s=345.8  transitions_s=345.8  transitions_step=1.0  updates_s=86.8  updates_throttled=0
episode=0757
  mode      collector=async  worker=0  epsilon=0.062
  outcome   reward=-8.999899999999998  success=0/1 (0.00%)  steps=mean:199.0 range:[199,199]
  training  completed=755/2500  queue=0/256 (0%)  replay=145376/200000  updates=200  loss=0.03353  policy_version=338
  throughput env_steps_s=339.5  transitions_s=339.5  transitions_step=1.0  updates_s=85.1  updates_throttled=0
episode=0742
  mode      collector=async  worker=1  epsilon=0.062
  outcome   reward=-3.1001999999998606  success=0/1 (0.00%)  steps=mean:1202.0 range:[1202,1202]
  training  completed=756/2500  queue=0/256 (0%)  replay=145617/200000  updates=60  loss=0.02117  policy_version=339
  throughput env_steps_s=326.7  transitions_s=326.7  transitions_step=1.0  updates_s=81.3  updates_throttled=0
episode=0754
  mode      collector=async  worker=3  epsilon=0.061
  outcome   reward=-8.015799999999997  success=0/1 (0.00%)  steps=mean:358.0 range:[358,358]
  training  completed=757/2500  queue=0/256 (0%)  replay=145718/200000  updates=25  loss=0.02362  policy_version=339
  throughput env_steps_s=342.0  transitions_s=342.0  transitions_step=1.0  updates_s=84.7  updates_throttled=0
episode=0756
  mode      collector=async  worker=2  epsilon=0.061
  outcome   reward=-8.013899999999998  success=0/1 (0.00%)  steps=mean:339.0 range:[339,339]
  training  completed=758/2500  queue=0/256 (0%)  replay=145751/200000  updates=8  loss=0.01745  policy_version=339
  throughput env_steps_s=361.8  transitions_s=361.8  transitions_step=1.0  updates_s=87.7  updates_throttled=0
episode=0758
  mode      collector=async  worker=0  epsilon=0.061
  outcome   reward=-8.999799999999999  success=0/1 (0.00%)  steps=mean:198.0 range:[198,198]
  training  completed=759/2500  queue=0/256 (0%)  replay=146173/200000  updates=106  loss=0.01590  policy_version=340
  throughput env_steps_s=344.6  transitions_s=344.6  transitions_step=1.0  updates_s=86.6  updates_throttled=0
episode=0759
  mode      collector=async  worker=1  epsilon=0.061
  outcome   reward=-9.001299999999999  success=0/1 (0.00%)  steps=mean:213.0 range:[213,213]
  training  completed=760/2500  queue=4/256 (2%)  replay=146496/200000  updates=81  loss=0.02476  policy_version=341
  throughput env_steps_s=336.3  transitions_s=336.3  transitions_step=1.0  updates_s=84.3  updates_throttled=0
episode=0760
  mode      collector=async  worker=3  epsilon=0.061
  outcome   reward=-9.0032  success=0/1 (0.00%)  steps=mean:232.0 range:[232,232]
  training  completed=761/2500  queue=1/256 (0%)  replay=146612/200000  updates=29  loss=0.01307  policy_version=341
  throughput env_steps_s=362.0  transitions_s=362.0  transitions_step=1.0  updates_s=90.5  updates_throttled=0
episode=0762
  mode      collector=async  worker=0  epsilon=0.060
  outcome   reward=-8.000400000000015  success=0/1 (0.00%)  steps=mean:204.0 range:[204,204]
  training  completed=762/2500  queue=0/256 (0%)  replay=146991/200000  updates=94  loss=0.01874  policy_version=342
  throughput env_steps_s=341.8  transitions_s=341.8  transitions_step=1.0  updates_s=84.8  updates_throttled=0
episode=0764
  mode      collector=async  worker=3  epsilon=0.060
  outcome   reward=-8.000600000000013  success=0/1 (0.00%)  steps=mean:206.0 range:[206,206]
  training  completed=763/2500  queue=0/256 (0%)  replay=147422/200000  updates=108  loss=0.01765  policy_version=343
  throughput env_steps_s=336.9  transitions_s=336.9  transitions_step=1.0  updates_s=84.4  updates_throttled=0
episode=0763
  mode      collector=async  worker=1  epsilon=0.060
  outcome   reward=-9.003199999999998  success=0/1 (0.00%)  steps=mean:232.0 range:[232,232]
  training  completed=764/2500  queue=1/256 (0%)  replay=147456/200000  updates=9  loss=0.01194  policy_version=343
  throughput env_steps_s=329.1  transitions_s=329.1  transitions_step=1.0  updates_s=87.1  updates_throttled=0
episode=0766
  mode      collector=async  worker=3  epsilon=0.060
  outcome   reward=-9.000499999999999  success=0/1 (0.00%)  steps=mean:205.0 range:[205,205]
  training  completed=765/2500  queue=0/256 (0%)  replay=148242/200000  updates=196  loss=0.02880  policy_version=345
  throughput env_steps_s=345.6  transitions_s=345.6  transitions_step=1.0  updates_s=86.2  updates_throttled=0
episode=0768
  mode      collector=async  worker=3  epsilon=0.059
  outcome   reward=-10.0064  success=0/1 (0.00%)  steps=mean:64.0 range:[64,64]
  training  completed=766/2500  queue=0/256 (0%)  replay=148506/200000  updates=66  loss=0.01413  policy_version=346
  throughput env_steps_s=345.2  transitions_s=345.2  transitions_step=1.0  updates_s=86.3  updates_throttled=0
episode=0769
  mode      collector=async  worker=3  epsilon=0.059
  outcome   reward=-8.999299999999998  success=0/1 (0.00%)  steps=mean:193.0 range:[193,193]
  training  completed=767/2500  queue=0/256 (0%)  replay=149267/200000  updates=190  loss=0.02095  policy_version=348
  throughput env_steps_s=338.6  transitions_s=338.6  transitions_step=1.0  updates_s=84.5  updates_throttled=0
episode=0761
  mode      collector=async  worker=2  epsilon=0.059
  outcome   reward=-3.0808000000000124  success=0/1 (0.00%)  steps=mean:1008.0 range:[1008,1008]
  training  completed=768/2500  queue=0/256 (0%)  replay=149751/200000  updates=121  loss=0.02293  policy_version=349
  throughput env_steps_s=339.3  transitions_s=339.3  transitions_step=1.0  updates_s=84.8  updates_throttled=0
episode=0767
  mode      collector=async  worker=1  epsilon=0.059
  outcome   reward=-7.038200000000013  success=0/1 (0.00%)  steps=mean:582.0 range:[582,582]
  training  completed=769/2500  queue=0/256 (0%)  replay=149818/200000  updates=17  loss=0.01132  policy_version=349
  throughput env_steps_s=329.3  transitions_s=329.3  transitions_step=1.0  updates_s=83.6  updates_throttled=0
episode=0772
  mode      collector=async  worker=1  epsilon=0.059
  outcome   reward=-8.997599999999998  success=0/1 (0.00%)  steps=mean:176.0 range:[176,176]
  training  completed=770/2500  queue=0/256 (0%)  replay=150537/200000  updates=180  loss=0.01100  policy_version=351
  throughput env_steps_s=328.7  transitions_s=328.7  transitions_step=1.0  updates_s=82.3  updates_throttled=0
episode=0770
  mode      collector=async  worker=3  epsilon=0.058
  outcome   reward=-8.014199999999997  success=0/1 (0.00%)  steps=mean:342.0 range:[342,342]
  training  completed=771/2500  queue=0/256 (0%)  replay=150594/200000  updates=14  loss=0.02084  policy_version=351
  throughput env_steps_s=346.4  transitions_s=346.4  transitions_step=1.0  updates_s=85.1  updates_throttled=0
episode=0771
  mode      collector=async  worker=2  epsilon=0.058
  outcome   reward=-9.001499999999998  success=0/1 (0.00%)  steps=mean:215.0 range:[215,215]
  training  completed=772/2500  queue=0/256 (0%)  replay=150622/200000  updates=7  loss=0.03276  policy_version=351
  throughput env_steps_s=321.2  transitions_s=321.2  transitions_step=1.0  updates_s=80.3  updates_throttled=0
episode=0773
  mode      collector=async  worker=1  epsilon=0.058
  outcome   reward=-8.9986  success=0/1 (0.00%)  steps=mean:186.0 range:[186,186]
  training  completed=773/2500  queue=0/256 (0%)  replay=151303/200000  updates=170  loss=0.01640  policy_version=353
  throughput env_steps_s=340.8  transitions_s=340.8  transitions_step=1.0  updates_s=85.1  updates_throttled=0
episode=0774
  mode      collector=async  worker=3  epsilon=0.058
  outcome   reward=-9.003799999999998  success=0/1 (0.00%)  steps=mean:238.0 range:[238,238]
  training  completed=774/2500  queue=0/256 (0%)  replay=151528/200000  updates=57  loss=0.02066  policy_version=353
  throughput env_steps_s=351.5  transitions_s=351.5  transitions_step=1.0  updates_s=89.0  updates_throttled=0
episode=0777
  mode      collector=async  worker=3  epsilon=0.058
  outcome   reward=-10.0064  success=0/1 (0.00%)  steps=mean:64.0 range:[64,64]
  training  completed=775/2500  queue=0/256 (0%)  replay=151795/200000  updates=66  loss=0.01098  policy_version=354
  throughput env_steps_s=346.0  transitions_s=346.0  transitions_step=1.0  updates_s=85.5  updates_throttled=0
Saved checkpoint: checkpoints/breakout_27bricks_v2/ckpt-775
Scheduled replay buffer save: checkpoints/breakout_27bricks_v2/replay-775.npz transitions=151795
Saved replay buffer: checkpoints/breakout_27bricks_v2/replay-775.npz transitions=151795
episode=0778
  mode      collector=async  worker=3  epsilon=0.057
  outcome   reward=-10.0063  success=0/1 (0.00%)  steps=mean:63.0 range:[63,63]
  training  completed=776/2500  queue=0/256 (0%)  replay=152031/200000  updates=59  loss=0.03310  policy_version=355
  throughput env_steps_s=322.0  transitions_s=322.0  transitions_step=1.0  updates_s=80.5  updates_throttled=0
episode=0776
  mode      collector=async  worker=1  epsilon=0.057
  outcome   reward=-9.003499999999999  success=0/1 (0.00%)  steps=mean:235.0 range:[235,235]
  training  completed=777/2500  queue=1/256 (0%)  replay=152252/200000  updates=56  loss=0.01182  policy_version=355
  throughput env_steps_s=337.9  transitions_s=337.9  transitions_step=1.0  updates_s=85.6  updates_throttled=0
episode=0775
  mode      collector=async  worker=2  epsilon=0.057
  outcome   reward=-7.021400000000019  success=0/1 (0.00%)  steps=mean:414.0 range:[414,414]
  training  completed=778/2500  queue=0/256 (0%)  replay=152259/200000  updates=1  loss=0.00469  policy_version=355
  throughput env_steps_s=422.2  transitions_s=422.2  transitions_step=1.0  updates_s=60.3  updates_throttled=0
episode=0765
  mode      collector=async  worker=0  epsilon=0.057
  outcome   reward=-2.122999999999866  success=0/1 (0.00%)  steps=mean:1430.0 range:[1430,1430]
  training  completed=779/2500  queue=0/256 (0%)  replay=152685/200000  updates=107  loss=0.03119  policy_version=356
  throughput env_steps_s=331.0  transitions_s=331.0  transitions_step=1.0  updates_s=83.1  updates_throttled=0
episode=0779
  mode      collector=async  worker=3  epsilon=0.056
  outcome   reward=-9.0017  success=0/1 (0.00%)  steps=mean:217.0 range:[217,217]
  training  completed=780/2500  queue=3/256 (1%)  replay=152905/200000  updates=55  loss=0.01822  policy_version=357
  throughput env_steps_s=330.1  transitions_s=330.1  transitions_step=1.0  updates_s=82.5  updates_throttled=0
episode=0780
  mode      collector=async  worker=1  epsilon=0.056
  outcome   reward=-9.0034  success=0/1 (0.00%)  steps=mean:234.0 range:[234,234]
  training  completed=781/2500  queue=0/256 (0%)  replay=153207/200000  updates=75  loss=0.02071  policy_version=358
  throughput env_steps_s=338.1  transitions_s=338.1  transitions_step=1.0  updates_s=84.0  updates_throttled=0
episode=0781
  mode      collector=async  worker=2  epsilon=0.056
  outcome   reward=-7.0111000000000345  success=0/1 (0.00%)  steps=mean:311.0 range:[311,311]
  training  completed=782/2500  queue=1/256 (0%)  replay=153504/200000  updates=75  loss=0.01009  policy_version=358
  throughput env_steps_s=346.0  transitions_s=346.0  transitions_step=1.0  updates_s=87.4  updates_throttled=0
episode=0783
  mode      collector=async  worker=3  epsilon=0.056
  outcome   reward=-8.997699999999998  success=0/1 (0.00%)  steps=mean:177.0 range:[177,177]
  training  completed=783/2500  queue=2/256 (1%)  replay=153608/200000  updates=26  loss=0.00488  policy_version=359
  throughput env_steps_s=337.3  transitions_s=337.3  transitions_step=1.0  updates_s=84.3  updates_throttled=0
episode=0786
  mode      collector=async  worker=3  epsilon=0.056
  outcome   reward=-9.0019  success=0/1 (0.00%)  steps=mean:219.0 range:[219,219]
  training  completed=784/2500  queue=1/256 (0%)  replay=154487/200000  updates=219  loss=0.02392  policy_version=361
  throughput env_steps_s=328.4  transitions_s=328.4  transitions_step=1.0  updates_s=81.8  updates_throttled=0
episode=0785
  mode      collector=async  worker=2  epsilon=0.055
  outcome   reward=-9.004599999999998  success=0/1 (0.00%)  steps=mean:246.0 range:[246,246]
  training  completed=785/2500  queue=1/256 (0%)  replay=154500/200000  updates=4  loss=0.00696  policy_version=361
  throughput env_steps_s=322.4  transitions_s=322.4  transitions_step=1.0  updates_s=99.2  updates_throttled=0
episode=0782
  mode      collector=async  worker=0  epsilon=0.055
  outcome   reward=-8.025499999999996  success=0/1 (0.00%)  steps=mean:455.0 range:[455,455]
  training  completed=786/2500  queue=0/256 (0%)  replay=154515/200000  updates=3  loss=0.00493  policy_version=361
  throughput env_steps_s=472.8  transitions_s=472.8  transitions_step=1.0  updates_s=94.6  updates_throttled=0
episode=0784
  mode      collector=async  worker=1  epsilon=0.055
  outcome   reward=-8.023299999999995  success=0/1 (0.00%)  steps=mean:433.0 range:[433,433]
  training  completed=787/2500  queue=0/256 (0%)  replay=154926/200000  updates=103  loss=0.02109  policy_version=362
  throughput env_steps_s=341.9  transitions_s=341.9  transitions_step=1.0  updates_s=85.7  updates_throttled=0
episode=0789
  mode      collector=async  worker=0  epsilon=0.055
  outcome   reward=-9.001199999999999  success=0/1 (0.00%)  steps=mean:212.0 range:[212,212]
  training  completed=788/2500  queue=3/256 (1%)  replay=155372/200000  updates=112  loss=0.01460  policy_version=363
  throughput env_steps_s=322.3  transitions_s=322.3  transitions_step=1.0  updates_s=80.9  updates_throttled=0
episode=0790
  mode      collector=async  worker=1  epsilon=0.055
  outcome   reward=-9.001399999999999  success=0/1 (0.00%)  steps=mean:214.0 range:[214,214]
  training  completed=789/2500  queue=0/256 (0%)  replay=155762/200000  updates=97  loss=0.01239  policy_version=364
  throughput env_steps_s=329.7  transitions_s=329.7  transitions_step=1.0  updates_s=82.0  updates_throttled=0
episode=0791
  mode      collector=async  worker=0  epsilon=0.054
  outcome   reward=-9.0003  success=0/1 (0.00%)  steps=mean:203.0 range:[203,203]
  training  completed=790/2500  queue=0/256 (0%)  replay=156214/200000  updates=113  loss=0.03118  policy_version=365
  throughput env_steps_s=208.4  transitions_s=208.4  transitions_step=1.0  updates_s=52.1  updates_throttled=0
episode=0787
  mode      collector=async  worker=3  epsilon=0.054
  outcome   reward=-7.025300000000014  success=0/1 (0.00%)  steps=mean:453.0 range:[453,453]
  training  completed=791/2500  queue=0/256 (0%)  replay=156262/200000  updates=12  loss=0.04601  policy_version=365
  throughput env_steps_s=194.1  transitions_s=194.1  transitions_step=1.0  updates_s=48.5  updates_throttled=0
episode=0793
  mode      collector=async  worker=0  epsilon=0.054
  outcome   reward=-9.0018  success=0/1 (0.00%)  steps=mean:218.0 range:[218,218]
  training  completed=792/2500  queue=0/256 (0%)  replay=157057/200000  updates=199  loss=0.01557  policy_version=367
  throughput env_steps_s=231.6  transitions_s=231.6  transitions_step=1.0  updates_s=58.0  updates_throttled=0
episode=0794
  mode      collector=async  worker=3  epsilon=0.054
  outcome   reward=-9.002299999999998  success=0/1 (0.00%)  steps=mean:223.0 range:[223,223]
  training  completed=793/2500  queue=0/256 (0%)  replay=157178/200000  updates=30  loss=0.01054  policy_version=367
  throughput env_steps_s=216.2  transitions_s=216.2  transitions_step=1.0  updates_s=53.6  updates_throttled=0
episode=0795
  mode      collector=async  worker=0  epsilon=0.054
  outcome   reward=-10.0062  success=0/1 (0.00%)  steps=mean:62.0 range:[62,62]
  training  completed=794/2500  queue=1/256 (0%)  replay=157320/200000  updates=36  loss=0.03671  policy_version=368
  throughput env_steps_s=293.1  transitions_s=293.1  transitions_step=1.0  updates_s=74.3  updates_throttled=0
episode=0796
  mode      collector=async  worker=3  epsilon=0.053
  outcome   reward=-10.0063  success=0/1 (0.00%)  steps=mean:63.0 range:[63,63]
  training  completed=795/2500  queue=0/256 (0%)  replay=157426/200000  updates=26  loss=0.01925  policy_version=368
  throughput env_steps_s=272.8  transitions_s=272.8  transitions_step=1.0  updates_s=66.9  updates_throttled=0
episode=0788
  mode      collector=async  worker=2  epsilon=0.053
  outcome   reward=-4.054800000000012  success=0/1 (0.00%)  steps=mean:748.0 range:[748,748]
  training  completed=796/2500  queue=0/256 (0%)  replay=157511/200000  updates=21  loss=0.01370  policy_version=368
  throughput env_steps_s=293.4  transitions_s=293.4  transitions_step=1.0  updates_s=72.5  updates_throttled=0
episode=0797
  mode      collector=async  worker=0  epsilon=0.053
  outcome   reward=-10.0063  success=0/1 (0.00%)  steps=mean:63.0 range:[63,63]
  training  completed=797/2500  queue=0/256 (0%)  replay=157576/200000  updates=17  loss=0.00554  policy_version=368
  throughput env_steps_s=299.7  transitions_s=299.7  transitions_step=1.0  updates_s=78.4  updates_throttled=0
episode=0798
  mode      collector=async  worker=3  epsilon=0.053
  outcome   reward=-9.0011  success=0/1 (0.00%)  steps=mean:211.0 range:[211,211]
  training  completed=798/2500  queue=0/256 (0%)  replay=158283/200000  updates=176  loss=0.02884  policy_version=370
  throughput env_steps_s=292.1  transitions_s=292.1  transitions_step=1.0  updates_s=72.7  updates_throttled=0
episode=0799
  mode      collector=async  worker=2  epsilon=0.053
  outcome   reward=-9.001199999999999  success=0/1 (0.00%)  steps=mean:212.0 range:[212,212]
  training  completed=799/2500  queue=2/256 (1%)  replay=158336/200000  updates=14  loss=0.00596  policy_version=370
  throughput env_steps_s=254.3  transitions_s=254.3  transitions_step=1.0  updates_s=67.2  updates_throttled=0
episode=0801
  mode      collector=async  worker=3  epsilon=0.052
  outcome   reward=-10.006499999999999  success=0/1 (0.00%)  steps=mean:65.0 range:[65,65]
  training  completed=800/2500  queue=4/256 (2%)  replay=158548/200000  updates=53  loss=0.02135  policy_version=371
  throughput env_steps_s=288.7  transitions_s=288.7  transitions_step=1.0  updates_s=72.2  updates_throttled=0
Saved checkpoint: checkpoints/breakout_27bricks_v2/ckpt-800
Scheduled replay buffer save: checkpoints/breakout_27bricks_v2/replay-800.npz transitions=158548
Evaluating frozen checkpoint episode=800 episodes=20 metric=auto...
Saved replay buffer: checkpoints/breakout_27bricks_v2/replay-800.npz transitions=158548
episode=0792
  mode      collector=async  worker=1  epsilon=0.052
  outcome   reward=-5.053200000000028  success=0/1 (0.00%)  steps=mean:732.0 range:[732,732]
  training  completed=801/2500  queue=0/256 (0%)  replay=158682/200000  updates=33  loss=0.02464  policy_version=371
  throughput env_steps_s=234.7  transitions_s=234.7  transitions_step=1.0  updates_s=57.8  updates_throttled=0
episode=0804
  mode      collector=async  worker=1  epsilon=0.052
  outcome   reward=-8.998499999999998  success=0/1 (0.00%)  steps=mean:185.0 range:[185,185]
  training  completed=802/2500  queue=0/256 (0%)  replay=159433/200000  updates=188  loss=0.03178  policy_version=373
  throughput env_steps_s=243.3  transitions_s=243.3  transitions_step=1.0  updates_s=60.9  updates_throttled=0
episode=0800
  mode      collector=async  worker=0  epsilon=0.052
  outcome   reward=-7.02690000000001  success=0/1 (0.00%)  steps=mean:469.0 range:[469,469]
  training  completed=803/2500  queue=0/256 (0%)  replay=159457/200000  updates=6  loss=0.03078  policy_version=373
  throughput env_steps_s=228.6  transitions_s=228.6  transitions_step=1.0  updates_s=57.2  updates_throttled=0
episode=0802
  mode      collector=async  worker=2  epsilon=0.052
  outcome   reward=-6.021200000000053  success=0/1 (0.00%)  steps=mean:412.0 range:[412,412]
  training  completed=804/2500  queue=1/256 (0%)  replay=159985/200000  updates=132  loss=0.02172  policy_version=374
  throughput env_steps_s=249.6  transitions_s=249.6  transitions_step=1.0  updates_s=62.4  updates_throttled=0
episode=0805
  mode      collector=async  worker=1  epsilon=0.052
  outcome   reward=-8.998199999999999  success=0/1 (0.00%)  steps=mean:182.0 range:[182,182]
  training  completed=805/2500  queue=0/256 (0%)  replay=160170/200000  updates=46  loss=0.03257  policy_version=375
  throughput env_steps_s=264.7  transitions_s=264.7  transitions_step=1.0  updates_s=65.8  updates_throttled=0
episode=0807
  mode      collector=async  worker=2  epsilon=0.051
  outcome   reward=-10.0061  success=0/1 (0.00%)  steps=mean:61.0 range:[61,61]
  training  completed=806/2500  queue=0/256 (0%)  replay=160226/200000  updates=14  loss=0.01684  policy_version=375
  throughput env_steps_s=256.6  transitions_s=256.6  transitions_step=1.0  updates_s=64.1  updates_throttled=0
episode=0803
  mode      collector=async  worker=3  epsilon=0.051
  outcome   reward=-6.044000000000048  success=0/1 (0.00%)  steps=mean:640.0 range:[640,640]
  training  completed=807/2500  queue=0/256 (0%)  replay=161079/200000  updates=213  loss=0.01387  policy_version=377
  throughput env_steps_s=234.9  transitions_s=234.9  transitions_step=1.0  updates_s=58.7  updates_throttled=0
episode=0808
  mode      collector=async  worker=1  epsilon=0.051
  outcome   reward=-9.002799999999999  success=0/1 (0.00%)  steps=mean:228.0 range:[228,228]
  training  completed=808/2500  queue=4/256 (2%)  replay=161092/200000  updates=4  loss=0.00336  policy_version=377
  throughput env_steps_s=207.4  transitions_s=207.4  transitions_step=1.0  updates_s=63.8  updates_throttled=0
episode=0811
  mode      collector=async  worker=1  epsilon=0.051
  outcome   reward=-8.9988  success=0/1 (0.00%)  steps=mean:188.0 range:[188,188]
  training  completed=809/2500  queue=0/256 (0%)  replay=161848/200000  updates=189  loss=0.02401  policy_version=379
  throughput env_steps_s=247.7  transitions_s=247.7  transitions_step=1.0  updates_s=61.9  updates_throttled=0
episode=0806
  mode      collector=async  worker=0  epsilon=0.051
  outcome   reward=-4.046199999999961  success=0/1 (0.00%)  steps=mean:662.0 range:[662,662]
  training  completed=810/2500  queue=0/256 (0%)  replay=162077/200000  updates=57  loss=0.01563  policy_version=380
  throughput env_steps_s=230.2  transitions_s=230.2  transitions_step=1.0  updates_s=57.3  updates_throttled=0
episode=0812
  mode      collector=async  worker=1  epsilon=0.050
  outcome   reward=-8.998999999999999  success=0/1 (0.00%)  steps=mean:190.0 range:[190,190]
  training  completed=811/2500  queue=1/256 (0%)  replay=162597/200000  updates=130  loss=0.01786  policy_version=381
  throughput env_steps_s=259.6  transitions_s=259.6  transitions_step=1.0  updates_s=64.9  updates_throttled=0
episode=0809
  mode      collector=async  worker=2  epsilon=0.050
  outcome   reward=-5.039400000000031  success=0/1 (0.00%)  steps=mean:594.0 range:[594,594]
  training  completed=812/2500  queue=0/256 (0%)  replay=162637/200000  updates=10  loss=0.00614  policy_version=381
  throughput env_steps_s=257.5  transitions_s=257.5  transitions_step=1.0  updates_s=64.4  updates_throttled=0
episode=0813
  mode      collector=async  worker=0  epsilon=0.050
  outcome   reward=-9.003799999999998  success=0/1 (0.00%)  steps=mean:238.0 range:[238,238]
  training  completed=813/2500  queue=0/256 (0%)  replay=163038/200000  updates=100  loss=0.01727  policy_version=382
  throughput env_steps_s=260.8  transitions_s=260.8  transitions_step=1.0  updates_s=65.0  updates_throttled=0
episode=0816
  mode      collector=async  worker=0  epsilon=0.050
  outcome   reward=-10.006499999999999  success=0/1 (0.00%)  steps=mean:65.0 range:[65,65]
  training  completed=814/2500  queue=0/256 (0%)  replay=163283/200000  updates=61  loss=0.02355  policy_version=383
  throughput env_steps_s=267.9  transitions_s=267.9  transitions_step=1.0  updates_s=66.7  updates_throttled=0
episode=0814
  mode      collector=async  worker=1  epsilon=0.050
  outcome   reward=-8.998499999999998  success=0/1 (0.00%)  steps=mean:185.0 range:[185,185]
  training  completed=815/2500  queue=0/256 (0%)  replay=163327/200000  updates=11  loss=0.06903  policy_version=383
  throughput env_steps_s=279.4  transitions_s=279.4  transitions_step=1.0  updates_s=69.8  updates_throttled=0
episode=0817
  mode      collector=async  worker=0  epsilon=0.049
  outcome   reward=-10.0063  success=0/1 (0.00%)  steps=mean:63.0 range:[63,63]
  training  completed=816/2500  queue=0/256 (0%)  replay=163529/200000  updates=51  loss=0.01811  policy_version=383
  throughput env_steps_s=248.6  transitions_s=248.6  transitions_step=1.0  updates_s=62.8  updates_throttled=0
episode=0818
  mode      collector=async  worker=1  epsilon=0.049
  outcome   reward=-10.0066  success=0/1 (0.00%)  steps=mean:66.0 range:[66,66]
  training  completed=817/2500  queue=0/256 (0%)  replay=163599/200000  updates=17  loss=0.00589  policy_version=384
  throughput env_steps_s=257.2  transitions_s=257.2  transitions_step=1.0  updates_s=62.5  updates_throttled=0
episode=0819
  mode      collector=async  worker=0  epsilon=0.049
  outcome   reward=-10.0063  success=0/1 (0.00%)  steps=mean:63.0 range:[63,63]
  training  completed=818/2500  queue=0/256 (0%)  replay=163787/200000  updates=47  loss=0.00647  policy_version=384
  throughput env_steps_s=269.4  transitions_s=269.4  transitions_step=1.0  updates_s=67.3  updates_throttled=0
episode=0820
  mode      collector=async  worker=1  epsilon=0.049
  outcome   reward=-7.998900000000015  success=0/1 (0.00%)  steps=mean:189.0 range:[189,189]
  training  completed=819/2500  queue=2/256 (1%)  replay=164336/200000  updates=138  loss=0.02718  policy_version=385
  throughput env_steps_s=258.9  transitions_s=258.9  transitions_step=1.0  updates_s=65.1  updates_throttled=0
episode=0810
  mode      collector=async  worker=3  epsilon=0.049
  outcome   reward=-4.0656000000000345  success=0/1 (0.00%)  steps=mean:856.0 range:[856,856]
  training  completed=820/2500  queue=3/256 (1%)  replay=164516/200000  updates=45  loss=0.02646  policy_version=386
  throughput env_steps_s=267.7  transitions_s=267.7  transitions_step=1.0  updates_s=66.9  updates_throttled=0
episode=0815
  mode      collector=async  worker=2  epsilon=0.049
  outcome   reward=-7.0348000000000805  success=0/1 (0.00%)  steps=mean:548.0 range:[548,548]
  training  completed=821/2500  queue=0/256 (0%)  replay=164824/200000  updates=77  loss=0.02424  policy_version=387
  throughput env_steps_s=271.7  transitions_s=271.7  transitions_step=1.0  updates_s=67.9  updates_throttled=0
episode=0821
  mode      collector=async  worker=0  epsilon=0.048
  outcome   reward=-9.007999999999997  success=0/1 (0.00%)  steps=mean:280.0 range:[280,280]
  training  completed=822/2500  queue=0/256 (0%)  replay=164911/200000  updates=21  loss=0.00691  policy_version=387
  throughput env_steps_s=264.0  transitions_s=264.0  transitions_step=1.0  updates_s=63.7  updates_throttled=0
episode=0822
  mode      collector=async  worker=1  epsilon=0.048
  outcome   reward=-8.998299999999999  success=0/1 (0.00%)  steps=mean:183.0 range:[183,183]
  training  completed=823/2500  queue=0/256 (0%)  replay=165087/200000  updates=44  loss=0.02941  policy_version=387
  throughput env_steps_s=259.6  transitions_s=259.6  transitions_step=1.0  updates_s=64.9  updates_throttled=0
episode=0823
  mode      collector=async  worker=3  epsilon=0.048
  outcome   reward=-8.999899999999998  success=0/1 (0.00%)  steps=mean:199.0 range:[199,199]
  training  completed=824/2500  queue=0/256 (0%)  replay=165309/200000  updates=56  loss=0.02532  policy_version=388
  throughput env_steps_s=268.3  transitions_s=268.3  transitions_step=1.0  updates_s=67.7  updates_throttled=0
episode=0824
  mode      collector=async  worker=2  epsilon=0.048
  outcome   reward=-8.999699999999999  success=0/1 (0.00%)  steps=mean:197.0 range:[197,197]
  training  completed=825/2500  queue=0/256 (0%)  replay=165630/200000  updates=80  loss=0.02605  policy_version=389
  throughput env_steps_s=242.7  transitions_s=242.7  transitions_step=1.0  updates_s=60.5  updates_throttled=0
Saved checkpoint: checkpoints/breakout_27bricks_v2/ckpt-825
Scheduled replay buffer save: checkpoints/breakout_27bricks_v2/replay-825.npz transitions=165630
Saved replay buffer: checkpoints/breakout_27bricks_v2/replay-825.npz transitions=165630
episode=0827
  mode      collector=async  worker=3  epsilon=0.048
  outcome   reward=-8.998999999999999  success=0/1 (0.00%)  steps=mean:190.0 range:[190,190]
  training  completed=826/2500  queue=0/256 (0%)  replay=166050/200000  updates=105  loss=0.01272  policy_version=390
  throughput env_steps_s=227.1  transitions_s=227.1  transitions_step=1.0  updates_s=56.8  updates_throttled=0
episode=0828
  mode      collector=async  worker=2  epsilon=0.048
  outcome   reward=-8.998399999999998  success=0/1 (0.00%)  steps=mean:184.0 range:[184,184]
  training  completed=827/2500  queue=2/256 (1%)  replay=166380/200000  updates=83  loss=0.02251  policy_version=390
  throughput env_steps_s=243.2  transitions_s=243.2  transitions_step=1.0  updates_s=61.2  updates_throttled=0
episode=0826
  mode      collector=async  worker=1  epsilon=0.047
  outcome   reward=-7.02130000000002  success=0/1 (0.00%)  steps=mean:413.0 range:[413,413]
  training  completed=828/2500  queue=1/256 (0%)  replay=166736/200000  updates=89  loss=0.00934  policy_version=391
  throughput env_steps_s=264.4  transitions_s=264.4  transitions_step=1.0  updates_s=66.1  updates_throttled=0
Frozen evaluation episode=800: success=0/20 (0.00%) reward_mean=-7.8198 steps_mean=348.0
Saved checkpoint: checkpoints/breakout_27bricks_v2/best/ckpt-828
Best checkpoint applied using live weights at episode=828 (background evaluation was requested for episode=800)
New best checkpoint: checkpoints/breakout_27bricks_v2/best/ckpt-828 metric=auto success=0.00% reward_mean=-7.8198
episode=0829
  mode      collector=async  worker=3  epsilon=0.047
  outcome   reward=-8.000400000000017  success=0/1 (0.00%)  steps=mean:204.0 range:[204,204]
  training  completed=829/2500  queue=0/256 (0%)  replay=166879/200000  updates=35  loss=0.01542  policy_version=392
  throughput env_steps_s=265.3  transitions_s=265.3  transitions_step=1.0  updates_s=64.9  updates_throttled=0
episode=0830
  mode      collector=async  worker=2  epsilon=0.047
  outcome   reward=-8.9986  success=0/1 (0.00%)  steps=mean:186.0 range:[186,186]
  training  completed=830/2500  queue=0/256 (0%)  replay=167133/200000  updates=64  loss=0.02474  policy_version=392
  throughput env_steps_s=305.6  transitions_s=305.6  transitions_step=1.0  updates_s=77.0  updates_throttled=0
episode=0833
  mode      collector=async  worker=2  epsilon=0.047
  outcome   reward=-10.006  success=0/1 (0.00%)  steps=mean:60.0 range:[60,60]
  training  completed=831/2500  queue=0/256 (0%)  replay=167367/200000  updates=58  loss=0.01137  policy_version=393
  throughput env_steps_s=304.1  transitions_s=304.1  transitions_step=1.0  updates_s=75.4  updates_throttled=0
episode=0831
  mode      collector=async  worker=1  epsilon=0.047
  outcome   reward=-9.0019  success=0/1 (0.00%)  steps=mean:219.0 range:[219,219]
  training  completed=832/2500  queue=0/256 (0%)  replay=167586/200000  updates=55  loss=0.02172  policy_version=393
  throughput env_steps_s=252.3  transitions_s=252.3  transitions_step=1.0  updates_s=63.4  updates_throttled=0
episode=0832
  mode      collector=async  worker=3  epsilon=0.046
  outcome   reward=-8.998899999999999  success=0/1 (0.00%)  steps=mean:189.0 range:[189,189]
  training  completed=833/2500  queue=0/256 (0%)  replay=167633/200000  updates=12  loss=0.01128  policy_version=394
  throughput env_steps_s=290.9  transitions_s=290.9  transitions_step=1.0  updates_s=74.3  updates_throttled=0
episode=0835
  mode      collector=async  worker=1  epsilon=0.046
  outcome   reward=-10.0063  success=0/1 (0.00%)  steps=mean:63.0 range:[63,63]
  training  completed=834/2500  queue=0/256 (0%)  replay=167838/200000  updates=51  loss=0.02601  policy_version=394
  throughput env_steps_s=289.9  transitions_s=289.9  transitions_step=1.0  updates_s=72.1  updates_throttled=0
episode=0825
  mode      collector=async  worker=0  epsilon=0.046
  outcome   reward=-5.078099999999998  success=0/1 (0.00%)  steps=mean:981.0 range:[981,981]
  training  completed=835/2500  queue=0/256 (0%)  replay=168831/200000  updates=248  loss=0.02213  policy_version=397
  throughput env_steps_s=300.3  transitions_s=300.3  transitions_step=1.0  updates_s=75.0  updates_throttled=0
episode=0834
  mode      collector=async  worker=2  epsilon=0.046
  outcome   reward=-5.030500000000012  success=0/1 (0.00%)  steps=mean:505.0 range:[505,505]
  training  completed=836/2500  queue=0/256 (0%)  replay=169386/200000  updates=139  loss=0.02101  policy_version=398
  throughput env_steps_s=304.4  transitions_s=304.4  transitions_step=1.0  updates_s=76.2  updates_throttled=0
episode=0838
  mode      collector=async  worker=0  epsilon=0.046
  outcome   reward=-9.002299999999998  success=0/1 (0.00%)  steps=mean:223.0 range:[223,223]
  training  completed=837/2500  queue=1/256 (0%)  replay=169736/200000  updates=88  loss=0.02417  policy_version=399
  throughput env_steps_s=302.3  transitions_s=302.3  transitions_step=1.0  updates_s=76.0  updates_throttled=0
episode=0836
  mode      collector=async  worker=3  epsilon=0.046
  outcome   reward=-4.049200000000013  success=0/1 (0.00%)  steps=mean:692.0 range:[692,692]
  training  completed=838/2500  queue=2/256 (1%)  replay=170412/200000  updates=169  loss=0.01793  policy_version=401
  throughput env_steps_s=307.3  transitions_s=307.3  transitions_step=1.0  updates_s=76.8  updates_throttled=0
episode=0840
  mode      collector=async  worker=0  epsilon=0.045
  outcome   reward=-9.000599999999999  success=0/1 (0.00%)  steps=mean:206.0 range:[206,206]
  training  completed=839/2500  queue=0/256 (0%)  replay=170551/200000  updates=34  loss=0.01113  policy_version=401
  throughput env_steps_s=314.0  transitions_s=314.0  transitions_step=1.0  updates_s=76.8  updates_throttled=0
episode=0842
  mode      collector=async  worker=0  epsilon=0.045
  outcome   reward=-9.001299999999999  success=0/1 (0.00%)  steps=mean:213.0 range:[213,213]
  training  completed=840/2500  queue=6/256 (2%)  replay=171400/200000  updates=213  loss=0.01973  policy_version=403
  throughput env_steps_s=306.3  transitions_s=306.3  transitions_step=1.0  updates_s=76.8  updates_throttled=0
episode=0841
  mode      collector=async  worker=3  epsilon=0.045
  outcome   reward=-7.023400000000027  success=0/1 (0.00%)  steps=mean:434.0 range:[434,434]
  training  completed=841/2500  queue=0/256 (0%)  replay=172127/200000  updates=181  loss=0.01428  policy_version=405
  throughput env_steps_s=308.4  transitions_s=308.4  transitions_step=1.0  updates_s=76.8  updates_throttled=0
episode=0843
  mode      collector=async  worker=0  epsilon=0.045
  outcome   reward=-8.998999999999999  success=0/1 (0.00%)  steps=mean:190.0 range:[190,190]
  training  completed=842/2500  queue=2/256 (1%)  replay=172160/200000  updates=9  loss=0.00780  policy_version=405
  throughput env_steps_s=305.6  transitions_s=305.6  transitions_step=1.0  updates_s=83.3  updates_throttled=0
episode=0837
  mode      collector=async  worker=1  epsilon=0.045
  outcome   reward=-3.0964999999999483  success=0/1 (0.00%)  steps=mean:1165.0 range:[1165,1165]
  training  completed=843/2500  queue=1/256 (0%)  replay=172484/200000  updates=81  loss=0.03443  policy_version=406
  throughput env_steps_s=310.4  transitions_s=310.4  transitions_step=1.0  updates_s=77.6  updates_throttled=0
episode=0844
  mode      collector=async  worker=3  epsilon=0.045
  outcome   reward=-9.002999999999998  success=0/1 (0.00%)  steps=mean:230.0 range:[230,230]
  training  completed=844/2500  queue=0/256 (0%)  replay=173070/200000  updates=146  loss=0.02048  policy_version=407
  throughput env_steps_s=303.2  transitions_s=303.2  transitions_step=1.0  updates_s=75.5  updates_throttled=0
episode=0846
  mode      collector=async  worker=1  epsilon=0.044
  outcome   reward=-9.0019  success=0/1 (0.00%)  steps=mean:219.0 range:[219,219]
  training  completed=845/2500  queue=0/256 (0%)  replay=173372/200000  updates=76  loss=0.00837  policy_version=408
  throughput env_steps_s=301.3  transitions_s=301.3  transitions_step=1.0  updates_s=75.8  updates_throttled=0
episode=0848
  mode      collector=async  worker=1  epsilon=0.044
  outcome   reward=-10.006499999999999  success=0/1 (0.00%)  steps=mean:65.0 range:[65,65]
  training  completed=846/2500  queue=0/256 (0%)  replay=173629/200000  updates=64  loss=0.01518  policy_version=409
  throughput env_steps_s=309.7  transitions_s=309.7  transitions_step=1.0  updates_s=77.1  updates_throttled=0
episode=0847
  mode      collector=async  worker=3  epsilon=0.044
  outcome   reward=-8.9994  success=0/1 (0.00%)  steps=mean:194.0 range:[194,194]
  training  completed=847/2500  queue=0/256 (0%)  replay=173855/200000  updates=56  loss=0.03437  policy_version=409
  throughput env_steps_s=313.6  transitions_s=313.6  transitions_step=1.0  updates_s=77.7  updates_throttled=0
episode=0850
  mode      collector=async  worker=3  epsilon=0.044
  outcome   reward=-10.0063  success=0/1 (0.00%)  steps=mean:63.0 range:[63,63]
  training  completed=848/2500  queue=0/256 (0%)  replay=174103/200000  updates=62  loss=0.01154  policy_version=410
  throughput env_steps_s=319.1  transitions_s=319.1  transitions_step=1.0  updates_s=79.8  updates_throttled=0
episode=0845
  mode      collector=async  worker=0  epsilon=0.044
  outcome   reward=-6.032500000000057  success=0/1 (0.00%)  steps=mean:525.0 range:[525,525]
  training  completed=849/2500  queue=0/256 (0%)  replay=174218/200000  updates=29  loss=0.00812  policy_version=410
  throughput env_steps_s=293.0  transitions_s=293.0  transitions_step=1.0  updates_s=73.9  updates_throttled=0
episode=0849
  mode      collector=async  worker=1  epsilon=0.044
  outcome   reward=-7.013100000000033  success=0/1 (0.00%)  steps=mean:331.0 range:[331,331]
  training  completed=850/2500  queue=1/256 (0%)  replay=174972/200000  updates=189  loss=0.02129  policy_version=412
  throughput env_steps_s=308.9  transitions_s=308.9  transitions_step=1.0  updates_s=77.4  updates_throttled=0
Saved checkpoint: checkpoints/breakout_27bricks_v2/ckpt-850
Scheduled replay buffer save: checkpoints/breakout_27bricks_v2/replay-850.npz transitions=174972
episode=0852
  mode      collector=async  worker=0  epsilon=0.043
  outcome   reward=-8.9988  success=0/1 (0.00%)  steps=mean:188.0 range:[188,188]
  training  completed=851/2500  queue=6/256 (2%)  replay=175009/200000  updates=9  loss=0.02203  policy_version=412
  throughput env_steps_s=247.8  transitions_s=247.8  transitions_step=1.0  updates_s=60.3  updates_throttled=0
Saved replay buffer: checkpoints/breakout_27bricks_v2/replay-850.npz transitions=174972
episode=0854
  mode      collector=async  worker=0  epsilon=0.043
  outcome   reward=-8.997599999999998  success=0/1 (0.00%)  steps=mean:176.0 range:[176,176]
  training  completed=852/2500  queue=0/256 (0%)  replay=175683/200000  updates=168  loss=0.04084  policy_version=414
  throughput env_steps_s=305.2  transitions_s=305.2  transitions_step=1.0  updates_s=76.1  updates_throttled=0
episode=0853
  mode      collector=async  worker=1  epsilon=0.043
  outcome   reward=-8.997799999999998  success=0/1 (0.00%)  steps=mean:178.0 range:[178,178]
  training  completed=853/2500  queue=0/256 (0%)  replay=175685/200000  updates=1  loss=0.01689  policy_version=414
  throughput env_steps_s=214.0  transitions_s=214.0  transitions_step=1.0  updates_s=107.0  updates_throttled=0
episode=0851
  mode      collector=async  worker=3  epsilon=0.043
  outcome   reward=-6.024800000000065  success=0/1 (0.00%)  steps=mean:448.0 range:[448,448]
  training  completed=854/2500  queue=0/256 (0%)  replay=175890/200000  updates=51  loss=0.00802  policy_version=414
  throughput env_steps_s=301.0  transitions_s=301.0  transitions_step=1.0  updates_s=74.9  updates_throttled=0
episode=0855
  mode      collector=async  worker=0  epsilon=0.043
  outcome   reward=-9.0001  success=0/1 (0.00%)  steps=mean:201.0 range:[201,201]
  training  completed=855/2500  queue=0/256 (0%)  replay=176502/200000  updates=153  loss=0.01858  policy_version=416
  throughput env_steps_s=301.4  transitions_s=301.4  transitions_step=1.0  updates_s=75.3  updates_throttled=0
episode=0839
  mode      collector=async  worker=2  epsilon=0.043
  outcome   reward=2.8309000000002182  success=0/1 (0.00%)  steps=mean:1891.0 range:[1891,1891]
  training  completed=856/2500  queue=0/256 (0%)  replay=176930/200000  updates=107  loss=0.01382  policy_version=417
  throughput env_steps_s=312.9  transitions_s=312.9  transitions_step=1.0  updates_s=78.2  updates_throttled=0
episode=0859
  mode      collector=async  worker=2  epsilon=0.043
  outcome   reward=-10.0062  success=0/1 (0.00%)  steps=mean:62.0 range:[62,62]
  training  completed=857/2500  queue=0/256 (0%)  replay=177174/200000  updates=61  loss=0.02324  policy_version=417
  throughput env_steps_s=296.3  transitions_s=296.3  transitions_step=1.0  updates_s=74.1  updates_throttled=0
episode=0857
  mode      collector=async  worker=3  epsilon=0.042
  outcome   reward=-8.013399999999997  success=0/1 (0.00%)  steps=mean:334.0 range:[334,334]
  training  completed=858/2500  queue=0/256 (0%)  replay=177252/200000  updates=20  loss=0.01694  policy_version=418
  throughput env_steps_s=287.0  transitions_s=287.0  transitions_step=1.0  updates_s=73.6  updates_throttled=0
episode=0858
  mode      collector=async  worker=0  epsilon=0.042
  outcome   reward=-8.009899999999998  success=0/1 (0.00%)  steps=mean:299.0 range:[299,299]
  training  completed=859/2500  queue=0/256 (0%)  replay=177678/200000  updates=106  loss=0.02466  policy_version=419
  throughput env_steps_s=304.8  transitions_s=304.8  transitions_step=1.0  updates_s=75.9  updates_throttled=0
episode=0862
  mode      collector=async  worker=0  epsilon=0.042
  outcome   reward=-10.0067  success=0/1 (0.00%)  steps=mean:67.0 range:[67,67]
  training  completed=860/2500  queue=2/256 (1%)  replay=177958/200000  updates=70  loss=0.02763  policy_version=419
  throughput env_steps_s=298.0  transitions_s=298.0  transitions_step=1.0  updates_s=74.5  updates_throttled=0
episode=0860
  mode      collector=async  worker=2  epsilon=0.042
  outcome   reward=-8.017999999999997  success=0/1 (0.00%)  steps=mean:380.0 range:[380,380]
  training  completed=861/2500  queue=0/256 (0%)  replay=178686/200000  updates=182  loss=0.00822  policy_version=421
  throughput env_steps_s=308.7  transitions_s=308.7  transitions_step=1.0  updates_s=77.2  updates_throttled=0
episode=0864
  mode      collector=async  worker=2  epsilon=0.042
  outcome   reward=-8.999699999999999  success=0/1 (0.00%)  steps=mean:197.0 range:[197,197]
  training  completed=862/2500  queue=0/256 (0%)  replay=179462/200000  updates=194  loss=0.00906  policy_version=423
  throughput env_steps_s=297.5  transitions_s=297.5  transitions_step=1.0  updates_s=74.4  updates_throttled=0
episode=0863
  mode      collector=async  worker=0  epsilon=0.042
  outcome   reward=-8.019799999999996  success=0/1 (0.00%)  steps=mean:398.0 range:[398,398]
  training  completed=863/2500  queue=2/256 (1%)  replay=179572/200000  updates=28  loss=0.00521  policy_version=423
  throughput env_steps_s=300.4  transitions_s=300.4  transitions_step=1.0  updates_s=76.5  updates_throttled=0
episode=0866
  mode      collector=async  worker=0  epsilon=0.041
  outcome   reward=-10.0062  success=0/1 (0.00%)  steps=mean:62.0 range:[62,62]
  training  completed=864/2500  queue=0/256 (0%)  replay=179818/200000  updates=61  loss=0.01352  policy_version=424
  throughput env_steps_s=312.2  transitions_s=312.2  transitions_step=1.0  updates_s=77.4  updates_throttled=0
episode=0861
  mode      collector=async  worker=3  epsilon=0.041
  outcome   reward=-3.050900000000021  success=0/1 (0.00%)  steps=mean:709.0 range:[709,709]
  training  completed=865/2500  queue=0/256 (0%)  replay=180059/200000  updates=60  loss=0.01785  policy_version=425
  throughput env_steps_s=308.9  transitions_s=308.9  transitions_step=1.0  updates_s=76.9  updates_throttled=0
episode=0867
  mode      collector=async  worker=0  epsilon=0.041
  outcome   reward=-10.0062  success=0/1 (0.00%)  steps=mean:62.0 range:[62,62]
  training  completed=866/2500  queue=0/256 (0%)  replay=180066/200000  updates=2  loss=0.01466  policy_version=425
  throughput env_steps_s=240.0  transitions_s=240.0  transitions_step=1.0  updates_s=68.6  updates_throttled=0
episode=0865
  mode      collector=async  worker=2  epsilon=0.041
  outcome   reward=-8.998899999999999  success=0/1 (0.00%)  steps=mean:189.0 range:[189,189]
  training  completed=867/2500  queue=0/256 (0%)  replay=180214/200000  updates=37  loss=0.02238  policy_version=425
  throughput env_steps_s=311.4  transitions_s=311.4  transitions_step=1.0  updates_s=77.8  updates_throttled=0
episode=0856
  mode      collector=async  worker=1  epsilon=0.041
  outcome   reward=-3.093199999999988  success=0/1 (0.00%)  steps=mean:1132.0 range:[1132,1132]
  training  completed=868/2500  queue=0/256 (0%)  replay=180242/200000  updates=7  loss=0.03520  policy_version=425
  throughput env_steps_s=321.9  transitions_s=321.9  transitions_step=1.0  updates_s=80.5  updates_throttled=0
episode=0868
  mode      collector=async  worker=3  epsilon=0.041
  outcome   reward=-10.006499999999999  success=0/1 (0.00%)  steps=mean:65.0 range:[65,65]
  training  completed=869/2500  queue=0/256 (0%)  replay=180314/200000  updates=18  loss=0.02090  policy_version=425
  throughput env_steps_s=294.5  transitions_s=294.5  transitions_step=1.0  updates_s=73.6  updates_throttled=0
episode=0869
  mode      collector=async  worker=0  epsilon=0.041
  outcome   reward=-10.0064  success=0/1 (0.00%)  steps=mean:64.0 range:[64,64]
  training  completed=870/2500  queue=0/256 (0%)  replay=180326/200000  updates=3  loss=0.01301  policy_version=425
  throughput env_steps_s=354.2  transitions_s=354.2  transitions_step=1.0  updates_s=88.6  updates_throttled=0
episode=0870
  mode      collector=async  worker=2  epsilon=0.040
  outcome   reward=-10.0064  success=0/1 (0.00%)  steps=mean:64.0 range:[64,64]
  training  completed=871/2500  queue=0/256 (0%)  replay=180477/200000  updates=38  loss=0.04007  policy_version=426
  throughput env_steps_s=306.0  transitions_s=306.0  transitions_step=1.0  updates_s=77.0  updates_throttled=0
episode=0871
  mode      collector=async  worker=1  epsilon=0.040
  outcome   reward=-10.0062  success=0/1 (0.00%)  steps=mean:62.0 range:[62,62]
  training  completed=872/2500  queue=0/256 (0%)  replay=180491/200000  updates=3  loss=0.01694  policy_version=426
  throughput env_steps_s=279.9  transitions_s=279.9  transitions_step=1.0  updates_s=60.0  updates_throttled=0
episode=0873
  mode      collector=async  worker=0  epsilon=0.040
  outcome   reward=-10.0063  success=0/1 (0.00%)  steps=mean:63.0 range:[63,63]
  training  completed=873/2500  queue=0/256 (0%)  replay=180589/200000  updates=25  loss=0.01098  policy_version=426
  throughput env_steps_s=297.4  transitions_s=297.4  transitions_step=1.0  updates_s=75.9  updates_throttled=0
episode=0872
  mode      collector=async  worker=3  epsilon=0.040
  outcome   reward=-8.9994  success=0/1 (0.00%)  steps=mean:194.0 range:[194,194]
  training  completed=874/2500  queue=0/256 (0%)  replay=181047/200000  updates=114  loss=0.00874  policy_version=427
  throughput env_steps_s=310.8  transitions_s=310.8  transitions_step=1.0  updates_s=77.4  updates_throttled=0
episode=0874
  mode      collector=async  worker=2  epsilon=0.040
  outcome   reward=-8.997799999999998  success=0/1 (0.00%)  steps=mean:178.0 range:[178,178]
  training  completed=875/2500  queue=0/256 (0%)  replay=181211/200000  updates=41  loss=0.00584  policy_version=428
  throughput env_steps_s=306.0  transitions_s=306.0  transitions_step=1.0  updates_s=76.5  updates_throttled=0
Saved checkpoint: checkpoints/breakout_27bricks_v2/ckpt-875
Scheduled replay buffer save: checkpoints/breakout_27bricks_v2/replay-875.npz transitions=181211
Saved replay buffer: checkpoints/breakout_27bricks_v2/replay-875.npz transitions=181211
episode=0875
  mode      collector=async  worker=1  epsilon=0.040
  outcome   reward=-9.000799999999998  success=0/1 (0.00%)  steps=mean:208.0 range:[208,208]
  training  completed=876/2500  queue=0/256 (0%)  replay=181323/200000  updates=28  loss=0.01699  policy_version=428
  throughput env_steps_s=259.3  transitions_s=259.3  transitions_step=1.0  updates_s=64.8  updates_throttled=0
episode=0878
  mode      collector=async  worker=2  epsilon=0.040
  outcome   reward=-10.0062  success=0/1 (0.00%)  steps=mean:62.0 range:[62,62]
  training  completed=877/2500  queue=0/256 (0%)  replay=181454/200000  updates=33  loss=0.02300  policy_version=428
  throughput env_steps_s=308.2  transitions_s=308.2  transitions_step=1.0  updates_s=77.6  updates_throttled=0
episode=0876
  mode      collector=async  worker=0  epsilon=0.039
  outcome   reward=-9.004299999999999  success=0/1 (0.00%)  steps=mean:243.0 range:[243,243]
  training  completed=878/2500  queue=0/256 (0%)  replay=181575/200000  updates=30  loss=0.02978  policy_version=428
  throughput env_steps_s=299.1  transitions_s=299.1  transitions_step=1.0  updates_s=74.2  updates_throttled=0
episode=0880
  mode      collector=async  worker=2  epsilon=0.039
  outcome   reward=-8.9996  success=0/1 (0.00%)  steps=mean:196.0 range:[196,196]
  training  completed=879/2500  queue=0/256 (0%)  replay=182234/200000  updates=165  loss=0.01415  policy_version=430
  throughput env_steps_s=287.6  transitions_s=287.6  transitions_step=1.0  updates_s=72.0  updates_throttled=0
episode=0877
  mode      collector=async  worker=3  epsilon=0.039
  outcome   reward=-7.012800000000027  success=0/1 (0.00%)  steps=mean:328.0 range:[328,328]
  training  completed=880/2500  queue=7/256 (3%)  replay=182372/200000  updates=35  loss=0.00604  policy_version=430
  throughput env_steps_s=301.3  transitions_s=301.3  transitions_step=1.0  updates_s=76.4  updates_throttled=0
episode=0882
  mode      collector=async  worker=2  epsilon=0.039
  outcome   reward=-10.0066  success=0/1 (0.00%)  steps=mean:66.0 range:[66,66]
  training  completed=881/2500  queue=0/256 (0%)  replay=182502/200000  updates=32  loss=0.01771  policy_version=431
  throughput env_steps_s=332.7  transitions_s=332.7  transitions_step=1.0  updates_s=81.9  updates_throttled=0
episode=0879
  mode      collector=async  worker=1  epsilon=0.039
  outcome   reward=-8.012099999999997  success=0/1 (0.00%)  steps=mean:321.0 range:[321,321]
  training  completed=882/2500  queue=1/256 (0%)  replay=182592/200000  updates=23  loss=0.00773  policy_version=431
  throughput env_steps_s=301.0  transitions_s=301.0  transitions_step=1.0  updates_s=76.9  updates_throttled=0
episode=0884
  mode      collector=async  worker=2  epsilon=0.039
  outcome   reward=-7.015300000000018  success=0/1 (0.00%)  steps=mean:353.0 range:[353,353]
  training  completed=883/2500  queue=0/256 (0%)  replay=183930/200000  updates=334  loss=0.01301  policy_version=434
  throughput env_steps_s=304.7  transitions_s=304.7  transitions_step=1.0  updates_s=76.1  updates_throttled=0
episode=0886
  mode      collector=async  worker=2  epsilon=0.039
  outcome   reward=-9.0026  success=0/1 (0.00%)  steps=mean:226.0 range:[226,226]
  training  completed=884/2500  queue=0/256 (0%)  replay=184834/200000  updates=226  loss=0.00878  policy_version=437
  throughput env_steps_s=304.5  transitions_s=304.5  transitions_step=1.0  updates_s=76.1  updates_throttled=0
episode=0885
  mode      collector=async  worker=1  epsilon=0.038
  outcome   reward=-6.036600000000039  success=0/1 (0.00%)  steps=mean:566.0 range:[566,566]
  training  completed=885/2500  queue=0/256 (0%)  replay=184872/200000  updates=10  loss=0.01030  policy_version=437
  throughput env_steps_s=314.2  transitions_s=314.2  transitions_step=1.0  updates_s=82.7  updates_throttled=0
episode=0881
  mode      collector=async  worker=0  epsilon=0.038
  outcome   reward=-5.065700000000037  success=0/1 (0.00%)  steps=mean:857.0 range:[857,857]
  training  completed=886/2500  queue=0/256 (0%)  replay=184956/200000  updates=21  loss=0.00426  policy_version=437
  throughput env_steps_s=308.1  transitions_s=308.1  transitions_step=1.0  updates_s=77.0  updates_throttled=0
episode=0883
  mode      collector=async  worker=3  epsilon=0.038
  outcome   reward=-4.056599999999906  success=0/1 (0.00%)  steps=mean:766.0 range:[766,766]
  training  completed=887/2500  queue=0/256 (0%)  replay=185467/200000  updates=127  loss=0.01091  policy_version=438
  throughput env_steps_s=309.4  transitions_s=309.4  transitions_step=1.0  updates_s=76.9  updates_throttled=0
episode=0887
  mode      collector=async  worker=2  epsilon=0.038
  outcome   reward=-7.999300000000014  success=0/1 (0.00%)  steps=mean:193.0 range:[193,193]
  training  completed=888/2500  queue=0/256 (0%)  replay=185580/200000  updates=29  loss=0.01800  policy_version=438
  throughput env_steps_s=294.1  transitions_s=294.1  transitions_step=1.0  updates_s=75.5  updates_throttled=0
episode=0888
  mode      collector=async  worker=1  epsilon=0.038
  outcome   reward=-7.013300000000035  success=0/1 (0.00%)  steps=mean:333.0 range:[333,333]
  training  completed=889/2500  queue=0/256 (0%)  replay=186226/200000  updates=161  loss=0.01423  policy_version=440
  throughput env_steps_s=303.5  transitions_s=303.5  transitions_step=1.0  updates_s=75.6  updates_throttled=0
episode=0891
  mode      collector=async  worker=2  epsilon=0.038
  outcome   reward=-7.010600000000014  success=0/1 (0.00%)  steps=mean:306.0 range:[306,306]
  training  completed=890/2500  queue=0/256 (0%)  replay=186838/200000  updates=153  loss=0.01993  policy_version=442
  throughput env_steps_s=307.7  transitions_s=307.7  transitions_step=1.0  updates_s=76.9  updates_throttled=0
episode=0893
  mode      collector=async  worker=2  epsilon=0.038
  outcome   reward=-10.006  success=0/1 (0.00%)  steps=mean:60.0 range:[60,60]
  training  completed=891/2500  queue=1/256 (0%)  replay=187072/200000  updates=59  loss=0.01565  policy_version=442
  throughput env_steps_s=298.2  transitions_s=298.2  transitions_step=1.0  updates_s=75.2  updates_throttled=0
episode=0889
  mode      collector=async  worker=0  epsilon=0.037
  outcome   reward=-6.03690000000004  success=0/1 (0.00%)  steps=mean:569.0 range:[569,569]
  training  completed=892/2500  queue=0/256 (0%)  replay=187201/200000  updates=32  loss=0.00760  policy_version=443
  throughput env_steps_s=312.8  transitions_s=312.8  transitions_step=1.0  updates_s=77.6  updates_throttled=0
episode=0890
  mode      collector=async  worker=3  epsilon=0.037
  outcome   reward=-7.026400000000013  success=0/1 (0.00%)  steps=mean:464.0 range:[464,464]
  training  completed=893/2500  queue=0/256 (0%)  replay=187314/200000  updates=28  loss=0.01494  policy_version=443
  throughput env_steps_s=298.6  transitions_s=298.6  transitions_step=1.0  updates_s=74.0  updates_throttled=0
episode=0892
  mode      collector=async  worker=1  epsilon=0.037
  outcome   reward=-8.017799999999998  success=0/1 (0.00%)  steps=mean:378.0 range:[378,378]
  training  completed=894/2500  queue=0/256 (0%)  replay=187724/200000  updates=103  loss=0.01815  policy_version=444
  throughput env_steps_s=299.9  transitions_s=299.9  transitions_step=1.0  updates_s=75.3  updates_throttled=0
episode=0894
  mode      collector=async  worker=2  epsilon=0.037
  outcome   reward=-8.000900000000016  success=0/1 (0.00%)  steps=mean:209.0 range:[209,209]
  training  completed=895/2500  queue=1/256 (0%)  replay=187908/200000  updates=46  loss=0.00519  policy_version=444
  throughput env_steps_s=309.0  transitions_s=309.0  transitions_step=1.0  updates_s=77.3  updates_throttled=0
episode=0895
  mode      collector=async  worker=0  epsilon=0.037
  outcome   reward=-8.998299999999999  success=0/1 (0.00%)  steps=mean:183.0 range:[183,183]
  training  completed=896/2500  queue=0/256 (0%)  replay=187922/200000  updates=3  loss=0.00271  policy_version=444
  throughput env_steps_s=357.8  transitions_s=357.8  transitions_step=1.0  updates_s=76.7  updates_throttled=0
episode=0897
  mode      collector=async  worker=1  epsilon=0.037
  outcome   reward=-10.006499999999999  success=0/1 (0.00%)  steps=mean:65.0 range:[65,65]
  training  completed=897/2500  queue=2/256 (1%)  replay=187984/200000  updates=16  loss=0.00823  policy_version=444
  throughput env_steps_s=288.1  transitions_s=288.1  transitions_step=1.0  updates_s=74.4  updates_throttled=0
episode=0896
  mode      collector=async  worker=3  epsilon=0.037
  outcome   reward=-8.9972  success=0/1 (0.00%)  steps=mean:172.0 range:[172,172]
  training  completed=898/2500  queue=2/256 (1%)  replay=188021/200000  updates=9  loss=0.00798  policy_version=445
  throughput env_steps_s=299.6  transitions_s=299.6  transitions_step=1.0  updates_s=72.9  updates_throttled=0
episode=0898
  mode      collector=async  worker=2  epsilon=0.036
  outcome   reward=-9.001199999999999  success=0/1 (0.00%)  steps=mean:212.0 range:[212,212]
  training  completed=899/2500  queue=0/256 (0%)  replay=188751/200000  updates=182  loss=0.00839  policy_version=446
  throughput env_steps_s=307.0  transitions_s=307.0  transitions_step=1.0  updates_s=76.5  updates_throttled=0
episode=0901
  mode      collector=async  worker=3  epsilon=0.036
  outcome   reward=-9.003499999999999  success=0/1 (0.00%)  steps=mean:235.0 range:[235,235]
  training  completed=900/2500  queue=3/256 (1%)  replay=188949/200000  updates=50  loss=0.00443  policy_version=447
  throughput env_steps_s=290.8  transitions_s=290.8  transitions_step=1.0  updates_s=73.4  updates_throttled=0
Saved checkpoint: checkpoints/breakout_27bricks_v2/ckpt-900
Scheduled replay buffer save: checkpoints/breakout_27bricks_v2/replay-900.npz transitions=188949
Evaluating frozen checkpoint episode=900 episodes=20 metric=auto...
Saved replay buffer: checkpoints/breakout_27bricks_v2/replay-900.npz transitions=188949
episode=0900
  mode      collector=async  worker=1  epsilon=0.036
  outcome   reward=-7.012600000000013  success=0/1 (0.00%)  steps=mean:326.0 range:[326,326]
  training  completed=901/2500  queue=0/256 (0%)  replay=189269/200000  updates=80  loss=0.02486  policy_version=448
  throughput env_steps_s=245.9  transitions_s=245.9  transitions_step=1.0  updates_s=61.5  updates_throttled=0
episode=0899
  mode      collector=async  worker=0  epsilon=0.036
  outcome   reward=-8.014399999999998  success=0/1 (0.00%)  steps=mean:344.0 range:[344,344]
  training  completed=902/2500  queue=0/256 (0%)  replay=189314/200000  updates=11  loss=0.03686  policy_version=448
  throughput env_steps_s=241.5  transitions_s=241.5  transitions_step=1.0  updates_s=59.0  updates_throttled=0
episode=0902
  mode      collector=async  worker=2  epsilon=0.036
  outcome   reward=-9.002199999999998  success=0/1 (0.00%)  steps=mean:222.0 range:[222,222]
  training  completed=903/2500  queue=0/256 (0%)  replay=189643/200000  updates=82  loss=0.01725  policy_version=449
  throughput env_steps_s=260.6  transitions_s=260.6  transitions_step=1.0  updates_s=64.9  updates_throttled=0
episode=0903
  mode      collector=async  worker=3  epsilon=0.036
  outcome   reward=-8.999699999999999  success=0/1 (0.00%)  steps=mean:197.0 range:[197,197]
  training  completed=904/2500  queue=0/256 (0%)  replay=189779/200000  updates=34  loss=0.02880  policy_version=449
  throughput env_steps_s=269.2  transitions_s=269.2  transitions_step=1.0  updates_s=67.3  updates_throttled=0
episode=0906
  mode      collector=async  worker=2  epsilon=0.036
  outcome   reward=-10.0061  success=0/1 (0.00%)  steps=mean:61.0 range:[61,61]
  training  completed=905/2500  queue=0/256 (0%)  replay=189898/200000  updates=30  loss=0.00506  policy_version=449
  throughput env_steps_s=276.0  transitions_s=276.0  transitions_step=1.0  updates_s=69.6  updates_throttled=0
episode=0905
  mode      collector=async  worker=0  epsilon=0.036
  outcome   reward=-8.9979  success=0/1 (0.00%)  steps=mean:179.0 range:[179,179]
  training  completed=906/2500  queue=0/256 (0%)  replay=190021/200000  updates=31  loss=0.01267  policy_version=450
  throughput env_steps_s=268.4  transitions_s=268.4  transitions_step=1.0  updates_s=67.6  updates_throttled=0
episode=0904
  mode      collector=async  worker=1  epsilon=0.035
  outcome   reward=-8.013099999999998  success=0/1 (0.00%)  steps=mean:331.0 range:[331,331]
  training  completed=907/2500  queue=0/256 (0%)  replay=190573/200000  updates=138  loss=0.03264  policy_version=451
  throughput env_steps_s=257.1  transitions_s=257.1  transitions_step=1.0  updates_s=64.3  updates_throttled=0
episode=0907
  mode      collector=async  worker=3  epsilon=0.035
  outcome   reward=-9.002499999999998  success=0/1 (0.00%)  steps=mean:225.0 range:[225,225]
  training  completed=908/2500  queue=0/256 (0%)  replay=190665/200000  updates=23  loss=0.04075  policy_version=451
  throughput env_steps_s=251.0  transitions_s=251.0  transitions_step=1.0  updates_s=62.7  updates_throttled=0
episode=0910
  mode      collector=async  worker=1  epsilon=0.035
  outcome   reward=-10.006499999999999  success=0/1 (0.00%)  steps=mean:65.0 range:[65,65]
  training  completed=909/2500  queue=0/256 (0%)  replay=190838/200000  updates=43  loss=0.01187  policy_version=452
  throughput env_steps_s=256.9  transitions_s=256.9  transitions_step=1.0  updates_s=63.9  updates_throttled=0
episode=0909
  mode      collector=async  worker=0  epsilon=0.035
  outcome   reward=-8.015799999999997  success=0/1 (0.00%)  steps=mean:358.0 range:[358,358]
  training  completed=910/2500  queue=0/256 (0%)  replay=191462/200000  updates=156  loss=0.01268  policy_version=453
  throughput env_steps_s=258.4  transitions_s=258.4  transitions_step=1.0  updates_s=64.6  updates_throttled=0
episode=0913
  mode      collector=async  worker=0  epsilon=0.035
  outcome   reward=-10.0064  success=0/1 (0.00%)  steps=mean:64.0 range:[64,64]
  training  completed=911/2500  queue=0/256 (0%)  replay=191726/200000  updates=66  loss=0.02090  policy_version=454
  throughput env_steps_s=247.8  transitions_s=247.8  transitions_step=1.0  updates_s=62.0  updates_throttled=0
episode=0911
  mode      collector=async  worker=3  epsilon=0.035
  outcome   reward=-8.011699999999998  success=0/1 (0.00%)  steps=mean:317.0 range:[317,317]
  training  completed=912/2500  queue=0/256 (0%)  replay=191930/200000  updates=51  loss=0.02199  policy_version=454
  throughput env_steps_s=268.2  transitions_s=268.2  transitions_step=1.0  updates_s=67.1  updates_throttled=0
episode=0908
  mode      collector=async  worker=2  epsilon=0.035
  outcome   reward=-5.038400000000052  success=0/1 (0.00%)  steps=mean:584.0 range:[584,584]
  training  completed=913/2500  queue=0/256 (0%)  replay=192243/200000  updates=78  loss=0.02041  policy_version=455
  throughput env_steps_s=264.6  transitions_s=264.6  transitions_step=1.0  updates_s=65.9  updates_throttled=0
episode=0912
  mode      collector=async  worker=1  epsilon=0.034
  outcome   reward=-8.016799999999996  success=0/1 (0.00%)  steps=mean:368.0 range:[368,368]
  training  completed=914/2500  queue=0/256 (0%)  replay=192299/200000  updates=14  loss=0.00904  policy_version=455
  throughput env_steps_s=260.0  transitions_s=260.0  transitions_step=1.0  updates_s=65.0  updates_throttled=0
episode=0914
  mode      collector=async  worker=0  epsilon=0.034
  outcome   reward=-8.010199999999998  success=0/1 (0.00%)  steps=mean:302.0 range:[302,302]
  training  completed=915/2500  queue=0/256 (0%)  replay=192921/200000  updates=156  loss=0.02078  policy_version=457
  throughput env_steps_s=259.2  transitions_s=259.2  transitions_step=1.0  updates_s=65.0  updates_throttled=0
episode=0918
  mode      collector=async  worker=0  epsilon=0.034
  outcome   reward=-10.0066  success=0/1 (0.00%)  steps=mean:66.0 range:[66,66]
  training  completed=916/2500  queue=0/256 (0%)  replay=193195/200000  updates=68  loss=0.03166  policy_version=457
  throughput env_steps_s=272.8  transitions_s=272.8  transitions_step=1.0  updates_s=67.7  updates_throttled=0
episode=0919
  mode      collector=async  worker=0  epsilon=0.034
  outcome   reward=-10.0063  success=0/1 (0.00%)  steps=mean:63.0 range:[63,63]
  training  completed=917/2500  queue=1/256 (0%)  replay=193448/200000  updates=64  loss=0.03279  policy_version=458
  throughput env_steps_s=269.9  transitions_s=269.9  transitions_step=1.0  updates_s=68.3  updates_throttled=0
episode=0916
  mode      collector=async  worker=2  epsilon=0.034
  outcome   reward=-8.011499999999998  success=0/1 (0.00%)  steps=mean:315.0 range:[315,315]
  training  completed=918/2500  queue=0/256 (0%)  replay=193502/200000  updates=13  loss=0.03215  policy_version=458
  throughput env_steps_s=269.3  transitions_s=269.3  transitions_step=1.0  updates_s=64.8  updates_throttled=0
episode=0917
  mode      collector=async  worker=1  epsilon=0.034
  outcome   reward=-8.012399999999998  success=0/1 (0.00%)  steps=mean:324.0 range:[324,324]
  training  completed=919/2500  queue=3/256 (1%)  replay=193596/200000  updates=24  loss=0.01775  policy_version=459
  throughput env_steps_s=256.2  transitions_s=256.2  transitions_step=1.0  updates_s=65.4  updates_throttled=0
episode=0920
  mode      collector=async  worker=0  epsilon=0.034
  outcome   reward=-8.9988  success=0/1 (0.00%)  steps=mean:188.0 range:[188,188]
  training  completed=920/2500  queue=1/256 (0%)  replay=194189/200000  updates=148  loss=0.02205  policy_version=460
  throughput env_steps_s=261.6  transitions_s=261.6  transitions_step=1.0  updates_s=65.3  updates_throttled=0
episode=0922
  mode      collector=async  worker=1  epsilon=0.034
  outcome   reward=-8.998299999999999  success=0/1 (0.00%)  steps=mean:183.0 range:[183,183]
  training  completed=921/2500  queue=0/256 (0%)  replay=194359/200000  updates=42  loss=0.01953  policy_version=460
  throughput env_steps_s=254.6  transitions_s=254.6  transitions_step=1.0  updates_s=62.9  updates_throttled=0
episode=0921
  mode      collector=async  worker=2  epsilon=0.033
  outcome   reward=-9.002699999999999  success=0/1 (0.00%)  steps=mean:227.0 range:[227,227]
  training  completed=922/2500  queue=0/256 (0%)  replay=194419/200000  updates=15  loss=0.00438  policy_version=461
  throughput env_steps_s=250.9  transitions_s=250.9  transitions_step=1.0  updates_s=62.7  updates_throttled=0
episode=0923
  mode      collector=async  worker=0  epsilon=0.033
  outcome   reward=-10.006499999999999  success=0/1 (0.00%)  steps=mean:65.0 range:[65,65]
  training  completed=923/2500  queue=1/256 (0%)  replay=194452/200000  updates=9  loss=0.00511  policy_version=461
  throughput env_steps_s=249.8  transitions_s=249.8  transitions_step=1.0  updates_s=68.1  updates_throttled=0
episode=0924
  mode      collector=async  worker=1  epsilon=0.033
  outcome   reward=-8.999699999999999  success=0/1 (0.00%)  steps=mean:197.0 range:[197,197]
  training  completed=924/2500  queue=1/256 (0%)  replay=195160/200000  updates=177  loss=0.00923  policy_version=462
  throughput env_steps_s=265.5  transitions_s=265.5  transitions_step=1.0  updates_s=66.4  updates_throttled=0
episode=0925
  mode      collector=async  worker=2  epsilon=0.033
  outcome   reward=-8.999999999999998  success=0/1 (0.00%)  steps=mean:200.0 range:[200,200]
  training  completed=925/2500  queue=0/256 (0%)  replay=195227/200000  updates=16  loss=0.02461  policy_version=463
  throughput env_steps_s=262.6  transitions_s=262.6  transitions_step=1.0  updates_s=62.7  updates_throttled=0
Saved checkpoint: checkpoints/breakout_27bricks_v2/ckpt-925
Scheduled replay buffer save: checkpoints/breakout_27bricks_v2/replay-925.npz transitions=195227
Saved replay buffer: checkpoints/breakout_27bricks_v2/replay-925.npz transitions=195227
episode=0927
  mode      collector=async  worker=1  epsilon=0.033
  outcome   reward=-10.0063  success=0/1 (0.00%)  steps=mean:63.0 range:[63,63]
  training  completed=926/2500  queue=0/256 (0%)  replay=195423/200000  updates=49  loss=0.01960  policy_version=463
  throughput env_steps_s=245.9  transitions_s=245.9  transitions_step=1.0  updates_s=61.5  updates_throttled=0
episode=0915
  mode      collector=async  worker=3  epsilon=0.033
  outcome   reward=-3.074899999999981  success=0/1 (0.00%)  steps=mean:949.0 range:[949,949]
  training  completed=927/2500  queue=0/256 (0%)  replay=195659/200000  updates=59  loss=0.02800  policy_version=464
  throughput env_steps_s=275.3  transitions_s=275.3  transitions_step=1.0  updates_s=68.8  updates_throttled=0
episode=0930
  mode      collector=async  worker=3  epsilon=0.033
  outcome   reward=-10.0066  success=0/1 (0.00%)  steps=mean:66.0 range:[66,66]
  training  completed=928/2500  queue=1/256 (0%)  replay=195908/200000  updates=63  loss=0.02092  policy_version=464
  throughput env_steps_s=266.4  transitions_s=266.4  transitions_step=1.0  updates_s=67.4  updates_throttled=0
episode=0928
  mode      collector=async  worker=2  epsilon=0.033
  outcome   reward=-9.0017  success=0/1 (0.00%)  steps=mean:217.0 range:[217,217]
  training  completed=929/2500  queue=0/256 (0%)  replay=196094/200000  updates=46  loss=0.00767  policy_version=465
  throughput env_steps_s=264.5  transitions_s=264.5  transitions_step=1.0  updates_s=65.4  updates_throttled=0
episode=0929
  mode      collector=async  worker=1  epsilon=0.033
  outcome   reward=-9.000899999999998  success=0/1 (0.00%)  steps=mean:209.0 range:[209,209]
  training  completed=930/2500  queue=0/256 (0%)  replay=196263/200000  updates=42  loss=0.00490  policy_version=465
  throughput env_steps_s=257.2  transitions_s=257.2  transitions_step=1.0  updates_s=63.9  updates_throttled=0
episode=0932
  mode      collector=async  worker=2  epsilon=0.032
  outcome   reward=-9.002699999999999  success=0/1 (0.00%)  steps=mean:227.0 range:[227,227]
  training  completed=931/2500  queue=0/256 (0%)  replay=197014/200000  updates=188  loss=0.01536  policy_version=467
  throughput env_steps_s=263.6  transitions_s=263.6  transitions_step=1.0  updates_s=66.0  updates_throttled=0
episode=0934
  mode      collector=async  worker=2  epsilon=0.032
  outcome   reward=-10.006  success=0/1 (0.00%)  steps=mean:60.0 range:[60,60]
  training  completed=932/2500  queue=0/256 (0%)  replay=197261/200000  updates=62  loss=0.00980  policy_version=468
  throughput env_steps_s=258.6  transitions_s=258.6  transitions_step=1.0  updates_s=64.9  updates_throttled=0
episode=0926
  mode      collector=async  worker=0  epsilon=0.032
  outcome   reward=-4.085599999999842  success=0/1 (0.00%)  steps=mean:1056.0 range:[1056,1056]
  training  completed=933/2500  queue=3/256 (1%)  replay=198660/200000  updates=350  loss=0.01257  policy_version=471
  throughput env_steps_s=266.0  transitions_s=266.0  transitions_step=1.0  updates_s=66.6  updates_throttled=0
episode=0933
  mode      collector=async  worker=1  epsilon=0.032
  outcome   reward=-4.048799999999974  success=0/1 (0.00%)  steps=mean:688.0 range:[688,688]
  training  completed=934/2500  queue=2/256 (1%)  replay=198984/200000  updates=81  loss=0.02666  policy_version=472
  throughput env_steps_s=263.2  transitions_s=263.2  transitions_step=1.0  updates_s=65.8  updates_throttled=0
episode=0937
  mode      collector=async  worker=1  epsilon=0.032
  outcome   reward=-9.000699999999998  success=0/1 (0.00%)  steps=mean:207.0 range:[207,207]
  training  completed=935/2500  queue=0/256 (0%)  replay=199811/200000  updates=206  loss=0.01979  policy_version=474
  throughput env_steps_s=266.4  transitions_s=266.4  transitions_step=1.0  updates_s=66.3  updates_throttled=0
episode=0931
  mode      collector=async  worker=3  epsilon=0.032
  outcome   reward=-0.07779999999992881  success=0/1 (0.00%)  steps=mean:978.0 range:[978,978]
  training  completed=936/2500  queue=1/256 (0%)  replay=199836/200000  updates=7  loss=0.01237  policy_version=474
  throughput env_steps_s=229.1  transitions_s=229.1  transitions_step=1.0  updates_s=64.1  updates_throttled=0
episode=0935
  mode      collector=async  worker=2  epsilon=0.032
  outcome   reward=-6.0488000000000515  success=0/1 (0.00%)  steps=mean:688.0 range:[688,688]
  training  completed=937/2500  queue=1/256 (0%)  replay=200000/200000  updates=45  loss=0.00844  policy_version=475
  throughput env_steps_s=263.6  transitions_s=263.6  transitions_step=1.0  updates_s=65.9  updates_throttled=0
episode=0936
  mode      collector=async  worker=0  epsilon=0.032
  outcome   reward=-6.0254000000000385  success=0/1 (0.00%)  steps=mean:454.0 range:[454,454]
  training  completed=938/2500  queue=0/256 (0%)  replay=200000/200000  updates=117  loss=0.02868  policy_version=476
  throughput env_steps_s=265.1  transitions_s=265.1  transitions_step=1.0  updates_s=65.9  updates_throttled=0
episode=0941
  mode      collector=async  worker=0  epsilon=0.031
  outcome   reward=-10.0064  success=0/1 (0.00%)  steps=mean:64.0 range:[64,64]
  training  completed=939/2500  queue=0/256 (0%)  replay=200000/200000  updates=61  loss=0.01262  policy_version=476
  throughput env_steps_s=261.8  transitions_s=261.8  transitions_step=1.0  updates_s=66.0  updates_throttled=0
episode=0942
  mode      collector=async  worker=0  epsilon=0.031
  outcome   reward=-10.0062  success=0/1 (0.00%)  steps=mean:62.0 range:[62,62]
  training  completed=940/2500  queue=5/256 (2%)  replay=200000/200000  updates=62  loss=0.01256  policy_version=477
  throughput env_steps_s=259.9  transitions_s=259.9  transitions_step=1.0  updates_s=64.7  updates_throttled=0
episode=0940
  mode      collector=async  worker=2  epsilon=0.031
  outcome   reward=-9.003899999999998  success=0/1 (0.00%)  steps=mean:239.0 range:[239,239]
  training  completed=941/2500  queue=0/256 (0%)  replay=200000/200000  updates=6  loss=0.00905  policy_version=477
  throughput env_steps_s=322.7  transitions_s=322.7  transitions_step=1.0  updates_s=80.7  updates_throttled=0
episode=0939
  mode      collector=async  worker=3  epsilon=0.031
  outcome   reward=-7.0102000000000135  success=0/1 (0.00%)  steps=mean:302.0 range:[302,302]
  training  completed=942/2500  queue=2/256 (1%)  replay=200000/200000  updates=10  loss=0.06532  policy_version=477
  throughput env_steps_s=255.6  transitions_s=255.6  transitions_step=1.0  updates_s=67.3  updates_throttled=0
episode=0938
  mode      collector=async  worker=1  epsilon=0.031
  outcome   reward=-8.017899999999997  success=0/1 (0.00%)  steps=mean:379.0 range:[379,379]
  training  completed=943/2500  queue=0/256 (0%)  replay=200000/200000  updates=64  loss=0.04055  policy_version=478
  throughput env_steps_s=275.7  transitions_s=275.7  transitions_step=1.0  updates_s=68.1  updates_throttled=0
episode=0945
  mode      collector=async  worker=3  epsilon=0.031
  outcome   reward=-10.0061  success=0/1 (0.00%)  steps=mean:61.0 range:[61,61]
  training  completed=944/2500  queue=0/256 (0%)  replay=200000/200000  updates=1  loss=0.03246  policy_version=478
  throughput env_steps_s=247.4  transitions_s=247.4  transitions_step=1.0  updates_s=123.7  updates_throttled=0
episode=0947
  mode      collector=async  worker=3  epsilon=0.031
  outcome   reward=-9.0003  success=0/1 (0.00%)  steps=mean:203.0 range:[203,203]
  training  completed=945/2500  queue=0/256 (0%)  replay=200000/200000  updates=199  loss=0.01835  policy_version=480
  throughput env_steps_s=261.7  transitions_s=261.7  transitions_step=1.0  updates_s=65.5  updates_throttled=0
episode=0944
  mode      collector=async  worker=2  epsilon=0.031
  outcome   reward=-7.013600000000028  success=0/1 (0.00%)  steps=mean:336.0 range:[336,336]
  training  completed=946/2500  queue=0/256 (0%)  replay=200000/200000  updates=66  loss=0.01673  policy_version=480
  throughput env_steps_s=268.8  transitions_s=268.8  transitions_step=1.0  updates_s=66.9  updates_throttled=0
Frozen evaluation episode=900: success=0/20 (0.00%) reward_mean=-5.9447 steps_mean=616.5
Saved checkpoint: checkpoints/breakout_27bricks_v2/best/ckpt-946
Best checkpoint applied using live weights at episode=946 (background evaluation was requested for episode=900)
New best checkpoint: checkpoints/breakout_27bricks_v2/best/ckpt-946 metric=auto success=0.00% reward_mean=-5.9447
episode=0943
  mode      collector=async  worker=0  epsilon=0.031
  outcome   reward=-7.025400000000021  success=0/1 (0.00%)  steps=mean:454.0 range:[454,454]
  training  completed=947/2500  queue=4/256 (2%)  replay=200000/200000  updates=116  loss=0.01598  policy_version=482
  throughput env_steps_s=265.8  transitions_s=265.8  transitions_step=1.0  updates_s=66.5  updates_throttled=0
episode=0950
  mode      collector=async  worker=0  epsilon=0.030
  outcome   reward=-10.0062  success=0/1 (0.00%)  steps=mean:62.0 range:[62,62]
  training  completed=948/2500  queue=1/256 (0%)  replay=200000/200000  updates=58  loss=0.01094  policy_version=482
  throughput env_steps_s=312.1  transitions_s=312.1  transitions_step=1.0  updates_s=78.4  updates_throttled=0
episode=0946
  mode      collector=async  worker=1  epsilon=0.030
  outcome   reward=-6.029800000000018  success=0/1 (0.00%)  steps=mean:498.0 range:[498,498]
  training  completed=949/2500  queue=0/256 (0%)  replay=200000/200000  updates=59  loss=0.03519  policy_version=483
  throughput env_steps_s=301.0  transitions_s=301.0  transitions_step=1.0  updates_s=74.9  updates_throttled=0
episode=0948
  mode      collector=async  worker=3  epsilon=0.030
  outcome   reward=-6.036900000000038  success=0/1 (0.00%)  steps=mean:569.0 range:[569,569]
  training  completed=950/2500  queue=0/256 (0%)  replay=200000/200000  updates=274  loss=0.01613  policy_version=485
  throughput env_steps_s=306.6  transitions_s=306.6  transitions_step=1.0  updates_s=76.5  updates_throttled=0
Saved checkpoint: checkpoints/breakout_27bricks_v2/ckpt-950
Scheduled replay buffer save: checkpoints/breakout_27bricks_v2/replay-950.npz transitions=200000
episode=0949
  mode      collector=async  worker=2  epsilon=0.030
  outcome   reward=-7.032300000000018  success=0/1 (0.00%)  steps=mean:523.0 range:[523,523]
  training  completed=951/2500  queue=0/256 (0%)  replay=200000/200000  updates=15  loss=0.01040  policy_version=486
  throughput env_steps_s=266.7  transitions_s=266.7  transitions_step=1.0  updates_s=66.7  updates_throttled=0
Saved replay buffer: checkpoints/breakout_27bricks_v2/replay-950.npz transitions=200000
episode=0954
  mode      collector=async  worker=2  epsilon=0.030
  outcome   reward=-10.0061  success=0/1 (0.00%)  steps=mean:61.0 range:[61,61]
  training  completed=952/2500  queue=0/256 (0%)  replay=200000/200000  updates=59  loss=0.00926  policy_version=486
  throughput env_steps_s=283.9  transitions_s=283.9  transitions_step=1.0  updates_s=71.0  updates_throttled=0
episode=0955
  mode      collector=async  worker=2  epsilon=0.030
  outcome   reward=-8.999199999999998  success=0/1 (0.00%)  steps=mean:192.0 range:[192,192]
  training  completed=953/2500  queue=0/256 (0%)  replay=200000/200000  updates=196  loss=0.02294  policy_version=488
  throughput env_steps_s=307.9  transitions_s=307.9  transitions_step=1.0  updates_s=77.0  updates_throttled=0
episode=0951
  mode      collector=async  worker=0  epsilon=0.030
  outcome   reward=-7.04110000000002  success=0/1 (0.00%)  steps=mean:611.0 range:[611,611]
  training  completed=954/2500  queue=0/256 (0%)  replay=200000/200000  updates=6  loss=0.05237  policy_version=488
  throughput env_steps_s=306.8  transitions_s=306.8  transitions_step=1.0  updates_s=80.0  updates_throttled=0
episode=0957
  mode      collector=async  worker=0  epsilon=0.030
  outcome   reward=-8.9988  success=0/1 (0.00%)  steps=mean:188.0 range:[188,188]
  training  completed=955/2500  queue=2/256 (1%)  replay=200000/200000  updates=186  loss=0.02202  policy_version=490
  throughput env_steps_s=307.2  transitions_s=307.2  transitions_step=1.0  updates_s=77.0  updates_throttled=0
episode=0956
  mode      collector=async  worker=2  epsilon=0.030
  outcome   reward=-8.003100000000012  success=0/1 (0.00%)  steps=mean:231.0 range:[231,231]
  training  completed=956/2500  queue=0/256 (0%)  replay=200000/200000  updates=41  loss=0.01285  policy_version=491
  throughput env_steps_s=315.8  transitions_s=315.8  transitions_step=1.0  updates_s=77.5  updates_throttled=0
episode=0958
  mode      collector=async  worker=0  epsilon=0.029
  outcome   reward=-8.018799999999997  success=0/1 (0.00%)  steps=mean:388.0 range:[388,388]
  training  completed=957/2500  queue=0/256 (0%)  replay=200000/200000  updates=348  loss=0.02623  policy_version=494
  throughput env_steps_s=309.4  transitions_s=309.4  transitions_step=1.0  updates_s=77.4  updates_throttled=0
episode=0952
  mode      collector=async  worker=1  epsilon=0.029
  outcome   reward=0.9046000000001175  success=0/1 (0.00%)  steps=mean:1154.0 range:[1154,1154]
  training  completed=958/2500  queue=0/256 (0%)  replay=200000/200000  updates=17  loss=0.01520  policy_version=494
  throughput env_steps_s=316.2  transitions_s=316.2  transitions_step=1.0  updates_s=76.8  updates_throttled=0
episode=0959
  mode      collector=async  worker=2  epsilon=0.029
  outcome   reward=-8.017499999999997  success=0/1 (0.00%)  steps=mean:375.0 range:[375,375]
  training  completed=959/2500  queue=0/256 (0%)  replay=200000/200000  updates=22  loss=0.02349  policy_version=494
  throughput env_steps_s=314.8  transitions_s=314.8  transitions_step=1.0  updates_s=79.6  updates_throttled=0
episode=0960
  mode      collector=async  worker=0  epsilon=0.029
  outcome   reward=-10.0062  success=0/1 (0.00%)  steps=mean:62.0 range:[62,62]
  training  completed=960/2500  queue=3/256 (1%)  replay=200000/200000  updates=23  loss=0.01540  policy_version=495
  throughput env_steps_s=304.0  transitions_s=304.0  transitions_step=1.0  updates_s=76.0  updates_throttled=0
episode=0953
  mode      collector=async  worker=3  epsilon=0.029
  outcome   reward=-3.0834999999999546  success=0/1 (0.00%)  steps=mean:1035.0 range:[1035,1035]
  training  completed=961/2500  queue=0/256 (0%)  replay=200000/200000  updates=112  loss=0.01117  policy_version=496
  throughput env_steps_s=313.8  transitions_s=313.8  transitions_step=1.0  updates_s=78.6  updates_throttled=0
episode=0961
  mode      collector=async  worker=1  epsilon=0.029
  outcome   reward=-8.998899999999999  success=0/1 (0.00%)  steps=mean:189.0 range:[189,189]
  training  completed=962/2500  queue=0/256 (0%)  replay=200000/200000  updates=30  loss=0.01827  policy_version=496
  throughput env_steps_s=288.3  transitions_s=288.3  transitions_step=1.0  updates_s=72.7  updates_throttled=0
episode=0963
  mode      collector=async  worker=0  epsilon=0.029
  outcome   reward=-6.038500000000045  success=0/1 (0.00%)  steps=mean:585.0 range:[585,585]
  training  completed=963/2500  queue=0/256 (0%)  replay=200000/200000  updates=454  loss=0.01663  policy_version=501
  throughput env_steps_s=318.9  transitions_s=318.9  transitions_step=1.0  updates_s=79.7  updates_throttled=0
episode=0965
  mode      collector=async  worker=1  epsilon=0.029
  outcome   reward=-7.032300000000011  success=0/1 (0.00%)  steps=mean:523.0 range:[523,523]
  training  completed=964/2500  queue=0/256 (0%)  replay=200000/200000  updates=61  loss=0.02556  policy_version=501
  throughput env_steps_s=320.3  transitions_s=320.3  transitions_step=1.0  updates_s=79.4  updates_throttled=0
episode=0966
  mode      collector=async  worker=0  epsilon=0.029
  outcome   reward=-10.0062  success=0/1 (0.00%)  steps=mean:62.0 range:[62,62]
  training  completed=965/2500  queue=2/256 (1%)  replay=200000/200000  updates=1  loss=0.00657  policy_version=501
  throughput env_steps_s=238.1  transitions_s=238.1  transitions_step=1.0  updates_s=238.1  updates_throttled=0
episode=0967
  mode      collector=async  worker=1  epsilon=0.028
  outcome   reward=-9.002699999999999  success=0/1 (0.00%)  steps=mean:227.0 range:[227,227]
  training  completed=966/2500  queue=0/256 (0%)  replay=200000/200000  updates=228  loss=0.01164  policy_version=503
  throughput env_steps_s=325.8  transitions_s=325.8  transitions_step=1.0  updates_s=81.3  updates_throttled=0
episode=0968
  mode      collector=async  worker=0  epsilon=0.028
  outcome   reward=-9.003599999999999  success=0/1 (0.00%)  steps=mean:236.0 range:[236,236]
  training  completed=967/2500  queue=0/256 (0%)  replay=200000/200000  updates=12  loss=0.05285  policy_version=504
  throughput env_steps_s=311.2  transitions_s=311.2  transitions_step=1.0  updates_s=77.8  updates_throttled=0
episode=0964
  mode      collector=async  worker=3  epsilon=0.028
  outcome   reward=-3.070299999999998  success=0/1 (0.00%)  steps=mean:903.0 range:[903,903]
  training  completed=968/2500  queue=0/256 (0%)  replay=200000/200000  updates=117  loss=0.02066  policy_version=505
  throughput env_steps_s=329.5  transitions_s=329.5  transitions_step=1.0  updates_s=82.4  updates_throttled=0
episode=0969
  mode      collector=async  worker=1  epsilon=0.028
  outcome   reward=-7.999300000000014  success=0/1 (0.00%)  steps=mean:193.0 range:[193,193]
  training  completed=969/2500  queue=1/256 (0%)  replay=200000/200000  updates=62  loss=0.02435  policy_version=505
  throughput env_steps_s=323.5  transitions_s=323.5  transitions_step=1.0  updates_s=81.5  updates_throttled=0
episode=0970
  mode      collector=async  worker=0  epsilon=0.028
  outcome   reward=-9.0019  success=0/1 (0.00%)  steps=mean:219.0 range:[219,219]
  training  completed=970/2500  queue=0/256 (0%)  replay=200000/200000  updates=44  loss=0.03171  policy_version=506
  throughput env_steps_s=320.4  transitions_s=320.4  transitions_step=1.0  updates_s=79.7  updates_throttled=0
episode=0962
  mode      collector=async  worker=2  epsilon=0.028
  outcome   reward=-1.0976999999999428  success=0/1 (0.00%)  steps=mean:1177.0 range:[1177,1177]
  training  completed=971/2500  queue=0/256 (0%)  replay=200000/200000  updates=29  loss=0.01657  policy_version=506
  throughput env_steps_s=326.6  transitions_s=326.6  transitions_step=1.0  updates_s=80.3  updates_throttled=0
episode=0973
  mode      collector=async  worker=0  epsilon=0.028
  outcome   reward=-8.9985  success=0/1 (0.00%)  steps=mean:185.0 range:[185,185]
  training  completed=972/2500  queue=0/256 (0%)  replay=200000/200000  updates=155  loss=0.02607  policy_version=508
  throughput env_steps_s=321.2  transitions_s=321.2  transitions_step=1.0  updates_s=80.6  updates_throttled=0
episode=0974
  mode      collector=async  worker=2  epsilon=0.028
  outcome   reward=-9.003799999999998  success=0/1 (0.00%)  steps=mean:238.0 range:[238,238]
  training  completed=973/2500  queue=1/256 (0%)  replay=200000/200000  updates=81  loss=0.01553  policy_version=508
  throughput env_steps_s=329.3  transitions_s=329.3  transitions_step=1.0  updates_s=82.3  updates_throttled=0
episode=0976
  mode      collector=async  worker=2  epsilon=0.028
  outcome   reward=-10.0062  success=0/1 (0.00%)  steps=mean:62.0 range:[62,62]
  training  completed=974/2500  queue=2/256 (1%)  replay=200000/200000  updates=60  loss=0.02036  policy_version=509
  throughput env_steps_s=333.8  transitions_s=333.8  transitions_step=1.0  updates_s=83.8  updates_throttled=0
episode=0972
  mode      collector=async  worker=1  epsilon=0.028
  outcome   reward=-8.022099999999996  success=0/1 (0.00%)  steps=mean:421.0 range:[421,421]
  training  completed=975/2500  queue=0/256 (0%)  replay=200000/200000  updates=49  loss=0.01308  policy_version=510
  throughput env_steps_s=319.8  transitions_s=319.8  transitions_step=1.0  updates_s=79.6  updates_throttled=0
Saved checkpoint: checkpoints/breakout_27bricks_v2/ckpt-975
Scheduled replay buffer save: checkpoints/breakout_27bricks_v2/replay-975.npz transitions=200000
Saved replay buffer: checkpoints/breakout_27bricks_v2/replay-975.npz transitions=200000
episode=0971
  mode      collector=async  worker=3  epsilon=0.027
  outcome   reward=-5.0313999999999774  success=0/1 (0.00%)  steps=mean:514.0 range:[514,514]
  training  completed=976/2500  queue=0/256 (0%)  replay=200000/200000  updates=41  loss=0.02111  policy_version=510
  throughput env_steps_s=291.0  transitions_s=291.0  transitions_step=1.0  updates_s=73.2  updates_throttled=0
episode=0978
  mode      collector=async  worker=1  epsilon=0.027
  outcome   reward=-10.0062  success=0/1 (0.00%)  steps=mean:62.0 range:[62,62]
  training  completed=977/2500  queue=0/256 (0%)  replay=200000/200000  updates=22  loss=0.00740  policy_version=510
  throughput env_steps_s=331.6  transitions_s=331.6  transitions_step=1.0  updates_s=81.1  updates_throttled=0
episode=0977
  mode      collector=async  worker=2  epsilon=0.027
  outcome   reward=-8.999799999999999  success=0/1 (0.00%)  steps=mean:198.0 range:[198,198]
  training  completed=978/2500  queue=0/256 (0%)  replay=200000/200000  updates=88  loss=0.01093  policy_version=511
  throughput env_steps_s=321.4  transitions_s=321.4  transitions_step=1.0  updates_s=80.1  updates_throttled=0
episode=0979
  mode      collector=async  worker=3  epsilon=0.027
  outcome   reward=-8.9987  success=0/1 (0.00%)  steps=mean:187.0 range:[187,187]
  training  completed=979/2500  queue=0/256 (0%)  replay=200000/200000  updates=74  loss=0.01782  policy_version=512
  throughput env_steps_s=327.3  transitions_s=327.3  transitions_step=1.0  updates_s=82.1  updates_throttled=0
episode=0975
  mode      collector=async  worker=0  epsilon=0.027
  outcome   reward=-7.023700000000012  success=0/1 (0.00%)  steps=mean:437.0 range:[437,437]
  training  completed=980/2500  queue=4/256 (2%)  replay=200000/200000  updates=19  loss=0.00805  policy_version=512
  throughput env_steps_s=308.6  transitions_s=308.6  transitions_step=1.0  updates_s=77.2  updates_throttled=0
episode=0980
  mode      collector=async  worker=1  epsilon=0.027
  outcome   reward=-9.000799999999998  success=0/1 (0.00%)  steps=mean:208.0 range:[208,208]
  training  completed=981/2500  queue=1/256 (0%)  replay=200000/200000  updates=26  loss=0.01073  policy_version=512
  throughput env_steps_s=329.5  transitions_s=329.5  transitions_step=1.0  updates_s=83.2  updates_throttled=0
episode=0982
  mode      collector=async  worker=3  epsilon=0.027
  outcome   reward=-10.0062  success=0/1 (0.00%)  steps=mean:62.0 range:[62,62]
  training  completed=982/2500  queue=0/256 (0%)  replay=200000/200000  updates=18  loss=0.00864  policy_version=512
  throughput env_steps_s=323.7  transitions_s=323.7  transitions_step=1.0  updates_s=79.8  updates_throttled=0
episode=0983
  mode      collector=async  worker=0  epsilon=0.027
  outcome   reward=-10.006499999999999  success=0/1 (0.00%)  steps=mean:65.0 range:[65,65]
  training  completed=983/2500  queue=1/256 (0%)  replay=200000/200000  updates=21  loss=0.02108  policy_version=513
  throughput env_steps_s=313.5  transitions_s=313.5  transitions_step=1.0  updates_s=80.3  updates_throttled=0
episode=0981
  mode      collector=async  worker=2  epsilon=0.027
  outcome   reward=-9.000399999999999  success=0/1 (0.00%)  steps=mean:204.0 range:[204,204]
  training  completed=984/2500  queue=0/256 (0%)  replay=200000/200000  updates=50  loss=0.01624  policy_version=513
  throughput env_steps_s=340.6  transitions_s=340.6  transitions_step=1.0  updates_s=84.3  updates_throttled=0
episode=0987
  mode      collector=async  worker=2  epsilon=0.027
  outcome   reward=-10.006  success=0/1 (0.00%)  steps=mean:60.0 range:[60,60]
  training  completed=985/2500  queue=0/256 (0%)  replay=200000/200000  updates=62  loss=0.01356  policy_version=514
  throughput env_steps_s=324.3  transitions_s=324.3  transitions_step=1.0  updates_s=81.1  updates_throttled=0
episode=0984
  mode      collector=async  worker=1  epsilon=0.026
  outcome   reward=-9.000399999999999  success=0/1 (0.00%)  steps=mean:204.0 range:[204,204]
  training  completed=986/2500  queue=0/256 (0%)  replay=200000/200000  updates=50  loss=0.01292  policy_version=514
  throughput env_steps_s=329.1  transitions_s=329.1  transitions_step=1.0  updates_s=81.9  updates_throttled=0
episode=0985
  mode      collector=async  worker=3  epsilon=0.026
  outcome   reward=-8.998899999999999  success=0/1 (0.00%)  steps=mean:189.0 range:[189,189]
  training  completed=987/2500  queue=0/256 (0%)  replay=200000/200000  updates=2  loss=0.00707  policy_version=514
  throughput env_steps_s=263.9  transitions_s=263.9  transitions_step=1.0  updates_s=88.0  updates_throttled=0
episode=0989
  mode      collector=async  worker=1  epsilon=0.026
  outcome   reward=-10.0063  success=0/1 (0.00%)  steps=mean:63.0 range:[63,63]
  training  completed=988/2500  queue=0/256 (0%)  replay=200000/200000  updates=64  loss=0.02024  policy_version=515
  throughput env_steps_s=319.3  transitions_s=319.3  transitions_step=1.0  updates_s=79.8  updates_throttled=0
episode=0988
  mode      collector=async  worker=2  epsilon=0.026
  outcome   reward=-8.000800000000014  success=0/1 (0.00%)  steps=mean:208.0 range:[208,208]
  training  completed=989/2500  queue=3/256 (1%)  replay=200000/200000  updates=101  loss=0.03294  policy_version=516
  throughput env_steps_s=322.6  transitions_s=322.6  transitions_step=1.0  updates_s=80.9  updates_throttled=0
episode=0990
  mode      collector=async  worker=3  epsilon=0.026
  outcome   reward=-9.002299999999998  success=0/1 (0.00%)  steps=mean:223.0 range:[223,223]
  training  completed=990/2500  queue=0/256 (0%)  replay=200000/200000  updates=53  loss=0.02241  policy_version=516
  throughput env_steps_s=327.2  transitions_s=327.2  transitions_step=1.0  updates_s=80.6  updates_throttled=0
episode=0993
  mode      collector=async  worker=3  epsilon=0.026
  outcome   reward=-8.002200000000009  success=0/1 (0.00%)  steps=mean:222.0 range:[222,222]
  training  completed=991/2500  queue=0/256 (0%)  replay=200000/200000  updates=222  loss=0.01794  policy_version=519
  throughput env_steps_s=324.1  transitions_s=324.1  transitions_step=1.0  updates_s=81.0  updates_throttled=0
episode=0986
  mode      collector=async  worker=0  epsilon=0.026
  outcome   reward=-6.04580000000005  success=0/1 (0.00%)  steps=mean:658.0 range:[658,658]
  training  completed=992/2500  queue=2/256 (1%)  replay=200000/200000  updates=47  loss=0.02674  policy_version=519
  throughput env_steps_s=311.9  transitions_s=311.9  transitions_step=1.0  updates_s=79.2  updates_throttled=0
episode=0991
  mode      collector=async  worker=1  epsilon=0.026
  outcome   reward=-7.023900000000012  success=0/1 (0.00%)  steps=mean:439.0 range:[439,439]
  training  completed=993/2500  queue=0/256 (0%)  replay=200000/200000  updates=23  loss=0.03415  policy_version=519
  throughput env_steps_s=321.3  transitions_s=321.3  transitions_step=1.0  updates_s=77.8  updates_throttled=0
episode=0992
  mode      collector=async  worker=2  epsilon=0.026
  outcome   reward=-7.023900000000027  success=0/1 (0.00%)  steps=mean:439.0 range:[439,439]
  training  completed=994/2500  queue=2/256 (1%)  replay=200000/200000  updates=96  loss=0.01033  policy_version=520
  throughput env_steps_s=313.8  transitions_s=313.8  transitions_step=1.0  updates_s=79.1  updates_throttled=0
episode=0994
  mode      collector=async  worker=3  epsilon=0.026
  outcome   reward=-8.999199999999998  success=0/1 (0.00%)  steps=mean:192.0 range:[192,192]
  training  completed=995/2500  queue=0/256 (0%)  replay=200000/200000  updates=26  loss=0.02590  policy_version=521
  throughput env_steps_s=305.3  transitions_s=305.3  transitions_step=1.0  updates_s=76.3  updates_throttled=0
episode=0995
  mode      collector=async  worker=0  epsilon=0.025
  outcome   reward=-9.0002  success=0/1 (0.00%)  steps=mean:202.0 range:[202,202]
  training  completed=996/2500  queue=2/256 (1%)  replay=200000/200000  updates=51  loss=0.03211  policy_version=521
  throughput env_steps_s=316.9  transitions_s=316.9  transitions_step=1.0  updates_s=79.2  updates_throttled=0
episode=0996
  mode      collector=async  worker=1  epsilon=0.025
  outcome   reward=-8.000100000000016  success=0/1 (0.00%)  steps=mean:201.0 range:[201,201]
  training  completed=997/2500  queue=0/256 (0%)  replay=200000/200000  updates=25  loss=0.00771  policy_version=521
  throughput env_steps_s=333.9  transitions_s=333.9  transitions_step=1.0  updates_s=83.5  updates_throttled=0
episode=0999
  mode      collector=async  worker=0  epsilon=0.025
  outcome   reward=-10.0063  success=0/1 (0.00%)  steps=mean:63.0 range:[63,63]
  training  completed=998/2500  queue=0/256 (0%)  replay=200000/200000  updates=40  loss=0.00570  policy_version=522
  throughput env_steps_s=310.9  transitions_s=310.9  transitions_step=1.0  updates_s=77.7  updates_throttled=0
episode=0998
  mode      collector=async  worker=3  epsilon=0.025
  outcome   reward=-8.009399999999998  success=0/1 (0.00%)  steps=mean:294.0 range:[294,294]
  training  completed=999/2500  queue=0/256 (0%)  replay=200000/200000  updates=182  loss=0.01111  policy_version=524
  throughput env_steps_s=326.4  transitions_s=326.4  transitions_step=1.0  updates_s=81.5  updates_throttled=0
episode=1001
  mode      collector=async  worker=0  epsilon=0.025
  outcome   reward=-8.9996  success=0/1 (0.00%)  steps=mean:196.0 range:[196,196]
  training  completed=1000/2500  queue=3/256 (1%)  replay=200000/200000  updates=14  loss=0.01202  policy_version=524
  throughput env_steps_s=323.6  transitions_s=323.6  transitions_step=1.0  updates_s=79.5  updates_throttled=0
Saved checkpoint: checkpoints/breakout_27bricks_v2/ckpt-1000
Scheduled replay buffer save: checkpoints/breakout_27bricks_v2/replay-1000.npz transitions=200000
Evaluating frozen checkpoint episode=1000 episodes=20 metric=auto...
Saved replay buffer: checkpoints/breakout_27bricks_v2/replay-1000.npz transitions=200000
episode=1000
  mode      collector=async  worker=1  epsilon=0.025
  outcome   reward=-8.010799999999998  success=0/1 (0.00%)  steps=mean:308.0 range:[308,308]
  training  completed=1001/2500  queue=0/256 (0%)  replay=200000/200000  updates=68  loss=0.01808  policy_version=524
  throughput env_steps_s=250.5  transitions_s=250.5  transitions_step=1.0  updates_s=62.4  updates_throttled=0
episode=0997
  mode      collector=async  worker=2  epsilon=0.025
  outcome   reward=-7.029100000000016  success=0/1 (0.00%)  steps=mean:491.0 range:[491,491]
  training  completed=1002/2500  queue=2/256 (1%)  replay=200000/200000  updates=89  loss=0.00714  policy_version=525
  throughput env_steps_s=285.1  transitions_s=285.1  transitions_step=1.0  updates_s=71.9  updates_throttled=0
episode=1002
  mode      collector=async  worker=3  epsilon=0.025
  outcome   reward=-8.9994  success=0/1 (0.00%)  steps=mean:194.0 range:[194,194]
  training  completed=1003/2500  queue=0/256 (0%)  replay=200000/200000  updates=23  loss=0.00665  policy_version=526
  throughput env_steps_s=276.4  transitions_s=276.4  transitions_step=1.0  updates_s=67.6  updates_throttled=0
episode=1005
  mode      collector=async  worker=2  epsilon=0.025
  outcome   reward=-8.013999999999998  success=0/1 (0.00%)  steps=mean:340.0 range:[340,340]
  training  completed=1004/2500  queue=0/256 (0%)  replay=200000/200000  updates=313  loss=0.02168  policy_version=529
  throughput env_steps_s=283.7  transitions_s=283.7  transitions_step=1.0  updates_s=70.9  updates_throttled=0
episode=1004
  mode      collector=async  worker=1  epsilon=0.025
  outcome   reward=-7.028000000000015  success=0/1 (0.00%)  steps=mean:480.0 range:[480,480]
  training  completed=1005/2500  queue=0/256 (0%)  replay=200000/200000  updates=57  loss=0.02396  policy_version=529
  throughput env_steps_s=280.5  transitions_s=280.5  transitions_step=1.0  updates_s=70.1  updates_throttled=0
episode=1007
  mode      collector=async  worker=2  epsilon=0.025
  outcome   reward=-9.001199999999999  success=0/1 (0.00%)  steps=mean:212.0 range:[212,212]
  training  completed=1006/2500  queue=0/256 (0%)  replay=200000/200000  updates=159  loss=0.02635  policy_version=531
  throughput env_steps_s=280.4  transitions_s=280.4  transitions_step=1.0  updates_s=70.1  updates_throttled=0
episode=1009
  mode      collector=async  worker=2  epsilon=0.024
  outcome   reward=-8.998199999999999  success=0/1 (0.00%)  steps=mean:182.0 range:[182,182]
  training  completed=1007/2500  queue=0/256 (0%)  replay=200000/200000  updates=181  loss=0.01202  policy_version=533
  throughput env_steps_s=279.3  transitions_s=279.3  transitions_step=1.0  updates_s=70.0  updates_throttled=0
episode=1003
  mode      collector=async  worker=0  epsilon=0.024
  outcome   reward=-1.0747999999999038  success=0/1 (0.00%)  steps=mean:948.0 range:[948,948]
  training  completed=1008/2500  queue=0/256 (0%)  replay=200000/200000  updates=68  loss=0.01919  policy_version=533
  throughput env_steps_s=278.8  transitions_s=278.8  transitions_step=1.0  updates_s=69.4  updates_throttled=0
episode=1006
  mode      collector=async  worker=3  epsilon=0.024
  outcome   reward=-4.068799999999885  success=0/1 (0.00%)  steps=mean:888.0 range:[888,888]
  training  completed=1009/2500  queue=0/256 (0%)  replay=200000/200000  updates=108  loss=0.01575  policy_version=534
  throughput env_steps_s=281.4  transitions_s=281.4  transitions_step=1.0  updates_s=70.7  updates_throttled=0
episode=1008
  mode      collector=async  worker=1  epsilon=0.024
  outcome   reward=-6.032500000000054  success=0/1 (0.00%)  steps=mean:525.0 range:[525,525]
  training  completed=1010/2500  queue=3/256 (1%)  replay=200000/200000  updates=3  loss=0.13847  policy_version=534
  throughput env_steps_s=254.0  transitions_s=254.0  transitions_step=1.0  updates_s=63.5  updates_throttled=0
episode=1010
  mode      collector=async  worker=2  epsilon=0.024
  outcome   reward=-8.999199999999998  success=0/1 (0.00%)  steps=mean:192.0 range:[192,192]
  training  completed=1011/2500  queue=0/256 (0%)  replay=200000/200000  updates=13  loss=0.00970  policy_version=535
  throughput env_steps_s=276.5  transitions_s=276.5  transitions_step=1.0  updates_s=67.8  updates_throttled=0
episode=1013
  mode      collector=async  worker=1  epsilon=0.024
  outcome   reward=-10.0061  success=0/1 (0.00%)  steps=mean:61.0 range:[61,61]
  training  completed=1012/2500  queue=0/256 (0%)  replay=200000/200000  updates=45  loss=0.03601  policy_version=535
  throughput env_steps_s=274.4  transitions_s=274.4  transitions_step=1.0  updates_s=67.8  updates_throttled=0
episode=1015
  mode      collector=async  worker=1  epsilon=0.024
  outcome   reward=-10.0066  success=0/1 (0.00%)  steps=mean:66.0 range:[66,66]
  training  completed=1013/2500  queue=1/256 (0%)  replay=200000/200000  updates=67  loss=0.02031  policy_version=536
  throughput env_steps_s=277.4  transitions_s=277.4  transitions_step=1.0  updates_s=69.9  updates_throttled=0
episode=1012
  mode      collector=async  worker=3  epsilon=0.024
  outcome   reward=-8.019699999999997  success=0/1 (0.00%)  steps=mean:397.0 range:[397,397]
  training  completed=1014/2500  queue=0/256 (0%)  replay=200000/200000  updates=271  loss=0.01143  policy_version=538
  throughput env_steps_s=276.7  transitions_s=276.7  transitions_step=1.0  updates_s=69.2  updates_throttled=0
episode=1014
  mode      collector=async  worker=2  epsilon=0.024
  outcome   reward=-7.027500000000014  success=0/1 (0.00%)  steps=mean:475.0 range:[475,475]
  training  completed=1015/2500  queue=0/256 (0%)  replay=200000/200000  updates=92  loss=0.02368  policy_version=539
  throughput env_steps_s=280.4  transitions_s=280.4  transitions_step=1.0  updates_s=69.9  updates_throttled=0
episode=1018
  mode      collector=async  worker=2  epsilon=0.024
  outcome   reward=-10.0062  success=0/1 (0.00%)  steps=mean:62.0 range:[62,62]
  training  completed=1016/2500  queue=1/256 (0%)  replay=200000/200000  updates=65  loss=0.01004  policy_version=540
  throughput env_steps_s=287.0  transitions_s=287.0  transitions_step=1.0  updates_s=72.3  updates_throttled=0
episode=1016
  mode      collector=async  worker=1  epsilon=0.024
  outcome   reward=-5.036800000000007  success=0/1 (0.00%)  steps=mean:568.0 range:[568,568]
  training  completed=1017/2500  queue=0/256 (0%)  replay=200000/200000  updates=145  loss=0.01119  policy_version=541
  throughput env_steps_s=274.2  transitions_s=274.2  transitions_step=1.0  updates_s=68.4  updates_throttled=0
episode=1019
  mode      collector=async  worker=2  epsilon=0.024
  outcome   reward=-8.998099999999999  success=0/1 (0.00%)  steps=mean:181.0 range:[181,181]
  training  completed=1018/2500  queue=0/256 (0%)  replay=200000/200000  updates=33  loss=0.01410  policy_version=542
  throughput env_steps_s=278.9  transitions_s=278.9  transitions_step=1.0  updates_s=68.7  updates_throttled=0
episode=1017
  mode      collector=async  worker=3  epsilon=0.023
  outcome   reward=-8.015699999999997  success=0/1 (0.00%)  steps=mean:357.0 range:[357,357]
  training  completed=1019/2500  queue=0/256 (0%)  replay=200000/200000  updates=21  loss=0.03125  policy_version=542
  throughput env_steps_s=279.8  transitions_s=279.8  transitions_step=1.0  updates_s=70.0  updates_throttled=0
Frozen evaluation episode=1000: success=0/20 (0.00%) reward_mean=-8.0151 steps_mean=331.1
episode=1011
  mode      collector=async  worker=0  epsilon=0.023
  outcome   reward=-2.0712999999998907  success=0/1 (0.00%)  steps=mean:913.0 range:[913,913]
  training  completed=1020/2500  queue=4/256 (2%)  replay=200000/200000  updates=42  loss=0.01128  policy_version=542
  throughput env_steps_s=284.8  transitions_s=284.8  transitions_step=1.0  updates_s=71.6  updates_throttled=0
episode=1022
  mode      collector=async  worker=3  epsilon=0.023
  outcome   reward=-10.0064  success=0/1 (0.00%)  steps=mean:64.0 range:[64,64]
  training  completed=1021/2500  queue=1/256 (0%)  replay=200000/200000  updates=23  loss=0.02013  policy_version=543
  throughput env_steps_s=336.1  transitions_s=336.1  transitions_step=1.0  updates_s=85.0  updates_throttled=0
episode=1020
  mode      collector=async  worker=1  epsilon=0.023
  outcome   reward=-9.002499999999998  success=0/1 (0.00%)  steps=mean:225.0 range:[225,225]
  training  completed=1022/2500  queue=0/256 (0%)  replay=200000/200000  updates=102  loss=0.02180  policy_version=544
  throughput env_steps_s=337.1  transitions_s=337.1  transitions_step=1.0  updates_s=83.9  updates_throttled=0
episode=1021
  mode      collector=async  worker=2  epsilon=0.023
  outcome   reward=-9.001399999999999  success=0/1 (0.00%)  steps=mean:214.0 range:[214,214]
  training  completed=1023/2500  queue=0/256 (0%)  replay=200000/200000  updates=17  loss=0.00740  policy_version=544
  throughput env_steps_s=345.8  transitions_s=345.8  transitions_step=1.0  updates_s=86.5  updates_throttled=0
episode=1024
  mode      collector=async  worker=3  epsilon=0.023
  outcome   reward=-9.0033  success=0/1 (0.00%)  steps=mean:233.0 range:[233,233]
  training  completed=1024/2500  queue=0/256 (0%)  replay=200000/200000  updates=124  loss=0.01127  policy_version=545
  throughput env_steps_s=338.8  transitions_s=338.8  transitions_step=1.0  updates_s=84.7  updates_throttled=0
episode=1023
  mode      collector=async  worker=0  epsilon=0.023
  outcome   reward=-8.012299999999998  success=0/1 (0.00%)  steps=mean:323.0 range:[323,323]
  training  completed=1025/2500  queue=0/256 (0%)  replay=200000/200000  updates=60  loss=0.02225  policy_version=546
  throughput env_steps_s=334.5  transitions_s=334.5  transitions_step=1.0  updates_s=84.0  updates_throttled=0
Saved checkpoint: checkpoints/breakout_27bricks_v2/ckpt-1025
Scheduled replay buffer save: checkpoints/breakout_27bricks_v2/replay-1025.npz transitions=200000
Saved replay buffer: checkpoints/breakout_27bricks_v2/replay-1025.npz transitions=200000
episode=1027
  mode      collector=async  worker=3  epsilon=0.023
  outcome   reward=-8.999199999999998  success=0/1 (0.00%)  steps=mean:192.0 range:[192,192]
  training  completed=1026/2500  queue=0/256 (0%)  replay=200000/200000  updates=134  loss=0.01683  policy_version=547
  throughput env_steps_s=321.9  transitions_s=321.9  transitions_step=1.0  updates_s=80.3  updates_throttled=0
episode=1026
  mode      collector=async  worker=2  epsilon=0.023
  outcome   reward=-6.034900000000064  success=0/1 (0.00%)  steps=mean:549.0 range:[549,549]
  training  completed=1027/2500  queue=0/256 (0%)  replay=200000/200000  updates=231  loss=0.02363  policy_version=549
  throughput env_steps_s=337.0  transitions_s=337.0  transitions_step=1.0  updates_s=84.3  updates_throttled=0
episode=1025
  mode      collector=async  worker=1  epsilon=0.023
  outcome   reward=-4.045699999999964  success=0/1 (0.00%)  steps=mean:657.0 range:[657,657]
  training  completed=1028/2500  queue=0/256 (0%)  replay=200000/200000  updates=87  loss=0.01519  policy_version=550
  throughput env_steps_s=333.6  transitions_s=333.6  transitions_step=1.0  updates_s=83.7  updates_throttled=0
episode=1030
  mode      collector=async  worker=2  epsilon=0.023
  outcome   reward=-9.001299999999999  success=0/1 (0.00%)  steps=mean:213.0 range:[213,213]
  training  completed=1029/2500  queue=0/256 (0%)  replay=200000/200000  updates=120  loss=0.01982  policy_version=551
  throughput env_steps_s=328.5  transitions_s=328.5  transitions_step=1.0  updates_s=82.3  updates_throttled=0
episode=1031
  mode      collector=async  worker=1  epsilon=0.022
  outcome   reward=-8.997699999999998  success=0/1 (0.00%)  steps=mean:177.0 range:[177,177]
  training  completed=1030/2500  queue=0/256 (0%)  replay=200000/200000  updates=51  loss=0.00919  policy_version=552
  throughput env_steps_s=331.0  transitions_s=331.0  transitions_step=1.0  updates_s=81.9  updates_throttled=0
episode=1028
  mode      collector=async  worker=0  epsilon=0.022
  outcome   reward=-2.0578999999998775  success=0/1 (0.00%)  steps=mean:779.0 range:[779,779]
  training  completed=1031/2500  queue=0/256 (0%)  replay=200000/200000  updates=167  loss=0.01704  policy_version=554
  throughput env_steps_s=340.5  transitions_s=340.5  transitions_step=1.0  updates_s=85.1  updates_throttled=0
episode=1033
  mode      collector=async  worker=1  epsilon=0.022
  outcome   reward=-7.999600000000015  success=0/1 (0.00%)  steps=mean:196.0 range:[196,196]
  training  completed=1032/2500  queue=0/256 (0%)  replay=200000/200000  updates=26  loss=0.01627  policy_version=554
  throughput env_steps_s=327.3  transitions_s=327.3  transitions_step=1.0  updates_s=83.4  updates_throttled=0
episode=1034
  mode      collector=async  worker=0  epsilon=0.022
  outcome   reward=-8.9979  success=0/1 (0.00%)  steps=mean:179.0 range:[179,179]
  training  completed=1033/2500  queue=0/256 (0%)  replay=200000/200000  updates=152  loss=0.01546  policy_version=555
  throughput env_steps_s=328.3  transitions_s=328.3  transitions_step=1.0  updates_s=81.9  updates_throttled=0
episode=1029
  mode      collector=async  worker=3  epsilon=0.022
  outcome   reward=-7.064400000000013  success=0/1 (0.00%)  steps=mean:844.0 range:[844,844]
  training  completed=1034/2500  queue=0/256 (0%)  replay=200000/200000  updates=15  loss=0.00719  policy_version=555
  throughput env_steps_s=327.9  transitions_s=327.9  transitions_step=1.0  updates_s=80.6  updates_throttled=0
episode=1035
  mode      collector=async  worker=1  epsilon=0.022
  outcome   reward=-9.0017  success=0/1 (0.00%)  steps=mean:217.0 range:[217,217]
  training  completed=1035/2500  queue=0/256 (0%)  replay=200000/200000  updates=47  loss=0.00874  policy_version=556
  throughput env_steps_s=324.2  transitions_s=324.2  transitions_step=1.0  updates_s=81.5  updates_throttled=0
episode=1036
  mode      collector=async  worker=0  epsilon=0.022
  outcome   reward=-9.0026  success=0/1 (0.00%)  steps=mean:226.0 range:[226,226]
  training  completed=1036/2500  queue=2/256 (1%)  replay=200000/200000  updates=159  loss=0.02179  policy_version=558
  throughput env_steps_s=332.7  transitions_s=332.7  transitions_step=1.0  updates_s=83.2  updates_throttled=0
episode=1038
  mode      collector=async  worker=1  epsilon=0.022
  outcome   reward=-8.013099999999998  success=0/1 (0.00%)  steps=mean:331.0 range:[331,331]
  training  completed=1037/2500  queue=0/256 (0%)  replay=200000/200000  updates=174  loss=0.02626  policy_version=559
  throughput env_steps_s=332.9  transitions_s=332.9  transitions_step=1.0  updates_s=83.3  updates_throttled=0
episode=1037
  mode      collector=async  worker=3  epsilon=0.022
  outcome   reward=-7.025400000000011  success=0/1 (0.00%)  steps=mean:454.0 range:[454,454]
  training  completed=1038/2500  queue=0/256 (0%)  replay=200000/200000  updates=69  loss=0.01530  policy_version=560
  throughput env_steps_s=332.0  transitions_s=332.0  transitions_step=1.0  updates_s=82.4  updates_throttled=0
episode=1040
  mode      collector=async  worker=1  epsilon=0.022
  outcome   reward=-9.000799999999998  success=0/1 (0.00%)  steps=mean:208.0 range:[208,208]
  training  completed=1039/2500  queue=0/256 (0%)  replay=200000/200000  updates=140  loss=0.01552  policy_version=561
  throughput env_steps_s=334.0  transitions_s=334.0  transitions_step=1.0  updates_s=83.8  updates_throttled=0
episode=1042
  mode      collector=async  worker=1  epsilon=0.022
  outcome   reward=-10.006  success=0/1 (0.00%)  steps=mean:60.0 range:[60,60]
  training  completed=1040/2500  queue=6/256 (2%)  replay=200000/200000  updates=62  loss=0.03231  policy_version=562
  throughput env_steps_s=322.8  transitions_s=322.8  transitions_step=1.0  updates_s=81.0  updates_throttled=0
episode=1032
  mode      collector=async  worker=2  epsilon=0.022
  outcome   reward=-3.096899999999935  success=0/1 (0.00%)  steps=mean:1169.0 range:[1169,1169]
  training  completed=1041/2500  queue=0/256 (0%)  replay=200000/200000  updates=114  loss=0.01613  policy_version=563
  throughput env_steps_s=337.6  transitions_s=337.6  transitions_step=1.0  updates_s=84.4  updates_throttled=0
episode=1041
  mode      collector=async  worker=3  epsilon=0.022
  outcome   reward=-8.012699999999997  success=0/1 (0.00%)  steps=mean:327.0 range:[327,327]
  training  completed=1042/2500  queue=0/256 (0%)  replay=200000/200000  updates=4  loss=0.00331  policy_version=563
  throughput env_steps_s=350.6  transitions_s=350.6  transitions_step=1.0  updates_s=82.5  updates_throttled=0
episode=1039
  mode      collector=async  worker=0  epsilon=0.021
  outcome   reward=-6.053800000000079  success=0/1 (0.00%)  steps=mean:738.0 range:[738,738]
  training  completed=1043/2500  queue=0/256 (0%)  replay=200000/200000  updates=186  loss=0.01725  policy_version=565
  throughput env_steps_s=334.3  transitions_s=334.3  transitions_step=1.0  updates_s=83.3  updates_throttled=0
episode=1043
  mode      collector=async  worker=1  epsilon=0.021
  outcome   reward=-8.011399999999998  success=0/1 (0.00%)  steps=mean:314.0 range:[314,314]
  training  completed=1044/2500  queue=0/256 (0%)  replay=200000/200000  updates=10  loss=0.00823  policy_version=565
  throughput env_steps_s=330.5  transitions_s=330.5  transitions_step=1.0  updates_s=89.3  updates_throttled=0
episode=1046
  mode      collector=async  worker=0  epsilon=0.021
  outcome   reward=-9.0001  success=0/1 (0.00%)  steps=mean:201.0 range:[201,201]
  training  completed=1045/2500  queue=0/256 (0%)  replay=200000/200000  updates=189  loss=0.01509  policy_version=567
  throughput env_steps_s=329.1  transitions_s=329.1  transitions_step=1.0  updates_s=81.9  updates_throttled=0
episode=1045
  mode      collector=async  worker=3  epsilon=0.021
  outcome   reward=-6.0293000000000125  success=0/1 (0.00%)  steps=mean:493.0 range:[493,493]
  training  completed=1046/2500  queue=0/256 (0%)  replay=200000/200000  updates=106  loss=0.01746  policy_version=568
  throughput env_steps_s=334.0  transitions_s=334.0  transitions_step=1.0  updates_s=83.5  updates_throttled=0
episode=1048
  mode      collector=async  worker=0  epsilon=0.021
  outcome   reward=-7.9995000000000145  success=0/1 (0.00%)  steps=mean:195.0 range:[195,195]
  training  completed=1047/2500  queue=0/256 (0%)  replay=200000/200000  updates=88  loss=0.02253  policy_version=569
  throughput env_steps_s=334.1  transitions_s=334.1  transitions_step=1.0  updates_s=83.5  updates_throttled=0
episode=1047
  mode      collector=async  worker=1  epsilon=0.021
  outcome   reward=-7.026100000000014  success=0/1 (0.00%)  steps=mean:461.0 range:[461,461]
  training  completed=1048/2500  queue=1/256 (0%)  replay=200000/200000  updates=84  loss=0.01378  policy_version=570
  throughput env_steps_s=332.8  transitions_s=332.8  transitions_step=1.0  updates_s=83.9  updates_throttled=0
episode=1049
  mode      collector=async  worker=3  epsilon=0.021
  outcome   reward=-8.9995  success=0/1 (0.00%)  steps=mean:195.0 range:[195,195]
  training  completed=1049/2500  queue=2/256 (1%)  replay=200000/200000  updates=18  loss=0.00412  policy_version=570
  throughput env_steps_s=327.0  transitions_s=327.0  transitions_step=1.0  updates_s=81.8  updates_throttled=0
episode=1050
  mode      collector=async  worker=0  epsilon=0.021
  outcome   reward=-8.990899999999998  success=0/1 (0.00%)  steps=mean:109.0 range:[109,109]
  training  completed=1050/2500  queue=2/256 (1%)  replay=200000/200000  updates=6  loss=0.00173  policy_version=570
  throughput env_steps_s=339.1  transitions_s=339.1  transitions_step=1.0  updates_s=84.8  updates_throttled=0
Saved checkpoint: checkpoints/breakout_27bricks_v2/ckpt-1050
Scheduled replay buffer save: checkpoints/breakout_27bricks_v2/replay-1050.npz transitions=200000
episode=1044
  mode      collector=async  worker=2  epsilon=0.021
  outcome   reward=-5.051000000000012  success=0/1 (0.00%)  steps=mean:710.0 range:[710,710]
  training  completed=1051/2500  queue=0/256 (0%)  replay=200000/200000  updates=24  loss=0.00791  policy_version=570
  throughput env_steps_s=272.5  transitions_s=272.5  transitions_step=1.0  updates_s=67.4  updates_throttled=0
Saved replay buffer: checkpoints/breakout_27bricks_v2/replay-1050.npz transitions=200000
episode=1053
  mode      collector=async  worker=0  epsilon=0.021
  outcome   reward=-8.999899999999998  success=0/1 (0.00%)  steps=mean:199.0 range:[199,199]
  training  completed=1052/2500  queue=0/256 (0%)  replay=200000/200000  updates=181  loss=0.01188  policy_version=572
  throughput env_steps_s=326.4  transitions_s=326.4  transitions_step=1.0  updates_s=81.4  updates_throttled=0
episode=1052
  mode      collector=async  worker=3  epsilon=0.021
  outcome   reward=-9.003699999999998  success=0/1 (0.00%)  steps=mean:237.0 range:[237,237]
  training  completed=1053/2500  queue=0/256 (0%)  replay=200000/200000  updates=24  loss=0.03191  policy_version=572
  throughput env_steps_s=335.9  transitions_s=335.9  transitions_step=1.0  updates_s=84.0  updates_throttled=0
episode=1051
  mode      collector=async  worker=1  epsilon=0.021
  outcome   reward=-8.013199999999998  success=0/1 (0.00%)  steps=mean:332.0 range:[332,332]
  training  completed=1054/2500  queue=0/256 (0%)  replay=200000/200000  updates=69  loss=0.01291  policy_version=573
  throughput env_steps_s=330.6  transitions_s=330.6  transitions_step=1.0  updates_s=82.7  updates_throttled=0
episode=1056
  mode      collector=async  worker=3  epsilon=0.021
  outcome   reward=-8.000400000000015  success=0/1 (0.00%)  steps=mean:204.0 range:[204,204]
  training  completed=1055/2500  queue=0/256 (0%)  replay=200000/200000  updates=130  loss=0.02537  policy_version=574
  throughput env_steps_s=334.7  transitions_s=334.7  transitions_step=1.0  updates_s=84.2  updates_throttled=0
episode=1054
  mode      collector=async  worker=2  epsilon=0.020
  outcome   reward=-7.0236000000000125  success=0/1 (0.00%)  steps=mean:436.0 range:[436,436]
  training  completed=1056/2500  queue=0/256 (0%)  replay=200000/200000  updates=33  loss=0.01060  policy_version=575
  throughput env_steps_s=331.1  transitions_s=331.1  transitions_step=1.0  updates_s=81.5  updates_throttled=0
episode=1057
  mode      collector=async  worker=1  epsilon=0.020
  outcome   reward=-9.0003  success=0/1 (0.00%)  steps=mean:203.0 range:[203,203]
  training  completed=1057/2500  queue=0/256 (0%)  replay=200000/200000  updates=47  loss=0.02109  policy_version=575
  throughput env_steps_s=323.5  transitions_s=323.5  transitions_step=1.0  updates_s=81.8  updates_throttled=0
episode=1055
  mode      collector=async  worker=0  epsilon=0.020
  outcome   reward=-8.014299999999997  success=0/1 (0.00%)  steps=mean:343.0 range:[343,343]
  training  completed=1058/2500  queue=0/256 (0%)  replay=200000/200000  updates=44  loss=0.01309  policy_version=576
  throughput env_steps_s=335.8  transitions_s=335.8  transitions_step=1.0  updates_s=83.0  updates_throttled=0
episode=1058
  mode      collector=async  worker=3  epsilon=0.020
  outcome   reward=-9.0011  success=0/1 (0.00%)  steps=mean:211.0 range:[211,211]
  training  completed=1059/2500  queue=0/256 (0%)  replay=200000/200000  updates=83  loss=0.01149  policy_version=576
  throughput env_steps_s=330.9  transitions_s=330.9  transitions_step=1.0  updates_s=83.0  updates_throttled=0
episode=1062
  mode      collector=async  worker=3  epsilon=0.020
  outcome   reward=-10.006499999999999  success=0/1 (0.00%)  steps=mean:65.0 range:[65,65]
  training  completed=1060/2500  queue=4/256 (2%)  replay=200000/200000  updates=64  loss=0.01250  policy_version=577
  throughput env_steps_s=328.6  transitions_s=328.6  transitions_step=1.0  updates_s=81.5  updates_throttled=0
episode=1063
  mode      collector=async  worker=3  epsilon=0.020
  outcome   reward=-8.999799999999999  success=0/1 (0.00%)  steps=mean:198.0 range:[198,198]
  training  completed=1061/2500  queue=2/256 (1%)  replay=200000/200000  updates=195  loss=0.01435  policy_version=579
  throughput env_steps_s=330.5  transitions_s=330.5  transitions_step=1.0  updates_s=82.9  updates_throttled=0
episode=1059
  mode      collector=async  worker=2  epsilon=0.020
  outcome   reward=-6.038400000000062  success=0/1 (0.00%)  steps=mean:584.0 range:[584,584]
  training  completed=1062/2500  queue=0/256 (0%)  replay=200000/200000  updates=156  loss=0.00882  policy_version=581
  throughput env_steps_s=336.8  transitions_s=336.8  transitions_step=1.0  updates_s=83.9  updates_throttled=0
episode=1060
  mode      collector=async  worker=1  epsilon=0.020
  outcome   reward=-7.04760000000007  success=0/1 (0.00%)  steps=mean:676.0 range:[676,676]
  training  completed=1063/2500  queue=0/256 (0%)  replay=200000/200000  updates=128  loss=0.01406  policy_version=582
  throughput env_steps_s=337.4  transitions_s=337.4  transitions_step=1.0  updates_s=84.4  updates_throttled=0
episode=1061
  mode      collector=async  worker=0  epsilon=0.020
  outcome   reward=-6.043900000000044  success=0/1 (0.00%)  steps=mean:639.0 range:[639,639]
  training  completed=1064/2500  queue=0/256 (0%)  replay=200000/200000  updates=13  loss=0.01383  policy_version=582
  throughput env_steps_s=347.9  transitions_s=347.9  transitions_step=1.0  updates_s=87.0  updates_throttled=0
episode=1065
  mode      collector=async  worker=2  epsilon=0.020
  outcome   reward=-8.011999999999997  success=0/1 (0.00%)  steps=mean:320.0 range:[320,320]
  training  completed=1065/2500  queue=0/256 (0%)  replay=200000/200000  updates=185  loss=0.01820  policy_version=584
  throughput env_steps_s=327.3  transitions_s=327.3  transitions_step=1.0  updates_s=81.8  updates_throttled=0
episode=1066
  mode      collector=async  worker=1  epsilon=0.020
  outcome   reward=-7.015900000000016  success=0/1 (0.00%)  steps=mean:359.0 range:[359,359]
  training  completed=1066/2500  queue=0/256 (0%)  replay=200000/200000  updates=160  loss=0.01083  policy_version=585
  throughput env_steps_s=335.2  transitions_s=335.2  transitions_step=1.0  updates_s=84.1  updates_throttled=0
episode=1068
  mode      collector=async  worker=2  epsilon=0.020
  outcome   reward=-8.001000000000014  success=0/1 (0.00%)  steps=mean:210.0 range:[210,210]
  training  completed=1067/2500  queue=0/256 (0%)  replay=200000/200000  updates=55  loss=0.01236  policy_version=586
  throughput env_steps_s=344.5  transitions_s=344.5  transitions_step=1.0  updates_s=85.0  updates_throttled=0
episode=1069
  mode      collector=async  worker=1  epsilon=0.020
  outcome   reward=-10.0061  success=0/1 (0.00%)  steps=mean:61.0 range:[61,61]
  training  completed=1068/2500  queue=0/256 (0%)  replay=200000/200000  updates=2  loss=0.00218  policy_version=586
  throughput env_steps_s=262.5  transitions_s=262.5  transitions_step=1.0  updates_s=75.0  updates_throttled=0
episode=1067
  mode      collector=async  worker=0  epsilon=0.019
  outcome   reward=-7.024600000000019  success=0/1 (0.00%)  steps=mean:446.0 range:[446,446]
  training  completed=1069/2500  queue=0/256 (0%)  replay=200000/200000  updates=41  loss=0.01205  policy_version=586
  throughput env_steps_s=329.4  transitions_s=329.4  transitions_step=1.0  updates_s=82.4  updates_throttled=0
episode=1070
  mode      collector=async  worker=2  epsilon=0.019
  outcome   reward=-10.0067  success=0/1 (0.00%)  steps=mean:67.0 range:[67,67]
  training  completed=1070/2500  queue=0/256 (0%)  replay=200000/200000  updates=29  loss=0.00988  policy_version=587
  throughput env_steps_s=332.9  transitions_s=332.9  transitions_step=1.0  updates_s=83.9  updates_throttled=0
episode=1072
  mode      collector=async  worker=0  epsilon=0.019
  outcome   reward=-10.006499999999999  success=0/1 (0.00%)  steps=mean:65.0 range:[65,65]
  training  completed=1071/2500  queue=0/256 (0%)  replay=200000/200000  updates=38  loss=0.00493  policy_version=587
  throughput env_steps_s=335.3  transitions_s=335.3  transitions_step=1.0  updates_s=84.4  updates_throttled=0
episode=1073
  mode      collector=async  worker=2  epsilon=0.019
  outcome   reward=-9.002699999999999  success=0/1 (0.00%)  steps=mean:227.0 range:[227,227]
  training  completed=1072/2500  queue=1/256 (0%)  replay=200000/200000  updates=187  loss=0.01202  policy_version=589
  throughput env_steps_s=331.8  transitions_s=331.8  transitions_step=1.0  updates_s=83.0  updates_throttled=0
episode=1071
  mode      collector=async  worker=1  epsilon=0.019
  outcome   reward=-8.011899999999997  success=0/1 (0.00%)  steps=mean:319.0 range:[319,319]
  training  completed=1073/2500  queue=0/256 (0%)  replay=200000/200000  updates=19  loss=0.00872  policy_version=589
  throughput env_steps_s=324.4  transitions_s=324.4  transitions_step=1.0  updates_s=79.0  updates_throttled=0
episode=1075
  mode      collector=async  worker=2  epsilon=0.019
  outcome   reward=-10.0063  success=0/1 (0.00%)  steps=mean:63.0 range:[63,63]
  training  completed=1074/2500  queue=0/256 (0%)  replay=200000/200000  updates=42  loss=0.01629  policy_version=590
  throughput env_steps_s=327.3  transitions_s=327.3  transitions_step=1.0  updates_s=81.8  updates_throttled=0
episode=1074
  mode      collector=async  worker=0  epsilon=0.019
  outcome   reward=-7.0269000000000155  success=0/1 (0.00%)  steps=mean:469.0 range:[469,469]
  training  completed=1075/2500  queue=0/256 (0%)  replay=200000/200000  updates=225  loss=0.01467  policy_version=592
  throughput env_steps_s=337.4  transitions_s=337.4  transitions_step=1.0  updates_s=84.3  updates_throttled=0
Saved checkpoint: checkpoints/breakout_27bricks_v2/ckpt-1075
Scheduled replay buffer save: checkpoints/breakout_27bricks_v2/replay-1075.npz transitions=200000
Saved replay buffer: checkpoints/breakout_27bricks_v2/replay-1075.npz transitions=200000
episode=1077
  mode      collector=async  worker=2  epsilon=0.019
  outcome   reward=-8.016599999999997  success=0/1 (0.00%)  steps=mean:366.0 range:[366,366]
  training  completed=1076/2500  queue=1/256 (0%)  replay=200000/200000  updates=134  loss=0.01044  policy_version=593
  throughput env_steps_s=314.3  transitions_s=314.3  transitions_step=1.0  updates_s=78.9  updates_throttled=0
episode=1076
  mode      collector=async  worker=1  epsilon=0.019
  outcome   reward=-7.023700000000012  success=0/1 (0.00%)  steps=mean:437.0 range:[437,437]
  training  completed=1077/2500  queue=1/256 (0%)  replay=200000/200000  updates=40  loss=0.00726  policy_version=593
  throughput env_steps_s=325.7  transitions_s=325.7  transitions_step=1.0  updates_s=81.4  updates_throttled=0
episode=1078
  mode      collector=async  worker=0  epsilon=0.019
  outcome   reward=-7.014900000000013  success=0/1 (0.00%)  steps=mean:349.0 range:[349,349]
  training  completed=1078/2500  queue=0/256 (0%)  replay=200000/200000  updates=180  loss=0.01964  policy_version=595
  throughput env_steps_s=327.9  transitions_s=327.9  transitions_step=1.0  updates_s=81.9  updates_throttled=0
episode=1080
  mode      collector=async  worker=1  epsilon=0.019
  outcome   reward=-7.998700000000014  success=0/1 (0.00%)  steps=mean:187.0 range:[187,187]
  training  completed=1079/2500  queue=0/256 (0%)  replay=200000/200000  updates=4  loss=0.00534  policy_version=595
  throughput env_steps_s=318.6  transitions_s=318.6  transitions_step=1.0  updates_s=75.0  updates_throttled=0
episode=1081
  mode      collector=async  worker=0  epsilon=0.019
  outcome   reward=-8.997599999999998  success=0/1 (0.00%)  steps=mean:176.0 range:[176,176]
  training  completed=1080/2500  queue=3/256 (1%)  replay=200000/200000  updates=169  loss=0.00767  policy_version=597
  throughput env_steps_s=326.8  transitions_s=326.8  transitions_step=1.0  updates_s=81.6  updates_throttled=0
episode=1082
  mode      collector=async  worker=1  epsilon=0.019
  outcome   reward=-8.9995  success=0/1 (0.00%)  steps=mean:195.0 range:[195,195]
  training  completed=1081/2500  queue=1/256 (0%)  replay=200000/200000  updates=31  loss=0.01966  policy_version=597
  throughput env_steps_s=342.9  transitions_s=342.9  transitions_step=1.0  updates_s=87.8  updates_throttled=0
episode=1079
  mode      collector=async  worker=2  epsilon=0.019
  outcome   reward=-6.026100000000064  success=0/1 (0.00%)  steps=mean:461.0 range:[461,461]
  training  completed=1082/2500  queue=0/256 (0%)  replay=200000/200000  updates=29  loss=0.02252  policy_version=598
  throughput env_steps_s=337.4  transitions_s=337.4  transitions_step=1.0  updates_s=82.2  updates_throttled=0
episode=1085
  mode      collector=async  worker=2  epsilon=0.019
  outcome   reward=-10.006499999999999  success=0/1 (0.00%)  steps=mean:65.0 range:[65,65]
  training  completed=1083/2500  queue=1/256 (0%)  replay=200000/200000  updates=66  loss=0.01324  policy_version=598
  throughput env_steps_s=324.0  transitions_s=324.0  transitions_step=1.0  updates_s=81.9  updates_throttled=0
episode=1084
  mode      collector=async  worker=1  epsilon=0.018
  outcome   reward=-8.9988  success=0/1 (0.00%)  steps=mean:188.0 range:[188,188]
  training  completed=1084/2500  queue=0/256 (0%)  replay=200000/200000  updates=96  loss=0.01726  policy_version=599
  throughput env_steps_s=336.6  transitions_s=336.6  transitions_step=1.0  updates_s=83.7  updates_throttled=0
episode=1086
  mode      collector=async  worker=2  epsilon=0.018
  outcome   reward=-8.998999999999999  success=0/1 (0.00%)  steps=mean:190.0 range:[190,190]
  training  completed=1085/2500  queue=0/256 (0%)  replay=200000/200000  updates=96  loss=0.02355  policy_version=600
  throughput env_steps_s=321.0  transitions_s=321.0  transitions_step=1.0  updates_s=80.0  updates_throttled=0
episode=1064
  mode      collector=async  worker=3  epsilon=0.018
  outcome   reward=7.801100000000371  success=0/1 (0.00%)  steps=mean:2189.0 range:[2189,2189]
  training  completed=1086/2500  queue=1/256 (0%)  replay=200000/200000  updates=63  loss=0.01876  policy_version=601
  throughput env_steps_s=316.8  transitions_s=316.8  transitions_step=1.0  updates_s=80.2  updates_throttled=0
episode=1087
  mode      collector=async  worker=1  epsilon=0.018
  outcome   reward=-8.998999999999999  success=0/1 (0.00%)  steps=mean:190.0 range:[190,190]
  training  completed=1087/2500  queue=0/256 (0%)  replay=200000/200000  updates=30  loss=0.01207  policy_version=601
  throughput env_steps_s=319.8  transitions_s=319.8  transitions_step=1.0  updates_s=78.0  updates_throttled=0
episode=1083
  mode      collector=async  worker=0  epsilon=0.018
  outcome   reward=-7.029600000000011  success=0/1 (0.00%)  steps=mean:496.0 range:[496,496]
  training  completed=1088/2500  queue=0/256 (0%)  replay=200000/200000  updates=88  loss=0.02148  policy_version=602
  throughput env_steps_s=322.4  transitions_s=322.4  transitions_step=1.0  updates_s=80.6  updates_throttled=0
episode=1088
  mode      collector=async  worker=2  epsilon=0.018
  outcome   reward=-9.000799999999998  success=0/1 (0.00%)  steps=mean:208.0 range:[208,208]
  training  completed=1089/2500  queue=0/256 (0%)  replay=200000/200000  updates=24  loss=0.01614  policy_version=602
  throughput env_steps_s=336.1  transitions_s=336.1  transitions_step=1.0  updates_s=85.8  updates_throttled=0
episode=1090
  mode      collector=async  worker=1  epsilon=0.018
  outcome   reward=-8.998999999999999  success=0/1 (0.00%)  steps=mean:190.0 range:[190,190]
  training  completed=1090/2500  queue=1/256 (0%)  replay=200000/200000  updates=82  loss=0.01008  policy_version=603
  throughput env_steps_s=321.7  transitions_s=321.7  transitions_step=1.0  updates_s=80.7  updates_throttled=0
episode=1092
  mode      collector=async  worker=2  epsilon=0.018
  outcome   reward=-9.000499999999999  success=0/1 (0.00%)  steps=mean:205.0 range:[205,205]
  training  completed=1091/2500  queue=0/256 (0%)  replay=200000/200000  updates=122  loss=0.01958  policy_version=604
  throughput env_steps_s=323.6  transitions_s=323.6  transitions_step=1.0  updates_s=80.6  updates_throttled=0
episode=1093
  mode      collector=async  worker=1  epsilon=0.018
  outcome   reward=-8.9996  success=0/1 (0.00%)  steps=mean:196.0 range:[196,196]
  training  completed=1092/2500  queue=1/256 (0%)  replay=200000/200000  updates=72  loss=0.01427  policy_version=605
  throughput env_steps_s=325.0  transitions_s=325.0  transitions_step=1.0  updates_s=81.8  updates_throttled=0
episode=1091
  mode      collector=async  worker=0  epsilon=0.018
  outcome   reward=-8.014199999999997  success=0/1 (0.00%)  steps=mean:342.0 range:[342,342]
  training  completed=1093/2500  queue=0/256 (0%)  replay=200000/200000  updates=49  loss=0.00726  policy_version=606
  throughput env_steps_s=327.0  transitions_s=327.0  transitions_step=1.0  updates_s=81.7  updates_throttled=0
episode=1089
  mode      collector=async  worker=3  epsilon=0.018
  outcome   reward=-5.0450999999999935  success=0/1 (0.00%)  steps=mean:651.0 range:[651,651]
  training  completed=1094/2500  queue=0/256 (0%)  replay=200000/200000  updates=185  loss=0.01926  policy_version=607
  throughput env_steps_s=325.7  transitions_s=325.7  transitions_step=1.0  updates_s=81.3  updates_throttled=0
episode=1096
  mode      collector=async  worker=0  epsilon=0.018
  outcome   reward=-8.9996  success=0/1 (0.00%)  steps=mean:196.0 range:[196,196]
  training  completed=1095/2500  queue=0/256 (0%)  replay=200000/200000  updates=7  loss=0.00886  policy_version=607
  throughput env_steps_s=344.7  transitions_s=344.7  transitions_step=1.0  updates_s=89.4  updates_throttled=0
episode=1097
  mode      collector=async  worker=3  epsilon=0.018
  outcome   reward=-10.0064  success=0/1 (0.00%)  steps=mean:64.0 range:[64,64]
  training  completed=1096/2500  queue=0/256 (0%)  replay=200000/200000  updates=59  loss=0.02236  policy_version=608
  throughput env_steps_s=318.1  transitions_s=318.1  transitions_step=1.0  updates_s=79.5  updates_throttled=0
episode=1094
  mode      collector=async  worker=2  epsilon=0.018
  outcome   reward=-7.028500000000017  success=0/1 (0.00%)  steps=mean:485.0 range:[485,485]
  training  completed=1097/2500  queue=0/256 (0%)  replay=200000/200000  updates=117  loss=0.00932  policy_version=609
  throughput env_steps_s=332.2  transitions_s=332.2  transitions_step=1.0  updates_s=82.9  updates_throttled=0
episode=1098
  mode      collector=async  worker=0  epsilon=0.018
  outcome   reward=-9.002799999999999  success=0/1 (0.00%)  steps=mean:228.0 range:[228,228]
  training  completed=1098/2500  queue=0/256 (0%)  replay=200000/200000  updates=54  loss=0.03003  policy_version=610
  throughput env_steps_s=326.1  transitions_s=326.1  transitions_step=1.0  updates_s=81.9  updates_throttled=0
episode=1100
  mode      collector=async  worker=2  epsilon=0.017
  outcome   reward=-7.0317000000000105  success=0/1 (0.00%)  steps=mean:517.0 range:[517,517]
  training  completed=1099/2500  queue=0/256 (0%)  replay=200000/200000  updates=461  loss=0.01910  policy_version=614
  throughput env_steps_s=325.5  transitions_s=325.5  transitions_step=1.0  updates_s=81.3  updates_throttled=0
episode=1099
  mode      collector=async  worker=3  epsilon=0.017
  outcome   reward=-4.061200000000009  success=0/1 (0.00%)  steps=mean:812.0 range:[812,812]
  training  completed=1100/2500  queue=3/256 (1%)  replay=200000/200000  updates=180  loss=0.02570  policy_version=616
  throughput env_steps_s=326.4  transitions_s=326.4  transitions_step=1.0  updates_s=81.5  updates_throttled=0
Saved checkpoint: checkpoints/breakout_27bricks_v2/ckpt-1100
Scheduled replay buffer save: checkpoints/breakout_27bricks_v2/replay-1100.npz transitions=200000
Evaluating frozen checkpoint episode=1100 episodes=20 metric=auto...
Saved replay buffer: checkpoints/breakout_27bricks_v2/replay-1100.npz transitions=200000
episode=1095
  mode      collector=async  worker=1  epsilon=0.017
  outcome   reward=-1.0973999999999346  success=0/1 (0.00%)  steps=mean:1174.0 range:[1174,1174]
  training  completed=1101/2500  queue=0/256 (0%)  replay=200000/200000  updates=59  loss=0.02263  policy_version=617
  throughput env_steps_s=248.1  transitions_s=248.1  transitions_step=1.0  updates_s=62.5  updates_throttled=0
episode=1101
  mode      collector=async  worker=0  epsilon=0.017
  outcome   reward=-4.055000000000018  success=0/1 (0.00%)  steps=mean:750.0 range:[750,750]
  training  completed=1102/2500  queue=0/256 (0%)  replay=200000/200000  updates=46  loss=0.00824  policy_version=617
  throughput env_steps_s=264.6  transitions_s=264.6  transitions_step=1.0  updates_s=65.8  updates_throttled=0
episode=1105
  mode      collector=async  worker=0  epsilon=0.017
  outcome   reward=-10.0066  success=0/1 (0.00%)  steps=mean:66.0 range:[66,66]
  training  completed=1103/2500  queue=0/256 (0%)  replay=200000/200000  updates=66  loss=0.01426  policy_version=618
  throughput env_steps_s=280.3  transitions_s=280.3  transitions_step=1.0  updates_s=69.8  updates_throttled=0
episode=1102
  mode      collector=async  worker=2  epsilon=0.017
  outcome   reward=-7.031100000000016  success=0/1 (0.00%)  steps=mean:511.0 range:[511,511]
  training  completed=1104/2500  queue=0/256 (0%)  replay=200000/200000  updates=162  loss=0.02067  policy_version=619
  throughput env_steps_s=280.0  transitions_s=280.0  transitions_step=1.0  updates_s=70.0  updates_throttled=0
episode=1107
  mode      collector=async  worker=2  epsilon=0.017
  outcome   reward=-8.997799999999998  success=0/1 (0.00%)  steps=mean:178.0 range:[178,178]
  training  completed=1105/2500  queue=0/256 (0%)  replay=200000/200000  updates=178  loss=0.01512  policy_version=621
  throughput env_steps_s=275.8  transitions_s=275.8  transitions_step=1.0  updates_s=69.0  updates_throttled=0
episode=1108
  mode      collector=async  worker=2  epsilon=0.017
  outcome   reward=-9.000799999999998  success=0/1 (0.00%)  steps=mean:208.0 range:[208,208]
  training  completed=1106/2500  queue=0/256 (0%)  replay=200000/200000  updates=209  loss=0.00932  policy_version=623
  throughput env_steps_s=277.0  transitions_s=277.0  transitions_step=1.0  updates_s=69.5  updates_throttled=0
episode=1106
  mode      collector=async  worker=0  epsilon=0.017
  outcome   reward=-6.047200000000043  success=0/1 (0.00%)  steps=mean:672.0 range:[672,672]
  training  completed=1107/2500  queue=0/256 (0%)  replay=200000/200000  updates=119  loss=0.02135  policy_version=625
  throughput env_steps_s=278.1  transitions_s=278.1  transitions_step=1.0  updates_s=69.4  updates_throttled=0
episode=1103
  mode      collector=async  worker=3  epsilon=0.017
  outcome   reward=-4.067100000000007  success=0/1 (0.00%)  steps=mean:871.0 range:[871,871]
  training  completed=1108/2500  queue=1/256 (0%)  replay=200000/200000  updates=29  loss=0.00680  policy_version=625
  throughput env_steps_s=271.3  transitions_s=271.3  transitions_step=1.0  updates_s=67.8  updates_throttled=0
episode=1110
  mode      collector=async  worker=0  epsilon=0.017
  outcome   reward=-8.998499999999998  success=0/1 (0.00%)  steps=mean:185.0 range:[185,185]
  training  completed=1109/2500  queue=0/256 (0%)  replay=200000/200000  updates=159  loss=0.03437  policy_version=626
  throughput env_steps_s=280.7  transitions_s=280.7  transitions_step=1.0  updates_s=70.3  updates_throttled=0
episode=1109
  mode      collector=async  worker=2  epsilon=0.017
  outcome   reward=-7.0103000000000355  success=0/1 (0.00%)  steps=mean:303.0 range:[303,303]
  training  completed=1110/2500  queue=0/256 (0%)  replay=200000/200000  updates=3  loss=0.00285  policy_version=626
  throughput env_steps_s=299.3  transitions_s=299.3  transitions_step=1.0  updates_s=69.1  updates_throttled=0
episode=1111
  mode      collector=async  worker=3  epsilon=0.017
  outcome   reward=-8.998199999999999  success=0/1 (0.00%)  steps=mean:182.0 range:[182,182]
  training  completed=1111/2500  queue=0/256 (0%)  replay=200000/200000  updates=14  loss=0.00404  policy_version=627
  throughput env_steps_s=262.1  transitions_s=262.1  transitions_step=1.0  updates_s=63.3  updates_throttled=0
episode=1112
  mode      collector=async  worker=0  epsilon=0.017
  outcome   reward=-8.9986  success=0/1 (0.00%)  steps=mean:186.0 range:[186,186]
  training  completed=1112/2500  queue=1/256 (0%)  replay=200000/200000  updates=168  loss=0.01508  policy_version=628
  throughput env_steps_s=276.1  transitions_s=276.1  transitions_step=1.0  updates_s=69.3  updates_throttled=0
episode=1113
  mode      collector=async  worker=2  epsilon=0.017
  outcome   reward=-8.998499999999998  success=0/1 (0.00%)  steps=mean:185.0 range:[185,185]
  training  completed=1113/2500  queue=0/256 (0%)  replay=200000/200000  updates=2  loss=0.04767  policy_version=628
  throughput env_steps_s=336.2  transitions_s=336.2  transitions_step=1.0  updates_s=67.2  updates_throttled=0
episode=1114
  mode      collector=async  worker=3  epsilon=0.017
  outcome   reward=-7.028700000000013  success=0/1 (0.00%)  steps=mean:487.0 range:[487,487]
  training  completed=1114/2500  queue=0/256 (0%)  replay=200000/200000  updates=313  loss=0.01584  policy_version=631
  throughput env_steps_s=276.4  transitions_s=276.4  transitions_step=1.0  updates_s=69.0  updates_throttled=0
episode=1115
  mode      collector=async  worker=0  epsilon=0.016
  outcome   reward=-7.012400000000033  success=0/1 (0.00%)  steps=mean:324.0 range:[324,324]
  training  completed=1115/2500  queue=0/256 (0%)  replay=200000/200000  updates=11  loss=0.01248  policy_version=632
  throughput env_steps_s=278.8  transitions_s=278.8  transitions_step=1.0  updates_s=69.7  updates_throttled=0
episode=1117
  mode      collector=async  worker=3  epsilon=0.016
  outcome   reward=-7.997200000000014  success=0/1 (0.00%)  steps=mean:172.0 range:[172,172]
  training  completed=1116/2500  queue=0/256 (0%)  replay=200000/200000  updates=157  loss=0.01717  policy_version=633
  throughput env_steps_s=277.2  transitions_s=277.2  transitions_step=1.0  updates_s=69.4  updates_throttled=0
episode=1104
  mode      collector=async  worker=1  epsilon=0.016
  outcome   reward=3.8512000000003166  success=0/1 (0.00%)  steps=mean:1688.0 range:[1688,1688]
  training  completed=1117/2500  queue=1/256 (0%)  replay=200000/200000  updates=53  loss=0.01385  policy_version=634
  throughput env_steps_s=281.8  transitions_s=281.8  transitions_step=1.0  updates_s=71.1  updates_throttled=0
episode=1119
  mode      collector=async  worker=3  epsilon=0.016
  outcome   reward=-9.001199999999999  success=0/1 (0.00%)  steps=mean:212.0 range:[212,212]
  training  completed=1118/2500  queue=0/256 (0%)  replay=200000/200000  updates=159  loss=0.01824  policy_version=635
  throughput env_steps_s=273.5  transitions_s=273.5  transitions_step=1.0  updates_s=68.2  updates_throttled=0
episode=1118
  mode      collector=async  worker=0  epsilon=0.016
  outcome   reward=-8.017199999999997  success=0/1 (0.00%)  steps=mean:372.0 range:[372,372]
  training  completed=1119/2500  queue=0/256 (0%)  replay=200000/200000  updates=4  loss=0.01016  policy_version=635
  throughput env_steps_s=231.7  transitions_s=231.7  transitions_step=1.0  updates_s=66.2  updates_throttled=0
episode=1116
  mode      collector=async  worker=2  epsilon=0.016
  outcome   reward=-4.061200000000052  success=0/1 (0.00%)  steps=mean:812.0 range:[812,812]
  training  completed=1120/2500  queue=3/256 (1%)  replay=200000/200000  updates=118  loss=0.03040  policy_version=636
  throughput env_steps_s=281.2  transitions_s=281.2  transitions_step=1.0  updates_s=70.0  updates_throttled=0
episode=1123
  mode      collector=async  worker=2  epsilon=0.016
  outcome   reward=-8.998299999999999  success=0/1 (0.00%)  steps=mean:183.0 range:[183,183]
  training  completed=1121/2500  queue=0/256 (0%)  replay=200000/200000  updates=187  loss=0.00914  policy_version=638
  throughput env_steps_s=274.5  transitions_s=274.5  transitions_step=1.0  updates_s=68.6  updates_throttled=0
episode=1122
  mode      collector=async  worker=0  epsilon=0.016
  outcome   reward=-8.011199999999997  success=0/1 (0.00%)  steps=mean:312.0 range:[312,312]
  training  completed=1122/2500  queue=0/256 (0%)  replay=200000/200000  updates=9  loss=0.00539  policy_version=638
  throughput env_steps_s=309.5  transitions_s=309.5  transitions_step=1.0  updates_s=75.3  updates_throttled=0
episode=1121
  mode      collector=async  worker=3  epsilon=0.016
  outcome   reward=-7.016700000000045  success=0/1 (0.00%)  steps=mean:367.0 range:[367,367]
  training  completed=1123/2500  queue=0/256 (0%)  replay=200000/200000  updates=48  loss=0.00452  policy_version=639
  throughput env_steps_s=279.0  transitions_s=279.0  transitions_step=1.0  updates_s=69.8  updates_throttled=0
episode=1120
  mode      collector=async  worker=1  epsilon=0.016
  outcome   reward=-5.039600000000006  success=0/1 (0.00%)  steps=mean:596.0 range:[596,596]
  training  completed=1124/2500  queue=0/256 (0%)  replay=200000/200000  updates=64  loss=0.00388  policy_version=640
  throughput env_steps_s=281.2  transitions_s=281.2  transitions_step=1.0  updates_s=70.6  updates_throttled=0
episode=1125
  mode      collector=async  worker=0  epsilon=0.016
  outcome   reward=-9.001399999999999  success=0/1 (0.00%)  steps=mean:214.0 range:[214,214]
  training  completed=1125/2500  queue=0/256 (0%)  replay=200000/200000  updates=110  loss=0.00626  policy_version=641
  throughput env_steps_s=284.6  transitions_s=284.6  transitions_step=1.0  updates_s=71.0  updates_throttled=0
Saved checkpoint: checkpoints/breakout_27bricks_v2/ckpt-1125
Scheduled replay buffer save: checkpoints/breakout_27bricks_v2/replay-1125.npz transitions=200000
Saved replay buffer: checkpoints/breakout_27bricks_v2/replay-1125.npz transitions=200000
episode=1124
  mode      collector=async  worker=2  epsilon=0.016
  outcome   reward=-7.0232000000000205  success=0/1 (0.00%)  steps=mean:432.0 range:[432,432]
  training  completed=1126/2500  queue=0/256 (0%)  replay=200000/200000  updates=196  loss=0.01340  policy_version=643
  throughput env_steps_s=271.0  transitions_s=271.0  transitions_step=1.0  updates_s=67.8  updates_throttled=0
episode=1128
  mode      collector=async  worker=0  epsilon=0.016
  outcome   reward=-9.001599999999998  success=0/1 (0.00%)  steps=mean:216.0 range:[216,216]
  training  completed=1127/2500  queue=0/256 (0%)  replay=200000/200000  updates=23  loss=0.00439  policy_version=643
  throughput env_steps_s=269.8  transitions_s=269.8  transitions_step=1.0  updates_s=69.7  updates_throttled=0
episode=1126
  mode      collector=async  worker=3  epsilon=0.016
  outcome   reward=-7.030100000000015  success=0/1 (0.00%)  steps=mean:501.0 range:[501,501]
  training  completed=1128/2500  queue=0/256 (0%)  replay=200000/200000  updates=106  loss=0.00883  policy_version=644
  throughput env_steps_s=278.0  transitions_s=278.0  transitions_step=1.0  updates_s=69.3  updates_throttled=0
episode=1129
  mode      collector=async  worker=2  epsilon=0.016
  outcome   reward=-8.9987  success=0/1 (0.00%)  steps=mean:187.0 range:[187,187]
  training  completed=1129/2500  queue=0/256 (0%)  replay=200000/200000  updates=56  loss=0.00680  policy_version=644
  throughput env_steps_s=278.0  transitions_s=278.0  transitions_step=1.0  updates_s=68.9  updates_throttled=0
episode=1130
  mode      collector=async  worker=0  epsilon=0.016
  outcome   reward=-8.997599999999998  success=0/1 (0.00%)  steps=mean:176.0 range:[176,176]
  training  completed=1130/2500  queue=0/256 (0%)  replay=200000/200000  updates=15  loss=0.00344  policy_version=645
  throughput env_steps_s=288.4  transitions_s=288.4  transitions_step=1.0  updates_s=72.1  updates_throttled=0
episode=1132
  mode      collector=async  worker=2  epsilon=0.016
  outcome   reward=-9.001599999999998  success=0/1 (0.00%)  steps=mean:216.0 range:[216,216]
  training  completed=1131/2500  queue=0/256 (0%)  replay=200000/200000  updates=201  loss=0.00993  policy_version=647
  throughput env_steps_s=278.2  transitions_s=278.2  transitions_step=1.0  updates_s=69.6  updates_throttled=0
episode=1127
  mode      collector=async  worker=1  epsilon=0.015
  outcome   reward=-4.067300000000022  success=0/1 (0.00%)  steps=mean:873.0 range:[873,873]
  training  completed=1132/2500  queue=0/256 (0%)  replay=200000/200000  updates=165  loss=0.01690  policy_version=648
  throughput env_steps_s=278.3  transitions_s=278.3  transitions_step=1.0  updates_s=69.8  updates_throttled=0
episode=1134
  mode      collector=async  worker=2  epsilon=0.015
  outcome   reward=-8.9996  success=0/1 (0.00%)  steps=mean:196.0 range:[196,196]
  training  completed=1133/2500  queue=0/256 (0%)  replay=200000/200000  updates=28  loss=0.01442  policy_version=649
  throughput env_steps_s=281.3  transitions_s=281.3  transitions_step=1.0  updates_s=68.5  updates_throttled=0
episode=1135
  mode      collector=async  worker=1  epsilon=0.015
  outcome   reward=-10.006499999999999  success=0/1 (0.00%)  steps=mean:65.0 range:[65,65]
  training  completed=1134/2500  queue=1/256 (0%)  replay=200000/200000  updates=37  loss=0.01119  policy_version=649
  throughput env_steps_s=285.9  transitions_s=285.9  transitions_step=1.0  updates_s=73.0  updates_throttled=0
Frozen evaluation episode=1100: success=0/20 (0.00%) reward_mean=-5.9942 steps_mean=621.8
episode=1137
  mode      collector=async  worker=1  epsilon=0.015
  outcome   reward=-8.002400000000012  success=0/1 (0.00%)  steps=mean:224.0 range:[224,224]
  training  completed=1135/2500  queue=0/256 (0%)  replay=200000/200000  updates=224  loss=0.01036  policy_version=651
  throughput env_steps_s=312.8  transitions_s=312.8  transitions_step=1.0  updates_s=78.0  updates_throttled=0
episode=1131
  mode      collector=async  worker=3  epsilon=0.015
  outcome   reward=-3.070799999999993  success=0/1 (0.00%)  steps=mean:908.0 range:[908,908]
  training  completed=1136/2500  queue=2/256 (1%)  replay=200000/200000  updates=175  loss=0.01261  policy_version=653
  throughput env_steps_s=325.8  transitions_s=325.8  transitions_step=1.0  updates_s=81.7  updates_throttled=0
episode=1136
  mode      collector=async  worker=2  epsilon=0.015
  outcome   reward=-7.024400000000013  success=0/1 (0.00%)  steps=mean:444.0 range:[444,444]
  training  completed=1137/2500  queue=0/256 (0%)  replay=200000/200000  updates=8  loss=0.00249  policy_version=653
  throughput env_steps_s=338.9  transitions_s=338.9  transitions_step=1.0  updates_s=79.8  updates_throttled=0
episode=1140
  mode      collector=async  worker=2  epsilon=0.015
  outcome   reward=-10.0064  success=0/1 (0.00%)  steps=mean:64.0 range:[64,64]
  training  completed=1138/2500  queue=0/256 (0%)  replay=200000/200000  updates=63  loss=0.01466  policy_version=654
  throughput env_steps_s=327.6  transitions_s=327.6  transitions_step=1.0  updates_s=81.6  updates_throttled=0
episode=1138
  mode      collector=async  worker=1  epsilon=0.015
  outcome   reward=-8.014899999999997  success=0/1 (0.00%)  steps=mean:349.0 range:[349,349]
  training  completed=1139/2500  queue=0/256 (0%)  replay=200000/200000  updates=105  loss=0.00940  policy_version=655
  throughput env_steps_s=319.1  transitions_s=319.1  transitions_step=1.0  updates_s=79.8  updates_throttled=0
episode=1142
  mode      collector=async  worker=1  epsilon=0.015
  outcome   reward=-9.0001  success=0/1 (0.00%)  steps=mean:201.0 range:[201,201]
  training  completed=1140/2500  queue=2/256 (1%)  replay=200000/200000  updates=203  loss=0.01522  policy_version=657
  throughput env_steps_s=324.0  transitions_s=324.0  transitions_step=1.0  updates_s=81.1  updates_throttled=0
episode=1133
  mode      collector=async  worker=0  epsilon=0.015
  outcome   reward=-0.1012999999999149  success=0/1 (0.00%)  steps=mean:1213.0 range:[1213,1213]
  training  completed=1141/2500  queue=2/256 (1%)  replay=200000/200000  updates=19  loss=0.01082  policy_version=657
  throughput env_steps_s=338.7  transitions_s=338.7  transitions_step=1.0  updates_s=87.0  updates_throttled=0
episode=1141
  mode      collector=async  worker=2  epsilon=0.015
  outcome   reward=-6.025100000000013  success=0/1 (0.00%)  steps=mean:451.0 range:[451,451]
  training  completed=1142/2500  queue=0/256 (0%)  replay=200000/200000  updates=126  loss=0.01027  policy_version=658
  throughput env_steps_s=330.1  transitions_s=330.1  transitions_step=1.0  updates_s=82.2  updates_throttled=0
episode=1143
  mode      collector=async  worker=1  epsilon=0.015
  outcome   reward=-8.998299999999999  success=0/1 (0.00%)  steps=mean:183.0 range:[183,183]
  training  completed=1143/2500  queue=0/256 (0%)  replay=200000/200000  updates=35  loss=0.01156  policy_version=658
  throughput env_steps_s=329.6  transitions_s=329.6  transitions_step=1.0  updates_s=83.0  updates_throttled=0
episode=1144
  mode      collector=async  worker=0  epsilon=0.015
  outcome   reward=-9.001399999999999  success=0/1 (0.00%)  steps=mean:214.0 range:[214,214]
  training  completed=1144/2500  queue=2/256 (1%)  replay=200000/200000  updates=53  loss=0.00857  policy_version=659
  throughput env_steps_s=309.2  transitions_s=309.2  transitions_step=1.0  updates_s=77.7  updates_throttled=0
episode=1139
  mode      collector=async  worker=3  epsilon=0.015
  outcome   reward=-4.056199999999928  success=0/1 (0.00%)  steps=mean:762.0 range:[762,762]
  training  completed=1145/2500  queue=2/256 (1%)  replay=200000/200000  updates=146  loss=0.00874  policy_version=660
  throughput env_steps_s=322.7  transitions_s=322.7  transitions_step=1.0  updates_s=80.7  updates_throttled=0
episode=1146
  mode      collector=async  worker=1  epsilon=0.015
  outcome   reward=-9.0003  success=0/1 (0.00%)  steps=mean:203.0 range:[203,203]
  training  completed=1146/2500  queue=0/256 (0%)  replay=200000/200000  updates=1  loss=0.00377  policy_version=660
  throughput env_steps_s=391.2  transitions_s=391.2  transitions_step=1.0  updates_s=65.2  updates_throttled=0
episode=1145
  mode      collector=async  worker=2  epsilon=0.015
  outcome   reward=-7.011600000000012  success=0/1 (0.00%)  steps=mean:316.0 range:[316,316]
  training  completed=1147/2500  queue=0/256 (0%)  replay=200000/200000  updates=80  loss=0.01369  policy_version=661
  throughput env_steps_s=324.8  transitions_s=324.8  transitions_step=1.0  updates_s=81.5  updates_throttled=0
episode=1147
  mode      collector=async  worker=0  epsilon=0.015
  outcome   reward=-8.011999999999997  success=0/1 (0.00%)  steps=mean:320.0 range:[320,320]
  training  completed=1148/2500  queue=0/256 (0%)  replay=200000/200000  updates=95  loss=0.00678  policy_version=662
  throughput env_steps_s=327.5  transitions_s=327.5  transitions_step=1.0  updates_s=82.1  updates_throttled=0
episode=1148
  mode      collector=async  worker=3  epsilon=0.015
  outcome   reward=-9.002299999999998  success=0/1 (0.00%)  steps=mean:223.0 range:[223,223]
  training  completed=1149/2500  queue=0/256 (0%)  replay=200000/200000  updates=46  loss=0.00479  policy_version=663
  throughput env_steps_s=313.8  transitions_s=313.8  transitions_step=1.0  updates_s=77.2  updates_throttled=0
episode=1149
  mode      collector=async  worker=1  epsilon=0.014
  outcome   reward=-9.004599999999998  success=0/1 (0.00%)  steps=mean:246.0 range:[246,246]
  training  completed=1150/2500  queue=0/256 (0%)  replay=200000/200000  updates=21  loss=0.00516  policy_version=663
  throughput env_steps_s=325.0  transitions_s=325.0  transitions_step=1.0  updates_s=82.2  updates_throttled=0
Saved checkpoint: checkpoints/breakout_27bricks_v2/ckpt-1150
Scheduled replay buffer save: checkpoints/breakout_27bricks_v2/replay-1150.npz transitions=200000
Saved replay buffer: checkpoints/breakout_27bricks_v2/replay-1150.npz transitions=200000
episode=1152
  mode      collector=async  worker=3  epsilon=0.014
  outcome   reward=-8.012299999999998  success=0/1 (0.00%)  steps=mean:323.0 range:[323,323]
  training  completed=1151/2500  queue=0/256 (0%)  replay=200000/200000  updates=308  loss=0.01590  policy_version=666
  throughput env_steps_s=320.3  transitions_s=320.3  transitions_step=1.0  updates_s=80.1  updates_throttled=0
episode=1150
  mode      collector=async  worker=2  epsilon=0.014
  outcome   reward=-6.0347000000000115  success=0/1 (0.00%)  steps=mean:547.0 range:[547,547]
  training  completed=1152/2500  queue=0/256 (0%)  replay=200000/200000  updates=74  loss=0.01824  policy_version=667
  throughput env_steps_s=321.9  transitions_s=321.9  transitions_step=1.0  updates_s=80.5  updates_throttled=0
episode=1155
  mode      collector=async  worker=2  epsilon=0.014
  outcome   reward=-9.000699999999998  success=0/1 (0.00%)  steps=mean:207.0 range:[207,207]
  training  completed=1153/2500  queue=0/256 (0%)  replay=200000/200000  updates=206  loss=0.00975  policy_version=669
  throughput env_steps_s=322.3  transitions_s=322.3  transitions_step=1.0  updates_s=80.7  updates_throttled=0
episode=1153
  mode      collector=async  worker=1  epsilon=0.014
  outcome   reward=-6.0401000000000415  success=0/1 (0.00%)  steps=mean:601.0 range:[601,601]
  training  completed=1154/2500  queue=0/256 (0%)  replay=200000/200000  updates=10  loss=0.00703  policy_version=669
  throughput env_steps_s=322.2  transitions_s=322.2  transitions_step=1.0  updates_s=76.7  updates_throttled=0
episode=1154
  mode      collector=async  worker=3  epsilon=0.014
  outcome   reward=-5.033800000000005  success=0/1 (0.00%)  steps=mean:538.0 range:[538,538]
  training  completed=1155/2500  queue=1/256 (0%)  replay=200000/200000  updates=245  loss=0.01291  policy_version=671
  throughput env_steps_s=323.5  transitions_s=323.5  transitions_step=1.0  updates_s=81.1  updates_throttled=0
episode=1157
  mode      collector=async  worker=1  epsilon=0.014
  outcome   reward=-9.003999999999998  success=0/1 (0.00%)  steps=mean:240.0 range:[240,240]
  training  completed=1156/2500  queue=0/256 (0%)  replay=200000/200000  updates=2  loss=0.00149  policy_version=671
  throughput env_steps_s=368.3  transitions_s=368.3  transitions_step=1.0  updates_s=73.7  updates_throttled=0
episode=1151
  mode      collector=async  worker=0  epsilon=0.014
  outcome   reward=-2.0795999999998678  success=0/1 (0.00%)  steps=mean:996.0 range:[996,996]
  training  completed=1157/2500  queue=0/256 (0%)  replay=200000/200000  updates=83  loss=0.03212  policy_version=672
  throughput env_steps_s=328.2  transitions_s=328.2  transitions_step=1.0  updates_s=82.0  updates_throttled=0
episode=1156
  mode      collector=async  worker=2  epsilon=0.014
  outcome   reward=-7.026800000000017  success=0/1 (0.00%)  steps=mean:468.0 range:[468,468]
  training  completed=1158/2500  queue=0/256 (0%)  replay=200000/200000  updates=133  loss=0.01527  policy_version=673
  throughput env_steps_s=319.4  transitions_s=319.4  transitions_step=1.0  updates_s=79.8  updates_throttled=0
episode=1161
  mode      collector=async  worker=2  epsilon=0.014
  outcome   reward=-7.987500000000013  success=0/1 (0.00%)  steps=mean:75.0 range:[75,75]
  training  completed=1159/2500  queue=1/256 (0%)  replay=200000/200000  updates=78  loss=0.00703  policy_version=674
  throughput env_steps_s=317.5  transitions_s=317.5  transitions_step=1.0  updates_s=79.9  updates_throttled=0
episode=1159
  mode      collector=async  worker=1  epsilon=0.014
  outcome   reward=-8.018699999999997  success=0/1 (0.00%)  steps=mean:387.0 range:[387,387]
  training  completed=1160/2500  queue=3/256 (1%)  replay=200000/200000  updates=92  loss=0.01170  policy_version=675
  throughput env_steps_s=313.3  transitions_s=313.3  transitions_step=1.0  updates_s=77.9  updates_throttled=0
episode=1160
  mode      collector=async  worker=0  epsilon=0.014
  outcome   reward=-7.0144000000000375  success=0/1 (0.00%)  steps=mean:344.0 range:[344,344]
  training  completed=1161/2500  queue=0/256 (0%)  replay=200000/200000  updates=39  loss=0.02908  policy_version=676
  throughput env_steps_s=332.6  transitions_s=332.6  transitions_step=1.0  updates_s=83.7  updates_throttled=0
episode=1163
  mode      collector=async  worker=1  epsilon=0.014
  outcome   reward=-10.0064  success=0/1 (0.00%)  steps=mean:64.0 range:[64,64]
  training  completed=1162/2500  queue=0/256 (0%)  replay=200000/200000  updates=25  loss=0.03847  policy_version=676
  throughput env_steps_s=323.0  transitions_s=323.0  transitions_step=1.0  updates_s=79.2  updates_throttled=0
episode=1158
  mode      collector=async  worker=3  epsilon=0.014
  outcome   reward=-9.026299999999996  success=0/1 (0.00%)  steps=mean:463.0 range:[463,463]
  training  completed=1163/2500  queue=0/256 (0%)  replay=200000/200000  updates=14  loss=0.00683  policy_version=676
  throughput env_steps_s=317.3  transitions_s=317.3  transitions_step=1.0  updates_s=79.3  updates_throttled=0
episode=1162
  mode      collector=async  worker=2  epsilon=0.014
  outcome   reward=-7.021500000000019  success=0/1 (0.00%)  steps=mean:415.0 range:[415,415]
  training  completed=1164/2500  queue=2/256 (1%)  replay=200000/200000  updates=242  loss=0.01068  policy_version=678
  throughput env_steps_s=323.2  transitions_s=323.2  transitions_step=1.0  updates_s=81.0  updates_throttled=0
episode=1165
  mode      collector=async  worker=1  epsilon=0.014
  outcome   reward=-7.01900000000002  success=0/1 (0.00%)  steps=mean:390.0 range:[390,390]
  training  completed=1165/2500  queue=0/256 (0%)  replay=200000/200000  updates=137  loss=0.01316  policy_version=680
  throughput env_steps_s=323.3  transitions_s=323.3  transitions_step=1.0  updates_s=80.5  updates_throttled=0
episode=1164
  mode      collector=async  worker=0  epsilon=0.014
  outcome   reward=-7.027600000000014  success=0/1 (0.00%)  steps=mean:476.0 range:[476,476]
  training  completed=1166/2500  queue=0/256 (0%)  replay=200000/200000  updates=53  loss=0.01736  policy_version=680
  throughput env_steps_s=314.7  transitions_s=314.7  transitions_step=1.0  updates_s=79.4  updates_throttled=0
episode=1166
  mode      collector=async  worker=3  epsilon=0.014
  outcome   reward=-6.02430000000004  success=0/1 (0.00%)  steps=mean:443.0 range:[443,443]
  training  completed=1167/2500  queue=0/256 (0%)  replay=200000/200000  updates=12  loss=0.00713  policy_version=680
  throughput env_steps_s=352.3  transitions_s=352.3  transitions_step=1.0  updates_s=88.1  updates_throttled=0
episode=1167
  mode      collector=async  worker=2  epsilon=0.014
  outcome   reward=-9.003499999999999  success=0/1 (0.00%)  steps=mean:235.0 range:[235,235]
  training  completed=1168/2500  queue=1/256 (0%)  replay=200000/200000  updates=34  loss=0.01249  policy_version=681
  throughput env_steps_s=308.3  transitions_s=308.3  transitions_step=1.0  updates_s=77.6  updates_throttled=0
episode=1168
  mode      collector=async  worker=1  epsilon=0.013
  outcome   reward=-9.002499999999998  success=0/1 (0.00%)  steps=mean:225.0 range:[225,225]
  training  completed=1169/2500  queue=3/256 (1%)  replay=200000/200000  updates=122  loss=0.02100  policy_version=682
  throughput env_steps_s=321.3  transitions_s=321.3  transitions_step=1.0  updates_s=80.3  updates_throttled=0
episode=1170
  mode      collector=async  worker=3  epsilon=0.013
  outcome   reward=-7.030400000000016  success=0/1 (0.00%)  steps=mean:504.0 range:[504,504]
  training  completed=1170/2500  queue=0/256 (0%)  replay=200000/200000  updates=344  loss=0.01448  policy_version=685
  throughput env_steps_s=320.7  transitions_s=320.7  transitions_step=1.0  updates_s=80.0  updates_throttled=0
episode=1173
  mode      collector=async  worker=3  epsilon=0.013
  outcome   reward=-10.0066  success=0/1 (0.00%)  steps=mean:66.0 range:[66,66]
  training  completed=1171/2500  queue=0/256 (0%)  replay=200000/200000  updates=68  loss=0.01118  policy_version=686
  throughput env_steps_s=321.5  transitions_s=321.5  transitions_step=1.0  updates_s=80.7  updates_throttled=0
episode=1169
  mode      collector=async  worker=0  epsilon=0.013
  outcome   reward=-6.037900000000036  success=0/1 (0.00%)  steps=mean:579.0 range:[579,579]
  training  completed=1172/2500  queue=0/256 (0%)  replay=200000/200000  updates=6  loss=0.00574  policy_version=686
  throughput env_steps_s=338.3  transitions_s=338.3  transitions_step=1.0  updates_s=81.2  updates_throttled=0
episode=1171
  mode      collector=async  worker=2  epsilon=0.013
  outcome   reward=-6.042600000000042  success=0/1 (0.00%)  steps=mean:626.0 range:[626,626]
  training  completed=1173/2500  queue=0/256 (0%)  replay=200000/200000  updates=83  loss=0.01816  policy_version=687
  throughput env_steps_s=325.7  transitions_s=325.7  transitions_step=1.0  updates_s=81.9  updates_throttled=0
episode=1174
  mode      collector=async  worker=3  epsilon=0.013
  outcome   reward=-9.001299999999999  success=0/1 (0.00%)  steps=mean:213.0 range:[213,213]
  training  completed=1174/2500  queue=0/256 (0%)  replay=200000/200000  updates=126  loss=0.02053  policy_version=688
  throughput env_steps_s=319.8  transitions_s=319.8  transitions_step=1.0  updates_s=79.8  updates_throttled=0
episode=1175
  mode      collector=async  worker=0  epsilon=0.013
  outcome   reward=-9.001299999999999  success=0/1 (0.00%)  steps=mean:213.0 range:[213,213]
  training  completed=1175/2500  queue=1/256 (0%)  replay=200000/200000  updates=5  loss=0.00624  policy_version=688
  throughput env_steps_s=347.5  transitions_s=347.5  transitions_step=1.0  updates_s=96.5  updates_throttled=0
Saved checkpoint: checkpoints/breakout_27bricks_v2/ckpt-1175
Scheduled replay buffer save: checkpoints/breakout_27bricks_v2/replay-1175.npz transitions=200000
Saved replay buffer: checkpoints/breakout_27bricks_v2/replay-1175.npz transitions=200000
episode=1172
  mode      collector=async  worker=1  epsilon=0.013
  outcome   reward=-6.062900000000038  success=0/1 (0.00%)  steps=mean:829.0 range:[829,829]
  training  completed=1176/2500  queue=1/256 (0%)  replay=200000/200000  updates=199  loss=0.01853  policy_version=690
  throughput env_steps_s=313.5  transitions_s=313.5  transitions_step=1.0  updates_s=78.4  updates_throttled=0
episode=1177
  mode      collector=async  worker=3  epsilon=0.013
  outcome   reward=-9.003899999999998  success=0/1 (0.00%)  steps=mean:239.0 range:[239,239]
  training  completed=1177/2500  queue=0/256 (0%)  replay=200000/200000  updates=27  loss=0.01029  policy_version=691
  throughput env_steps_s=336.7  transitions_s=336.7  transitions_step=1.0  updates_s=81.9  updates_throttled=0
episode=1178
  mode      collector=async  worker=0  epsilon=0.013
  outcome   reward=-7.010600000000035  success=0/1 (0.00%)  steps=mean:306.0 range:[306,306]
  training  completed=1178/2500  queue=1/256 (0%)  replay=200000/200000  updates=83  loss=0.01100  policy_version=691
  throughput env_steps_s=321.4  transitions_s=321.4  transitions_step=1.0  updates_s=81.1  updates_throttled=0
episode=1179
  mode      collector=async  worker=1  epsilon=0.013
  outcome   reward=-8.997699999999998  success=0/1 (0.00%)  steps=mean:177.0 range:[177,177]
  training  completed=1179/2500  queue=0/256 (0%)  replay=200000/200000  updates=69  loss=0.01026  policy_version=692
  throughput env_steps_s=323.7  transitions_s=323.7  transitions_step=1.0  updates_s=80.4  updates_throttled=0
episode=1176
  mode      collector=async  worker=2  epsilon=0.013
  outcome   reward=-7.033200000000017  success=0/1 (0.00%)  steps=mean:532.0 range:[532,532]
  training  completed=1180/2500  queue=5/256 (2%)  replay=200000/200000  updates=23  loss=0.00856  policy_version=692
  throughput env_steps_s=307.7  transitions_s=307.7  transitions_step=1.0  updates_s=76.1  updates_throttled=0
episode=1181
  mode      collector=async  worker=0  epsilon=0.013
  outcome   reward=-9.004299999999999  success=0/1 (0.00%)  steps=mean:243.0 range:[243,243]
  training  completed=1181/2500  queue=0/256 (0%)  replay=200000/200000  updates=155  loss=0.01232  policy_version=694
  throughput env_steps_s=326.6  transitions_s=326.6  transitions_step=1.0  updates_s=82.0  updates_throttled=0
episode=1182
  mode      collector=async  worker=1  epsilon=0.013
  outcome   reward=-8.000000000000014  success=0/1 (0.00%)  steps=mean:200.0 range:[200,200]
  training  completed=1182/2500  queue=0/256 (0%)  replay=200000/200000  updates=22  loss=0.01222  policy_version=694
  throughput env_steps_s=330.0  transitions_s=330.0  transitions_step=1.0  updates_s=81.6  updates_throttled=0
episode=1183
  mode      collector=async  worker=2  epsilon=0.013
  outcome   reward=-9.004299999999999  success=0/1 (0.00%)  steps=mean:243.0 range:[243,243]
  training  completed=1183/2500  queue=0/256 (0%)  replay=200000/200000  updates=68  loss=0.00609  policy_version=695
  throughput env_steps_s=315.8  transitions_s=315.8  transitions_step=1.0  updates_s=78.9  updates_throttled=0
episode=1185
  mode      collector=async  worker=1  epsilon=0.013
  outcome   reward=-9.001499999999998  success=0/1 (0.00%)  steps=mean:215.0 range:[215,215]
  training  completed=1184/2500  queue=2/256 (1%)  replay=200000/200000  updates=150  loss=0.01680  policy_version=696
  throughput env_steps_s=315.6  transitions_s=315.6  transitions_step=1.0  updates_s=79.0  updates_throttled=0
episode=1180
  mode      collector=async  worker=3  epsilon=0.013
  outcome   reward=-4.050300000000034  success=0/1 (0.00%)  steps=mean:703.0 range:[703,703]
  training  completed=1185/2500  queue=0/256 (0%)  replay=200000/200000  updates=124  loss=0.02134  policy_version=697
  throughput env_steps_s=293.4  transitions_s=293.4  transitions_step=1.0  updates_s=73.3  updates_throttled=0
episode=1187
  mode      collector=async  worker=1  epsilon=0.013
  outcome   reward=-8.9995  success=0/1 (0.00%)  steps=mean:195.0 range:[195,195]
  training  completed=1186/2500  queue=0/256 (0%)  replay=200000/200000  updates=76  loss=0.02485  policy_version=698
  throughput env_steps_s=321.3  transitions_s=321.3  transitions_step=1.0  updates_s=79.5  updates_throttled=0
episode=1184
  mode      collector=async  worker=0  epsilon=0.013
  outcome   reward=-7.031500000000015  success=0/1 (0.00%)  steps=mean:515.0 range:[515,515]
  training  completed=1187/2500  queue=0/256 (0%)  replay=200000/200000  updates=66  loss=0.01376  policy_version=699
  throughput env_steps_s=322.7  transitions_s=322.7  transitions_step=1.0  updates_s=81.6  updates_throttled=0
episode=1188
  mode      collector=async  worker=3  epsilon=0.013
  outcome   reward=-9.000399999999999  success=0/1 (0.00%)  steps=mean:204.0 range:[204,204]
  training  completed=1188/2500  queue=0/256 (0%)  replay=200000/200000  updates=72  loss=0.02910  policy_version=700
  throughput env_steps_s=323.6  transitions_s=323.6  transitions_step=1.0  updates_s=80.4  updates_throttled=0
episode=1186
  mode      collector=async  worker=2  epsilon=0.013
  outcome   reward=-4.030799999999973  success=0/1 (0.00%)  steps=mean:508.0 range:[508,508]
  training  completed=1189/2500  queue=0/256 (0%)  replay=200000/200000  updates=13  loss=0.01532  policy_version=700
  throughput env_steps_s=322.2  transitions_s=322.2  transitions_step=1.0  updates_s=80.5  updates_throttled=0
episode=1190
  mode      collector=async  worker=0  epsilon=0.012
  outcome   reward=-8.000000000000014  success=0/1 (0.00%)  steps=mean:200.0 range:[200,200]
  training  completed=1190/2500  queue=2/256 (1%)  replay=200000/200000  updates=116  loss=0.01520  policy_version=701
  throughput env_steps_s=319.1  transitions_s=319.1  transitions_step=1.0  updates_s=80.1  updates_throttled=0
episode=1192
  mode      collector=async  worker=2  epsilon=0.012
  outcome   reward=-7.019700000000016  success=0/1 (0.00%)  steps=mean:397.0 range:[397,397]
  training  completed=1191/2500  queue=0/256 (0%)  replay=200000/200000  updates=283  loss=0.01925  policy_version=704
  throughput env_steps_s=325.7  transitions_s=325.7  transitions_step=1.0  updates_s=81.2  updates_throttled=0
episode=1194
  mode      collector=async  worker=2  epsilon=0.012
  outcome   reward=-10.0066  success=0/1 (0.00%)  steps=mean:66.0 range:[66,66]
  training  completed=1192/2500  queue=0/256 (0%)  replay=200000/200000  updates=68  loss=0.00823  policy_version=704
  throughput env_steps_s=315.9  transitions_s=315.9  transitions_step=1.0  updates_s=79.6  updates_throttled=0
episode=1189
  mode      collector=async  worker=1  epsilon=0.012
  outcome   reward=-4.051199999999978  success=0/1 (0.00%)  steps=mean:712.0 range:[712,712]
  training  completed=1193/2500  queue=0/256 (0%)  replay=200000/200000  updates=91  loss=0.00963  policy_version=705
  throughput env_steps_s=320.1  transitions_s=320.1  transitions_step=1.0  updates_s=79.6  updates_throttled=0
episode=1191
  mode      collector=async  worker=3  epsilon=0.012
  outcome   reward=-5.062500000000034  success=0/1 (0.00%)  steps=mean:825.0 range:[825,825]
  training  completed=1194/2500  queue=0/256 (0%)  replay=200000/200000  updates=255  loss=0.02042  policy_version=708
  throughput env_steps_s=323.1  transitions_s=323.1  transitions_step=1.0  updates_s=80.9  updates_throttled=0
episode=1196
  mode      collector=async  worker=1  epsilon=0.012
  outcome   reward=-7.014600000000013  success=0/1 (0.00%)  steps=mean:346.0 range:[346,346]
  training  completed=1195/2500  queue=0/256 (0%)  replay=200000/200000  updates=96  loss=0.01221  policy_version=709
  throughput env_steps_s=324.1  transitions_s=324.1  transitions_step=1.0  updates_s=80.6  updates_throttled=0
episode=1193
  mode      collector=async  worker=0  epsilon=0.012
  outcome   reward=-4.060599999999981  success=0/1 (0.00%)  steps=mean:806.0 range:[806,806]
  training  completed=1196/2500  queue=0/256 (0%)  replay=200000/200000  updates=12  loss=0.00750  policy_version=709
  throughput env_steps_s=328.4  transitions_s=328.4  transitions_step=1.0  updates_s=85.7  updates_throttled=0
episode=1195
  mode      collector=async  worker=2  epsilon=0.012
  outcome   reward=-5.04390000000001  success=0/1 (0.00%)  steps=mean:639.0 range:[639,639]
  training  completed=1197/2500  queue=0/256 (0%)  replay=200000/200000  updates=187  loss=0.01765  policy_version=711
  throughput env_steps_s=322.6  transitions_s=322.6  transitions_step=1.0  updates_s=80.6  updates_throttled=0
episode=1198
  mode      collector=async  worker=1  epsilon=0.012
  outcome   reward=-6.028200000000018  success=0/1 (0.00%)  steps=mean:482.0 range:[482,482]
  training  completed=1198/2500  queue=0/256 (0%)  replay=200000/200000  updates=281  loss=0.01910  policy_version=714
  throughput env_steps_s=323.1  transitions_s=323.1  transitions_step=1.0  updates_s=80.8  updates_throttled=0
episode=1201
  mode      collector=async  worker=1  epsilon=0.012
  outcome   reward=-8.9988  success=0/1 (0.00%)  steps=mean:188.0 range:[188,188]
  training  completed=1199/2500  queue=0/256 (0%)  replay=200000/200000  updates=184  loss=0.01221  policy_version=715
  throughput env_steps_s=327.7  transitions_s=327.7  transitions_step=1.0  updates_s=81.7  updates_throttled=0
episode=1199
  mode      collector=async  worker=0  epsilon=0.012
  outcome   reward=-4.056300000000018  success=0/1 (0.00%)  steps=mean:763.0 range:[763,763]
  training  completed=1200/2500  queue=3/256 (1%)  replay=200000/200000  updates=105  loss=0.01420  policy_version=717
  throughput env_steps_s=312.7  transitions_s=312.7  transitions_step=1.0  updates_s=78.4  updates_throttled=0
Saved checkpoint: checkpoints/breakout_27bricks_v2/ckpt-1200
Scheduled replay buffer save: checkpoints/breakout_27bricks_v2/replay-1200.npz transitions=200000
Evaluating frozen checkpoint episode=1200 episodes=20 metric=auto...
Saved replay buffer: checkpoints/breakout_27bricks_v2/replay-1200.npz transitions=200000
episode=1202
  mode      collector=async  worker=1  epsilon=0.012
  outcome   reward=-9.003799999999998  success=0/1 (0.00%)  steps=mean:238.0 range:[238,238]
  training  completed=1201/2500  queue=0/256 (0%)  replay=200000/200000  updates=133  loss=0.00877  policy_version=718
  throughput env_steps_s=270.1  transitions_s=270.1  transitions_step=1.0  updates_s=67.7  updates_throttled=0
episode=1200
  mode      collector=async  worker=2  epsilon=0.012
  outcome   reward=-5.06060000000007  success=0/1 (0.00%)  steps=mean:806.0 range:[806,806]
  training  completed=1202/2500  queue=1/256 (0%)  replay=200000/200000  updates=101  loss=0.01277  policy_version=719
  throughput env_steps_s=271.6  transitions_s=271.6  transitions_step=1.0  updates_s=68.1  updates_throttled=0
episode=1197
  mode      collector=async  worker=3  epsilon=0.012
  outcome   reward=-1.101899999999885  success=0/1 (0.00%)  steps=mean:1219.0 range:[1219,1219]
  training  completed=1203/2500  queue=0/256 (0%)  replay=200000/200000  updates=122  loss=0.01153  policy_version=720
  throughput env_steps_s=270.5  transitions_s=270.5  transitions_step=1.0  updates_s=67.2  updates_throttled=0
episode=1206
  mode      collector=async  worker=3  epsilon=0.012
  outcome   reward=-9.002099999999999  success=0/1 (0.00%)  steps=mean:221.0 range:[221,221]
  training  completed=1204/2500  queue=3/256 (1%)  replay=200000/200000  updates=221  loss=0.01272  policy_version=722
  throughput env_steps_s=272.5  transitions_s=272.5  transitions_step=1.0  updates_s=68.4  updates_throttled=0
episode=1203
  mode      collector=async  worker=0  epsilon=0.012
  outcome   reward=-6.061900000000087  success=0/1 (0.00%)  steps=mean:819.0 range:[819,819]
  training  completed=1205/2500  queue=0/256 (0%)  replay=200000/200000  updates=242  loss=0.01798  policy_version=725
  throughput env_steps_s=276.8  transitions_s=276.8  transitions_step=1.0  updates_s=69.0  updates_throttled=0
episode=1204
  mode      collector=async  worker=1  epsilon=0.012
  outcome   reward=-5.055200000000035  success=0/1 (0.00%)  steps=mean:752.0 range:[752,752]
  training  completed=1206/2500  queue=0/256 (0%)  replay=200000/200000  updates=68  loss=0.01291  policy_version=725
  throughput env_steps_s=268.7  transitions_s=268.7  transitions_step=1.0  updates_s=67.4  updates_throttled=0
episode=1208
  mode      collector=async  worker=0  epsilon=0.012
  outcome   reward=-9.004499999999998  success=0/1 (0.00%)  steps=mean:245.0 range:[245,245]
  training  completed=1207/2500  queue=0/256 (0%)  replay=200000/200000  updates=177  loss=0.01022  policy_version=727
  throughput env_steps_s=272.8  transitions_s=272.8  transitions_step=1.0  updates_s=68.2  updates_throttled=0
episode=1207
  mode      collector=async  worker=3  epsilon=0.012
  outcome   reward=-7.030100000000017  success=0/1 (0.00%)  steps=mean:501.0 range:[501,501]
  training  completed=1208/2500  queue=0/256 (0%)  replay=200000/200000  updates=18  loss=0.01454  policy_version=727
  throughput env_steps_s=276.0  transitions_s=276.0  transitions_step=1.0  updates_s=70.0  updates_throttled=0
episode=1209
  mode      collector=async  worker=1  epsilon=0.012
  outcome   reward=-9.003999999999998  success=0/1 (0.00%)  steps=mean:240.0 range:[240,240]
  training  completed=1209/2500  queue=0/256 (0%)  replay=200000/200000  updates=47  loss=0.01096  policy_version=728
  throughput env_steps_s=280.0  transitions_s=280.0  transitions_step=1.0  updates_s=69.3  updates_throttled=0
episode=1210
  mode      collector=async  worker=0  epsilon=0.012
  outcome   reward=-8.997799999999998  success=0/1 (0.00%)  steps=mean:178.0 range:[178,178]
  training  completed=1210/2500  queue=0/256 (0%)  replay=200000/200000  updates=112  loss=0.01706  policy_version=729
  throughput env_steps_s=275.6  transitions_s=275.6  transitions_step=1.0  updates_s=69.0  updates_throttled=0
episode=1211
  mode      collector=async  worker=3  epsilon=0.012
  outcome   reward=-9.001199999999999  success=0/1 (0.00%)  steps=mean:212.0 range:[212,212]
  training  completed=1211/2500  queue=0/256 (0%)  replay=200000/200000  updates=53  loss=0.03068  policy_version=729
  throughput env_steps_s=283.2  transitions_s=283.2  transitions_step=1.0  updates_s=70.8  updates_throttled=0
episode=1214
  mode      collector=async  worker=3  epsilon=0.012
  outcome   reward=-8.999999999999998  success=0/1 (0.00%)  steps=mean:200.0 range:[200,200]
  training  completed=1212/2500  queue=0/256 (0%)  replay=200000/200000  updates=196  loss=0.01889  policy_version=731
  throughput env_steps_s=276.2  transitions_s=276.2  transitions_step=1.0  updates_s=69.1  updates_throttled=0
episode=1213
  mode      collector=async  worker=0  epsilon=0.011
  outcome   reward=-7.015600000000013  success=0/1 (0.00%)  steps=mean:356.0 range:[356,356]
  training  completed=1213/2500  queue=0/256 (0%)  replay=200000/200000  updates=108  loss=0.01586  policy_version=733
  throughput env_steps_s=274.7  transitions_s=274.7  transitions_step=1.0  updates_s=68.5  updates_throttled=0
episode=1205
  mode      collector=async  worker=2  epsilon=0.011
  outcome   reward=-2.1197999999998984  success=0/1 (0.00%)  steps=mean:1398.0 range:[1398,1398]
  training  completed=1214/2500  queue=1/256 (0%)  replay=200000/200000  updates=26  loss=0.01107  policy_version=733
  throughput env_steps_s=274.5  transitions_s=274.5  transitions_step=1.0  updates_s=70.7  updates_throttled=0
episode=1212
  mode      collector=async  worker=1  epsilon=0.011
  outcome   reward=-6.038800000000042  success=0/1 (0.00%)  steps=mean:588.0 range:[588,588]
  training  completed=1215/2500  queue=1/256 (0%)  replay=200000/200000  updates=100  loss=0.00793  policy_version=734
  throughput env_steps_s=267.8  transitions_s=267.8  transitions_step=1.0  updates_s=66.9  updates_throttled=0
episode=1218
  mode      collector=async  worker=1  epsilon=0.011
  outcome   reward=-10.0064  success=0/1 (0.00%)  steps=mean:64.0 range:[64,64]
  training  completed=1216/2500  queue=2/256 (1%)  replay=200000/200000  updates=64  loss=0.00731  policy_version=734
  throughput env_steps_s=275.0  transitions_s=275.0  transitions_step=1.0  updates_s=68.7  updates_throttled=0
episode=1215
  mode      collector=async  worker=3  epsilon=0.011
  outcome   reward=-7.0240000000000125  success=0/1 (0.00%)  steps=mean:440.0 range:[440,440]
  training  completed=1217/2500  queue=0/256 (0%)  replay=200000/200000  updates=138  loss=0.01052  policy_version=736
  throughput env_steps_s=279.0  transitions_s=279.0  transitions_step=1.0  updates_s=69.5  updates_throttled=0
episode=1216
  mode      collector=async  worker=0  epsilon=0.011
  outcome   reward=-7.029300000000018  success=0/1 (0.00%)  steps=mean:493.0 range:[493,493]
  training  completed=1218/2500  queue=0/256 (0%)  replay=200000/200000  updates=170  loss=0.02732  policy_version=737
  throughput env_steps_s=277.6  transitions_s=277.6  transitions_step=1.0  updates_s=69.4  updates_throttled=0
episode=1220
  mode      collector=async  worker=3  epsilon=0.011
  outcome   reward=-8.999299999999998  success=0/1 (0.00%)  steps=mean:193.0 range:[193,193]
  training  completed=1219/2500  queue=0/256 (0%)  replay=200000/200000  updates=24  loss=0.02526  policy_version=738
  throughput env_steps_s=270.7  transitions_s=270.7  transitions_step=1.0  updates_s=67.0  updates_throttled=0
episode=1217
  mode      collector=async  worker=2  epsilon=0.011
  outcome   reward=-7.0425000000000155  success=0/1 (0.00%)  steps=mean:625.0 range:[625,625]
  training  completed=1220/2500  queue=3/256 (1%)  replay=200000/200000  updates=138  loss=0.00876  policy_version=739
  throughput env_steps_s=276.0  transitions_s=276.0  transitions_step=1.0  updates_s=69.3  updates_throttled=0
episode=1219
  mode      collector=async  worker=1  epsilon=0.011
  outcome   reward=-7.029500000000015  success=0/1 (0.00%)  steps=mean:495.0 range:[495,495]
  training  completed=1221/2500  queue=0/256 (0%)  replay=200000/200000  updates=15  loss=0.00878  policy_version=739
  throughput env_steps_s=287.1  transitions_s=287.1  transitions_step=1.0  updates_s=70.6  updates_throttled=0
episode=1221
  mode      collector=async  worker=0  epsilon=0.011
  outcome   reward=-9.0033  success=0/1 (0.00%)  steps=mean:233.0 range:[233,233]
  training  completed=1222/2500  queue=0/256 (0%)  replay=200000/200000  updates=53  loss=0.02265  policy_version=740
  throughput env_steps_s=271.5  transitions_s=271.5  transitions_step=1.0  updates_s=67.6  updates_throttled=0
episode=1223
  mode      collector=async  worker=2  epsilon=0.011
  outcome   reward=-9.001  success=0/1 (0.00%)  steps=mean:210.0 range:[210,210]
  training  completed=1223/2500  queue=0/256 (0%)  replay=200000/200000  updates=142  loss=0.02929  policy_version=741
  throughput env_steps_s=274.0  transitions_s=274.0  transitions_step=1.0  updates_s=68.6  updates_throttled=0
episode=1226
  mode      collector=async  worker=2  epsilon=0.011
  outcome   reward=-8.9972  success=0/1 (0.00%)  steps=mean:172.0 range:[172,172]
  training  completed=1224/2500  queue=0/256 (0%)  replay=200000/200000  updates=174  loss=0.01540  policy_version=743
  throughput env_steps_s=271.9  transitions_s=271.9  transitions_step=1.0  updates_s=67.9  updates_throttled=0
episode=1227
  mode      collector=async  worker=2  epsilon=0.011
  outcome   reward=-8.999899999999998  success=0/1 (0.00%)  steps=mean:199.0 range:[199,199]
  training  completed=1225/2500  queue=0/256 (0%)  replay=200000/200000  updates=201  loss=0.02014  policy_version=745
  throughput env_steps_s=274.8  transitions_s=274.8  transitions_step=1.0  updates_s=69.0  updates_throttled=0
Saved checkpoint: checkpoints/breakout_27bricks_v2/ckpt-1225
Scheduled replay buffer save: checkpoints/breakout_27bricks_v2/replay-1225.npz transitions=200000
Saved replay buffer: checkpoints/breakout_27bricks_v2/replay-1225.npz transitions=200000
episode=1225
  mode      collector=async  worker=0  epsilon=0.011
  outcome   reward=-5.044100000000009  success=0/1 (0.00%)  steps=mean:641.0 range:[641,641]
  training  completed=1226/2500  queue=0/256 (0%)  replay=200000/200000  updates=128  loss=0.01257  policy_version=746
  throughput env_steps_s=269.3  transitions_s=269.3  transitions_step=1.0  updates_s=67.2  updates_throttled=0
episode=1229
  mode      collector=async  worker=0  epsilon=0.011
  outcome   reward=-7.012100000000013  success=0/1 (0.00%)  steps=mean:321.0 range:[321,321]
  training  completed=1227/2500  queue=1/256 (0%)  replay=200000/200000  updates=318  loss=0.01360  policy_version=749
  throughput env_steps_s=274.5  transitions_s=274.5  transitions_step=1.0  updates_s=68.7  updates_throttled=0
episode=1222
  mode      collector=async  worker=3  epsilon=0.011
  outcome   reward=1.8746000000001377  success=0/1 (0.00%)  steps=mean:1454.0 range:[1454,1454]
  training  completed=1228/2500  queue=3/256 (1%)  replay=200000/200000  updates=291  loss=0.01584  policy_version=752
  throughput env_steps_s=271.5  transitions_s=271.5  transitions_step=1.0  updates_s=67.9  updates_throttled=0
episode=1224
  mode      collector=async  worker=1  epsilon=0.011
  outcome   reward=-0.1286999999998777  success=0/1 (0.00%)  steps=mean:1487.0 range:[1487,1487]
  training  completed=1229/2500  queue=0/256 (0%)  replay=200000/200000  updates=174  loss=0.01688  policy_version=754
  throughput env_steps_s=277.4  transitions_s=277.4  transitions_step=1.0  updates_s=69.3  updates_throttled=0
episode=1231
  mode      collector=async  worker=3  epsilon=0.011
  outcome   reward=-8.014699999999998  success=0/1 (0.00%)  steps=mean:347.0 range:[347,347]
  training  completed=1230/2500  queue=2/256 (1%)  replay=200000/200000  updates=167  loss=0.01135  policy_version=756
  throughput env_steps_s=275.5  transitions_s=275.5  transitions_step=1.0  updates_s=68.9  updates_throttled=0
episode=1230
  mode      collector=async  worker=0  epsilon=0.011
  outcome   reward=-6.0476000000000365  success=0/1 (0.00%)  steps=mean:676.0 range:[676,676]
  training  completed=1231/2500  queue=2/256 (1%)  replay=200000/200000  updates=46  loss=0.00784  policy_version=756
  throughput env_steps_s=282.2  transitions_s=282.2  transitions_step=1.0  updates_s=70.9  updates_throttled=0
episode=1228
  mode      collector=async  worker=2  epsilon=0.011
  outcome   reward=-0.1022999999998433  success=0/1 (0.00%)  steps=mean:1223.0 range:[1223,1223]
  training  completed=1232/2500  queue=0/256 (0%)  replay=200000/200000  updates=102  loss=0.01130  policy_version=757
  throughput env_steps_s=268.1  transitions_s=268.1  transitions_step=1.0  updates_s=66.9  updates_throttled=0
episode=1233
  mode      collector=async  worker=3  epsilon=0.011
  outcome   reward=-8.9995  success=0/1 (0.00%)  steps=mean:195.0 range:[195,195]
  training  completed=1233/2500  queue=0/256 (0%)  replay=200000/200000  updates=47  loss=0.00954  policy_version=758
  throughput env_steps_s=276.4  transitions_s=276.4  transitions_step=1.0  updates_s=68.4  updates_throttled=0
episode=1234
  mode      collector=async  worker=0  epsilon=0.011
  outcome   reward=-9.000699999999998  success=0/1 (0.00%)  steps=mean:207.0 range:[207,207]
  training  completed=1234/2500  queue=1/256 (0%)  replay=200000/200000  updates=56  loss=0.00847  policy_version=758
  throughput env_steps_s=275.1  transitions_s=275.1  transitions_step=1.0  updates_s=69.7  updates_throttled=0
episode=1232
  mode      collector=async  worker=1  epsilon=0.011
  outcome   reward=-6.03940000000004  success=0/1 (0.00%)  steps=mean:594.0 range:[594,594]
  training  completed=1235/2500  queue=0/256 (0%)  replay=200000/200000  updates=173  loss=0.01990  policy_version=760
  throughput env_steps_s=274.5  transitions_s=274.5  transitions_step=1.0  updates_s=68.3  updates_throttled=0
episode=1237
  mode      collector=async  worker=0  epsilon=0.011
  outcome   reward=-8.010899999999998  success=0/1 (0.00%)  steps=mean:309.0 range:[309,309]
  training  completed=1236/2500  queue=0/256 (0%)  replay=200000/200000  updates=138  loss=0.01677  policy_version=761
  throughput env_steps_s=278.0  transitions_s=278.0  transitions_step=1.0  updates_s=69.5  updates_throttled=0
episode=1235
  mode      collector=async  worker=2  epsilon=0.010
  outcome   reward=-7.02340000000002  success=0/1 (0.00%)  steps=mean:434.0 range:[434,434]
  training  completed=1237/2500  queue=1/256 (0%)  replay=200000/200000  updates=22  loss=0.00576  policy_version=762
  throughput env_steps_s=262.7  transitions_s=262.7  transitions_step=1.0  updates_s=67.2  updates_throttled=0
episode=1238
  mode      collector=async  worker=1  epsilon=0.010
  outcome   reward=-9.005399999999998  success=0/1 (0.00%)  steps=mean:254.0 range:[254,254]
  training  completed=1238/2500  queue=0/256 (0%)  replay=200000/200000  updates=89  loss=0.01143  policy_version=762
  throughput env_steps_s=272.9  transitions_s=272.9  transitions_step=1.0  updates_s=67.8  updates_throttled=0
episode=1239
  mode      collector=async  worker=0  epsilon=0.010
  outcome   reward=-8.998  success=0/1 (0.00%)  steps=mean:180.0 range:[180,180]
  training  completed=1239/2500  queue=0/256 (0%)  replay=200000/200000  updates=74  loss=0.00992  policy_version=763
  throughput env_steps_s=273.0  transitions_s=273.0  transitions_step=1.0  updates_s=68.5  updates_throttled=0
episode=1241
  mode      collector=async  worker=1  epsilon=0.010
  outcome   reward=-8.001900000000015  success=0/1 (0.00%)  steps=mean:219.0 range:[219,219]
  training  completed=1240/2500  queue=2/256 (1%)  replay=200000/200000  updates=144  loss=0.02048  policy_version=765
  throughput env_steps_s=278.7  transitions_s=278.7  transitions_step=1.0  updates_s=69.8  updates_throttled=0
episode=1236
  mode      collector=async  worker=3  epsilon=0.010
  outcome   reward=-3.057799999999964  success=0/1 (0.00%)  steps=mean:778.0 range:[778,778]
  training  completed=1241/2500  queue=0/256 (0%)  replay=200000/200000  updates=82  loss=0.01062  policy_version=765
  throughput env_steps_s=277.5  transitions_s=277.5  transitions_step=1.0  updates_s=69.6  updates_throttled=0
Frozen evaluation episode=1200: success=0/20 (0.00%) reward_mean=-4.2266 steps_mean=946.3
Saved checkpoint: checkpoints/breakout_27bricks_v2/best/ckpt-1241
Best checkpoint applied using live weights at episode=1241 (background evaluation was requested for episode=1200)
New best checkpoint: checkpoints/breakout_27bricks_v2/best/ckpt-1241 metric=auto success=0.00% reward_mean=-4.2266
episode=1240
  mode      collector=async  worker=2  epsilon=0.010
  outcome   reward=-6.041200000000048  success=0/1 (0.00%)  steps=mean:612.0 range:[612,612]
  training  completed=1242/2500  queue=0/256 (0%)  replay=200000/200000  updates=220  loss=0.02026  policy_version=768
  throughput env_steps_s=310.2  transitions_s=310.2  transitions_step=1.0  updates_s=77.6  updates_throttled=0
episode=1243
  mode      collector=async  worker=1  epsilon=0.010
  outcome   reward=-8.015599999999997  success=0/1 (0.00%)  steps=mean:356.0 range:[356,356]
  training  completed=1243/2500  queue=0/256 (0%)  replay=200000/200000  updates=60  loss=0.01096  policy_version=768
  throughput env_steps_s=332.0  transitions_s=332.0  transitions_step=1.0  updates_s=83.0  updates_throttled=0
episode=1244
  mode      collector=async  worker=3  epsilon=0.010
  outcome   reward=-7.021400000000019  success=0/1 (0.00%)  steps=mean:414.0 range:[414,414]
  training  completed=1244/2500  queue=0/256 (0%)  replay=200000/200000  updates=131  loss=0.01399  policy_version=770
  throughput env_steps_s=329.2  transitions_s=329.2  transitions_step=1.0  updates_s=82.1  updates_throttled=0
episode=1245
  mode      collector=async  worker=2  epsilon=0.010
  outcome   reward=-8.9988  success=0/1 (0.00%)  steps=mean:188.0 range:[188,188]
  training  completed=1245/2500  queue=3/256 (1%)  replay=200000/200000  updates=1  loss=0.00333  policy_version=770
  throughput env_steps_s=195.0  transitions_s=195.0  transitions_step=1.0  updates_s=65.0  updates_throttled=0
episode=1246
  mode      collector=async  worker=1  epsilon=0.010
  outcome   reward=-9.003499999999999  success=0/1 (0.00%)  steps=mean:235.0 range:[235,235]
  training  completed=1246/2500  queue=0/256 (0%)  replay=200000/200000  updates=103  loss=0.01145  policy_version=771
  throughput env_steps_s=327.1  transitions_s=327.1  transitions_step=1.0  updates_s=81.4  updates_throttled=0
episode=1247
  mode      collector=async  worker=3  epsilon=0.010
  outcome   reward=-6.0078000000000165  success=0/1 (0.00%)  steps=mean:278.0 range:[278,278]
  training  completed=1247/2500  queue=2/256 (1%)  replay=200000/200000  updates=169  loss=0.01505  policy_version=772
  throughput env_steps_s=329.2  transitions_s=329.2  transitions_step=1.0  updates_s=82.4  updates_throttled=0
episode=1248
  mode      collector=async  worker=2  epsilon=0.010
  outcome   reward=-8.014599999999998  success=0/1 (0.00%)  steps=mean:346.0 range:[346,346]
  training  completed=1248/2500  queue=0/256 (0%)  replay=200000/200000  updates=71  loss=0.01856  policy_version=773
  throughput env_steps_s=333.7  transitions_s=333.7  transitions_step=1.0  updates_s=82.8  updates_throttled=0
episode=1242
  mode      collector=async  worker=0  epsilon=0.010
  outcome   reward=-2.0826999999999227  success=0/1 (0.00%)  steps=mean:1027.0 range:[1027,1027]
  training  completed=1249/2500  queue=0/256 (0%)  replay=200000/200000  updates=41  loss=0.00848  policy_version=773
  throughput env_steps_s=332.3  transitions_s=332.3  transitions_step=1.0  updates_s=83.1  updates_throttled=0
episode=1249
  mode      collector=async  worker=1  epsilon=0.010
  outcome   reward=-8.014699999999998  success=0/1 (0.00%)  steps=mean:347.0 range:[347,347]
  training  completed=1250/2500  queue=2/256 (1%)  replay=200000/200000  updates=70  loss=0.01024  policy_version=774
  throughput env_steps_s=323.8  transitions_s=323.8  transitions_step=1.0  updates_s=81.8  updates_throttled=0
Saved checkpoint: checkpoints/breakout_27bricks_v2/ckpt-1250
Scheduled replay buffer save: checkpoints/breakout_27bricks_v2/replay-1250.npz transitions=200000
Saved replay buffer: checkpoints/breakout_27bricks_v2/replay-1250.npz transitions=200000
episode=1251
  mode      collector=async  worker=2  epsilon=0.010
  outcome   reward=-9.002099999999999  success=0/1 (0.00%)  steps=mean:221.0 range:[221,221]
  training  completed=1251/2500  queue=0/256 (0%)  replay=200000/200000  updates=108  loss=0.00994  policy_version=775
  throughput env_steps_s=306.0  transitions_s=306.0  transitions_step=1.0  updates_s=76.1  updates_throttled=0
episode=1250
  mode      collector=async  worker=3  epsilon=0.010
  outcome   reward=-8.016499999999997  success=0/1 (0.00%)  steps=mean:365.0 range:[365,365]
  training  completed=1252/2500  queue=0/256 (0%)  replay=200000/200000  updates=74  loss=0.02371  policy_version=776
  throughput env_steps_s=328.9  transitions_s=328.9  transitions_step=1.0  updates_s=81.9  updates_throttled=0
episode=1252
  mode      collector=async  worker=0  epsilon=0.010
  outcome   reward=-9.018699999999997  success=0/1 (0.00%)  steps=mean:387.0 range:[387,387]
  training  completed=1253/2500  queue=0/256 (0%)  replay=200000/200000  updates=140  loss=0.02381  policy_version=777
  throughput env_steps_s=317.7  transitions_s=317.7  transitions_step=1.0  updates_s=79.7  updates_throttled=0
episode=1255
  mode      collector=async  worker=3  epsilon=0.010
  outcome   reward=-9.001399999999999  success=0/1 (0.00%)  steps=mean:214.0 range:[214,214]
  training  completed=1254/2500  queue=0/256 (0%)  replay=200000/200000  updates=75  loss=0.01116  policy_version=778
  throughput env_steps_s=334.3  transitions_s=334.3  transitions_step=1.0  updates_s=83.0  updates_throttled=0
episode=1254
  mode      collector=async  worker=2  epsilon=0.010
  outcome   reward=-8.009699999999997  success=0/1 (0.00%)  steps=mean:297.0 range:[297,297]
  training  completed=1255/2500  queue=0/256 (0%)  replay=200000/200000  updates=5  loss=0.00508  policy_version=778
  throughput env_steps_s=291.5  transitions_s=291.5  transitions_step=1.0  updates_s=76.7  updates_throttled=0
episode=1253
  mode      collector=async  worker=1  epsilon=0.010
  outcome   reward=-6.031300000000044  success=0/1 (0.00%)  steps=mean:513.0 range:[513,513]
  training  completed=1256/2500  queue=0/256 (0%)  replay=200000/200000  updates=111  loss=0.01156  policy_version=779
  throughput env_steps_s=330.3  transitions_s=330.3  transitions_step=1.0  updates_s=82.4  updates_throttled=0
episode=1257
  mode      collector=async  worker=3  epsilon=0.010
  outcome   reward=-9.003499999999999  success=0/1 (0.00%)  steps=mean:235.0 range:[235,235]
  training  completed=1257/2500  queue=0/256 (0%)  replay=200000/200000  updates=117  loss=0.01466  policy_version=780
  throughput env_steps_s=328.4  transitions_s=328.4  transitions_step=1.0  updates_s=82.4  updates_throttled=0
episode=1258
  mode      collector=async  worker=2  epsilon=0.010
  outcome   reward=-9.003699999999998  success=0/1 (0.00%)  steps=mean:237.0 range:[237,237]
  training  completed=1258/2500  queue=0/256 (0%)  replay=200000/200000  updates=15  loss=0.01032  policy_version=781
  throughput env_steps_s=319.5  transitions_s=319.5  transitions_step=1.0  updates_s=77.3  updates_throttled=0
episode=1256
  mode      collector=async  worker=0  epsilon=0.010
  outcome   reward=-8.015899999999997  success=0/1 (0.00%)  steps=mean:359.0 range:[359,359]
  training  completed=1259/2500  queue=0/256 (0%)  replay=200000/200000  updates=39  loss=0.01469  policy_version=781
  throughput env_steps_s=338.7  transitions_s=338.7  transitions_step=1.0  updates_s=85.2  updates_throttled=0
episode=1260
  mode      collector=async  worker=3  epsilon=0.010
  outcome   reward=-10.0068  success=0/1 (0.00%)  steps=mean:68.0 range:[68,68]
  training  completed=1260/2500  queue=5/256 (2%)  replay=200000/200000  updates=12  loss=0.03366  policy_version=781
  throughput env_steps_s=278.4  transitions_s=278.4  transitions_step=1.0  updates_s=69.6  updates_throttled=0
episode=1261
  mode      collector=async  worker=2  epsilon=0.010
  outcome   reward=-9.0026  success=0/1 (0.00%)  steps=mean:226.0 range:[226,226]
  training  completed=1261/2500  queue=0/256 (0%)  replay=200000/200000  updates=172  loss=0.01731  policy_version=783
  throughput env_steps_s=324.0  transitions_s=324.0  transitions_step=1.0  updates_s=80.9  updates_throttled=0
episode=1262
  mode      collector=async  worker=0  epsilon=0.010
  outcome   reward=-8.999799999999999  success=0/1 (0.00%)  steps=mean:198.0 range:[198,198]
  training  completed=1262/2500  queue=0/256 (0%)  replay=200000/200000  updates=19  loss=0.00973  policy_version=783
  throughput env_steps_s=304.0  transitions_s=304.0  transitions_step=1.0  updates_s=77.0  updates_throttled=0
episode=1263
  mode      collector=async  worker=3  epsilon=0.010
  outcome   reward=-8.009799999999998  success=0/1 (0.00%)  steps=mean:298.0 range:[298,298]
  training  completed=1263/2500  queue=0/256 (0%)  replay=200000/200000  updates=104  loss=0.02715  policy_version=784
  throughput env_steps_s=326.8  transitions_s=326.8  transitions_step=1.0  updates_s=81.5  updates_throttled=0
episode=1259
  mode      collector=async  worker=1  epsilon=0.009
  outcome   reward=-4.05599999999997  success=0/1 (0.00%)  steps=mean:760.0 range:[760,760]
  training  completed=1264/2500  queue=0/256 (0%)  replay=200000/200000  updates=274  loss=0.01841  policy_version=787
  throughput env_steps_s=324.6  transitions_s=324.6  transitions_step=1.0  updates_s=81.3  updates_throttled=0
episode=1264
  mode      collector=async  worker=2  epsilon=0.009
  outcome   reward=-7.026300000000012  success=0/1 (0.00%)  steps=mean:463.0 range:[463,463]
  training  completed=1265/2500  queue=0/256 (0%)  replay=200000/200000  updates=72  loss=0.00865  policy_version=788
  throughput env_steps_s=318.8  transitions_s=318.8  transitions_step=1.0  updates_s=79.2  updates_throttled=0
episode=1265
  mode      collector=async  worker=0  epsilon=0.009
  outcome   reward=-7.037800000000084  success=0/1 (0.00%)  steps=mean:578.0 range:[578,578]
  training  completed=1266/2500  queue=0/256 (0%)  replay=200000/200000  updates=132  loss=0.01197  policy_version=789
  throughput env_steps_s=328.3  transitions_s=328.3  transitions_step=1.0  updates_s=82.1  updates_throttled=0
episode=1266
  mode      collector=async  worker=3  epsilon=0.009
  outcome   reward=-7.028200000000013  success=0/1 (0.00%)  steps=mean:482.0 range:[482,482]
  training  completed=1267/2500  queue=0/256 (0%)  replay=200000/200000  updates=6  loss=0.01510  policy_version=789
  throughput env_steps_s=289.8  transitions_s=289.8  transitions_step=1.0  updates_s=79.0  updates_throttled=0
episode=1268
  mode      collector=async  worker=2  epsilon=0.009
  outcome   reward=-9.001999999999999  success=0/1 (0.00%)  steps=mean:220.0 range:[220,220]
  training  completed=1268/2500  queue=0/256 (0%)  replay=200000/200000  updates=70  loss=0.01175  policy_version=790
  throughput env_steps_s=321.7  transitions_s=321.7  transitions_step=1.0  updates_s=79.8  updates_throttled=0
episode=1267
  mode      collector=async  worker=1  epsilon=0.009
  outcome   reward=-6.040400000000048  success=0/1 (0.00%)  steps=mean:604.0 range:[604,604]
  training  completed=1269/2500  queue=1/256 (0%)  replay=200000/200000  updates=323  loss=0.02394  policy_version=793
  throughput env_steps_s=329.7  transitions_s=329.7  transitions_step=1.0  updates_s=82.6  updates_throttled=0
episode=1270
  mode      collector=async  worker=3  epsilon=0.009
  outcome   reward=-6.037300000000038  success=0/1 (0.00%)  steps=mean:573.0 range:[573,573]
  training  completed=1270/2500  queue=0/256 (0%)  replay=200000/200000  updates=181  loss=0.01979  policy_version=795
  throughput env_steps_s=321.7  transitions_s=321.7  transitions_step=1.0  updates_s=80.1  updates_throttled=0
episode=1272
  mode      collector=async  worker=1  epsilon=0.009
  outcome   reward=-8.9995  success=0/1 (0.00%)  steps=mean:195.0 range:[195,195]
  training  completed=1271/2500  queue=0/256 (0%)  replay=200000/200000  updates=15  loss=0.00774  policy_version=795
  throughput env_steps_s=331.5  transitions_s=331.5  transitions_step=1.0  updates_s=82.9  updates_throttled=0
episode=1271
  mode      collector=async  worker=2  epsilon=0.009
  outcome   reward=-2.0599999999999685  success=0/1 (0.00%)  steps=mean:800.0 range:[800,800]
  training  completed=1272/2500  queue=2/256 (1%)  replay=200000/200000  updates=292  loss=0.01454  policy_version=798
  throughput env_steps_s=329.7  transitions_s=329.7  transitions_step=1.0  updates_s=82.6  updates_throttled=0
episode=1275
  mode      collector=async  worker=2  epsilon=0.009
  outcome   reward=-8.990799999999998  success=0/1 (0.00%)  steps=mean:108.0 range:[108,108]
  training  completed=1273/2500  queue=1/256 (0%)  replay=200000/200000  updates=112  loss=0.01705  policy_version=799
  throughput env_steps_s=329.3  transitions_s=329.3  transitions_step=1.0  updates_s=82.3  updates_throttled=0
episode=1269
  mode      collector=async  worker=0  epsilon=0.009
  outcome   reward=-1.081299999999903  success=0/1 (0.00%)  steps=mean:1013.0 range:[1013,1013]
  training  completed=1274/2500  queue=0/256 (0%)  replay=200000/200000  updates=11  loss=0.00862  policy_version=799
  throughput env_steps_s=321.9  transitions_s=321.9  transitions_step=1.0  updates_s=75.3  updates_throttled=0
episode=1274
  mode      collector=async  worker=1  epsilon=0.009
  outcome   reward=-7.029000000000016  success=0/1 (0.00%)  steps=mean:490.0 range:[490,490]
  training  completed=1275/2500  queue=0/256 (0%)  replay=200000/200000  updates=76  loss=0.02602  policy_version=800
  throughput env_steps_s=320.4  transitions_s=320.4  transitions_step=1.0  updates_s=80.9  updates_throttled=0
Saved checkpoint: checkpoints/breakout_27bricks_v2/ckpt-1275
Scheduled replay buffer save: checkpoints/breakout_27bricks_v2/replay-1275.npz transitions=200000
Saved replay buffer: checkpoints/breakout_27bricks_v2/replay-1275.npz transitions=200000
episode=1273
  mode      collector=async  worker=3  epsilon=0.009
  outcome   reward=-6.073400000000047  success=0/1 (0.00%)  steps=mean:934.0 range:[934,934]
  training  completed=1276/2500  queue=0/256 (0%)  replay=200000/200000  updates=422  loss=0.01799  policy_version=804
  throughput env_steps_s=322.3  transitions_s=322.3  transitions_step=1.0  updates_s=80.5  updates_throttled=0
episode=1277
  mode      collector=async  worker=0  epsilon=0.009
  outcome   reward=-6.050100000000097  success=0/1 (0.00%)  steps=mean:701.0 range:[701,701]
  training  completed=1277/2500  queue=2/256 (1%)  replay=200000/200000  updates=207  loss=0.01108  policy_version=806
  throughput env_steps_s=314.6  transitions_s=314.6  transitions_step=1.0  updates_s=78.7  updates_throttled=0
episode=1278
  mode      collector=async  worker=1  epsilon=0.009
  outcome   reward=-5.051600000000012  success=0/1 (0.00%)  steps=mean:716.0 range:[716,716]
  training  completed=1278/2500  queue=0/256 (0%)  replay=200000/200000  updates=90  loss=0.03156  policy_version=807
  throughput env_steps_s=322.5  transitions_s=322.5  transitions_step=1.0  updates_s=80.6  updates_throttled=0
episode=1279
  mode      collector=async  worker=3  epsilon=0.009
  outcome   reward=-7.015400000000037  success=0/1 (0.00%)  steps=mean:354.0 range:[354,354]
  training  completed=1279/2500  queue=0/256 (0%)  replay=200000/200000  updates=57  loss=0.02128  policy_version=807
  throughput env_steps_s=318.1  transitions_s=318.1  transitions_step=1.0  updates_s=79.5  updates_throttled=0
episode=1281
  mode      collector=async  worker=1  epsilon=0.009
  outcome   reward=-9.002199999999998  success=0/1 (0.00%)  steps=mean:222.0 range:[222,222]
  training  completed=1280/2500  queue=5/256 (2%)  replay=200000/200000  updates=164  loss=0.01704  policy_version=809
  throughput env_steps_s=321.1  transitions_s=321.1  transitions_step=1.0  updates_s=80.1  updates_throttled=0
episode=1282
  mode      collector=async  worker=3  epsilon=0.009
  outcome   reward=-8.998  success=0/1 (0.00%)  steps=mean:180.0 range:[180,180]
  training  completed=1281/2500  queue=1/256 (0%)  replay=200000/200000  updates=18  loss=0.01465  policy_version=809
  throughput env_steps_s=341.4  transitions_s=341.4  transitions_step=1.0  updates_s=86.5  updates_throttled=0
episode=1276
  mode      collector=async  worker=2  epsilon=0.009
  outcome   reward=-2.1019999999998706  success=0/1 (0.00%)  steps=mean:1220.0 range:[1220,1220]
  training  completed=1282/2500  queue=0/256 (0%)  replay=200000/200000  updates=167  loss=0.02768  policy_version=811
  throughput env_steps_s=325.1  transitions_s=325.1  transitions_step=1.0  updates_s=81.1  updates_throttled=0
episode=1280
  mode      collector=async  worker=0  epsilon=0.009
  outcome   reward=-7.034200000000016  success=0/1 (0.00%)  steps=mean:542.0 range:[542,542]
  training  completed=1283/2500  queue=1/256 (0%)  replay=200000/200000  updates=49  loss=0.01810  policy_version=811
  throughput env_steps_s=328.7  transitions_s=328.7  transitions_step=1.0  updates_s=82.6  updates_throttled=0
episode=1283
  mode      collector=async  worker=1  epsilon=0.009
  outcome   reward=-9.0049  success=0/1 (0.00%)  steps=mean:249.0 range:[249,249]
  training  completed=1284/2500  queue=0/256 (0%)  replay=200000/200000  updates=13  loss=0.01021  policy_version=812
  throughput env_steps_s=306.5  transitions_s=306.5  transitions_step=1.0  updates_s=73.8  updates_throttled=0
episode=1284
  mode      collector=async  worker=3  epsilon=0.009
  outcome   reward=-9.002999999999998  success=0/1 (0.00%)  steps=mean:230.0 range:[230,230]
  training  completed=1285/2500  queue=1/256 (0%)  replay=200000/200000  updates=2  loss=0.00332  policy_version=812
  throughput env_steps_s=270.8  transitions_s=270.8  transitions_step=1.0  updates_s=90.3  updates_throttled=0
episode=1288
  mode      collector=async  worker=3  epsilon=0.009
  outcome   reward=-7.998200000000014  success=0/1 (0.00%)  steps=mean:182.0 range:[182,182]
  training  completed=1286/2500  queue=0/256 (0%)  replay=200000/200000  updates=183  loss=0.02165  policy_version=813
  throughput env_steps_s=319.8  transitions_s=319.8  transitions_step=1.0  updates_s=79.7  updates_throttled=0
episode=1285
  mode      collector=async  worker=2  epsilon=0.009
  outcome   reward=-8.008899999999997  success=0/1 (0.00%)  steps=mean:289.0 range:[289,289]
  training  completed=1287/2500  queue=3/256 (1%)  replay=200000/200000  updates=45  loss=0.00852  policy_version=814
  throughput env_steps_s=318.6  transitions_s=318.6  transitions_step=1.0  updates_s=80.6  updates_throttled=0
episode=1287
  mode      collector=async  worker=1  epsilon=0.009
  outcome   reward=-8.012199999999996  success=0/1 (0.00%)  steps=mean:322.0 range:[322,322]
  training  completed=1288/2500  queue=0/256 (0%)  replay=200000/200000  updates=91  loss=0.01509  policy_version=815
  throughput env_steps_s=318.1  transitions_s=318.1  transitions_step=1.0  updates_s=78.9  updates_throttled=0
episode=1289
  mode      collector=async  worker=3  epsilon=0.009
  outcome   reward=-8.9988  success=0/1 (0.00%)  steps=mean:188.0 range:[188,188]
  training  completed=1289/2500  queue=0/256 (0%)  replay=200000/200000  updates=54  loss=0.03507  policy_version=815
  throughput env_steps_s=321.1  transitions_s=321.1  transitions_step=1.0  updates_s=80.3  updates_throttled=0
episode=1290
  mode      collector=async  worker=2  epsilon=0.009
  outcome   reward=-8.998999999999999  success=0/1 (0.00%)  steps=mean:190.0 range:[190,190]
  training  completed=1290/2500  queue=0/256 (0%)  replay=200000/200000  updates=43  loss=0.03108  policy_version=816
  throughput env_steps_s=328.3  transitions_s=328.3  transitions_step=1.0  updates_s=83.1  updates_throttled=0
episode=1291
  mode      collector=async  worker=1  epsilon=0.009
  outcome   reward=-8.999999999999998  success=0/1 (0.00%)  steps=mean:200.0 range:[200,200]
  training  completed=1291/2500  queue=0/256 (0%)  replay=200000/200000  updates=106  loss=0.01285  policy_version=817
  throughput env_steps_s=324.1  transitions_s=324.1  transitions_step=1.0  updates_s=81.2  updates_throttled=0
episode=1293
  mode      collector=async  worker=2  epsilon=0.009
  outcome   reward=-9.005199999999999  success=0/1 (0.00%)  steps=mean:252.0 range:[252,252]
  training  completed=1292/2500  queue=0/256 (0%)  replay=200000/200000  updates=140  loss=0.01169  policy_version=818
  throughput env_steps_s=320.0  transitions_s=320.0  transitions_step=1.0  updates_s=79.9  updates_throttled=0
episode=1286
  mode      collector=async  worker=0  epsilon=0.009
  outcome   reward=-5.050800000000033  success=0/1 (0.00%)  steps=mean:708.0 range:[708,708]
  training  completed=1293/2500  queue=0/256 (0%)  replay=200000/200000  updates=32  loss=0.00729  policy_version=819
  throughput env_steps_s=332.0  transitions_s=332.0  transitions_step=1.0  updates_s=81.7  updates_throttled=0
episode=1296
  mode      collector=async  worker=0  epsilon=0.009
  outcome   reward=-9.003099999999998  success=0/1 (0.00%)  steps=mean:231.0 range:[231,231]
  training  completed=1294/2500  queue=0/256 (0%)  replay=200000/200000  updates=231  loss=0.01350  policy_version=821
  throughput env_steps_s=310.2  transitions_s=310.2  transitions_step=1.0  updates_s=77.7  updates_throttled=0
episode=1292
  mode      collector=async  worker=3  epsilon=0.008
  outcome   reward=-7.0466000000000095  success=0/1 (0.00%)  steps=mean:666.0 range:[666,666]
  training  completed=1295/2500  queue=0/256 (0%)  replay=200000/200000  updates=115  loss=0.01707  policy_version=822
  throughput env_steps_s=313.5  transitions_s=313.5  transitions_step=1.0  updates_s=78.2  updates_throttled=0
episode=1298
  mode      collector=async  worker=3  epsilon=0.008
  outcome   reward=-9.002199999999998  success=0/1 (0.00%)  steps=mean:222.0 range:[222,222]
  training  completed=1296/2500  queue=0/256 (0%)  replay=200000/200000  updates=223  loss=0.02293  policy_version=824
  throughput env_steps_s=324.2  transitions_s=324.2  transitions_step=1.0  updates_s=81.0  updates_throttled=0
episode=1299
  mode      collector=async  worker=3  epsilon=0.008
  outcome   reward=-10.0066  success=0/1 (0.00%)  steps=mean:66.0 range:[66,66]
  training  completed=1297/2500  queue=0/256 (0%)  replay=200000/200000  updates=68  loss=0.01015  policy_version=825
  throughput env_steps_s=320.4  transitions_s=320.4  transitions_step=1.0  updates_s=80.1  updates_throttled=0
episode=1297
  mode      collector=async  worker=0  epsilon=0.008
  outcome   reward=-6.021700000000015  success=0/1 (0.00%)  steps=mean:417.0 range:[417,417]
  training  completed=1298/2500  queue=0/256 (0%)  replay=200000/200000  updates=13  loss=0.00668  policy_version=825
  throughput env_steps_s=333.2  transitions_s=333.2  transitions_step=1.0  updates_s=84.9  updates_throttled=0
episode=1294
  mode      collector=async  worker=1  epsilon=0.008
  outcome   reward=-2.0782999999999694  success=0/1 (0.00%)  steps=mean:983.0 range:[983,983]
  training  completed=1299/2500  queue=0/256 (0%)  replay=200000/200000  updates=147  loss=0.01617  policy_version=826
  throughput env_steps_s=276.6  transitions_s=276.6  transitions_step=1.0  updates_s=69.2  updates_throttled=0
episode=1301
  mode      collector=async  worker=0  epsilon=0.008
  outcome   reward=-8.9988  success=0/1 (0.00%)  steps=mean:188.0 range:[188,188]
  training  completed=1300/2500  queue=2/256 (1%)  replay=200000/200000  updates=45  loss=0.02419  policy_version=827
  throughput env_steps_s=310.5  transitions_s=310.5  transitions_step=1.0  updates_s=77.6  updates_throttled=0
Saved checkpoint: checkpoints/breakout_27bricks_v2/ckpt-1300
Scheduled replay buffer save: checkpoints/breakout_27bricks_v2/replay-1300.npz transitions=200000
Evaluating frozen checkpoint episode=1300 episodes=20 metric=auto...
episode=1300
  mode      collector=async  worker=3  epsilon=0.008
  outcome   reward=-9.001499999999998  success=0/1 (0.00%)  steps=mean:215.0 range:[215,215]
  training  completed=1301/2500  queue=3/256 (1%)  replay=200000/200000  updates=10  loss=0.01238  policy_version=827
  throughput env_steps_s=281.8  transitions_s=281.8  transitions_step=1.0  updates_s=72.3  updates_throttled=0
Saved replay buffer: checkpoints/breakout_27bricks_v2/replay-1300.npz transitions=200000
episode=1295
  mode      collector=async  worker=2  epsilon=0.008
  outcome   reward=-3.088199999999957  success=0/1 (0.00%)  steps=mean:1082.0 range:[1082,1082]
  training  completed=1302/2500  queue=0/256 (0%)  replay=200000/200000  updates=196  loss=0.02147  policy_version=829
  throughput env_steps_s=268.4  transitions_s=268.4  transitions_step=1.0  updates_s=67.0  updates_throttled=0
episode=1304
  mode      collector=async  worker=3  epsilon=0.008
  outcome   reward=-9.000599999999999  success=0/1 (0.00%)  steps=mean:206.0 range:[206,206]
  training  completed=1303/2500  queue=0/256 (0%)  replay=200000/200000  updates=10  loss=0.00816  policy_version=829
  throughput env_steps_s=283.1  transitions_s=283.1  transitions_step=1.0  updates_s=72.6  updates_throttled=0
episode=1303
  mode      collector=async  worker=0  epsilon=0.008
  outcome   reward=-9.004299999999999  success=0/1 (0.00%)  steps=mean:243.0 range:[243,243]
  training  completed=1304/2500  queue=0/256 (0%)  replay=200000/200000  updates=32  loss=0.01366  policy_version=829
  throughput env_steps_s=255.9  transitions_s=255.9  transitions_step=1.0  updates_s=63.5  updates_throttled=0
episode=1305
  mode      collector=async  worker=2  epsilon=0.008
  outcome   reward=-8.999199999999998  success=0/1 (0.00%)  steps=mean:192.0 range:[192,192]
  training  completed=1305/2500  queue=0/256 (0%)  replay=200000/200000  updates=148  loss=0.01943  policy_version=831
  throughput env_steps_s=271.2  transitions_s=271.2  transitions_step=1.0  updates_s=67.9  updates_throttled=0
episode=1306
  mode      collector=async  worker=3  epsilon=0.008
  outcome   reward=-9.003699999999998  success=0/1 (0.00%)  steps=mean:237.0 range:[237,237]
  training  completed=1306/2500  queue=0/256 (0%)  replay=200000/200000  updates=60  loss=0.01096  policy_version=831
  throughput env_steps_s=270.9  transitions_s=270.9  transitions_step=1.0  updates_s=67.2  updates_throttled=0
episode=1309
  mode      collector=async  worker=3  epsilon=0.008
  outcome   reward=-9.003999999999998  success=0/1 (0.00%)  steps=mean:240.0 range:[240,240]
  training  completed=1307/2500  queue=0/256 (0%)  replay=200000/200000  updates=240  loss=0.01342  policy_version=834
  throughput env_steps_s=273.0  transitions_s=273.0  transitions_step=1.0  updates_s=68.3  updates_throttled=0
episode=1308
  mode      collector=async  worker=2  epsilon=0.008
  outcome   reward=-7.032000000000016  success=0/1 (0.00%)  steps=mean:520.0 range:[520,520]
  training  completed=1308/2500  queue=0/256 (0%)  replay=200000/200000  updates=228  loss=0.01832  policy_version=836
  throughput env_steps_s=271.0  transitions_s=271.0  transitions_step=1.0  updates_s=67.7  updates_throttled=0
episode=1307
  mode      collector=async  worker=0  epsilon=0.008
  outcome   reward=-6.052500000000046  success=0/1 (0.00%)  steps=mean:725.0 range:[725,725]
  training  completed=1309/2500  queue=0/256 (0%)  replay=200000/200000  updates=42  loss=0.01662  policy_version=837
  throughput env_steps_s=272.1  transitions_s=272.1  transitions_step=1.0  updates_s=68.0  updates_throttled=0
episode=1310
  mode      collector=async  worker=3  epsilon=0.008
  outcome   reward=-8.014499999999996  success=0/1 (0.00%)  steps=mean:345.0 range:[345,345]
  training  completed=1310/2500  queue=0/256 (0%)  replay=200000/200000  updates=70  loss=0.02728  policy_version=837
  throughput env_steps_s=275.8  transitions_s=275.8  transitions_step=1.0  updates_s=69.2  updates_throttled=0
episode=1311
  mode      collector=async  worker=2  epsilon=0.008
  outcome   reward=-9.0003  success=0/1 (0.00%)  steps=mean:203.0 range:[203,203]
  training  completed=1311/2500  queue=0/256 (0%)  replay=200000/200000  updates=89  loss=0.01194  policy_version=838
  throughput env_steps_s=271.6  transitions_s=271.6  transitions_step=1.0  updates_s=67.7  updates_throttled=0
episode=1312
  mode      collector=async  worker=0  epsilon=0.008
  outcome   reward=-9.002899999999999  success=0/1 (0.00%)  steps=mean:229.0 range:[229,229]
  training  completed=1312/2500  queue=0/256 (0%)  replay=200000/200000  updates=73  loss=0.02275  policy_version=839
  throughput env_steps_s=222.0  transitions_s=222.0  transitions_step=1.0  updates_s=55.3  updates_throttled=0
episode=1302
  mode      collector=async  worker=1  epsilon=0.008
  outcome   reward=-1.1080999999999293  success=0/1 (0.00%)  steps=mean:1281.0 range:[1281,1281]
  training  completed=1313/2500  queue=0/256 (0%)  replay=200000/200000  updates=37  loss=0.03377  policy_version=839
  throughput env_steps_s=255.9  transitions_s=255.9  transitions_step=1.0  updates_s=64.4  updates_throttled=0
episode=1313
  mode      collector=async  worker=3  epsilon=0.008
  outcome   reward=-8.014999999999997  success=0/1 (0.00%)  steps=mean:350.0 range:[350,350]
  training  completed=1314/2500  queue=0/256 (0%)  replay=200000/200000  updates=153  loss=0.02103  policy_version=841
  throughput env_steps_s=274.8  transitions_s=274.8  transitions_step=1.0  updates_s=68.7  updates_throttled=0
episode=1317
  mode      collector=async  worker=3  epsilon=0.008
  outcome   reward=-10.0067  success=0/1 (0.00%)  steps=mean:67.0 range:[67,67]
  training  completed=1315/2500  queue=2/256 (1%)  replay=200000/200000  updates=68  loss=0.00861  policy_version=841
  throughput env_steps_s=276.3  transitions_s=276.3  transitions_step=1.0  updates_s=69.3  updates_throttled=0
episode=1314
  mode      collector=async  worker=2  epsilon=0.008
  outcome   reward=-7.012900000000016  success=0/1 (0.00%)  steps=mean:329.0 range:[329,329]
  training  completed=1316/2500  queue=2/256 (1%)  replay=200000/200000  updates=2  loss=0.00721  policy_version=842
  throughput env_steps_s=232.0  transitions_s=232.0  transitions_step=1.0  updates_s=66.3  updates_throttled=0
episode=1316
  mode      collector=async  worker=1  epsilon=0.008
  outcome   reward=-9.0032  success=0/1 (0.00%)  steps=mean:232.0 range:[232,232]
  training  completed=1317/2500  queue=0/256 (0%)  replay=200000/200000  updates=8  loss=0.02199  policy_version=842
  throughput env_steps_s=303.5  transitions_s=303.5  transitions_step=1.0  updates_s=75.9  updates_throttled=0
episode=1315
  mode      collector=async  worker=0  epsilon=0.008
  outcome   reward=-8.013299999999997  success=0/1 (0.00%)  steps=mean:333.0 range:[333,333]
  training  completed=1318/2500  queue=0/256 (0%)  replay=200000/200000  updates=64  loss=0.01304  policy_version=842
  throughput env_steps_s=262.3  transitions_s=262.3  transitions_step=1.0  updates_s=65.1  updates_throttled=0
episode=1319
  mode      collector=async  worker=2  epsilon=0.008
  outcome   reward=-9.003099999999998  success=0/1 (0.00%)  steps=mean:231.0 range:[231,231]
  training  completed=1319/2500  queue=0/256 (0%)  replay=200000/200000  updates=159  loss=0.02543  policy_version=844
  throughput env_steps_s=246.7  transitions_s=246.7  transitions_step=1.0  updates_s=61.7  updates_throttled=0
episode=1320
  mode      collector=async  worker=1  epsilon=0.008
  outcome   reward=-9.003699999999998  success=0/1 (0.00%)  steps=mean:237.0 range:[237,237]
  training  completed=1320/2500  queue=3/256 (1%)  replay=200000/200000  updates=16  loss=0.03610  policy_version=844
  throughput env_steps_s=265.4  transitions_s=265.4  transitions_step=1.0  updates_s=65.3  updates_throttled=0
Frozen evaluation episode=1300: success=0/20 (0.00%) reward_mean=-8.0140 steps_mean=340.5
episode=1321
  mode      collector=async  worker=0  epsilon=0.008
  outcome   reward=-7.036400000000011  success=0/1 (0.00%)  steps=mean:564.0 range:[564,564]
  training  completed=1321/2500  queue=2/256 (1%)  replay=200000/200000  updates=387  loss=0.01572  policy_version=848
  throughput env_steps_s=298.2  transitions_s=298.2  transitions_step=1.0  updates_s=74.7  updates_throttled=0
episode=1322
  mode      collector=async  worker=2  epsilon=0.008
  outcome   reward=-5.034600000000007  success=0/1 (0.00%)  steps=mean:546.0 range:[546,546]
  training  completed=1322/2500  queue=0/256 (0%)  replay=200000/200000  updates=139  loss=0.02059  policy_version=849
  throughput env_steps_s=305.7  transitions_s=305.7  transitions_step=1.0  updates_s=76.0  updates_throttled=0
episode=1318
  mode      collector=async  worker=3  epsilon=0.008
  outcome   reward=-4.065800000000005  success=0/1 (0.00%)  steps=mean:858.0 range:[858,858]
  training  completed=1323/2500  queue=1/256 (0%)  replay=200000/200000  updates=77  loss=0.01040  policy_version=850
  throughput env_steps_s=272.6  transitions_s=272.6  transitions_step=1.0  updates_s=68.8  updates_throttled=0
episode=1323
  mode      collector=async  worker=1  epsilon=0.008
  outcome   reward=-6.042700000000048  success=0/1 (0.00%)  steps=mean:627.0 range:[627,627]
  training  completed=1324/2500  queue=0/256 (0%)  replay=200000/200000  updates=27  loss=0.03600  policy_version=850
  throughput env_steps_s=330.2  transitions_s=330.2  transitions_step=1.0  updates_s=80.3  updates_throttled=0
episode=1325
  mode      collector=async  worker=2  epsilon=0.008
  outcome   reward=-7.015000000000013  success=0/1 (0.00%)  steps=mean:350.0 range:[350,350]
  training  completed=1325/2500  queue=0/256 (0%)  replay=200000/200000  updates=251  loss=0.01517  policy_version=853
  throughput env_steps_s=322.1  transitions_s=322.1  transitions_step=1.0  updates_s=80.5  updates_throttled=0
Saved checkpoint: checkpoints/breakout_27bricks_v2/ckpt-1325
Scheduled replay buffer save: checkpoints/breakout_27bricks_v2/replay-1325.npz transitions=200000
Saved replay buffer: checkpoints/breakout_27bricks_v2/replay-1325.npz transitions=200000
episode=1326
  mode      collector=async  worker=3  epsilon=0.008
  outcome   reward=-9.016499999999997  success=0/1 (0.00%)  steps=mean:365.0 range:[365,365]
  training  completed=1326/2500  queue=1/256 (0%)  replay=200000/200000  updates=80  loss=0.02025  policy_version=854
  throughput env_steps_s=309.6  transitions_s=309.6  transitions_step=1.0  updates_s=78.1  updates_throttled=0
episode=1327
  mode      collector=async  worker=1  epsilon=0.008
  outcome   reward=-8.020799999999998  success=0/1 (0.00%)  steps=mean:408.0 range:[408,408]
  training  completed=1327/2500  queue=0/256 (0%)  replay=200000/200000  updates=75  loss=0.02587  policy_version=854
  throughput env_steps_s=325.4  transitions_s=325.4  transitions_step=1.0  updates_s=81.1  updates_throttled=0
episode=1329
  mode      collector=async  worker=3  epsilon=0.008
  outcome   reward=-8.9994  success=0/1 (0.00%)  steps=mean:194.0 range:[194,194]
  training  completed=1328/2500  queue=1/256 (0%)  replay=200000/200000  updates=117  loss=0.04103  policy_version=856
  throughput env_steps_s=318.3  transitions_s=318.3  transitions_step=1.0  updates_s=79.6  updates_throttled=0
episode=1324
  mode      collector=async  worker=0  epsilon=0.007
  outcome   reward=-4.059000000000029  success=0/1 (0.00%)  steps=mean:790.0 range:[790,790]
  training  completed=1329/2500  queue=0/256 (0%)  replay=200000/200000  updates=39  loss=0.01055  policy_version=856
  throughput env_steps_s=256.9  transitions_s=256.9  transitions_step=1.0  updates_s=63.8  updates_throttled=0
episode=1328
  mode      collector=async  worker=2  epsilon=0.007
  outcome   reward=-8.012399999999998  success=0/1 (0.00%)  steps=mean:324.0 range:[324,324]
  training  completed=1330/2500  queue=0/256 (0%)  replay=200000/200000  updates=11  loss=0.00866  policy_version=856
  throughput env_steps_s=234.5  transitions_s=234.5  transitions_step=1.0  updates_s=60.0  updates_throttled=0
episode=1330
  mode      collector=async  worker=1  epsilon=0.007
  outcome   reward=-9.000599999999999  success=0/1 (0.00%)  steps=mean:206.0 range:[206,206]
  training  completed=1331/2500  queue=0/256 (0%)  replay=200000/200000  updates=36  loss=0.01291  policy_version=856
  throughput env_steps_s=305.6  transitions_s=305.6  transitions_step=1.0  updates_s=75.9  updates_throttled=0
episode=1332
  mode      collector=async  worker=0  epsilon=0.007
  outcome   reward=-9.002099999999999  success=0/1 (0.00%)  steps=mean:221.0 range:[221,221]
  training  completed=1332/2500  queue=2/256 (1%)  replay=200000/200000  updates=171  loss=0.02897  policy_version=858
  throughput env_steps_s=326.2  transitions_s=326.2  transitions_step=1.0  updates_s=81.7  updates_throttled=0
episode=1333
  mode      collector=async  worker=2  epsilon=0.007
  outcome   reward=-6.041600000000057  success=0/1 (0.00%)  steps=mean:616.0 range:[616,616]
  training  completed=1333/2500  queue=0/256 (0%)  replay=200000/200000  updates=412  loss=0.01265  policy_version=862
  throughput env_steps_s=326.2  transitions_s=326.2  transitions_step=1.0  updates_s=81.6  updates_throttled=0
episode=1335
  mode      collector=async  worker=0  epsilon=0.007
  outcome   reward=-7.021300000000012  success=0/1 (0.00%)  steps=mean:413.0 range:[413,413]
  training  completed=1334/2500  queue=0/256 (0%)  replay=200000/200000  updates=3  loss=0.01725  policy_version=862
  throughput env_steps_s=396.7  transitions_s=396.7  transitions_step=1.0  updates_s=79.3  updates_throttled=0
episode=1337
  mode      collector=async  worker=0  epsilon=0.007
  outcome   reward=-9.003799999999998  success=0/1 (0.00%)  steps=mean:238.0 range:[238,238]
  training  completed=1335/2500  queue=1/256 (0%)  replay=200000/200000  updates=238  loss=0.01683  policy_version=865
  throughput env_steps_s=292.2  transitions_s=292.2  transitions_step=1.0  updates_s=73.3  updates_throttled=0
episode=1331
  mode      collector=async  worker=3  epsilon=0.007
  outcome   reward=-3.0772999999999513  success=0/1 (0.00%)  steps=mean:973.0 range:[973,973]
  training  completed=1336/2500  queue=0/256 (0%)  replay=200000/200000  updates=56  loss=0.01977  policy_version=865
  throughput env_steps_s=331.6  transitions_s=331.6  transitions_step=1.0  updates_s=81.8  updates_throttled=0
episode=1336
  mode      collector=async  worker=2  epsilon=0.007
  outcome   reward=-6.032400000000035  success=0/1 (0.00%)  steps=mean:524.0 range:[524,524]
  training  completed=1337/2500  queue=0/256 (0%)  replay=200000/200000  updates=232  loss=0.02993  policy_version=867
  throughput env_steps_s=325.6  transitions_s=325.6  transitions_step=1.0  updates_s=81.6  updates_throttled=0
episode=1339
  mode      collector=async  worker=3  epsilon=0.007
  outcome   reward=-6.028300000000057  success=0/1 (0.00%)  steps=mean:483.0 range:[483,483]
  training  completed=1338/2500  queue=0/256 (0%)  replay=200000/200000  updates=248  loss=0.01648  policy_version=870
  throughput env_steps_s=296.8  transitions_s=296.8  transitions_step=1.0  updates_s=74.3  updates_throttled=0
episode=1334
  mode      collector=async  worker=1  epsilon=0.007
  outcome   reward=0.8750000000001243  success=0/1 (0.00%)  steps=mean:1450.0 range:[1450,1450]
  training  completed=1339/2500  queue=1/256 (0%)  replay=200000/200000  updates=91  loss=0.02563  policy_version=871
  throughput env_steps_s=322.1  transitions_s=322.1  transitions_step=1.0  updates_s=80.5  updates_throttled=0
episode=1340
  mode      collector=async  worker=2  epsilon=0.007
  outcome   reward=-8.014599999999998  success=0/1 (0.00%)  steps=mean:346.0 range:[346,346]
  training  completed=1340/2500  queue=4/256 (2%)  replay=200000/200000  updates=7  loss=0.01115  policy_version=871
  throughput env_steps_s=254.7  transitions_s=254.7  transitions_step=1.0  updates_s=63.7  updates_throttled=0
episode=1338
  mode      collector=async  worker=0  epsilon=0.007
  outcome   reward=-6.050400000000053  success=0/1 (0.00%)  steps=mean:704.0 range:[704,704]
  training  completed=1341/2500  queue=0/256 (0%)  replay=200000/200000  updates=71  loss=0.01331  policy_version=872
  throughput env_steps_s=325.3  transitions_s=325.3  transitions_step=1.0  updates_s=81.0  updates_throttled=0
episode=1341
  mode      collector=async  worker=3  epsilon=0.007
  outcome   reward=-8.018599999999998  success=0/1 (0.00%)  steps=mean:386.0 range:[386,386]
  training  completed=1342/2500  queue=0/256 (0%)  replay=200000/200000  updates=217  loss=0.02858  policy_version=874
  throughput env_steps_s=322.3  transitions_s=322.3  transitions_step=1.0  updates_s=80.5  updates_throttled=0
episode=1342
  mode      collector=async  worker=1  epsilon=0.007
  outcome   reward=-7.025600000000012  success=0/1 (0.00%)  steps=mean:456.0 range:[456,456]
  training  completed=1343/2500  queue=0/256 (0%)  replay=200000/200000  updates=159  loss=0.01270  policy_version=875
  throughput env_steps_s=325.5  transitions_s=325.5  transitions_step=1.0  updates_s=81.5  updates_throttled=0
episode=1344
  mode      collector=async  worker=0  epsilon=0.007
  outcome   reward=-5.028900000000026  success=0/1 (0.00%)  steps=mean:489.0 range:[489,489]
  training  completed=1344/2500  queue=2/256 (1%)  replay=200000/200000  updates=120  loss=0.01830  policy_version=877
  throughput env_steps_s=277.6  transitions_s=277.6  transitions_step=1.0  updates_s=69.5  updates_throttled=0
episode=1343
  mode      collector=async  worker=2  epsilon=0.007
  outcome   reward=-2.0498999999999787  success=0/1 (0.00%)  steps=mean:699.0 range:[699,699]
  training  completed=1345/2500  queue=0/256 (0%)  replay=200000/200000  updates=123  loss=0.02508  policy_version=878
  throughput env_steps_s=321.5  transitions_s=321.5  transitions_step=1.0  updates_s=80.0  updates_throttled=0
episode=1347
  mode      collector=async  worker=0  epsilon=0.007
  outcome   reward=-9.000599999999999  success=0/1 (0.00%)  steps=mean:206.0 range:[206,206]
  training  completed=1346/2500  queue=1/256 (0%)  replay=200000/200000  updates=89  loss=0.03372  policy_version=879
  throughput env_steps_s=321.1  transitions_s=321.1  transitions_step=1.0  updates_s=80.7  updates_throttled=0
episode=1349
  mode      collector=async  worker=0  epsilon=0.007
  outcome   reward=-7.998500000000015  success=0/1 (0.00%)  steps=mean:185.0 range:[185,185]
  training  completed=1347/2500  queue=0/256 (0%)  replay=200000/200000  updates=186  loss=0.01434  policy_version=881
  throughput env_steps_s=317.7  transitions_s=317.7  transitions_step=1.0  updates_s=79.2  updates_throttled=0
episode=1346
  mode      collector=async  worker=1  epsilon=0.007
  outcome   reward=-7.034600000000016  success=0/1 (0.00%)  steps=mean:546.0 range:[546,546]
  training  completed=1348/2500  queue=1/256 (0%)  replay=200000/200000  updates=24  loss=0.01899  policy_version=881
  throughput env_steps_s=324.4  transitions_s=324.4  transitions_step=1.0  updates_s=82.8  updates_throttled=0
episode=1348
  mode      collector=async  worker=2  epsilon=0.007
  outcome   reward=-7.017700000000026  success=0/1 (0.00%)  steps=mean:377.0 range:[377,377]
  training  completed=1349/2500  queue=0/256 (0%)  replay=200000/200000  updates=75  loss=0.01585  policy_version=882
  throughput env_steps_s=326.9  transitions_s=326.9  transitions_step=1.0  updates_s=81.2  updates_throttled=0
episode=1345
  mode      collector=async  worker=3  epsilon=0.007
  outcome   reward=-5.0779000000000805  success=0/1 (0.00%)  steps=mean:979.0 range:[979,979]
  training  completed=1350/2500  queue=0/256 (0%)  replay=200000/200000  updates=213  loss=0.01584  policy_version=884
  throughput env_steps_s=332.3  transitions_s=332.3  transitions_step=1.0  updates_s=83.0  updates_throttled=0
Saved checkpoint: checkpoints/breakout_27bricks_v2/ckpt-1350
Scheduled replay buffer save: checkpoints/breakout_27bricks_v2/replay-1350.npz transitions=200000
Saved replay buffer: checkpoints/breakout_27bricks_v2/replay-1350.npz transitions=200000
episode=1352
  mode      collector=async  worker=2  epsilon=0.007
  outcome   reward=-6.030600000000048  success=0/1 (0.00%)  steps=mean:506.0 range:[506,506]
  training  completed=1351/2500  queue=0/256 (0%)  replay=200000/200000  updates=290  loss=0.02698  policy_version=887
  throughput env_steps_s=323.3  transitions_s=323.3  transitions_step=1.0  updates_s=80.9  updates_throttled=0
episode=1351
  mode      collector=async  worker=1  epsilon=0.007
  outcome   reward=-6.039600000000043  success=0/1 (0.00%)  steps=mean:596.0 range:[596,596]
  training  completed=1352/2500  queue=0/256 (0%)  replay=200000/200000  updates=22  loss=0.02017  policy_version=887
  throughput env_steps_s=334.1  transitions_s=334.1  transitions_step=1.0  updates_s=82.6  updates_throttled=0
episode=1350
  mode      collector=async  worker=0  epsilon=0.007
  outcome   reward=-6.043500000000041  success=0/1 (0.00%)  steps=mean:635.0 range:[635,635]
  training  completed=1353/2500  queue=0/256 (0%)  replay=200000/200000  updates=0  loss=0.00000  policy_version=887
  throughput env_steps_s=334.1  transitions_s=334.1  transitions_step=1.0  updates_s=82.6  updates_throttled=0
episode=1356
  mode      collector=async  worker=0  epsilon=0.007
  outcome   reward=-9.001499999999998  success=0/1 (0.00%)  steps=mean:215.0 range:[215,215]
  training  completed=1354/2500  queue=0/256 (0%)  replay=200000/200000  updates=210  loss=0.02018  policy_version=889
  throughput env_steps_s=320.3  transitions_s=320.3  transitions_step=1.0  updates_s=80.3  updates_throttled=0
episode=1353
  mode      collector=async  worker=3  epsilon=0.007
  outcome   reward=-7.032000000000016  success=0/1 (0.00%)  steps=mean:520.0 range:[520,520]
  training  completed=1355/2500  queue=1/256 (0%)  replay=200000/200000  updates=9  loss=0.00920  policy_version=889
  throughput env_steps_s=334.0  transitions_s=334.0  transitions_step=1.0  updates_s=85.9  updates_throttled=0
episode=1355
  mode      collector=async  worker=1  epsilon=0.007
  outcome   reward=-8.019399999999997  success=0/1 (0.00%)  steps=mean:394.0 range:[394,394]
  training  completed=1356/2500  queue=0/256 (0%)  replay=200000/200000  updates=177  loss=0.02172  policy_version=891
  throughput env_steps_s=310.9  transitions_s=310.9  transitions_step=1.0  updates_s=77.4  updates_throttled=0
episode=1357
  mode      collector=async  worker=0  epsilon=0.007
  outcome   reward=-8.013599999999997  success=0/1 (0.00%)  steps=mean:336.0 range:[336,336]
  training  completed=1357/2500  queue=0/256 (0%)  replay=200000/200000  updates=144  loss=0.02040  policy_version=892
  throughput env_steps_s=320.1  transitions_s=320.1  transitions_step=1.0  updates_s=80.0  updates_throttled=0
episode=1354
  mode      collector=async  worker=2  epsilon=0.007
  outcome   reward=-6.0422000000000455  success=0/1 (0.00%)  steps=mean:622.0 range:[622,622]
  training  completed=1358/2500  queue=0/256 (0%)  replay=200000/200000  updates=59  loss=0.01217  policy_version=893
  throughput env_steps_s=316.8  transitions_s=316.8  transitions_step=1.0  updates_s=79.5  updates_throttled=0
episode=1359
  mode      collector=async  worker=1  epsilon=0.007
  outcome   reward=-9.001199999999999  success=0/1 (0.00%)  steps=mean:212.0 range:[212,212]
  training  completed=1359/2500  queue=0/256 (0%)  replay=200000/200000  updates=14  loss=0.01019  policy_version=893
  throughput env_steps_s=324.4  transitions_s=324.4  transitions_step=1.0  updates_s=79.7  updates_throttled=0
episode=1361
  mode      collector=async  worker=2  epsilon=0.007
  outcome   reward=-9.0041  success=0/1 (0.00%)  steps=mean:241.0 range:[241,241]
  training  completed=1360/2500  queue=3/256 (1%)  replay=200000/200000  updates=227  loss=0.01414  policy_version=895
  throughput env_steps_s=315.1  transitions_s=315.1  transitions_step=1.0  updates_s=78.8  updates_throttled=0
episode=1362
  mode      collector=async  worker=1  epsilon=0.007
  outcome   reward=-9.002799999999999  success=0/1 (0.00%)  steps=mean:228.0 range:[228,228]
  training  completed=1361/2500  queue=0/256 (0%)  replay=200000/200000  updates=9  loss=0.00886  policy_version=895
  throughput env_steps_s=340.9  transitions_s=340.9  transitions_step=1.0  updates_s=87.6  updates_throttled=0
episode=1360
  mode      collector=async  worker=0  epsilon=0.007
  outcome   reward=-8.013499999999997  success=0/1 (0.00%)  steps=mean:335.0 range:[335,335]
  training  completed=1362/2500  queue=0/256 (0%)  replay=200000/200000  updates=23  loss=0.01067  policy_version=896
  throughput env_steps_s=312.0  transitions_s=312.0  transitions_step=1.0  updates_s=78.0  updates_throttled=0
episode=1363
  mode      collector=async  worker=2  epsilon=0.007
  outcome   reward=-9.002999999999998  success=0/1 (0.00%)  steps=mean:230.0 range:[230,230]
  training  completed=1363/2500  queue=1/256 (0%)  replay=200000/200000  updates=198  loss=0.02619  policy_version=898
  throughput env_steps_s=319.0  transitions_s=319.0  transitions_step=1.0  updates_s=79.8  updates_throttled=0
episode=1364
  mode      collector=async  worker=1  epsilon=0.007
  outcome   reward=-7.013900000000038  success=0/1 (0.00%)  steps=mean:339.0 range:[339,339]
  training  completed=1364/2500  queue=0/256 (0%)  replay=200000/200000  updates=113  loss=0.02242  policy_version=899
  throughput env_steps_s=316.8  transitions_s=316.8  transitions_step=1.0  updates_s=79.0  updates_throttled=0
episode=1367
  mode      collector=async  worker=1  epsilon=0.007
  outcome   reward=-7.999300000000014  success=0/1 (0.00%)  steps=mean:193.0 range:[193,193]
  training  completed=1365/2500  queue=0/256 (0%)  replay=200000/200000  updates=193  loss=0.03655  policy_version=901
  throughput env_steps_s=320.9  transitions_s=320.9  transitions_step=1.0  updates_s=80.2  updates_throttled=0
episode=1368
  mode      collector=async  worker=1  epsilon=0.007
  outcome   reward=-7.0323000000000135  success=0/1 (0.00%)  steps=mean:523.0 range:[523,523]
  training  completed=1366/2500  queue=0/256 (0%)  replay=200000/200000  updates=526  loss=0.02518  policy_version=906
  throughput env_steps_s=320.5  transitions_s=320.5  transitions_step=1.0  updates_s=80.1  updates_throttled=0
episode=1366
  mode      collector=async  worker=2  epsilon=0.006
  outcome   reward=-1.0983999999998737  success=0/1 (0.00%)  steps=mean:1184.0 range:[1184,1184]
  training  completed=1367/2500  queue=2/256 (1%)  replay=200000/200000  updates=337  loss=0.01779  policy_version=909
  throughput env_steps_s=320.1  transitions_s=320.1  transitions_step=1.0  updates_s=80.1  updates_throttled=0
episode=1369
  mode      collector=async  worker=1  epsilon=0.006
  outcome   reward=-8.016899999999998  success=0/1 (0.00%)  steps=mean:369.0 range:[369,369]
  training  completed=1368/2500  queue=0/256 (0%)  replay=200000/200000  updates=32  loss=0.01978  policy_version=910
  throughput env_steps_s=322.1  transitions_s=322.1  transitions_step=1.0  updates_s=78.7  updates_throttled=0
episode=1365
  mode      collector=async  worker=0  epsilon=0.006
  outcome   reward=4.846800000000302  success=0/1 (0.00%)  steps=mean:1732.0 range:[1732,1732]
  training  completed=1369/2500  queue=0/256 (0%)  replay=200000/200000  updates=339  loss=0.02985  policy_version=913
  throughput env_steps_s=322.8  transitions_s=322.8  transitions_step=1.0  updates_s=80.8  updates_throttled=0
episode=1358
  mode      collector=async  worker=3  epsilon=0.006
  outcome   reward=11.770000000000312  success=0/1 (0.00%)  steps=mean:2500.0 range:[2500,2500]
  training  completed=1370/2500  queue=0/256 (0%)  replay=200000/200000  updates=112  loss=0.01600  policy_version=914
  throughput env_steps_s=314.5  transitions_s=314.5  transitions_step=1.0  updates_s=79.0  updates_throttled=0
episode=1372
  mode      collector=async  worker=0  epsilon=0.006
  outcome   reward=-9.003799999999998  success=0/1 (0.00%)  steps=mean:238.0 range:[238,238]
  training  completed=1371/2500  queue=1/256 (0%)  replay=200000/200000  updates=126  loss=0.01529  policy_version=915
  throughput env_steps_s=314.5  transitions_s=314.5  transitions_step=1.0  updates_s=78.6  updates_throttled=0
episode=1371
  mode      collector=async  worker=1  epsilon=0.006
  outcome   reward=-6.04230000000004  success=0/1 (0.00%)  steps=mean:623.0 range:[623,623]
  training  completed=1372/2500  queue=0/256 (0%)  replay=200000/200000  updates=54  loss=0.02164  policy_version=916
  throughput env_steps_s=330.1  transitions_s=330.1  transitions_step=1.0  updates_s=82.1  updates_throttled=0
episode=1374
  mode      collector=async  worker=0  epsilon=0.006
  outcome   reward=-10.0063  success=0/1 (0.00%)  steps=mean:63.0 range:[63,63]
  training  completed=1373/2500  queue=0/256 (0%)  replay=200000/200000  updates=10  loss=0.01442  policy_version=916
  throughput env_steps_s=307.0  transitions_s=307.0  transitions_step=1.0  updates_s=74.9  updates_throttled=0
episode=1373
  mode      collector=async  worker=3  epsilon=0.006
  outcome   reward=-9.0019  success=0/1 (0.00%)  steps=mean:219.0 range:[219,219]
  training  completed=1374/2500  queue=0/256 (0%)  replay=200000/200000  updates=28  loss=0.02676  policy_version=916
  throughput env_steps_s=338.0  transitions_s=338.0  transitions_step=1.0  updates_s=83.8  updates_throttled=0
episode=1376
  mode      collector=async  worker=0  epsilon=0.006
  outcome   reward=-8.000600000000013  success=0/1 (0.00%)  steps=mean:206.0 range:[206,206]
  training  completed=1375/2500  queue=0/256 (0%)  replay=200000/200000  updates=178  loss=0.02226  policy_version=918
  throughput env_steps_s=323.0  transitions_s=323.0  transitions_step=1.0  updates_s=80.8  updates_throttled=0
Saved checkpoint: checkpoints/breakout_27bricks_v2/ckpt-1375
Scheduled replay buffer save: checkpoints/breakout_27bricks_v2/replay-1375.npz transitions=200000
Saved replay buffer: checkpoints/breakout_27bricks_v2/replay-1375.npz transitions=200000
episode=1375
  mode      collector=async  worker=1  epsilon=0.006
  outcome   reward=-9.004599999999998  success=0/1 (0.00%)  steps=mean:246.0 range:[246,246]
  training  completed=1376/2500  queue=0/256 (0%)  replay=200000/200000  updates=32  loss=0.01270  policy_version=918
  throughput env_steps_s=282.1  transitions_s=282.1  transitions_step=1.0  updates_s=70.5  updates_throttled=0
episode=1370
  mode      collector=async  worker=2  epsilon=0.006
  outcome   reward=-2.081899999999912  success=0/1 (0.00%)  steps=mean:1019.0 range:[1019,1019]
  training  completed=1377/2500  queue=0/256 (0%)  replay=200000/200000  updates=103  loss=0.02281  policy_version=919
  throughput env_steps_s=317.2  transitions_s=317.2  transitions_step=1.0  updates_s=79.3  updates_throttled=0
episode=1377
  mode      collector=async  worker=3  epsilon=0.006
  outcome   reward=-6.032100000000057  success=0/1 (0.00%)  steps=mean:521.0 range:[521,521]
  training  completed=1378/2500  queue=0/256 (0%)  replay=200000/200000  updates=205  loss=0.02460  policy_version=921
  throughput env_steps_s=326.4  transitions_s=326.4  transitions_step=1.0  updates_s=81.9  updates_throttled=0
episode=1381
  mode      collector=async  worker=3  epsilon=0.006
  outcome   reward=-9.0033  success=0/1 (0.00%)  steps=mean:233.0 range:[233,233]
  training  completed=1379/2500  queue=0/256 (0%)  replay=200000/200000  updates=236  loss=0.03291  policy_version=924
  throughput env_steps_s=326.5  transitions_s=326.5  transitions_step=1.0  updates_s=81.5  updates_throttled=0
episode=1379
  mode      collector=async  worker=1  epsilon=0.006
  outcome   reward=-4.040199999999951  success=0/1 (0.00%)  steps=mean:602.0 range:[602,602]
  training  completed=1380/2500  queue=3/256 (1%)  replay=200000/200000  updates=60  loss=0.03279  policy_version=924
  throughput env_steps_s=323.1  transitions_s=323.1  transitions_step=1.0  updates_s=81.5  updates_throttled=0
episode=1380
  mode      collector=async  worker=2  epsilon=0.006
  outcome   reward=-4.039000000000051  success=0/1 (0.00%)  steps=mean:590.0 range:[590,590]
  training  completed=1381/2500  queue=0/256 (0%)  replay=200000/200000  updates=80  loss=0.01082  policy_version=925
  throughput env_steps_s=320.2  transitions_s=320.2  transitions_step=1.0  updates_s=79.3  updates_throttled=0
episode=1383
  mode      collector=async  worker=1  epsilon=0.006
  outcome   reward=-8.999299999999998  success=0/1 (0.00%)  steps=mean:193.0 range:[193,193]
  training  completed=1382/2500  queue=0/256 (0%)  replay=200000/200000  updates=117  loss=0.01058  policy_version=926
  throughput env_steps_s=277.1  transitions_s=277.1  transitions_step=1.0  updates_s=69.4  updates_throttled=0
episode=1385
  mode      collector=async  worker=1  epsilon=0.006
  outcome   reward=-9.004699999999998  success=0/1 (0.00%)  steps=mean:247.0 range:[247,247]
  training  completed=1383/2500  queue=0/256 (0%)  replay=200000/200000  updates=244  loss=0.01277  policy_version=929
  throughput env_steps_s=321.3  transitions_s=321.3  transitions_step=1.0  updates_s=80.3  updates_throttled=0
episode=1384
  mode      collector=async  worker=2  epsilon=0.006
  outcome   reward=-8.021099999999997  success=0/1 (0.00%)  steps=mean:411.0 range:[411,411]
  training  completed=1384/2500  queue=0/256 (0%)  replay=200000/200000  updates=48  loss=0.01064  policy_version=929
  throughput env_steps_s=318.6  transitions_s=318.6  transitions_step=1.0  updates_s=79.2  updates_throttled=0
episode=1382
  mode      collector=async  worker=3  epsilon=0.006
  outcome   reward=-8.041399999999994  success=0/1 (0.00%)  steps=mean:614.0 range:[614,614]
  training  completed=1385/2500  queue=1/256 (0%)  replay=200000/200000  updates=66  loss=0.01835  policy_version=930
  throughput env_steps_s=275.8  transitions_s=275.8  transitions_step=1.0  updates_s=69.7  updates_throttled=0
episode=1378
  mode      collector=async  worker=0  epsilon=0.006
  outcome   reward=-1.1048999999998834  success=0/1 (0.00%)  steps=mean:1249.0 range:[1249,1249]
  training  completed=1386/2500  queue=0/256 (0%)  replay=200000/200000  updates=60  loss=0.01047  policy_version=931
  throughput env_steps_s=295.3  transitions_s=295.3  transitions_step=1.0  updates_s=73.2  updates_throttled=0
episode=1386
  mode      collector=async  worker=1  epsilon=0.006
  outcome   reward=-9.004199999999999  success=0/1 (0.00%)  steps=mean:242.0 range:[242,242]
  training  completed=1387/2500  queue=0/256 (0%)  replay=200000/200000  updates=63  loss=0.01325  policy_version=931
  throughput env_steps_s=318.3  transitions_s=318.3  transitions_step=1.0  updates_s=79.3  updates_throttled=0
episode=1388
  mode      collector=async  worker=3  epsilon=0.006
  outcome   reward=-7.999700000000015  success=0/1 (0.00%)  steps=mean:197.0 range:[197,197]
  training  completed=1388/2500  queue=0/256 (0%)  replay=200000/200000  updates=74  loss=0.01049  policy_version=932
  throughput env_steps_s=327.9  transitions_s=327.9  transitions_step=1.0  updates_s=82.0  updates_throttled=0
episode=1389
  mode      collector=async  worker=0  epsilon=0.006
  outcome   reward=-9.000499999999999  success=0/1 (0.00%)  steps=mean:205.0 range:[205,205]
  training  completed=1389/2500  queue=0/256 (0%)  replay=200000/200000  updates=68  loss=0.01191  policy_version=933
  throughput env_steps_s=322.5  transitions_s=322.5  transitions_step=1.0  updates_s=81.5  updates_throttled=0
episode=1392
  mode      collector=async  worker=0  epsilon=0.006
  outcome   reward=-9.001599999999998  success=0/1 (0.00%)  steps=mean:216.0 range:[216,216]
  training  completed=1390/2500  queue=0/256 (0%)  replay=200000/200000  updates=213  loss=0.01316  policy_version=935
  throughput env_steps_s=294.5  transitions_s=294.5  transitions_step=1.0  updates_s=73.4  updates_throttled=0
episode=1393
  mode      collector=async  worker=0  epsilon=0.006
  outcome   reward=-9.003599999999999  success=0/1 (0.00%)  steps=mean:236.0 range:[236,236]
  training  completed=1391/2500  queue=0/256 (0%)  replay=200000/200000  updates=239  loss=0.01563  policy_version=937
  throughput env_steps_s=321.4  transitions_s=321.4  transitions_step=1.0  updates_s=80.4  updates_throttled=0
episode=1387
  mode      collector=async  worker=2  epsilon=0.006
  outcome   reward=-4.0768999999999815  success=0/1 (0.00%)  steps=mean:969.0 range:[969,969]
  training  completed=1392/2500  queue=0/256 (0%)  replay=200000/200000  updates=179  loss=0.01668  policy_version=939
  throughput env_steps_s=321.1  transitions_s=321.1  transitions_step=1.0  updates_s=80.2  updates_throttled=0
episode=1394
  mode      collector=async  worker=0  epsilon=0.006
  outcome   reward=-9.002799999999999  success=0/1 (0.00%)  steps=mean:228.0 range:[228,228]
  training  completed=1393/2500  queue=0/256 (0%)  replay=200000/200000  updates=50  loss=0.01745  policy_version=939
  throughput env_steps_s=335.2  transitions_s=335.2  transitions_step=1.0  updates_s=84.2  updates_throttled=0
episode=1391
  mode      collector=async  worker=3  epsilon=0.006
  outcome   reward=-2.0882999999999408  success=0/1 (0.00%)  steps=mean:1083.0 range:[1083,1083]
  training  completed=1394/2500  queue=0/256 (0%)  replay=200000/200000  updates=325  loss=0.01564  policy_version=943
  throughput env_steps_s=304.6  transitions_s=304.6  transitions_step=1.0  updates_s=76.1  updates_throttled=0
episode=1390
  mode      collector=async  worker=1  epsilon=0.006
  outcome   reward=2.8747000000001695  success=0/1 (0.00%)  steps=mean:1453.0 range:[1453,1453]
  training  completed=1395/2500  queue=0/256 (0%)  replay=200000/200000  updates=319  loss=0.01649  policy_version=946
  throughput env_steps_s=319.1  transitions_s=319.1  transitions_step=1.0  updates_s=79.8  updates_throttled=0
episode=1396
  mode      collector=async  worker=0  epsilon=0.006
  outcome   reward=-4.045500000000009  success=0/1 (0.00%)  steps=mean:655.0 range:[655,655]
  training  completed=1396/2500  queue=0/256 (0%)  replay=200000/200000  updates=12  loss=0.01069  policy_version=946
  throughput env_steps_s=353.0  transitions_s=353.0  transitions_step=1.0  updates_s=88.3  updates_throttled=0
episode=1395
  mode      collector=async  worker=2  epsilon=0.006
  outcome   reward=-3.073700000000006  success=0/1 (0.00%)  steps=mean:937.0 range:[937,937]
  training  completed=1397/2500  queue=0/256 (0%)  replay=200000/200000  updates=234  loss=0.01511  policy_version=948
  throughput env_steps_s=324.0  transitions_s=324.0  transitions_step=1.0  updates_s=81.0  updates_throttled=0
episode=1400
  mode      collector=async  worker=2  epsilon=0.006
  outcome   reward=-8.990799999999998  success=0/1 (0.00%)  steps=mean:108.0 range:[108,108]
  training  completed=1398/2500  queue=1/256 (0%)  replay=200000/200000  updates=113  loss=0.01602  policy_version=949
  throughput env_steps_s=319.9  transitions_s=319.9  transitions_step=1.0  updates_s=80.3  updates_throttled=0
episode=1398
  mode      collector=async  worker=1  epsilon=0.006
  outcome   reward=-8.024499999999996  success=0/1 (0.00%)  steps=mean:445.0 range:[445,445]
  training  completed=1399/2500  queue=0/256 (0%)  replay=200000/200000  updates=86  loss=0.02432  policy_version=950
  throughput env_steps_s=323.2  transitions_s=323.2  transitions_step=1.0  updates_s=81.0  updates_throttled=0
episode=1399
  mode      collector=async  worker=0  epsilon=0.006
  outcome   reward=-6.029200000000042  success=0/1 (0.00%)  steps=mean:492.0 range:[492,492]
  training  completed=1400/2500  queue=3/256 (1%)  replay=200000/200000  updates=65  loss=0.01485  policy_version=951
  throughput env_steps_s=315.7  transitions_s=315.7  transitions_step=1.0  updates_s=78.6  updates_throttled=0
Saved checkpoint: checkpoints/breakout_27bricks_v2/ckpt-1400
Scheduled replay buffer save: checkpoints/breakout_27bricks_v2/replay-1400.npz transitions=200000
Evaluating frozen checkpoint episode=1400 episodes=20 metric=auto...
Saved replay buffer: checkpoints/breakout_27bricks_v2/replay-1400.npz transitions=200000
episode=1402
  mode      collector=async  worker=1  epsilon=0.006
  outcome   reward=-9.0032  success=0/1 (0.00%)  steps=mean:232.0 range:[232,232]
  training  completed=1401/2500  queue=1/256 (0%)  replay=200000/200000  updates=164  loss=0.02256  policy_version=953
  throughput env_steps_s=243.5  transitions_s=243.5  transitions_step=1.0  updates_s=61.0  updates_throttled=0
episode=1403
  mode      collector=async  worker=0  epsilon=0.006
  outcome   reward=-8.001100000000012  success=0/1 (0.00%)  steps=mean:211.0 range:[211,211]
  training  completed=1402/2500  queue=0/256 (0%)  replay=200000/200000  updates=49  loss=0.02770  policy_version=953
  throughput env_steps_s=273.7  transitions_s=273.7  transitions_step=1.0  updates_s=67.4  updates_throttled=0
episode=1401
  mode      collector=async  worker=2  epsilon=0.006
  outcome   reward=-8.017999999999997  success=0/1 (0.00%)  steps=mean:380.0 range:[380,380]
  training  completed=1403/2500  queue=0/256 (0%)  replay=200000/200000  updates=18  loss=0.01500  policy_version=953
  throughput env_steps_s=280.8  transitions_s=280.8  transitions_step=1.0  updates_s=73.2  updates_throttled=0
episode=1397
  mode      collector=async  worker=3  epsilon=0.006
  outcome   reward=-1.0886999999999016  success=0/1 (0.00%)  steps=mean:1087.0 range:[1087,1087]
  training  completed=1404/2500  queue=2/256 (1%)  replay=200000/200000  updates=18  loss=0.01187  policy_version=953
  throughput env_steps_s=251.5  transitions_s=251.5  transitions_step=1.0  updates_s=62.9  updates_throttled=0
episode=1404
  mode      collector=async  worker=1  epsilon=0.006
  outcome   reward=-9.002899999999999  success=0/1 (0.00%)  steps=mean:229.0 range:[229,229]
  training  completed=1405/2500  queue=0/256 (0%)  replay=200000/200000  updates=148  loss=0.03135  policy_version=955
  throughput env_steps_s=275.5  transitions_s=275.5  transitions_step=1.0  updates_s=68.6  updates_throttled=0
episode=1405
  mode      collector=async  worker=0  epsilon=0.006
  outcome   reward=-9.002999999999998  success=0/1 (0.00%)  steps=mean:230.0 range:[230,230]
  training  completed=1406/2500  queue=0/256 (0%)  replay=200000/200000  updates=46  loss=0.01227  policy_version=955
  throughput env_steps_s=265.8  transitions_s=265.8  transitions_step=1.0  updates_s=66.8  updates_throttled=0
episode=1406
  mode      collector=async  worker=2  epsilon=0.006
  outcome   reward=-9.0032  success=0/1 (0.00%)  steps=mean:232.0 range:[232,232]
  training  completed=1407/2500  queue=0/256 (0%)  replay=200000/200000  updates=20  loss=0.03530  policy_version=956
  throughput env_steps_s=265.3  transitions_s=265.3  transitions_step=1.0  updates_s=65.5  updates_throttled=0
episode=1407
  mode      collector=async  worker=3  epsilon=0.006
  outcome   reward=-9.002899999999999  success=0/1 (0.00%)  steps=mean:229.0 range:[229,229]
  training  completed=1408/2500  queue=0/256 (0%)  replay=200000/200000  updates=12  loss=0.01818  policy_version=956
  throughput env_steps_s=286.0  transitions_s=286.0  transitions_step=1.0  updates_s=74.6  updates_throttled=0
episode=1409
  mode      collector=async  worker=0  epsilon=0.006
  outcome   reward=-9.002999999999998  success=0/1 (0.00%)  steps=mean:230.0 range:[230,230]
  training  completed=1409/2500  queue=0/256 (0%)  replay=200000/200000  updates=201  loss=0.01939  policy_version=958
  throughput env_steps_s=270.6  transitions_s=270.6  transitions_step=1.0  updates_s=67.4  updates_throttled=0
episode=1410
  mode      collector=async  worker=2  epsilon=0.006
  outcome   reward=-8.00550000000001  success=0/1 (0.00%)  steps=mean:255.0 range:[255,255]
  training  completed=1410/2500  queue=2/256 (1%)  replay=200000/200000  updates=44  loss=0.01551  policy_version=958
  throughput env_steps_s=260.0  transitions_s=260.0  transitions_step=1.0  updates_s=66.1  updates_throttled=0
episode=1408
  mode      collector=async  worker=1  epsilon=0.006
  outcome   reward=-9.027099999999995  success=0/1 (0.00%)  steps=mean:471.0 range:[471,471]
  training  completed=1411/2500  queue=1/256 (0%)  replay=200000/200000  updates=141  loss=0.01703  policy_version=960
  throughput env_steps_s=270.3  transitions_s=270.3  transitions_step=1.0  updates_s=67.6  updates_throttled=0
episode=1412
  mode      collector=async  worker=0  epsilon=0.006
  outcome   reward=-8.019099999999996  success=0/1 (0.00%)  steps=mean:391.0 range:[391,391]
  training  completed=1412/2500  queue=1/256 (0%)  replay=200000/200000  updates=205  loss=0.02659  policy_version=962
  throughput env_steps_s=267.2  transitions_s=267.2  transitions_step=1.0  updates_s=66.8  updates_throttled=0
Frozen evaluation episode=1400: success=0/20 (0.00%) reward_mean=-8.6560 steps_mean=249.6
episode=1414
  mode      collector=async  worker=1  epsilon=0.005
  outcome   reward=-5.068899999999999  success=0/1 (0.00%)  steps=mean:889.0 range:[889,889]
  training  completed=1413/2500  queue=0/256 (0%)  replay=200000/200000  updates=684  loss=0.02027  policy_version=968
  throughput env_steps_s=288.1  transitions_s=288.1  transitions_step=1.0  updates_s=71.9  updates_throttled=0
episode=1413
  mode      collector=async  worker=2  epsilon=0.005
  outcome   reward=-3.1040999999999954  success=0/1 (0.00%)  steps=mean:1241.0 range:[1241,1241]
  training  completed=1414/2500  queue=3/256 (1%)  replay=200000/200000  updates=211  loss=0.01857  policy_version=971
  throughput env_steps_s=317.5  transitions_s=317.5  transitions_step=1.0  updates_s=79.7  updates_throttled=0
episode=1416
  mode      collector=async  worker=1  epsilon=0.005
  outcome   reward=-9.002699999999999  success=0/1 (0.00%)  steps=mean:227.0 range:[227,227]
  training  completed=1415/2500  queue=0/256 (0%)  replay=200000/200000  updates=15  loss=0.00915  policy_version=971
  throughput env_steps_s=313.2  transitions_s=313.2  transitions_step=1.0  updates_s=77.0  updates_throttled=0
episode=1411
  mode      collector=async  worker=3  epsilon=0.005
  outcome   reward=-4.132599999999912  success=0/1 (0.00%)  steps=mean:1526.0 range:[1526,1526]
  training  completed=1416/2500  queue=0/256 (0%)  replay=200000/200000  updates=36  loss=0.00782  policy_version=971
  throughput env_steps_s=327.6  transitions_s=327.6  transitions_step=1.0  updates_s=81.9  updates_throttled=0
episode=1418
  mode      collector=async  worker=1  epsilon=0.005
  outcome   reward=-8.019899999999996  success=0/1 (0.00%)  steps=mean:399.0 range:[399,399]
  training  completed=1417/2500  queue=0/256 (0%)  replay=200000/200000  updates=363  loss=0.02048  policy_version=975
  throughput env_steps_s=304.5  transitions_s=304.5  transitions_step=1.0  updates_s=76.0  updates_throttled=0
episode=1420
  mode      collector=async  worker=1  epsilon=0.005
  outcome   reward=-8.9995  success=0/1 (0.00%)  steps=mean:195.0 range:[195,195]
  training  completed=1418/2500  queue=0/256 (0%)  replay=200000/200000  updates=192  loss=0.01390  policy_version=977
  throughput env_steps_s=324.2  transitions_s=324.2  transitions_step=1.0  updates_s=81.0  updates_throttled=0
episode=1417
  mode      collector=async  worker=2  epsilon=0.005
  outcome   reward=-4.042099999999946  success=0/1 (0.00%)  steps=mean:621.0 range:[621,621]
  training  completed=1419/2500  queue=0/256 (0%)  replay=200000/200000  updates=12  loss=0.03473  policy_version=977
  throughput env_steps_s=309.5  transitions_s=309.5  transitions_step=1.0  updates_s=77.4  updates_throttled=0
episode=1421
  mode      collector=async  worker=1  epsilon=0.005
  outcome   reward=-9.0019  success=0/1 (0.00%)  steps=mean:219.0 range:[219,219]
  training  completed=1420/2500  queue=3/256 (1%)  replay=200000/200000  updates=201  loss=0.01910  policy_version=979
  throughput env_steps_s=319.4  transitions_s=319.4  transitions_step=1.0  updates_s=80.1  updates_throttled=0
episode=1415
  mode      collector=async  worker=0  epsilon=0.005
  outcome   reward=0.8391000000002045  success=0/1 (0.00%)  steps=mean:1809.0 range:[1809,1809]
  training  completed=1421/2500  queue=0/256 (0%)  replay=200000/200000  updates=93  loss=0.01993  policy_version=980
  throughput env_steps_s=328.4  transitions_s=328.4  transitions_step=1.0  updates_s=81.7  updates_throttled=0
episode=1424
  mode      collector=async  worker=0  epsilon=0.005
  outcome   reward=-8.019199999999998  success=0/1 (0.00%)  steps=mean:392.0 range:[392,392]
  training  completed=1422/2500  queue=0/256 (0%)  replay=200000/200000  updates=394  loss=0.01979  policy_version=984
  throughput env_steps_s=305.7  transitions_s=305.7  transitions_step=1.0  updates_s=76.5  updates_throttled=0
episode=1423
  mode      collector=async  worker=1  epsilon=0.005
  outcome   reward=-7.030600000000016  success=0/1 (0.00%)  steps=mean:506.0 range:[506,506]
  training  completed=1423/2500  queue=0/256 (0%)  replay=200000/200000  updates=23  loss=0.01024  policy_version=984
  throughput env_steps_s=319.8  transitions_s=319.8  transitions_step=1.0  updates_s=80.0  updates_throttled=0
episode=1426
  mode      collector=async  worker=1  epsilon=0.005
  outcome   reward=-9.0041  success=0/1 (0.00%)  steps=mean:241.0 range:[241,241]
  training  completed=1424/2500  queue=0/256 (0%)  replay=200000/200000  updates=237  loss=0.01769  policy_version=986
  throughput env_steps_s=319.2  transitions_s=319.2  transitions_step=1.0  updates_s=79.6  updates_throttled=0
episode=1419
  mode      collector=async  worker=3  epsilon=0.005
  outcome   reward=3.861100000000242  success=0/1 (0.00%)  steps=mean:1589.0 range:[1589,1589]
  training  completed=1425/2500  queue=0/256 (0%)  replay=200000/200000  updates=68  loss=0.01420  policy_version=987
  throughput env_steps_s=327.7  transitions_s=327.7  transitions_step=1.0  updates_s=81.9  updates_throttled=0
Saved checkpoint: checkpoints/breakout_27bricks_v2/ckpt-1425
Scheduled replay buffer save: checkpoints/breakout_27bricks_v2/replay-1425.npz transitions=200000
Saved replay buffer: checkpoints/breakout_27bricks_v2/replay-1425.npz transitions=200000
episode=1422
  mode      collector=async  worker=2  epsilon=0.005
  outcome   reward=-1.084699999999918  success=0/1 (0.00%)  steps=mean:1047.0 range:[1047,1047]
  training  completed=1426/2500  queue=0/256 (0%)  replay=200000/200000  updates=35  loss=0.01154  policy_version=987
  throughput env_steps_s=287.7  transitions_s=287.7  transitions_step=1.0  updates_s=71.9  updates_throttled=0
episode=1428
  mode      collector=async  worker=3  epsilon=0.005
  outcome   reward=-9.002699999999999  success=0/1 (0.00%)  steps=mean:227.0 range:[227,227]
  training  completed=1427/2500  queue=0/256 (0%)  replay=200000/200000  updates=190  loss=0.02288  policy_version=989
  throughput env_steps_s=314.3  transitions_s=314.3  transitions_step=1.0  updates_s=78.7  updates_throttled=0
episode=1427
  mode      collector=async  worker=1  epsilon=0.005
  outcome   reward=-8.017999999999997  success=0/1 (0.00%)  steps=mean:380.0 range:[380,380]
  training  completed=1428/2500  queue=0/256 (0%)  replay=200000/200000  updates=89  loss=0.02536  policy_version=990
  throughput env_steps_s=322.9  transitions_s=322.9  transitions_step=1.0  updates_s=80.9  updates_throttled=0
episode=1425
  mode      collector=async  worker=0  epsilon=0.005
  outcome   reward=-5.049000000000056  success=0/1 (0.00%)  steps=mean:690.0 range:[690,690]
  training  completed=1429/2500  queue=0/256 (0%)  replay=200000/200000  updates=58  loss=0.01842  policy_version=991
  throughput env_steps_s=324.5  transitions_s=324.5  transitions_step=1.0  updates_s=80.4  updates_throttled=0
episode=1430
  mode      collector=async  worker=3  epsilon=0.005
  outcome   reward=-9.0011  success=0/1 (0.00%)  steps=mean:211.0 range:[211,211]
  training  completed=1430/2500  queue=0/256 (0%)  replay=200000/200000  updates=63  loss=0.02547  policy_version=991
  throughput env_steps_s=321.8  transitions_s=321.8  transitions_step=1.0  updates_s=80.4  updates_throttled=0
episode=1432
  mode      collector=async  worker=0  epsilon=0.005
  outcome   reward=-8.999299999999998  success=0/1 (0.00%)  steps=mean:193.0 range:[193,193]
  training  completed=1431/2500  queue=0/256 (0%)  replay=200000/200000  updates=133  loss=0.02084  policy_version=993
  throughput env_steps_s=313.6  transitions_s=313.6  transitions_step=1.0  updates_s=78.7  updates_throttled=0
episode=1433
  mode      collector=async  worker=3  epsilon=0.005
  outcome   reward=-8.998299999999999  success=0/1 (0.00%)  steps=mean:183.0 range:[183,183]
  training  completed=1432/2500  queue=0/256 (0%)  replay=200000/200000  updates=46  loss=0.02401  policy_version=993
  throughput env_steps_s=322.8  transitions_s=322.8  transitions_step=1.0  updates_s=80.3  updates_throttled=0
episode=1429
  mode      collector=async  worker=2  epsilon=0.005
  outcome   reward=-7.041100000000018  success=0/1 (0.00%)  steps=mean:611.0 range:[611,611]
  training  completed=1433/2500  queue=0/256 (0%)  replay=200000/200000  updates=32  loss=0.01217  policy_version=993
  throughput env_steps_s=322.2  transitions_s=322.2  transitions_step=1.0  updates_s=80.6  updates_throttled=0
episode=1431
  mode      collector=async  worker=1  epsilon=0.005
  outcome   reward=-8.015799999999997  success=0/1 (0.00%)  steps=mean:358.0 range:[358,358]
  training  completed=1434/2500  queue=0/256 (0%)  replay=200000/200000  updates=26  loss=0.01770  policy_version=994
  throughput env_steps_s=326.0  transitions_s=326.0  transitions_step=1.0  updates_s=82.3  updates_throttled=0
episode=1435
  mode      collector=async  worker=3  epsilon=0.005
  outcome   reward=-10.0064  success=0/1 (0.00%)  steps=mean:64.0 range:[64,64]
  training  completed=1435/2500  queue=0/256 (0%)  replay=200000/200000  updates=7  loss=0.02762  policy_version=994
  throughput env_steps_s=326.1  transitions_s=326.1  transitions_step=1.0  updates_s=78.7  updates_throttled=0
episode=1437
  mode      collector=async  worker=1  epsilon=0.005
  outcome   reward=-10.0063  success=0/1 (0.00%)  steps=mean:63.0 range:[63,63]
  training  completed=1436/2500  queue=0/256 (0%)  replay=200000/200000  updates=54  loss=0.01149  policy_version=994
  throughput env_steps_s=321.5  transitions_s=321.5  transitions_step=1.0  updates_s=80.4  updates_throttled=0
episode=1439
  mode      collector=async  worker=1  epsilon=0.005
  outcome   reward=-10.0068  success=0/1 (0.00%)  steps=mean:68.0 range:[68,68]
  training  completed=1437/2500  queue=0/256 (0%)  replay=200000/200000  updates=67  loss=0.02107  policy_version=995
  throughput env_steps_s=326.6  transitions_s=326.6  transitions_step=1.0  updates_s=81.6  updates_throttled=0
episode=1434
  mode      collector=async  worker=0  epsilon=0.005
  outcome   reward=-7.025300000000012  success=0/1 (0.00%)  steps=mean:453.0 range:[453,453]
  training  completed=1438/2500  queue=0/256 (0%)  replay=200000/200000  updates=218  loss=0.01925  policy_version=997
  throughput env_steps_s=316.5  transitions_s=316.5  transitions_step=1.0  updates_s=79.1  updates_throttled=0
episode=1440
  mode      collector=async  worker=1  epsilon=0.005
  outcome   reward=-7.031300000000016  success=0/1 (0.00%)  steps=mean:513.0 range:[513,513]
  training  completed=1439/2500  queue=0/256 (0%)  replay=200000/200000  updates=298  loss=0.01891  policy_version=1000
  throughput env_steps_s=321.9  transitions_s=321.9  transitions_step=1.0  updates_s=80.5  updates_throttled=0
episode=1436
  mode      collector=async  worker=2  epsilon=0.005
  outcome   reward=-6.0541000000000595  success=0/1 (0.00%)  steps=mean:741.0 range:[741,741]
  training  completed=1440/2500  queue=3/256 (1%)  replay=200000/200000  updates=75  loss=0.01437  policy_version=1001
  throughput env_steps_s=319.0  transitions_s=319.0  transitions_step=1.0  updates_s=79.2  updates_throttled=0
episode=1443
  mode      collector=async  worker=2  epsilon=0.005
  outcome   reward=-9.026299999999996  success=0/1 (0.00%)  steps=mean:463.0 range:[463,463]
  training  completed=1441/2500  queue=0/256 (0%)  replay=200000/200000  updates=466  loss=0.02537  policy_version=1005
  throughput env_steps_s=325.2  transitions_s=325.2  transitions_step=1.0  updates_s=81.4  updates_throttled=0
episode=1442
  mode      collector=async  worker=1  epsilon=0.005
  outcome   reward=-5.04189999999997  success=0/1 (0.00%)  steps=mean:619.0 range:[619,619]
  training  completed=1442/2500  queue=0/256 (0%)  replay=200000/200000  updates=77  loss=0.01339  policy_version=1006
  throughput env_steps_s=326.6  transitions_s=326.6  transitions_step=1.0  updates_s=81.9  updates_throttled=0
episode=1441
  mode      collector=async  worker=0  epsilon=0.005
  outcome   reward=-1.0727999999999742  success=0/1 (0.00%)  steps=mean:928.0 range:[928,928]
  training  completed=1443/2500  queue=0/256 (0%)  replay=200000/200000  updates=16  loss=0.01162  policy_version=1006
  throughput env_steps_s=329.3  transitions_s=329.3  transitions_step=1.0  updates_s=81.1  updates_throttled=0
episode=1446
  mode      collector=async  worker=0  epsilon=0.005
  outcome   reward=-9.003099999999998  success=0/1 (0.00%)  steps=mean:231.0 range:[231,231]
  training  completed=1444/2500  queue=0/256 (0%)  replay=200000/200000  updates=231  loss=0.02678  policy_version=1009
  throughput env_steps_s=315.5  transitions_s=315.5  transitions_step=1.0  updates_s=79.0  updates_throttled=0
episode=1444
  mode      collector=async  worker=2  epsilon=0.005
  outcome   reward=-7.017300000000036  success=0/1 (0.00%)  steps=mean:373.0 range:[373,373]
  training  completed=1445/2500  queue=0/256 (0%)  replay=200000/200000  updates=52  loss=0.01491  policy_version=1009
  throughput env_steps_s=320.3  transitions_s=320.3  transitions_step=1.0  updates_s=79.7  updates_throttled=0
episode=1447
  mode      collector=async  worker=0  epsilon=0.005
  outcome   reward=-8.00460000000001  success=0/1 (0.00%)  steps=mean:246.0 range:[246,246]
  training  completed=1446/2500  queue=0/256 (0%)  replay=200000/200000  updates=191  loss=0.02481  policy_version=1011
  throughput env_steps_s=322.4  transitions_s=322.4  transitions_step=1.0  updates_s=80.5  updates_throttled=0
episode=1445
  mode      collector=async  worker=1  epsilon=0.005
  outcome   reward=-6.0332000000000825  success=0/1 (0.00%)  steps=mean:532.0 range:[532,532]
  training  completed=1447/2500  queue=0/256 (0%)  replay=200000/200000  updates=43  loss=0.01381  policy_version=1012
  throughput env_steps_s=325.0  transitions_s=325.0  transitions_step=1.0  updates_s=81.7  updates_throttled=0
episode=1438
  mode      collector=async  worker=3  epsilon=0.005
  outcome   reward=1.8370000000002005  success=0/1 (0.00%)  steps=mean:1830.0 range:[1830,1830]
  training  completed=1448/2500  queue=1/256 (0%)  replay=200000/200000  updates=35  loss=0.02085  policy_version=1012
  throughput env_steps_s=325.1  transitions_s=325.1  transitions_step=1.0  updates_s=81.8  updates_throttled=0
episode=1448
  mode      collector=async  worker=2  epsilon=0.005
  outcome   reward=-8.012699999999997  success=0/1 (0.00%)  steps=mean:327.0 range:[327,327]
  training  completed=1449/2500  queue=1/256 (0%)  replay=200000/200000  updates=61  loss=0.01529  policy_version=1013
  throughput env_steps_s=313.5  transitions_s=313.5  transitions_step=1.0  updates_s=78.7  updates_throttled=0
episode=1449
  mode      collector=async  worker=0  epsilon=0.005
  outcome   reward=-8.001500000000014  success=0/1 (0.00%)  steps=mean:215.0 range:[215,215]
  training  completed=1450/2500  queue=0/256 (0%)  replay=200000/200000  updates=76  loss=0.01856  policy_version=1013
  throughput env_steps_s=324.6  transitions_s=324.6  transitions_step=1.0  updates_s=80.6  updates_throttled=0
Saved checkpoint: checkpoints/breakout_27bricks_v2/ckpt-1450
Scheduled replay buffer save: checkpoints/breakout_27bricks_v2/replay-1450.npz transitions=200000
Saved replay buffer: checkpoints/breakout_27bricks_v2/replay-1450.npz transitions=200000
episode=1453
  mode      collector=async  worker=0  epsilon=0.005
  outcome   reward=-9.001399999999999  success=0/1 (0.00%)  steps=mean:214.0 range:[214,214]
  training  completed=1451/2500  queue=0/256 (0%)  replay=200000/200000  updates=214  loss=0.01655  policy_version=1015
  throughput env_steps_s=314.5  transitions_s=314.5  transitions_step=1.0  updates_s=78.5  updates_throttled=0
episode=1450
  mode      collector=async  worker=1  epsilon=0.005
  outcome   reward=-7.030800000000017  success=0/1 (0.00%)  steps=mean:508.0 range:[508,508]
  training  completed=1452/2500  queue=0/256 (0%)  replay=200000/200000  updates=108  loss=0.02927  policy_version=1016
  throughput env_steps_s=317.6  transitions_s=317.6  transitions_step=1.0  updates_s=79.4  updates_throttled=0
episode=1452
  mode      collector=async  worker=2  epsilon=0.005
  outcome   reward=-8.023999999999997  success=0/1 (0.00%)  steps=mean:440.0 range:[440,440]
  training  completed=1453/2500  queue=0/256 (0%)  replay=200000/200000  updates=38  loss=0.01404  policy_version=1017
  throughput env_steps_s=316.7  transitions_s=316.7  transitions_step=1.0  updates_s=79.2  updates_throttled=0
episode=1451
  mode      collector=async  worker=3  epsilon=0.005
  outcome   reward=-6.037100000000075  success=0/1 (0.00%)  steps=mean:571.0 range:[571,571]
  training  completed=1454/2500  queue=0/256 (0%)  replay=200000/200000  updates=76  loss=0.01673  policy_version=1018
  throughput env_steps_s=312.6  transitions_s=312.6  transitions_step=1.0  updates_s=78.2  updates_throttled=0
episode=1455
  mode      collector=async  worker=1  epsilon=0.005
  outcome   reward=-9.003799999999998  success=0/1 (0.00%)  steps=mean:238.0 range:[238,238]
  training  completed=1455/2500  queue=0/256 (0%)  replay=200000/200000  updates=123  loss=0.01969  policy_version=1019
  throughput env_steps_s=300.5  transitions_s=300.5  transitions_step=1.0  updates_s=75.4  updates_throttled=0
episode=1456
  mode      collector=async  worker=2  epsilon=0.005
  outcome   reward=-9.0026  success=0/1 (0.00%)  steps=mean:226.0 range:[226,226]
  training  completed=1456/2500  queue=0/256 (0%)  replay=200000/200000  updates=25  loss=0.01004  policy_version=1019
  throughput env_steps_s=310.7  transitions_s=310.7  transitions_step=1.0  updates_s=76.9  updates_throttled=0
episode=1457
  mode      collector=async  worker=3  epsilon=0.005
  outcome   reward=-8.022499999999997  success=0/1 (0.00%)  steps=mean:425.0 range:[425,425]
  training  completed=1457/2500  queue=0/256 (0%)  replay=200000/200000  updates=280  loss=0.03090  policy_version=1022
  throughput env_steps_s=319.3  transitions_s=319.3  transitions_step=1.0  updates_s=79.8  updates_throttled=0
episode=1458
  mode      collector=async  worker=1  epsilon=0.005
  outcome   reward=-8.012599999999997  success=0/1 (0.00%)  steps=mean:326.0 range:[326,326]
  training  completed=1458/2500  queue=0/256 (0%)  replay=200000/200000  updates=19  loss=0.01799  policy_version=1022
  throughput env_steps_s=310.3  transitions_s=310.3  transitions_step=1.0  updates_s=77.6  updates_throttled=0
episode=1454
  mode      collector=async  worker=0  epsilon=0.005
  outcome   reward=-6.04800000000002  success=0/1 (0.00%)  steps=mean:680.0 range:[680,680]
  training  completed=1459/2500  queue=1/256 (0%)  replay=200000/200000  updates=21  loss=0.01300  policy_version=1022
  throughput env_steps_s=327.3  transitions_s=327.3  transitions_step=1.0  updates_s=83.8  updates_throttled=0
episode=1459
  mode      collector=async  worker=2  epsilon=0.005
  outcome   reward=-6.044700000000062  success=0/1 (0.00%)  steps=mean:647.0 range:[647,647]
  training  completed=1460/2500  queue=3/256 (1%)  replay=200000/200000  updates=325  loss=0.02376  policy_version=1026
  throughput env_steps_s=321.9  transitions_s=321.9  transitions_step=1.0  updates_s=80.5  updates_throttled=0
episode=1461
  mode      collector=async  worker=1  epsilon=0.005
  outcome   reward=-8.015699999999997  success=0/1 (0.00%)  steps=mean:357.0 range:[357,357]
  training  completed=1461/2500  queue=1/256 (0%)  replay=200000/200000  updates=11  loss=0.01949  policy_version=1026
  throughput env_steps_s=331.0  transitions_s=331.0  transitions_step=1.0  updates_s=82.8  updates_throttled=0
episode=1462
  mode      collector=async  worker=0  epsilon=0.005
  outcome   reward=-7.026100000000016  success=0/1 (0.00%)  steps=mean:461.0 range:[461,461]
  training  completed=1462/2500  queue=0/256 (0%)  replay=200000/200000  updates=133  loss=0.02222  policy_version=1027
  throughput env_steps_s=319.3  transitions_s=319.3  transitions_step=1.0  updates_s=79.5  updates_throttled=0
episode=1460
  mode      collector=async  worker=3  epsilon=0.005
  outcome   reward=-4.057200000000044  success=0/1 (0.00%)  steps=mean:772.0 range:[772,772]
  training  completed=1463/2500  queue=0/256 (0%)  replay=200000/200000  updates=259  loss=0.01890  policy_version=1030
  throughput env_steps_s=317.7  transitions_s=317.7  transitions_step=1.0  updates_s=79.4  updates_throttled=0
episode=1465
  mode      collector=async  worker=0  epsilon=0.005
  outcome   reward=-7.009500000000024  success=0/1 (0.00%)  steps=mean:295.0 range:[295,295]
  training  completed=1464/2500  queue=2/256 (1%)  replay=200000/200000  updates=32  loss=0.04082  policy_version=1030
  throughput env_steps_s=310.0  transitions_s=310.0  transitions_step=1.0  updates_s=78.7  updates_throttled=0
episode=1467
  mode      collector=async  worker=0  epsilon=0.005
  outcome   reward=-7.999000000000013  success=0/1 (0.00%)  steps=mean:190.0 range:[190,190]
  training  completed=1465/2500  queue=0/256 (0%)  replay=200000/200000  updates=192  loss=0.02253  policy_version=1032
  throughput env_steps_s=324.9  transitions_s=324.9  transitions_step=1.0  updates_s=80.9  updates_throttled=0
episode=1463
  mode      collector=async  worker=2  epsilon=0.005
  outcome   reward=-3.067999999999998  success=0/1 (0.00%)  steps=mean:880.0 range:[880,880]
  training  completed=1466/2500  queue=0/256 (0%)  replay=200000/200000  updates=262  loss=0.02425  policy_version=1034
  throughput env_steps_s=302.2  transitions_s=302.2  transitions_step=1.0  updates_s=75.6  updates_throttled=0
episode=1466
  mode      collector=async  worker=3  epsilon=0.004
  outcome   reward=-7.035300000000017  success=0/1 (0.00%)  steps=mean:553.0 range:[553,553]
  training  completed=1467/2500  queue=3/256 (1%)  replay=200000/200000  updates=65  loss=0.02224  policy_version=1035
  throughput env_steps_s=313.4  transitions_s=313.4  transitions_step=1.0  updates_s=79.0  updates_throttled=0
episode=1464
  mode      collector=async  worker=1  epsilon=0.004
  outcome   reward=-5.078300000000012  success=0/1 (0.00%)  steps=mean:983.0 range:[983,983]
  training  completed=1468/2500  queue=1/256 (0%)  replay=200000/200000  updates=31  loss=0.01912  policy_version=1035
  throughput env_steps_s=314.4  transitions_s=314.4  transitions_step=1.0  updates_s=78.6  updates_throttled=0
episode=1468
  mode      collector=async  worker=0  epsilon=0.004
  outcome   reward=-7.023000000000019  success=0/1 (0.00%)  steps=mean:430.0 range:[430,430]
  training  completed=1469/2500  queue=2/256 (1%)  replay=200000/200000  updates=74  loss=0.01864  policy_version=1036
  throughput env_steps_s=325.4  transitions_s=325.4  transitions_step=1.0  updates_s=81.4  updates_throttled=0
episode=1470
  mode      collector=async  worker=3  epsilon=0.004
  outcome   reward=-9.0019  success=0/1 (0.00%)  steps=mean:219.0 range:[219,219]
  training  completed=1470/2500  queue=0/256 (0%)  replay=200000/200000  updates=117  loss=0.01398  policy_version=1037
  throughput env_steps_s=321.1  transitions_s=321.1  transitions_step=1.0  updates_s=79.8  updates_throttled=0
episode=1469
  mode      collector=async  worker=2  epsilon=0.004
  outcome   reward=-7.01440000000003  success=0/1 (0.00%)  steps=mean:344.0 range:[344,344]
  training  completed=1471/2500  queue=0/256 (0%)  replay=200000/200000  updates=55  loss=0.03487  policy_version=1038
  throughput env_steps_s=323.8  transitions_s=323.8  transitions_step=1.0  updates_s=81.3  updates_throttled=0
episode=1472
  mode      collector=async  worker=0  epsilon=0.004
  outcome   reward=-8.9994  success=0/1 (0.00%)  steps=mean:194.0 range:[194,194]
  training  completed=1472/2500  queue=0/256 (0%)  replay=200000/200000  updates=19  loss=0.04332  policy_version=1038
  throughput env_steps_s=317.7  transitions_s=317.7  transitions_step=1.0  updates_s=78.4  updates_throttled=0
episode=1471
  mode      collector=async  worker=1  epsilon=0.004
  outcome   reward=-8.012999999999998  success=0/1 (0.00%)  steps=mean:330.0 range:[330,330]
  training  completed=1473/2500  queue=0/256 (0%)  replay=200000/200000  updates=68  loss=0.03822  policy_version=1039
  throughput env_steps_s=333.7  transitions_s=333.7  transitions_step=1.0  updates_s=84.0  updates_throttled=0
episode=1473
  mode      collector=async  worker=3  epsilon=0.004
  outcome   reward=-9.0033  success=0/1 (0.00%)  steps=mean:233.0 range:[233,233]
  training  completed=1474/2500  queue=0/256 (0%)  replay=200000/200000  updates=89  loss=0.02346  policy_version=1040
  throughput env_steps_s=332.4  transitions_s=332.4  transitions_step=1.0  updates_s=82.6  updates_throttled=0
episode=1474
  mode      collector=async  worker=2  epsilon=0.004
  outcome   reward=-9.003899999999998  success=0/1 (0.00%)  steps=mean:239.0 range:[239,239]
  training  completed=1475/2500  queue=0/256 (0%)  replay=200000/200000  updates=59  loss=0.01571  policy_version=1040
  throughput env_steps_s=325.6  transitions_s=325.6  transitions_step=1.0  updates_s=81.7  updates_throttled=0
Saved checkpoint: checkpoints/breakout_27bricks_v2/ckpt-1475
Scheduled replay buffer save: checkpoints/breakout_27bricks_v2/replay-1475.npz transitions=200000
Saved replay buffer: checkpoints/breakout_27bricks_v2/replay-1475.npz transitions=200000
episode=1477
  mode      collector=async  worker=3  epsilon=0.004
  outcome   reward=-7.999800000000015  success=0/1 (0.00%)  steps=mean:198.0 range:[198,198]
  training  completed=1476/2500  queue=1/256 (0%)  replay=200000/200000  updates=142  loss=0.01949  policy_version=1042
  throughput env_steps_s=315.1  transitions_s=315.1  transitions_step=1.0  updates_s=78.9  updates_throttled=0
episode=1476
  mode      collector=async  worker=1  epsilon=0.004
  outcome   reward=-8.012399999999998  success=0/1 (0.00%)  steps=mean:324.0 range:[324,324]
  training  completed=1477/2500  queue=1/256 (0%)  replay=200000/200000  updates=35  loss=0.03257  policy_version=1042
  throughput env_steps_s=329.8  transitions_s=329.8  transitions_step=1.0  updates_s=83.0  updates_throttled=0
episode=1480
  mode      collector=async  worker=1  epsilon=0.004
  outcome   reward=-9.003099999999998  success=0/1 (0.00%)  steps=mean:231.0 range:[231,231]
  training  completed=1478/2500  queue=0/256 (0%)  replay=200000/200000  updates=234  loss=0.02279  policy_version=1044
  throughput env_steps_s=325.8  transitions_s=325.8  transitions_step=1.0  updates_s=81.4  updates_throttled=0
episode=1475
  mode      collector=async  worker=0  epsilon=0.004
  outcome   reward=-4.050499999999918  success=0/1 (0.00%)  steps=mean:705.0 range:[705,705]
  training  completed=1479/2500  queue=0/256 (0%)  replay=200000/200000  updates=74  loss=0.01564  policy_version=1045
  throughput env_steps_s=254.0  transitions_s=254.0  transitions_step=1.0  updates_s=63.3  updates_throttled=0
episode=1479
  mode      collector=async  worker=3  epsilon=0.004
  outcome   reward=-8.016299999999998  success=0/1 (0.00%)  steps=mean:363.0 range:[363,363]
  training  completed=1480/2500  queue=2/256 (1%)  replay=200000/200000  updates=22  loss=0.01963  policy_version=1045
  throughput env_steps_s=249.2  transitions_s=249.2  transitions_step=1.0  updates_s=62.3  updates_throttled=0
episode=1478
  mode      collector=async  worker=2  epsilon=0.004
  outcome   reward=-6.03540000000001  success=0/1 (0.00%)  steps=mean:554.0 range:[554,554]
  training  completed=1481/2500  queue=0/256 (0%)  replay=200000/200000  updates=52  loss=0.01917  policy_version=1046
  throughput env_steps_s=275.4  transitions_s=275.4  transitions_step=1.0  updates_s=68.8  updates_throttled=0
episode=1481
  mode      collector=async  worker=1  epsilon=0.004
  outcome   reward=-9.004199999999999  success=0/1 (0.00%)  steps=mean:242.0 range:[242,242]
  training  completed=1482/2500  queue=0/256 (0%)  replay=200000/200000  updates=88  loss=0.02890  policy_version=1047
  throughput env_steps_s=315.5  transitions_s=315.5  transitions_step=1.0  updates_s=78.7  updates_throttled=0
episode=1482
  mode      collector=async  worker=0  epsilon=0.004
  outcome   reward=-9.003999999999998  success=0/1 (0.00%)  steps=mean:240.0 range:[240,240]
  training  completed=1483/2500  queue=0/256 (0%)  replay=200000/200000  updates=87  loss=0.02095  policy_version=1048
  throughput env_steps_s=335.4  transitions_s=335.4  transitions_step=1.0  updates_s=84.1  updates_throttled=0
episode=1483
  mode      collector=async  worker=3  epsilon=0.004
  outcome   reward=-8.014499999999998  success=0/1 (0.00%)  steps=mean:345.0 range:[345,345]
  training  completed=1484/2500  queue=0/256 (0%)  replay=200000/200000  updates=117  loss=0.04295  policy_version=1049
  throughput env_steps_s=314.0  transitions_s=314.0  transitions_step=1.0  updates_s=78.3  updates_throttled=0
episode=1485
  mode      collector=async  worker=1  epsilon=0.004
  outcome   reward=-8.012899999999997  success=0/1 (0.00%)  steps=mean:329.0 range:[329,329]
  training  completed=1485/2500  queue=0/256 (0%)  replay=200000/200000  updates=119  loss=0.02460  policy_version=1050
  throughput env_steps_s=320.7  transitions_s=320.7  transitions_step=1.0  updates_s=80.4  updates_throttled=0
episode=1488
  mode      collector=async  worker=1  epsilon=0.004
  outcome   reward=-9.003099999999998  success=0/1 (0.00%)  steps=mean:231.0 range:[231,231]
  training  completed=1486/2500  queue=0/256 (0%)  replay=200000/200000  updates=227  loss=0.02021  policy_version=1052
  throughput env_steps_s=327.6  transitions_s=327.6  transitions_step=1.0  updates_s=81.8  updates_throttled=0
episode=1484
  mode      collector=async  worker=2  epsilon=0.004
  outcome   reward=-6.0523000000000495  success=0/1 (0.00%)  steps=mean:723.0 range:[723,723]
  training  completed=1487/2500  queue=2/256 (1%)  replay=200000/200000  updates=83  loss=0.02943  policy_version=1053
  throughput env_steps_s=315.3  transitions_s=315.3  transitions_step=1.0  updates_s=79.6  updates_throttled=0
episode=1486
  mode      collector=async  worker=0  epsilon=0.004
  outcome   reward=-6.047100000000022  success=0/1 (0.00%)  steps=mean:671.0 range:[671,671]
  training  completed=1488/2500  queue=0/256 (0%)  replay=200000/200000  updates=133  loss=0.03052  policy_version=1054
  throughput env_steps_s=326.2  transitions_s=326.2  transitions_step=1.0  updates_s=81.1  updates_throttled=0
episode=1490
  mode      collector=async  worker=2  epsilon=0.004
  outcome   reward=-8.018399999999996  success=0/1 (0.00%)  steps=mean:384.0 range:[384,384]
  training  completed=1489/2500  queue=2/256 (1%)  replay=200000/200000  updates=250  loss=0.02414  policy_version=1057
  throughput env_steps_s=320.9  transitions_s=320.9  transitions_step=1.0  updates_s=80.4  updates_throttled=0
episode=1491
  mode      collector=async  worker=0  epsilon=0.004
  outcome   reward=-5.063600000000057  success=0/1 (0.00%)  steps=mean:836.0 range:[836,836]
  training  completed=1490/2500  queue=0/256 (0%)  replay=200000/200000  updates=585  loss=0.02750  policy_version=1063
  throughput env_steps_s=325.4  transitions_s=325.4  transitions_step=1.0  updates_s=81.3  updates_throttled=0
episode=1489
  mode      collector=async  worker=1  epsilon=0.004
  outcome   reward=-5.092599999999956  success=0/1 (0.00%)  steps=mean:1126.0 range:[1126,1126]
  training  completed=1491/2500  queue=0/256 (0%)  replay=200000/200000  updates=84  loss=0.02145  policy_version=1064
  throughput env_steps_s=329.7  transitions_s=329.7  transitions_step=1.0  updates_s=82.7  updates_throttled=0
episode=1493
  mode      collector=async  worker=0  epsilon=0.004
  outcome   reward=-8.999999999999998  success=0/1 (0.00%)  steps=mean:200.0 range:[200,200]
  training  completed=1492/2500  queue=1/256 (0%)  replay=200000/200000  updates=116  loss=0.03607  policy_version=1065
  throughput env_steps_s=300.1  transitions_s=300.1  transitions_step=1.0  updates_s=75.2  updates_throttled=0
episode=1495
  mode      collector=async  worker=0  epsilon=0.004
  outcome   reward=-9.0034  success=0/1 (0.00%)  steps=mean:234.0 range:[234,234]
  training  completed=1493/2500  queue=0/256 (0%)  replay=200000/200000  updates=239  loss=0.03411  policy_version=1067
  throughput env_steps_s=267.3  transitions_s=267.3  transitions_step=1.0  updates_s=66.8  updates_throttled=0
episode=1494
  mode      collector=async  worker=1  epsilon=0.004
  outcome   reward=-7.017700000000027  success=0/1 (0.00%)  steps=mean:377.0 range:[377,377]
  training  completed=1494/2500  queue=0/256 (0%)  replay=200000/200000  updates=22  loss=0.02152  policy_version=1067
  throughput env_steps_s=251.5  transitions_s=251.5  transitions_step=1.0  updates_s=62.9  updates_throttled=0
episode=1487
  mode      collector=async  worker=3  epsilon=0.004
  outcome   reward=5.8281000000002745  success=0/1 (0.00%)  steps=mean:1919.0 range:[1919,1919]
  training  completed=1495/2500  queue=0/256 (0%)  replay=200000/200000  updates=56  loss=0.01608  policy_version=1068
  throughput env_steps_s=237.2  transitions_s=237.2  transitions_step=1.0  updates_s=59.0  updates_throttled=0
episode=1492
  mode      collector=async  worker=2  epsilon=0.004
  outcome   reward=-3.0932999999999264  success=0/1 (0.00%)  steps=mean:1133.0 range:[1133,1133]
  training  completed=1496/2500  queue=0/256 (0%)  replay=200000/200000  updates=21  loss=0.01134  policy_version=1068
  throughput env_steps_s=249.2  transitions_s=249.2  transitions_step=1.0  updates_s=62.3  updates_throttled=0
episode=1498
  mode      collector=async  worker=3  epsilon=0.004
  outcome   reward=-9.004399999999999  success=0/1 (0.00%)  steps=mean:244.0 range:[244,244]
  training  completed=1497/2500  queue=0/256 (0%)  replay=200000/200000  updates=225  loss=0.02531  policy_version=1070
  throughput env_steps_s=259.0  transitions_s=259.0  transitions_step=1.0  updates_s=64.7  updates_throttled=0
episode=1499
  mode      collector=async  worker=2  epsilon=0.004
  outcome   reward=-9.002999999999998  success=0/1 (0.00%)  steps=mean:230.0 range:[230,230]
  training  completed=1498/2500  queue=0/256 (0%)  replay=200000/200000  updates=5  loss=0.02870  policy_version=1070
  throughput env_steps_s=240.9  transitions_s=240.9  transitions_step=1.0  updates_s=66.9  updates_throttled=0
episode=1497
  mode      collector=async  worker=1  epsilon=0.004
  outcome   reward=-8.017299999999997  success=0/1 (0.00%)  steps=mean:373.0 range:[373,373]
  training  completed=1499/2500  queue=0/256 (0%)  replay=200000/200000  updates=62  loss=0.03833  policy_version=1071
  throughput env_steps_s=260.5  transitions_s=260.5  transitions_step=1.0  updates_s=65.1  updates_throttled=0
episode=1501
  mode      collector=async  worker=2  epsilon=0.004
  outcome   reward=-8.016299999999998  success=0/1 (0.00%)  steps=mean:363.0 range:[363,363]
  training  completed=1500/2500  queue=2/256 (1%)  replay=200000/200000  updates=299  loss=0.03363  policy_version=1074
  throughput env_steps_s=257.4  transitions_s=257.4  transitions_step=1.0  updates_s=64.3  updates_throttled=0
Saved checkpoint: checkpoints/breakout_27bricks_v2/ckpt-1500
Scheduled replay buffer save: checkpoints/breakout_27bricks_v2/replay-1500.npz transitions=200000
Evaluating frozen checkpoint episode=1500 episodes=20 metric=auto...
Saved replay buffer: checkpoints/breakout_27bricks_v2/replay-1500.npz transitions=200000
episode=1503
  mode      collector=async  worker=2  epsilon=0.004
  outcome   reward=-9.002699999999999  success=0/1 (0.00%)  steps=mean:227.0 range:[227,227]
  training  completed=1501/2500  queue=1/256 (0%)  replay=200000/200000  updates=229  loss=0.01559  policy_version=1076
  throughput env_steps_s=237.7  transitions_s=237.7  transitions_step=1.0  updates_s=59.5  updates_throttled=0
episode=1500
  mode      collector=async  worker=3  epsilon=0.004
  outcome   reward=-6.047400000000048  success=0/1 (0.00%)  steps=mean:674.0 range:[674,674]
  training  completed=1502/2500  queue=0/256 (0%)  replay=200000/200000  updates=65  loss=0.02894  policy_version=1077
  throughput env_steps_s=275.1  transitions_s=275.1  transitions_step=1.0  updates_s=68.5  updates_throttled=0
episode=1502
  mode      collector=async  worker=1  epsilon=0.004
  outcome   reward=-5.049600000000005  success=0/1 (0.00%)  steps=mean:696.0 range:[696,696]
  training  completed=1503/2500  queue=0/256 (0%)  replay=200000/200000  updates=103  loss=0.02242  policy_version=1078
  throughput env_steps_s=259.3  transitions_s=259.3  transitions_step=1.0  updates_s=65.0  updates_throttled=0
episode=1504
  mode      collector=async  worker=2  epsilon=0.004
  outcome   reward=-9.002499999999998  success=0/1 (0.00%)  steps=mean:225.0 range:[225,225]
  training  completed=1504/2500  queue=0/256 (0%)  replay=200000/200000  updates=60  loss=0.01970  policy_version=1079
  throughput env_steps_s=264.4  transitions_s=264.4  transitions_step=1.0  updates_s=65.5  updates_throttled=0
episode=1505
  mode      collector=async  worker=3  epsilon=0.004
  outcome   reward=-9.001299999999999  success=0/1 (0.00%)  steps=mean:213.0 range:[213,213]
  training  completed=1505/2500  queue=0/256 (0%)  replay=200000/200000  updates=50  loss=0.01758  policy_version=1079
  throughput env_steps_s=262.1  transitions_s=262.1  transitions_step=1.0  updates_s=65.5  updates_throttled=0
episode=1507
  mode      collector=async  worker=2  epsilon=0.004
  outcome   reward=-6.0319000000000464  success=0/1 (0.00%)  steps=mean:519.0 range:[519,519]
  training  completed=1506/2500  queue=0/256 (0%)  replay=200000/200000  updates=470  loss=0.02839  policy_version=1084
  throughput env_steps_s=270.7  transitions_s=270.7  transitions_step=1.0  updates_s=67.7  updates_throttled=0
episode=1506
  mode      collector=async  worker=1  epsilon=0.004
  outcome   reward=-6.045500000000052  success=0/1 (0.00%)  steps=mean:655.0 range:[655,655]
  training  completed=1507/2500  queue=0/256 (0%)  replay=200000/200000  updates=71  loss=0.02347  policy_version=1084
  throughput env_steps_s=280.5  transitions_s=280.5  transitions_step=1.0  updates_s=69.9  updates_throttled=0
Frozen evaluation episode=1500: success=0/20 (0.00%) reward_mean=-9.0029 steps_mean=209.0
episode=1509
  mode      collector=async  worker=2  epsilon=0.004
  outcome   reward=-9.0034  success=0/1 (0.00%)  steps=mean:234.0 range:[234,234]
  training  completed=1508/2500  queue=2/256 (1%)  replay=200000/200000  updates=170  loss=0.02587  policy_version=1086
  throughput env_steps_s=274.3  transitions_s=274.3  transitions_step=1.0  updates_s=68.9  updates_throttled=0
episode=1496
  mode      collector=async  worker=0  epsilon=0.004
  outcome   reward=-2.1753999999997555  success=0/1 (0.00%)  steps=mean:1954.0 range:[1954,1954]
  training  completed=1509/2500  queue=0/256 (0%)  replay=200000/200000  updates=54  loss=0.01742  policy_version=1087
  throughput env_steps_s=327.7  transitions_s=327.7  transitions_step=1.0  updates_s=81.2  updates_throttled=0
episode=1508
  mode      collector=async  worker=3  epsilon=0.004
  outcome   reward=-6.056900000000059  success=0/1 (0.00%)  steps=mean:769.0 range:[769,769]
  training  completed=1510/2500  queue=0/256 (0%)  replay=200000/200000  updates=6  loss=0.00643  policy_version=1087
  throughput env_steps_s=296.7  transitions_s=296.7  transitions_step=1.0  updates_s=71.2  updates_throttled=0
episode=1511
  mode      collector=async  worker=2  epsilon=0.004
  outcome   reward=-9.003699999999998  success=0/1 (0.00%)  steps=mean:237.0 range:[237,237]
  training  completed=1511/2500  queue=0/256 (0%)  replay=200000/200000  updates=181  loss=0.02583  policy_version=1089
  throughput env_steps_s=319.2  transitions_s=319.2  transitions_step=1.0  updates_s=79.8  updates_throttled=0
episode=1512
  mode      collector=async  worker=0  epsilon=0.004
  outcome   reward=-9.002499999999998  success=0/1 (0.00%)  steps=mean:225.0 range:[225,225]
  training  completed=1512/2500  queue=3/256 (1%)  replay=200000/200000  updates=41  loss=0.02504  policy_version=1089
  throughput env_steps_s=312.8  transitions_s=312.8  transitions_step=1.0  updates_s=79.7  updates_throttled=0
episode=1513
  mode      collector=async  worker=3  epsilon=0.004
  outcome   reward=-8.009599999999997  success=0/1 (0.00%)  steps=mean:296.0 range:[296,296]
  training  completed=1513/2500  queue=0/256 (0%)  replay=200000/200000  updates=72  loss=0.02073  policy_version=1090
  throughput env_steps_s=323.6  transitions_s=323.6  transitions_step=1.0  updates_s=80.6  updates_throttled=0
episode=1515
  mode      collector=async  worker=0  epsilon=0.004
  outcome   reward=-9.001399999999999  success=0/1 (0.00%)  steps=mean:214.0 range:[214,214]
  training  completed=1514/2500  queue=1/256 (0%)  replay=200000/200000  updates=140  loss=0.02553  policy_version=1091
  throughput env_steps_s=318.2  transitions_s=318.2  transitions_step=1.0  updates_s=79.7  updates_throttled=0
episode=1510
  mode      collector=async  worker=1  epsilon=0.004
  outcome   reward=-5.047500000000013  success=0/1 (0.00%)  steps=mean:675.0 range:[675,675]
  training  completed=1515/2500  queue=0/256 (0%)  replay=200000/200000  updates=6  loss=0.00992  policy_version=1091
  throughput env_steps_s=355.8  transitions_s=355.8  transitions_step=1.0  updates_s=79.1  updates_throttled=0
episode=1516
  mode      collector=async  worker=3  epsilon=0.004
  outcome   reward=-8.010499999999997  success=0/1 (0.00%)  steps=mean:305.0 range:[305,305]
  training  completed=1516/2500  queue=0/256 (0%)  replay=200000/200000  updates=156  loss=0.03286  policy_version=1093
  throughput env_steps_s=323.1  transitions_s=323.1  transitions_step=1.0  updates_s=80.8  updates_throttled=0
episode=1517
  mode      collector=async  worker=0  epsilon=0.004
  outcome   reward=-9.003899999999998  success=0/1 (0.00%)  steps=mean:239.0 range:[239,239]
  training  completed=1517/2500  queue=0/256 (0%)  replay=200000/200000  updates=78  loss=0.02013  policy_version=1094
  throughput env_steps_s=320.2  transitions_s=320.2  transitions_step=1.0  updates_s=80.6  updates_throttled=0
episode=1519
  mode      collector=async  worker=3  epsilon=0.004
  outcome   reward=-9.000699999999998  success=0/1 (0.00%)  steps=mean:207.0 range:[207,207]
  training  completed=1518/2500  queue=0/256 (0%)  replay=200000/200000  updates=127  loss=0.02279  policy_version=1095
  throughput env_steps_s=332.7  transitions_s=332.7  transitions_step=1.0  updates_s=82.8  updates_throttled=0
episode=1518
  mode      collector=async  worker=1  epsilon=0.004
  outcome   reward=-8.017199999999997  success=0/1 (0.00%)  steps=mean:372.0 range:[372,372]
  training  completed=1519/2500  queue=0/256 (0%)  replay=200000/200000  updates=10  loss=0.01475  policy_version=1095
  throughput env_steps_s=343.1  transitions_s=343.1  transitions_step=1.0  updates_s=85.8  updates_throttled=0
episode=1514
  mode      collector=async  worker=2  epsilon=0.004
  outcome   reward=-7.056400000000068  success=0/1 (0.00%)  steps=mean:764.0 range:[764,764]
  training  completed=1520/2500  queue=6/256 (2%)  replay=200000/200000  updates=134  loss=0.02346  policy_version=1096
  throughput env_steps_s=323.4  transitions_s=323.4  transitions_step=1.0  updates_s=81.3  updates_throttled=0
episode=1522
  mode      collector=async  worker=1  epsilon=0.004
  outcome   reward=-7.023100000000014  success=0/1 (0.00%)  steps=mean:431.0 range:[431,431]
  training  completed=1521/2500  queue=0/256 (0%)  replay=200000/200000  updates=303  loss=0.02108  policy_version=1099
  throughput env_steps_s=320.3  transitions_s=320.3  transitions_step=1.0  updates_s=79.9  updates_throttled=0
episode=1520
  mode      collector=async  worker=0  epsilon=0.004
  outcome   reward=-6.04320000000004  success=0/1 (0.00%)  steps=mean:632.0 range:[632,632]
  training  completed=1522/2500  queue=0/256 (0%)  replay=200000/200000  updates=60  loss=0.02258  policy_version=1100
  throughput env_steps_s=326.0  transitions_s=326.0  transitions_step=1.0  updates_s=81.2  updates_throttled=0
episode=1524
  mode      collector=async  worker=1  epsilon=0.004
  outcome   reward=-9.003899999999998  success=0/1 (0.00%)  steps=mean:239.0 range:[239,239]
  training  completed=1523/2500  queue=1/256 (0%)  replay=200000/200000  updates=186  loss=0.02407  policy_version=1102
  throughput env_steps_s=281.8  transitions_s=281.8  transitions_step=1.0  updates_s=70.7  updates_throttled=0
episode=1525
  mode      collector=async  worker=0  epsilon=0.004
  outcome   reward=-9.002999999999998  success=0/1 (0.00%)  steps=mean:230.0 range:[230,230]
  training  completed=1524/2500  queue=0/256 (0%)  replay=200000/200000  updates=40  loss=0.02475  policy_version=1102
  throughput env_steps_s=274.2  transitions_s=274.2  transitions_step=1.0  updates_s=67.7  updates_throttled=0
episode=1526
  mode      collector=async  worker=1  epsilon=0.004
  outcome   reward=-9.003499999999999  success=0/1 (0.00%)  steps=mean:235.0 range:[235,235]
  training  completed=1525/2500  queue=1/256 (0%)  replay=200000/200000  updates=199  loss=0.01907  policy_version=1104
  throughput env_steps_s=312.7  transitions_s=312.7  transitions_step=1.0  updates_s=78.4  updates_throttled=0
Saved checkpoint: checkpoints/breakout_27bricks_v2/ckpt-1525
Scheduled replay buffer save: checkpoints/breakout_27bricks_v2/replay-1525.npz transitions=200000
Saved replay buffer: checkpoints/breakout_27bricks_v2/replay-1525.npz transitions=200000
episode=1527
  mode      collector=async  worker=0  epsilon=0.004
  outcome   reward=-9.003699999999998  success=0/1 (0.00%)  steps=mean:237.0 range:[237,237]
  training  completed=1526/2500  queue=1/256 (0%)  replay=200000/200000  updates=40  loss=0.01599  policy_version=1105
  throughput env_steps_s=282.0  transitions_s=282.0  transitions_step=1.0  updates_s=70.5  updates_throttled=0
episode=1523
  mode      collector=async  worker=2  epsilon=0.004
  outcome   reward=-4.071099999999967  success=0/1 (0.00%)  steps=mean:911.0 range:[911,911]
  training  completed=1527/2500  queue=0/256 (0%)  replay=200000/200000  updates=79  loss=0.02303  policy_version=1105
  throughput env_steps_s=324.8  transitions_s=324.8  transitions_step=1.0  updates_s=80.7  updates_throttled=0
episode=1521
  mode      collector=async  worker=3  epsilon=0.004
  outcome   reward=-2.0980999999999117  success=0/1 (0.00%)  steps=mean:1181.0 range:[1181,1181]
  training  completed=1528/2500  queue=0/256 (0%)  replay=200000/200000  updates=127  loss=0.02230  policy_version=1107
  throughput env_steps_s=317.4  transitions_s=317.4  transitions_step=1.0  updates_s=79.2  updates_throttled=0
episode=1529
  mode      collector=async  worker=0  epsilon=0.004
  outcome   reward=-6.031100000000013  success=0/1 (0.00%)  steps=mean:511.0 range:[511,511]
  training  completed=1529/2500  queue=0/256 (0%)  replay=200000/200000  updates=309  loss=0.01624  policy_version=1110
  throughput env_steps_s=321.7  transitions_s=321.7  transitions_step=1.0  updates_s=80.5  updates_throttled=0
episode=1530
  mode      collector=async  worker=2  epsilon=0.004
  outcome   reward=-7.026000000000021  success=0/1 (0.00%)  steps=mean:460.0 range:[460,460]
  training  completed=1530/2500  queue=2/256 (1%)  replay=200000/200000  updates=25  loss=0.02040  policy_version=1110
  throughput env_steps_s=307.1  transitions_s=307.1  transitions_step=1.0  updates_s=78.3  updates_throttled=0
episode=1531
  mode      collector=async  worker=3  epsilon=0.004
  outcome   reward=-8.014899999999997  success=0/1 (0.00%)  steps=mean:349.0 range:[349,349]
  training  completed=1531/2500  queue=0/256 (0%)  replay=200000/200000  updates=10  loss=0.01311  policy_version=1110
  throughput env_steps_s=354.3  transitions_s=354.3  transitions_step=1.0  updates_s=82.4  updates_throttled=0
episode=1528
  mode      collector=async  worker=1  epsilon=0.004
  outcome   reward=-6.04060000000004  success=0/1 (0.00%)  steps=mean:606.0 range:[606,606]
  training  completed=1532/2500  queue=0/256 (0%)  replay=200000/200000  updates=14  loss=0.01759  policy_version=1110
  throughput env_steps_s=327.4  transitions_s=327.4  transitions_step=1.0  updates_s=81.8  updates_throttled=0
episode=1535
  mode      collector=async  worker=1  epsilon=0.004
  outcome   reward=-8.9996  success=0/1 (0.00%)  steps=mean:196.0 range:[196,196]
  training  completed=1533/2500  queue=0/256 (0%)  replay=200000/200000  updates=197  loss=0.02078  policy_version=1112
  throughput env_steps_s=321.7  transitions_s=321.7  transitions_step=1.0  updates_s=80.5  updates_throttled=0
episode=1536
  mode      collector=async  worker=1  epsilon=0.004
  outcome   reward=-9.004499999999998  success=0/1 (0.00%)  steps=mean:245.0 range:[245,245]
  training  completed=1534/2500  queue=1/256 (0%)  replay=200000/200000  updates=241  loss=0.01889  policy_version=1115
  throughput env_steps_s=318.9  transitions_s=318.9  transitions_step=1.0  updates_s=79.8  updates_throttled=0
episode=1534
  mode      collector=async  worker=3  epsilon=0.003
  outcome   reward=-6.037300000000052  success=0/1 (0.00%)  steps=mean:573.0 range:[573,573]
  training  completed=1535/2500  queue=0/256 (0%)  replay=200000/200000  updates=120  loss=0.01966  policy_version=1116
  throughput env_steps_s=323.6  transitions_s=323.6  transitions_step=1.0  updates_s=80.7  updates_throttled=0
episode=1532
  mode      collector=async  worker=0  epsilon=0.003
  outcome   reward=-4.054299999999974  success=0/1 (0.00%)  steps=mean:743.0 range:[743,743]
  training  completed=1536/2500  queue=0/256 (0%)  replay=200000/200000  updates=144  loss=0.01938  policy_version=1117
  throughput env_steps_s=320.6  transitions_s=320.6  transitions_step=1.0  updates_s=80.4  updates_throttled=0
episode=1537
  mode      collector=async  worker=1  epsilon=0.003
  outcome   reward=-7.034300000000014  success=0/1 (0.00%)  steps=mean:543.0 range:[543,543]
  training  completed=1537/2500  queue=0/256 (0%)  replay=200000/200000  updates=272  loss=0.02046  policy_version=1120
  throughput env_steps_s=325.0  transitions_s=325.0  transitions_step=1.0  updates_s=81.0  updates_throttled=0
episode=1540
  mode      collector=async  worker=1  epsilon=0.003
  outcome   reward=-5.049800000000055  success=0/1 (0.00%)  steps=mean:698.0 range:[698,698]
  training  completed=1538/2500  queue=0/256 (0%)  replay=200000/200000  updates=696  loss=0.02382  policy_version=1127
  throughput env_steps_s=326.9  transitions_s=326.9  transitions_step=1.0  updates_s=81.7  updates_throttled=0
episode=1533
  mode      collector=async  worker=2  epsilon=0.003
  outcome   reward=2.847700000000234  success=0/1 (0.00%)  steps=mean:1723.0 range:[1723,1723]
  training  completed=1539/2500  queue=1/256 (0%)  replay=200000/200000  updates=21  loss=0.01531  policy_version=1127
  throughput env_steps_s=332.1  transitions_s=332.1  transitions_step=1.0  updates_s=86.1  updates_throttled=0
episode=1542
  mode      collector=async  worker=2  epsilon=0.003
  outcome   reward=-10.0067  success=0/1 (0.00%)  steps=mean:67.0 range:[67,67]
  training  completed=1540/2500  queue=2/256 (1%)  replay=200000/200000  updates=68  loss=0.01681  policy_version=1128
  throughput env_steps_s=319.2  transitions_s=319.2  transitions_step=1.0  updates_s=79.2  updates_throttled=0
episode=1541
  mode      collector=async  worker=1  epsilon=0.003
  outcome   reward=-9.000499999999999  success=0/1 (0.00%)  steps=mean:205.0 range:[205,205]
  training  completed=1541/2500  queue=1/256 (0%)  replay=200000/200000  updates=117  loss=0.01726  policy_version=1129
  throughput env_steps_s=325.5  transitions_s=325.5  transitions_step=1.0  updates_s=81.6  updates_throttled=0
episode=1538
  mode      collector=async  worker=3  epsilon=0.003
  outcome   reward=-0.11709999999986032  success=0/1 (0.00%)  steps=mean:1371.0 range:[1371,1371]
  training  completed=1542/2500  queue=1/256 (0%)  replay=200000/200000  updates=55  loss=0.01030  policy_version=1129
  throughput env_steps_s=330.8  transitions_s=330.8  transitions_step=1.0  updates_s=83.1  updates_throttled=0
episode=1539
  mode      collector=async  worker=0  epsilon=0.003
  outcome   reward=2.8645000000002003  success=0/1 (0.00%)  steps=mean:1555.0 range:[1555,1555]
  training  completed=1543/2500  queue=0/256 (0%)  replay=200000/200000  updates=334  loss=0.02251  policy_version=1133
  throughput env_steps_s=330.6  transitions_s=330.6  transitions_step=1.0  updates_s=82.5  updates_throttled=0
episode=1545
  mode      collector=async  worker=3  epsilon=0.003
  outcome   reward=-8.014599999999998  success=0/1 (0.00%)  steps=mean:346.0 range:[346,346]
  training  completed=1544/2500  queue=0/256 (0%)  replay=200000/200000  updates=20  loss=0.01690  policy_version=1133
  throughput env_steps_s=329.7  transitions_s=329.7  transitions_step=1.0  updates_s=83.5  updates_throttled=0
episode=1546
  mode      collector=async  worker=0  epsilon=0.003
  outcome   reward=-9.003099999999998  success=0/1 (0.00%)  steps=mean:231.0 range:[231,231]
  training  completed=1545/2500  queue=1/256 (0%)  replay=200000/200000  updates=209  loss=0.01728  policy_version=1135
  throughput env_steps_s=329.5  transitions_s=329.5  transitions_step=1.0  updates_s=82.4  updates_throttled=0
episode=1547
  mode      collector=async  worker=3  epsilon=0.003
  outcome   reward=-8.002200000000013  success=0/1 (0.00%)  steps=mean:222.0 range:[222,222]
  training  completed=1546/2500  queue=0/256 (0%)  replay=200000/200000  updates=19  loss=0.02492  policy_version=1135
  throughput env_steps_s=333.9  transitions_s=333.9  transitions_step=1.0  updates_s=81.3  updates_throttled=0
episode=1544
  mode      collector=async  worker=1  epsilon=0.003
  outcome   reward=-6.04370000000006  success=0/1 (0.00%)  steps=mean:637.0 range:[637,637]
  training  completed=1547/2500  queue=0/256 (0%)  replay=200000/200000  updates=3  loss=0.02594  policy_version=1135
  throughput env_steps_s=321.5  transitions_s=321.5  transitions_step=1.0  updates_s=87.7  updates_throttled=0
episode=1549
  mode      collector=async  worker=3  epsilon=0.003
  outcome   reward=-9.004399999999999  success=0/1 (0.00%)  steps=mean:244.0 range:[244,244]
  training  completed=1548/2500  queue=0/256 (0%)  replay=200000/200000  updates=241  loss=0.01066  policy_version=1138
  throughput env_steps_s=324.4  transitions_s=324.4  transitions_step=1.0  updates_s=81.0  updates_throttled=0
episode=1550
  mode      collector=async  worker=1  epsilon=0.003
  outcome   reward=-7.025000000000021  success=0/1 (0.00%)  steps=mean:450.0 range:[450,450]
  training  completed=1549/2500  queue=0/256 (0%)  replay=200000/200000  updates=212  loss=0.02200  policy_version=1140
  throughput env_steps_s=324.4  transitions_s=324.4  transitions_step=1.0  updates_s=81.2  updates_throttled=0
episode=1551
  mode      collector=async  worker=3  epsilon=0.003
  outcome   reward=-7.014600000000013  success=0/1 (0.00%)  steps=mean:346.0 range:[346,346]
  training  completed=1550/2500  queue=0/256 (0%)  replay=200000/200000  updates=133  loss=0.01666  policy_version=1141
  throughput env_steps_s=328.3  transitions_s=328.3  transitions_step=1.0  updates_s=81.9  updates_throttled=0
Saved checkpoint: checkpoints/breakout_27bricks_v2/ckpt-1550
Scheduled replay buffer save: checkpoints/breakout_27bricks_v2/replay-1550.npz transitions=200000
Saved replay buffer: checkpoints/breakout_27bricks_v2/replay-1550.npz transitions=200000
episode=1552
  mode      collector=async  worker=1  epsilon=0.003
  outcome   reward=-8.012999999999998  success=0/1 (0.00%)  steps=mean:330.0 range:[330,330]
  training  completed=1551/2500  queue=0/256 (0%)  replay=200000/200000  updates=200  loss=0.02069  policy_version=1143
  throughput env_steps_s=320.9  transitions_s=320.9  transitions_step=1.0  updates_s=80.4  updates_throttled=0
episode=1543
  mode      collector=async  worker=2  epsilon=0.003
  outcome   reward=0.8645000000001826  success=0/1 (0.00%)  steps=mean:1555.0 range:[1555,1555]
  training  completed=1552/2500  queue=0/256 (0%)  replay=200000/200000  updates=1  loss=0.01581  policy_version=1143
  throughput env_steps_s=381.9  transitions_s=381.9  transitions_step=1.0  updates_s=63.7  updates_throttled=0
episode=1548
  mode      collector=async  worker=0  epsilon=0.003
  outcome   reward=-4.069800000000026  success=0/1 (0.00%)  steps=mean:898.0 range:[898,898]
  training  completed=1553/2500  queue=0/256 (0%)  replay=200000/200000  updates=76  loss=0.01813  policy_version=1144
  throughput env_steps_s=322.9  transitions_s=322.9  transitions_step=1.0  updates_s=81.3  updates_throttled=0
episode=1553
  mode      collector=async  worker=3  epsilon=0.003
  outcome   reward=-6.031800000000073  success=0/1 (0.00%)  steps=mean:518.0 range:[518,518]
  training  completed=1554/2500  queue=0/256 (0%)  replay=200000/200000  updates=243  loss=0.01740  policy_version=1146
  throughput env_steps_s=323.4  transitions_s=323.4  transitions_step=1.0  updates_s=80.8  updates_throttled=0
episode=1554
  mode      collector=async  worker=1  epsilon=0.003
  outcome   reward=-8.015099999999997  success=0/1 (0.00%)  steps=mean:351.0 range:[351,351]
  training  completed=1555/2500  queue=0/256 (0%)  replay=200000/200000  updates=32  loss=0.02080  policy_version=1147
  throughput env_steps_s=308.9  transitions_s=308.9  transitions_step=1.0  updates_s=77.8  updates_throttled=0
episode=1556
  mode      collector=async  worker=0  epsilon=0.003
  outcome   reward=-6.0144000000000295  success=0/1 (0.00%)  steps=mean:344.0 range:[344,344]
  training  completed=1556/2500  queue=0/256 (0%)  replay=200000/200000  updates=65  loss=0.01325  policy_version=1147
  throughput env_steps_s=325.1  transitions_s=325.1  transitions_step=1.0  updates_s=81.0  updates_throttled=0
episode=1559
  mode      collector=async  worker=0  epsilon=0.003
  outcome   reward=-8.017699999999998  success=0/1 (0.00%)  steps=mean:377.0 range:[377,377]
  training  completed=1557/2500  queue=0/256 (0%)  replay=200000/200000  updates=376  loss=0.01702  policy_version=1151
  throughput env_steps_s=327.6  transitions_s=327.6  transitions_step=1.0  updates_s=81.8  updates_throttled=0
episode=1558
  mode      collector=async  worker=1  epsilon=0.003
  outcome   reward=-7.028600000000016  success=0/1 (0.00%)  steps=mean:486.0 range:[486,486]
  training  completed=1558/2500  queue=0/256 (0%)  replay=200000/200000  updates=45  loss=0.02428  policy_version=1152
  throughput env_steps_s=328.3  transitions_s=328.3  transitions_step=1.0  updates_s=82.5  updates_throttled=0
episode=1555
  mode      collector=async  worker=2  epsilon=0.003
  outcome   reward=-3.083399999999946  success=0/1 (0.00%)  steps=mean:1034.0 range:[1034,1034]
  training  completed=1559/2500  queue=0/256 (0%)  replay=200000/200000  updates=201  loss=0.02318  policy_version=1154
  throughput env_steps_s=325.1  transitions_s=325.1  transitions_step=1.0  updates_s=81.3  updates_throttled=0
episode=1561
  mode      collector=async  worker=1  epsilon=0.003
  outcome   reward=-9.008799999999997  success=0/1 (0.00%)  steps=mean:288.0 range:[288,288]
  training  completed=1560/2500  queue=5/256 (2%)  replay=200000/200000  updates=81  loss=0.02494  policy_version=1154
  throughput env_steps_s=319.5  transitions_s=319.5  transitions_step=1.0  updates_s=80.4  updates_throttled=0
episode=1557
  mode      collector=async  worker=3  epsilon=0.003
  outcome   reward=-4.070599999999984  success=0/1 (0.00%)  steps=mean:906.0 range:[906,906]
  training  completed=1561/2500  queue=0/256 (0%)  replay=200000/200000  updates=106  loss=0.03166  policy_version=1155
  throughput env_steps_s=322.8  transitions_s=322.8  transitions_step=1.0  updates_s=80.1  updates_throttled=0
episode=1562
  mode      collector=async  worker=2  epsilon=0.003
  outcome   reward=-8.010199999999998  success=0/1 (0.00%)  steps=mean:302.0 range:[302,302]
  training  completed=1562/2500  queue=1/256 (0%)  replay=200000/200000  updates=116  loss=0.02676  policy_version=1157
  throughput env_steps_s=329.6  transitions_s=329.6  transitions_step=1.0  updates_s=82.9  updates_throttled=0
episode=1563
  mode      collector=async  worker=1  epsilon=0.003
  outcome   reward=-7.014100000000029  success=0/1 (0.00%)  steps=mean:341.0 range:[341,341]
  training  completed=1563/2500  queue=0/256 (0%)  replay=200000/200000  updates=117  loss=0.02691  policy_version=1158
  throughput env_steps_s=329.9  transitions_s=329.9  transitions_step=1.0  updates_s=82.1  updates_throttled=0
episode=1564
  mode      collector=async  worker=3  epsilon=0.003
  outcome   reward=-8.014199999999997  success=0/1 (0.00%)  steps=mean:342.0 range:[342,342]
  training  completed=1564/2500  queue=2/256 (1%)  replay=200000/200000  updates=113  loss=0.02326  policy_version=1159
  throughput env_steps_s=320.1  transitions_s=320.1  transitions_step=1.0  updates_s=80.4  updates_throttled=0
episode=1567
  mode      collector=async  worker=3  epsilon=0.003
  outcome   reward=-8.014899999999997  success=0/1 (0.00%)  steps=mean:349.0 range:[349,349]
  training  completed=1565/2500  queue=0/256 (0%)  replay=200000/200000  updates=354  loss=0.03041  policy_version=1162
  throughput env_steps_s=323.4  transitions_s=323.4  transitions_step=1.0  updates_s=80.7  updates_throttled=0
episode=1565
  mode      collector=async  worker=2  epsilon=0.003
  outcome   reward=-3.039600000000031  success=0/1 (0.00%)  steps=mean:596.0 range:[596,596]
  training  completed=1566/2500  queue=0/256 (0%)  replay=200000/200000  updates=12  loss=0.01658  policy_version=1163
  throughput env_steps_s=327.0  transitions_s=327.0  transitions_step=1.0  updates_s=81.8  updates_throttled=0
episode=1569
  mode      collector=async  worker=2  epsilon=0.003
  outcome   reward=-8.997599999999998  success=0/1 (0.00%)  steps=mean:176.0 range:[176,176]
  training  completed=1567/2500  queue=0/256 (0%)  replay=200000/200000  updates=179  loss=0.03168  policy_version=1164
  throughput env_steps_s=324.3  transitions_s=324.3  transitions_step=1.0  updates_s=81.4  updates_throttled=0
episode=1566
  mode      collector=async  worker=1  epsilon=0.003
  outcome   reward=-5.052900000000009  success=0/1 (0.00%)  steps=mean:729.0 range:[729,729]
  training  completed=1568/2500  queue=2/256 (1%)  replay=200000/200000  updates=70  loss=0.03029  policy_version=1165
  throughput env_steps_s=326.9  transitions_s=326.9  transitions_step=1.0  updates_s=81.7  updates_throttled=0
episode=1570
  mode      collector=async  worker=2  epsilon=0.003
  outcome   reward=-7.034200000000014  success=0/1 (0.00%)  steps=mean:542.0 range:[542,542]
  training  completed=1569/2500  queue=0/256 (0%)  replay=200000/200000  updates=473  loss=0.02620  policy_version=1170
  throughput env_steps_s=325.7  transitions_s=325.7  transitions_step=1.0  updates_s=81.4  updates_throttled=0
episode=1560
  mode      collector=async  worker=0  epsilon=0.003
  outcome   reward=3.827800000000215  success=0/1 (0.00%)  steps=mean:1922.0 range:[1922,1922]
  training  completed=1570/2500  queue=0/256 (0%)  replay=200000/200000  updates=56  loss=0.02728  policy_version=1170
  throughput env_steps_s=322.3  transitions_s=322.3  transitions_step=1.0  updates_s=80.9  updates_throttled=0
episode=1572
  mode      collector=async  worker=2  epsilon=0.003
  outcome   reward=-9.0041  success=0/1 (0.00%)  steps=mean:241.0 range:[241,241]
  training  completed=1571/2500  queue=0/256 (0%)  replay=200000/200000  updates=177  loss=0.02526  policy_version=1172
  throughput env_steps_s=329.4  transitions_s=329.4  transitions_step=1.0  updates_s=82.1  updates_throttled=0
episode=1573
  mode      collector=async  worker=0  epsilon=0.003
  outcome   reward=-9.0048  success=0/1 (0.00%)  steps=mean:248.0 range:[248,248]
  training  completed=1572/2500  queue=0/256 (0%)  replay=200000/200000  updates=72  loss=0.01809  policy_version=1173
  throughput env_steps_s=315.7  transitions_s=315.7  transitions_step=1.0  updates_s=78.9  updates_throttled=0
episode=1575
  mode      collector=async  worker=0  epsilon=0.003
  outcome   reward=-10.006  success=0/1 (0.00%)  steps=mean:60.0 range:[60,60]
  training  completed=1573/2500  queue=2/256 (1%)  replay=200000/200000  updates=61  loss=0.02470  policy_version=1173
  throughput env_steps_s=309.3  transitions_s=309.3  transitions_step=1.0  updates_s=78.3  updates_throttled=0
episode=1571
  mode      collector=async  worker=1  epsilon=0.003
  outcome   reward=-5.071800000000041  success=0/1 (0.00%)  steps=mean:918.0 range:[918,918]
  training  completed=1574/2500  queue=0/256 (0%)  replay=200000/200000  updates=80  loss=0.02387  policy_version=1174
  throughput env_steps_s=327.1  transitions_s=327.1  transitions_step=1.0  updates_s=81.0  updates_throttled=0
episode=1574
  mode      collector=async  worker=2  epsilon=0.003
  outcome   reward=-9.0034  success=0/1 (0.00%)  steps=mean:234.0 range:[234,234]
  training  completed=1575/2500  queue=0/256 (0%)  replay=200000/200000  updates=21  loss=0.01443  policy_version=1174
  throughput env_steps_s=311.7  transitions_s=311.7  transitions_step=1.0  updates_s=79.8  updates_throttled=0
Saved checkpoint: checkpoints/breakout_27bricks_v2/ckpt-1575
Scheduled replay buffer save: checkpoints/breakout_27bricks_v2/replay-1575.npz transitions=200000
Saved replay buffer: checkpoints/breakout_27bricks_v2/replay-1575.npz transitions=200000
episode=1568
  mode      collector=async  worker=3  epsilon=0.003
  outcome   reward=-1.1412999999997862  success=0/1 (0.00%)  steps=mean:1613.0 range:[1613,1613]
  training  completed=1576/2500  queue=0/256 (0%)  replay=200000/200000  updates=416  loss=0.02438  policy_version=1179
  throughput env_steps_s=319.1  transitions_s=319.1  transitions_step=1.0  updates_s=79.7  updates_throttled=0
episode=1576
  mode      collector=async  worker=0  epsilon=0.003
  outcome   reward=-6.0432000000000565  success=0/1 (0.00%)  steps=mean:632.0 range:[632,632]
  training  completed=1577/2500  queue=0/256 (0%)  replay=200000/200000  updates=112  loss=0.03425  policy_version=1180
  throughput env_steps_s=325.6  transitions_s=325.6  transitions_step=1.0  updates_s=81.6  updates_throttled=0
episode=1580
  mode      collector=async  worker=0  epsilon=0.003
  outcome   reward=-10.006  success=0/1 (0.00%)  steps=mean:60.0 range:[60,60]
  training  completed=1578/2500  queue=0/256 (0%)  replay=200000/200000  updates=62  loss=0.02592  policy_version=1180
  throughput env_steps_s=322.7  transitions_s=322.7  transitions_step=1.0  updates_s=80.3  updates_throttled=0
episode=1577
  mode      collector=async  worker=1  epsilon=0.003
  outcome   reward=-4.057100000000053  success=0/1 (0.00%)  steps=mean:771.0 range:[771,771]
  training  completed=1579/2500  queue=0/256 (0%)  replay=200000/200000  updates=162  loss=0.02745  policy_version=1182
  throughput env_steps_s=324.0  transitions_s=324.0  transitions_step=1.0  updates_s=80.9  updates_throttled=0
episode=1579
  mode      collector=async  worker=3  epsilon=0.003
  outcome   reward=-8.014799999999997  success=0/1 (0.00%)  steps=mean:348.0 range:[348,348]
  training  completed=1580/2500  queue=2/256 (1%)  replay=200000/200000  updates=16  loss=0.01234  policy_version=1182
  throughput env_steps_s=310.6  transitions_s=310.6  transitions_step=1.0  updates_s=77.6  updates_throttled=0
episode=1578
  mode      collector=async  worker=2  epsilon=0.003
  outcome   reward=-6.0602000000000835  success=0/1 (0.00%)  steps=mean:802.0 range:[802,802]
  training  completed=1581/2500  queue=0/256 (0%)  replay=200000/200000  updates=27  loss=0.01141  policy_version=1182
  throughput env_steps_s=332.7  transitions_s=332.7  transitions_step=1.0  updates_s=85.6  updates_throttled=0
episode=1584
  mode      collector=async  worker=2  epsilon=0.003
  outcome   reward=-10.0061  success=0/1 (0.00%)  steps=mean:61.0 range:[61,61]
  training  completed=1582/2500  queue=0/256 (0%)  replay=200000/200000  updates=60  loss=0.01063  policy_version=1183
  throughput env_steps_s=324.4  transitions_s=324.4  transitions_step=1.0  updates_s=80.8  updates_throttled=0
episode=1585
  mode      collector=async  worker=2  epsilon=0.003
  outcome   reward=-7.997900000000013  success=0/1 (0.00%)  steps=mean:179.0 range:[179,179]
  training  completed=1583/2500  queue=0/256 (0%)  replay=200000/200000  updates=176  loss=0.02774  policy_version=1185
  throughput env_steps_s=327.1  transitions_s=327.1  transitions_step=1.0  updates_s=81.8  updates_throttled=0
episode=1583
  mode      collector=async  worker=3  epsilon=0.003
  outcome   reward=-7.02100000000003  success=0/1 (0.00%)  steps=mean:410.0 range:[410,410]
  training  completed=1584/2500  queue=0/256 (0%)  replay=200000/200000  updates=147  loss=0.02283  policy_version=1186
  throughput env_steps_s=326.9  transitions_s=326.9  transitions_step=1.0  updates_s=81.4  updates_throttled=0
episode=1587
  mode      collector=async  worker=3  epsilon=0.003
  outcome   reward=-9.0041  success=0/1 (0.00%)  steps=mean:241.0 range:[241,241]
  training  completed=1585/2500  queue=0/256 (0%)  replay=200000/200000  updates=246  loss=0.02413  policy_version=1189
  throughput env_steps_s=321.7  transitions_s=321.7  transitions_step=1.0  updates_s=80.4  updates_throttled=0
episode=1586
  mode      collector=async  worker=2  epsilon=0.003
  outcome   reward=-8.021799999999997  success=0/1 (0.00%)  steps=mean:418.0 range:[418,418]
  training  completed=1586/2500  queue=1/256 (0%)  replay=200000/200000  updates=19  loss=0.01000  policy_version=1189
  throughput env_steps_s=300.1  transitions_s=300.1  transitions_step=1.0  updates_s=78.1  updates_throttled=0
episode=1582
  mode      collector=async  worker=1  epsilon=0.003
  outcome   reward=-3.0494000000000137  success=0/1 (0.00%)  steps=mean:694.0 range:[694,694]
  training  completed=1587/2500  queue=0/256 (0%)  replay=200000/200000  updates=12  loss=0.04673  policy_version=1189
  throughput env_steps_s=319.8  transitions_s=319.8  transitions_step=1.0  updates_s=76.8  updates_throttled=0
episode=1590
  mode      collector=async  worker=1  epsilon=0.003
  outcome   reward=-9.003899999999998  success=0/1 (0.00%)  steps=mean:239.0 range:[239,239]
  training  completed=1588/2500  queue=2/256 (1%)  replay=200000/200000  updates=236  loss=0.02975  policy_version=1191
  throughput env_steps_s=321.3  transitions_s=321.3  transitions_step=1.0  updates_s=80.4  updates_throttled=0
episode=1591
  mode      collector=async  worker=1  epsilon=0.003
  outcome   reward=-10.0064  success=0/1 (0.00%)  steps=mean:64.0 range:[64,64]
  training  completed=1589/2500  queue=0/256 (0%)  replay=200000/200000  updates=62  loss=0.02666  policy_version=1192
  throughput env_steps_s=324.7  transitions_s=324.7  transitions_step=1.0  updates_s=81.5  updates_throttled=0
episode=1581
  mode      collector=async  worker=0  epsilon=0.003
  outcome   reward=-2.1018999999999304  success=0/1 (0.00%)  steps=mean:1219.0 range:[1219,1219]
  training  completed=1590/2500  queue=0/256 (0%)  replay=200000/200000  updates=50  loss=0.02703  policy_version=1192
  throughput env_steps_s=324.9  transitions_s=324.9  transitions_step=1.0  updates_s=80.4  updates_throttled=0
episode=1592
  mode      collector=async  worker=1  epsilon=0.003
  outcome   reward=-10.0062  success=0/1 (0.00%)  steps=mean:62.0 range:[62,62]
  training  completed=1591/2500  queue=0/256 (0%)  replay=200000/200000  updates=12  loss=0.01178  policy_version=1193
  throughput env_steps_s=332.1  transitions_s=332.1  transitions_step=1.0  updates_s=83.0  updates_throttled=0
episode=1589
  mode      collector=async  worker=2  epsilon=0.003
  outcome   reward=-6.034900000000009  success=0/1 (0.00%)  steps=mean:549.0 range:[549,549]
  training  completed=1592/2500  queue=0/256 (0%)  replay=200000/200000  updates=183  loss=0.02650  policy_version=1194
  throughput env_steps_s=323.7  transitions_s=323.7  transitions_step=1.0  updates_s=80.8  updates_throttled=0
episode=1594
  mode      collector=async  worker=1  epsilon=0.003
  outcome   reward=-8.015399999999998  success=0/1 (0.00%)  steps=mean:354.0 range:[354,354]
  training  completed=1593/2500  queue=0/256 (0%)  replay=200000/200000  updates=172  loss=0.02685  policy_version=1196
  throughput env_steps_s=328.9  transitions_s=328.9  transitions_step=1.0  updates_s=82.6  updates_throttled=0
episode=1593
  mode      collector=async  worker=0  epsilon=0.003
  outcome   reward=-8.018899999999997  success=0/1 (0.00%)  steps=mean:389.0 range:[389,389]
  training  completed=1594/2500  queue=0/256 (0%)  replay=200000/200000  updates=20  loss=0.04519  policy_version=1196
  throughput env_steps_s=331.6  transitions_s=331.6  transitions_step=1.0  updates_s=82.9  updates_throttled=0
episode=1595
  mode      collector=async  worker=2  epsilon=0.003
  outcome   reward=-9.005199999999999  success=0/1 (0.00%)  steps=mean:252.0 range:[252,252]
  training  completed=1595/2500  queue=0/256 (0%)  replay=200000/200000  updates=65  loss=0.02537  policy_version=1197
  throughput env_steps_s=321.9  transitions_s=321.9  transitions_step=1.0  updates_s=79.9  updates_throttled=0
episode=1588
  mode      collector=async  worker=3  epsilon=0.003
  outcome   reward=-4.079399999999984  success=0/1 (0.00%)  steps=mean:994.0 range:[994,994]
  training  completed=1596/2500  queue=0/256 (0%)  replay=200000/200000  updates=162  loss=0.03217  policy_version=1199
  throughput env_steps_s=320.1  transitions_s=320.1  transitions_step=1.0  updates_s=80.2  updates_throttled=0
episode=1596
  mode      collector=async  worker=1  epsilon=0.003
  outcome   reward=-9.0048  success=0/1 (0.00%)  steps=mean:248.0 range:[248,248]
  training  completed=1597/2500  queue=0/256 (0%)  replay=200000/200000  updates=3  loss=0.04470  policy_version=1199
  throughput env_steps_s=341.4  transitions_s=341.4  transitions_step=1.0  updates_s=73.2  updates_throttled=0
episode=1597
  mode      collector=async  worker=0  epsilon=0.003
  outcome   reward=-9.0048  success=0/1 (0.00%)  steps=mean:248.0 range:[248,248]
  training  completed=1598/2500  queue=0/256 (0%)  replay=200000/200000  updates=14  loss=0.02273  policy_version=1199
  throughput env_steps_s=339.4  transitions_s=339.4  transitions_step=1.0  updates_s=88.0  updates_throttled=0
episode=1599
  mode      collector=async  worker=3  epsilon=0.003
  outcome   reward=-6.039700000000049  success=0/1 (0.00%)  steps=mean:597.0 range:[597,597]
  training  completed=1599/2500  queue=0/256 (0%)  replay=200000/200000  updates=579  loss=0.03026  policy_version=1205
  throughput env_steps_s=322.4  transitions_s=322.4  transitions_step=1.0  updates_s=80.6  updates_throttled=0
episode=1602
  mode      collector=async  worker=3  epsilon=0.003
  outcome   reward=-9.004299999999999  success=0/1 (0.00%)  steps=mean:243.0 range:[243,243]
  training  completed=1600/2500  queue=2/256 (1%)  replay=200000/200000  updates=244  loss=0.02927  policy_version=1207
  throughput env_steps_s=322.4  transitions_s=322.4  transitions_step=1.0  updates_s=80.5  updates_throttled=0
Saved checkpoint: checkpoints/breakout_27bricks_v2/ckpt-1600
Scheduled replay buffer save: checkpoints/breakout_27bricks_v2/replay-1600.npz transitions=200000
Evaluating frozen checkpoint episode=1600 episodes=20 metric=auto...
Saved replay buffer: checkpoints/breakout_27bricks_v2/replay-1600.npz transitions=200000
episode=1600
  mode      collector=async  worker=1  epsilon=0.003
  outcome   reward=-3.08100000000001  success=0/1 (0.00%)  steps=mean:1010.0 range:[1010,1010]
  training  completed=1601/2500  queue=0/256 (0%)  replay=200000/200000  updates=169  loss=0.02458  policy_version=1209
  throughput env_steps_s=267.3  transitions_s=267.3  transitions_step=1.0  updates_s=66.8  updates_throttled=0
episode=1601
  mode      collector=async  worker=0  epsilon=0.003
  outcome   reward=-3.078699999999988  success=0/1 (0.00%)  steps=mean:987.0 range:[987,987]
  training  completed=1602/2500  queue=1/256 (0%)  replay=200000/200000  updates=8  loss=0.02369  policy_version=1209
  throughput env_steps_s=260.1  transitions_s=260.1  transitions_step=1.0  updates_s=71.8  updates_throttled=0
episode=1605
  mode      collector=async  worker=0  epsilon=0.003
  outcome   reward=-10.0061  success=0/1 (0.00%)  steps=mean:61.0 range:[61,61]
  training  completed=1603/2500  queue=0/256 (0%)  replay=200000/200000  updates=61  loss=0.02075  policy_version=1209
  throughput env_steps_s=273.2  transitions_s=273.2  transitions_step=1.0  updates_s=67.7  updates_throttled=0
episode=1604
  mode      collector=async  worker=1  epsilon=0.003
  outcome   reward=-8.999099999999999  success=0/1 (0.00%)  steps=mean:191.0 range:[191,191]
  training  completed=1604/2500  queue=0/256 (0%)  replay=200000/200000  updates=126  loss=0.02228  policy_version=1211
  throughput env_steps_s=269.2  transitions_s=269.2  transitions_step=1.0  updates_s=67.2  updates_throttled=0
episode=1603
  mode      collector=async  worker=3  epsilon=0.003
  outcome   reward=-8.017399999999997  success=0/1 (0.00%)  steps=mean:374.0 range:[374,374]
  training  completed=1605/2500  queue=0/256 (0%)  replay=200000/200000  updates=6  loss=0.08240  policy_version=1211
  throughput env_steps_s=293.7  transitions_s=293.7  transitions_step=1.0  updates_s=80.1  updates_throttled=0
episode=1598
  mode      collector=async  worker=2  epsilon=0.003
  outcome   reward=1.88030000000016  success=0/1 (0.00%)  steps=mean:1397.0 range:[1397,1397]
  training  completed=1606/2500  queue=1/256 (0%)  replay=200000/200000  updates=20  loss=0.01422  policy_version=1211
  throughput env_steps_s=266.6  transitions_s=266.6  transitions_step=1.0  updates_s=67.5  updates_throttled=0
episode=1608
  mode      collector=async  worker=3  epsilon=0.003
  outcome   reward=-9.000499999999999  success=0/1 (0.00%)  steps=mean:205.0 range:[205,205]
  training  completed=1607/2500  queue=0/256 (0%)  replay=200000/200000  updates=187  loss=0.02181  policy_version=1213
  throughput env_steps_s=274.9  transitions_s=274.9  transitions_step=1.0  updates_s=68.4  updates_throttled=0
episode=1610
  mode      collector=async  worker=3  epsilon=0.003
  outcome   reward=-9.002899999999999  success=0/1 (0.00%)  steps=mean:229.0 range:[229,229]
  training  completed=1608/2500  queue=0/256 (0%)  replay=200000/200000  updates=232  loss=0.03524  policy_version=1215
  throughput env_steps_s=275.5  transitions_s=275.5  transitions_step=1.0  updates_s=69.0  updates_throttled=0
episode=1607
  mode      collector=async  worker=1  epsilon=0.003
  outcome   reward=-7.038300000000016  success=0/1 (0.00%)  steps=mean:583.0 range:[583,583]
  training  completed=1609/2500  queue=0/256 (0%)  replay=200000/200000  updates=139  loss=0.02540  policy_version=1216
  throughput env_steps_s=275.0  transitions_s=275.0  transitions_step=1.0  updates_s=68.7  updates_throttled=0
episode=1609
  mode      collector=async  worker=2  epsilon=0.003
  outcome   reward=-6.03730000000005  success=0/1 (0.00%)  steps=mean:573.0 range:[573,573]
  training  completed=1610/2500  queue=0/256 (0%)  replay=200000/200000  updates=14  loss=0.02278  policy_version=1217
  throughput env_steps_s=257.7  transitions_s=257.7  transitions_step=1.0  updates_s=64.4  updates_throttled=0
episode=1611
  mode      collector=async  worker=3  epsilon=0.003
  outcome   reward=-9.0034  success=0/1 (0.00%)  steps=mean:234.0 range:[234,234]
  training  completed=1611/2500  queue=0/256 (0%)  replay=200000/200000  updates=79  loss=0.02900  policy_version=1217
  throughput env_steps_s=273.2  transitions_s=273.2  transitions_step=1.0  updates_s=67.9  updates_throttled=0
episode=1613
  mode      collector=async  worker=2  epsilon=0.003
  outcome   reward=-8.012399999999998  success=0/1 (0.00%)  steps=mean:324.0 range:[324,324]
  training  completed=1612/2500  queue=0/256 (0%)  replay=200000/200000  updates=244  loss=0.02429  policy_version=1220
  throughput env_steps_s=277.0  transitions_s=277.0  transitions_step=1.0  updates_s=69.3  updates_throttled=0
episode=1612
  mode      collector=async  worker=1  epsilon=0.003
  outcome   reward=-8.015899999999997  success=0/1 (0.00%)  steps=mean:359.0 range:[359,359]
  training  completed=1613/2500  queue=0/256 (0%)  replay=200000/200000  updates=22  loss=0.02447  policy_version=1220
  throughput env_steps_s=276.9  transitions_s=276.9  transitions_step=1.0  updates_s=70.0  updates_throttled=0
episode=1615
  mode      collector=async  worker=2  epsilon=0.003
  outcome   reward=-8.013899999999998  success=0/1 (0.00%)  steps=mean:339.0 range:[339,339]
  training  completed=1614/2500  queue=0/256 (0%)  replay=200000/200000  updates=316  loss=0.02022  policy_version=1223
  throughput env_steps_s=272.0  transitions_s=272.0  transitions_step=1.0  updates_s=68.0  updates_throttled=0
episode=1606
  mode      collector=async  worker=0  epsilon=0.003
  outcome   reward=-1.1213999999999018  success=0/1 (0.00%)  steps=mean:1414.0 range:[1414,1414]
  training  completed=1615/2500  queue=0/256 (0%)  replay=200000/200000  updates=22  loss=0.02000  policy_version=1223
  throughput env_steps_s=268.6  transitions_s=268.6  transitions_step=1.0  updates_s=65.6  updates_throttled=0
Frozen evaluation episode=1600: success=0/20 (0.00%) reward_mean=-7.8155 steps_mean=335.5
episode=1614
  mode      collector=async  worker=3  epsilon=0.003
  outcome   reward=-1.064599999999885  success=0/1 (0.00%)  steps=mean:846.0 range:[846,846]
  training  completed=1616/2500  queue=0/256 (0%)  replay=200000/200000  updates=255  loss=0.02108  policy_version=1226
  throughput env_steps_s=274.1  transitions_s=274.1  transitions_step=1.0  updates_s=68.6  updates_throttled=0
episode=1617
  mode      collector=async  worker=2  epsilon=0.003
  outcome   reward=-7.033100000000015  success=0/1 (0.00%)  steps=mean:531.0 range:[531,531]
  training  completed=1617/2500  queue=0/256 (0%)  replay=200000/200000  updates=248  loss=0.03037  policy_version=1228
  throughput env_steps_s=323.3  transitions_s=323.3  transitions_step=1.0  updates_s=80.8  updates_throttled=0
episode=1619
  mode      collector=async  worker=3  epsilon=0.003
  outcome   reward=-9.021099999999997  success=0/1 (0.00%)  steps=mean:411.0 range:[411,411]
  training  completed=1618/2500  queue=0/256 (0%)  replay=200000/200000  updates=159  loss=0.02593  policy_version=1230
  throughput env_steps_s=327.0  transitions_s=327.0  transitions_step=1.0  updates_s=81.6  updates_throttled=0
episode=1616
  mode      collector=async  worker=1  epsilon=0.003
  outcome   reward=-4.091699999999933  success=0/1 (0.00%)  steps=mean:1117.0 range:[1117,1117]
  training  completed=1619/2500  queue=2/256 (1%)  replay=200000/200000  updates=105  loss=0.03312  policy_version=1231
  throughput env_steps_s=324.6  transitions_s=324.6  transitions_step=1.0  updates_s=81.5  updates_throttled=0
episode=1618
  mode      collector=async  worker=0  epsilon=0.003
  outcome   reward=-4.061599999999947  success=0/1 (0.00%)  steps=mean:816.0 range:[816,816]
  training  completed=1620/2500  queue=3/256 (1%)  replay=200000/200000  updates=56  loss=0.01949  policy_version=1232
  throughput env_steps_s=316.9  transitions_s=316.9  transitions_step=1.0  updates_s=78.2  updates_throttled=0
episode=1620
  mode      collector=async  worker=2  epsilon=0.003
  outcome   reward=-7.026000000000016  success=0/1 (0.00%)  steps=mean:460.0 range:[460,460]
  training  completed=1621/2500  queue=0/256 (0%)  replay=200000/200000  updates=144  loss=0.02084  policy_version=1233
  throughput env_steps_s=330.8  transitions_s=330.8  transitions_step=1.0  updates_s=82.8  updates_throttled=0
episode=1622
  mode      collector=async  worker=1  epsilon=0.003
  outcome   reward=-9.002999999999998  success=0/1 (0.00%)  steps=mean:230.0 range:[230,230]
  training  completed=1622/2500  queue=0/256 (0%)  replay=200000/200000  updates=30  loss=0.03092  policy_version=1233
  throughput env_steps_s=324.6  transitions_s=324.6  transitions_step=1.0  updates_s=81.1  updates_throttled=0
episode=1623
  mode      collector=async  worker=0  epsilon=0.003
  outcome   reward=-9.003599999999999  success=0/1 (0.00%)  steps=mean:236.0 range:[236,236]
  training  completed=1623/2500  queue=0/256 (0%)  replay=200000/200000  updates=57  loss=0.02896  policy_version=1234
  throughput env_steps_s=321.9  transitions_s=321.9  transitions_step=1.0  updates_s=80.5  updates_throttled=0
episode=1621
  mode      collector=async  worker=3  epsilon=0.003
  outcome   reward=-7.02420000000002  success=0/1 (0.00%)  steps=mean:442.0 range:[442,442]
  training  completed=1624/2500  queue=0/256 (0%)  replay=200000/200000  updates=56  loss=0.02115  policy_version=1235
  throughput env_steps_s=321.1  transitions_s=321.1  transitions_step=1.0  updates_s=80.3  updates_throttled=0
episode=1624
  mode      collector=async  worker=2  epsilon=0.003
  outcome   reward=-8.999999999999998  success=0/1 (0.00%)  steps=mean:200.0 range:[200,200]
  training  completed=1625/2500  queue=0/256 (0%)  replay=200000/200000  updates=57  loss=0.01928  policy_version=1235
  throughput env_steps_s=329.9  transitions_s=329.9  transitions_step=1.0  updates_s=82.5  updates_throttled=0
Saved checkpoint: checkpoints/breakout_27bricks_v2/ckpt-1625
Scheduled replay buffer save: checkpoints/breakout_27bricks_v2/replay-1625.npz transitions=200000
Saved replay buffer: checkpoints/breakout_27bricks_v2/replay-1625.npz transitions=200000
episode=1625
  mode      collector=async  worker=1  epsilon=0.003
  outcome   reward=-9.002699999999999  success=0/1 (0.00%)  steps=mean:227.0 range:[227,227]
  training  completed=1626/2500  queue=0/256 (0%)  replay=200000/200000  updates=54  loss=0.03658  policy_version=1236
  throughput env_steps_s=295.5  transitions_s=295.5  transitions_step=1.0  updates_s=73.9  updates_throttled=0
episode=1627
  mode      collector=async  worker=3  epsilon=0.002
  outcome   reward=-7.031700000000015  success=0/1 (0.00%)  steps=mean:517.0 range:[517,517]
  training  completed=1627/2500  queue=1/256 (0%)  replay=200000/200000  updates=399  loss=0.03200  policy_version=1240
  throughput env_steps_s=323.8  transitions_s=323.8  transitions_step=1.0  updates_s=80.9  updates_throttled=0
episode=1628
  mode      collector=async  worker=2  epsilon=0.002
  outcome   reward=-8.025099999999997  success=0/1 (0.00%)  steps=mean:451.0 range:[451,451]
  training  completed=1628/2500  queue=3/256 (1%)  replay=200000/200000  updates=2  loss=0.00218  policy_version=1240
  throughput env_steps_s=283.9  transitions_s=283.9  transitions_step=1.0  updates_s=94.6  updates_throttled=0
episode=1629
  mode      collector=async  worker=1  epsilon=0.002
  outcome   reward=-7.0259000000000205  success=0/1 (0.00%)  steps=mean:459.0 range:[459,459]
  training  completed=1629/2500  queue=2/256 (1%)  replay=200000/200000  updates=58  loss=0.02766  policy_version=1240
  throughput env_steps_s=321.9  transitions_s=321.9  transitions_step=1.0  updates_s=80.5  updates_throttled=0
episode=1630
  mode      collector=async  worker=3  epsilon=0.002
  outcome   reward=-9.011699999999998  success=0/1 (0.00%)  steps=mean:317.0 range:[317,317]
  training  completed=1630/2500  queue=0/256 (0%)  replay=200000/200000  updates=256  loss=0.03464  policy_version=1243
  throughput env_steps_s=325.3  transitions_s=325.3  transitions_step=1.0  updates_s=81.3  updates_throttled=0
episode=1633
  mode      collector=async  worker=3  epsilon=0.002
  outcome   reward=-8.016199999999998  success=0/1 (0.00%)  steps=mean:362.0 range:[362,362]
  training  completed=1631/2500  queue=0/256 (0%)  replay=200000/200000  updates=357  loss=0.02643  policy_version=1246
  throughput env_steps_s=323.0  transitions_s=323.0  transitions_step=1.0  updates_s=80.6  updates_throttled=0
episode=1632
  mode      collector=async  worker=1  epsilon=0.002
  outcome   reward=-4.0690000000000195  success=0/1 (0.00%)  steps=mean:890.0 range:[890,890]
  training  completed=1632/2500  queue=0/256 (0%)  replay=200000/200000  updates=283  loss=0.03010  policy_version=1249
  throughput env_steps_s=323.8  transitions_s=323.8  transitions_step=1.0  updates_s=81.1  updates_throttled=0
episode=1631
  mode      collector=async  worker=2  epsilon=0.002
  outcome   reward=-3.0825999999999887  success=0/1 (0.00%)  steps=mean:1026.0 range:[1026,1026]
  training  completed=1633/2500  queue=0/256 (0%)  replay=200000/200000  updates=68  loss=0.02308  policy_version=1250
  throughput env_steps_s=327.1  transitions_s=327.1  transitions_step=1.0  updates_s=81.2  updates_throttled=0
episode=1634
  mode      collector=async  worker=3  epsilon=0.002
  outcome   reward=-7.028600000000014  success=0/1 (0.00%)  steps=mean:486.0 range:[486,486]
  training  completed=1634/2500  queue=0/256 (0%)  replay=200000/200000  updates=120  loss=0.04426  policy_version=1251
  throughput env_steps_s=329.9  transitions_s=329.9  transitions_step=1.0  updates_s=82.7  updates_throttled=0
episode=1635
  mode      collector=async  worker=1  epsilon=0.002
  outcome   reward=-9.0034  success=0/1 (0.00%)  steps=mean:234.0 range:[234,234]
  training  completed=1635/2500  queue=0/256 (0%)  replay=200000/200000  updates=50  loss=0.03612  policy_version=1252
  throughput env_steps_s=312.9  transitions_s=312.9  transitions_step=1.0  updates_s=78.6  updates_throttled=0
episode=1636
  mode      collector=async  worker=2  epsilon=0.002
  outcome   reward=-8.9986  success=0/1 (0.00%)  steps=mean:186.0 range:[186,186]
  training  completed=1636/2500  queue=0/256 (0%)  replay=200000/200000  updates=16  loss=0.02930  policy_version=1252
  throughput env_steps_s=305.2  transitions_s=305.2  transitions_step=1.0  updates_s=76.3  updates_throttled=0
episode=1637
  mode      collector=async  worker=3  epsilon=0.002
  outcome   reward=-8.9986  success=0/1 (0.00%)  steps=mean:186.0 range:[186,186]
  training  completed=1637/2500  queue=0/256 (0%)  replay=200000/200000  updates=117  loss=0.02395  policy_version=1253
  throughput env_steps_s=314.5  transitions_s=314.5  transitions_step=1.0  updates_s=78.3  updates_throttled=0
episode=1640
  mode      collector=async  worker=3  epsilon=0.002
  outcome   reward=-8.017599999999998  success=0/1 (0.00%)  steps=mean:376.0 range:[376,376]
  training  completed=1638/2500  queue=0/256 (0%)  replay=200000/200000  updates=376  loss=0.02658  policy_version=1257
  throughput env_steps_s=296.7  transitions_s=296.7  transitions_step=1.0  updates_s=74.2  updates_throttled=0
episode=1639
  mode      collector=async  worker=2  epsilon=0.002
  outcome   reward=-6.030100000000071  success=0/1 (0.00%)  steps=mean:501.0 range:[501,501]
  training  completed=1639/2500  queue=2/256 (1%)  replay=200000/200000  updates=5  loss=0.02111  policy_version=1257
  throughput env_steps_s=311.4  transitions_s=311.4  transitions_step=1.0  updates_s=91.6  updates_throttled=0
episode=1642
  mode      collector=async  worker=2  epsilon=0.002
  outcome   reward=-9.002699999999999  success=0/1 (0.00%)  steps=mean:227.0 range:[227,227]
  training  completed=1640/2500  queue=3/256 (1%)  replay=200000/200000  updates=227  loss=0.02657  policy_version=1259
  throughput env_steps_s=319.0  transitions_s=319.0  transitions_step=1.0  updates_s=79.7  updates_throttled=0
episode=1626
  mode      collector=async  worker=0  epsilon=0.002
  outcome   reward=8.77000000000043  success=0/1 (0.00%)  steps=mean:2500.0 range:[2500,2500]
  training  completed=1641/2500  queue=0/256 (0%)  replay=200000/200000  updates=20  loss=0.03151  policy_version=1259
  throughput env_steps_s=340.1  transitions_s=340.1  transitions_step=1.0  updates_s=84.0  updates_throttled=0
episode=1643
  mode      collector=async  worker=2  epsilon=0.002
  outcome   reward=-9.005299999999998  success=0/1 (0.00%)  steps=mean:253.0 range:[253,253]
  training  completed=1642/2500  queue=0/256 (0%)  replay=200000/200000  updates=235  loss=0.02708  policy_version=1262
  throughput env_steps_s=311.7  transitions_s=311.7  transitions_step=1.0  updates_s=77.8  updates_throttled=0
episode=1645
  mode      collector=async  worker=2  epsilon=0.002
  outcome   reward=-8.016399999999997  success=0/1 (0.00%)  steps=mean:364.0 range:[364,364]
  training  completed=1643/2500  queue=0/256 (0%)  replay=200000/200000  updates=361  loss=0.02565  policy_version=1265
  throughput env_steps_s=320.7  transitions_s=320.7  transitions_step=1.0  updates_s=80.2  updates_throttled=0
episode=1638
  mode      collector=async  worker=1  epsilon=0.002
  outcome   reward=-1.1278999999998902  success=0/1 (0.00%)  steps=mean:1479.0 range:[1479,1479]
  training  completed=1644/2500  queue=0/256 (0%)  replay=200000/200000  updates=122  loss=0.02623  policy_version=1266
  throughput env_steps_s=309.3  transitions_s=309.3  transitions_step=1.0  updates_s=77.2  updates_throttled=0
episode=1647
  mode      collector=async  worker=1  epsilon=0.002
  outcome   reward=-9.003499999999999  success=0/1 (0.00%)  steps=mean:235.0 range:[235,235]
  training  completed=1645/2500  queue=0/256 (0%)  replay=200000/200000  updates=235  loss=0.02884  policy_version=1269
  throughput env_steps_s=317.8  transitions_s=317.8  transitions_step=1.0  updates_s=79.4  updates_throttled=0
episode=1641
  mode      collector=async  worker=3  epsilon=0.002
  outcome   reward=-2.1097000000000135  success=0/1 (0.00%)  steps=mean:1297.0 range:[1297,1297]
  training  completed=1646/2500  queue=1/256 (0%)  replay=200000/200000  updates=97  loss=0.02674  policy_version=1270
  throughput env_steps_s=317.5  transitions_s=317.5  transitions_step=1.0  updates_s=80.0  updates_throttled=0
episode=1646
  mode      collector=async  worker=2  epsilon=0.002
  outcome   reward=-7.026000000000023  success=0/1 (0.00%)  steps=mean:460.0 range:[460,460]
  training  completed=1647/2500  queue=0/256 (0%)  replay=200000/200000  updates=2  loss=0.01152  policy_version=1270
  throughput env_steps_s=369.9  transitions_s=369.9  transitions_step=1.0  updates_s=74.0  updates_throttled=0
episode=1650
  mode      collector=async  worker=2  epsilon=0.002
  outcome   reward=-5.026000000000022  success=0/1 (0.00%)  steps=mean:460.0 range:[460,460]
  training  completed=1648/2500  queue=0/256 (0%)  replay=200000/200000  updates=457  loss=0.02568  policy_version=1274
  throughput env_steps_s=315.9  transitions_s=315.9  transitions_step=1.0  updates_s=79.0  updates_throttled=0
episode=1644
  mode      collector=async  worker=0  epsilon=0.002
  outcome   reward=-1.1512999999998694  success=0/1 (0.00%)  steps=mean:1713.0 range:[1713,1713]
  training  completed=1649/2500  queue=1/256 (0%)  replay=200000/200000  updates=211  loss=0.02556  policy_version=1276
  throughput env_steps_s=309.6  transitions_s=309.6  transitions_step=1.0  updates_s=77.5  updates_throttled=0
episode=1648
  mode      collector=async  worker=1  epsilon=0.002
  outcome   reward=-5.064800000000048  success=0/1 (0.00%)  steps=mean:848.0 range:[848,848]
  training  completed=1650/2500  queue=0/256 (0%)  replay=200000/200000  updates=90  loss=0.02270  policy_version=1277
  throughput env_steps_s=318.8  transitions_s=318.8  transitions_step=1.0  updates_s=79.7  updates_throttled=0
Saved checkpoint: checkpoints/breakout_27bricks_v2/ckpt-1650
Scheduled replay buffer save: checkpoints/breakout_27bricks_v2/replay-1650.npz transitions=200000
Saved replay buffer: checkpoints/breakout_27bricks_v2/replay-1650.npz transitions=200000
episode=1652
  mode      collector=async  worker=0  epsilon=0.002
  outcome   reward=-8.013199999999998  success=0/1 (0.00%)  steps=mean:332.0 range:[332,332]
  training  completed=1651/2500  queue=0/256 (0%)  replay=200000/200000  updates=251  loss=0.02736  policy_version=1280
  throughput env_steps_s=312.3  transitions_s=312.3  transitions_step=1.0  updates_s=78.0  updates_throttled=0
episode=1649
  mode      collector=async  worker=3  epsilon=0.002
  outcome   reward=-1.088199999999988  success=0/1 (0.00%)  steps=mean:1082.0 range:[1082,1082]
  training  completed=1652/2500  queue=0/256 (0%)  replay=200000/200000  updates=61  loss=0.01802  policy_version=1280
  throughput env_steps_s=326.7  transitions_s=326.7  transitions_step=1.0  updates_s=81.4  updates_throttled=0
episode=1654
  mode      collector=async  worker=0  epsilon=0.002
  outcome   reward=-10.0059  success=0/1 (0.00%)  steps=mean:59.0 range:[59,59]
  training  completed=1653/2500  queue=0/256 (0%)  replay=200000/200000  updates=1  loss=0.02859  policy_version=1280
  throughput env_steps_s=418.1  transitions_s=418.1  transitions_step=1.0  updates_s=139.4  updates_throttled=0
episode=1651
  mode      collector=async  worker=2  epsilon=0.002
  outcome   reward=-6.046900000000024  success=0/1 (0.00%)  steps=mean:669.0 range:[669,669]
  training  completed=1654/2500  queue=2/256 (1%)  replay=200000/200000  updates=52  loss=0.01574  policy_version=1281
  throughput env_steps_s=321.6  transitions_s=321.6  transitions_step=1.0  updates_s=80.8  updates_throttled=0
episode=1653
  mode      collector=async  worker=1  epsilon=0.002
  outcome   reward=-7.017800000000044  success=0/1 (0.00%)  steps=mean:378.0 range:[378,378]
  training  completed=1655/2500  queue=0/256 (0%)  replay=200000/200000  updates=3  loss=0.03068  policy_version=1281
  throughput env_steps_s=346.0  transitions_s=346.0  transitions_step=1.0  updates_s=86.5  updates_throttled=0
episode=1658
  mode      collector=async  worker=1  epsilon=0.002
  outcome   reward=-9.003999999999998  success=0/1 (0.00%)  steps=mean:240.0 range:[240,240]
  training  completed=1656/2500  queue=0/256 (0%)  replay=200000/200000  updates=236  loss=0.02147  policy_version=1283
  throughput env_steps_s=316.3  transitions_s=316.3  transitions_step=1.0  updates_s=79.0  updates_throttled=0
episode=1655
  mode      collector=async  worker=3  epsilon=0.002
  outcome   reward=-7.0307000000000155  success=0/1 (0.00%)  steps=mean:507.0 range:[507,507]
  training  completed=1657/2500  queue=0/256 (0%)  replay=200000/200000  updates=224  loss=0.02802  policy_version=1286
  throughput env_steps_s=320.8  transitions_s=320.8  transitions_step=1.0  updates_s=80.3  updates_throttled=0
episode=1656
  mode      collector=async  worker=0  epsilon=0.002
  outcome   reward=-7.0318000000000165  success=0/1 (0.00%)  steps=mean:518.0 range:[518,518]
  training  completed=1658/2500  queue=0/256 (0%)  replay=200000/200000  updates=0  loss=0.00000  policy_version=1286
  throughput env_steps_s=361.8  transitions_s=361.8  transitions_step=1.0  updates_s=0.0  updates_throttled=0
episode=1657
  mode      collector=async  worker=2  epsilon=0.002
  outcome   reward=-6.041900000000085  success=0/1 (0.00%)  steps=mean:619.0 range:[619,619]
  training  completed=1659/2500  queue=0/256 (0%)  replay=200000/200000  updates=161  loss=0.02525  policy_version=1287
  throughput env_steps_s=321.3  transitions_s=321.3  transitions_step=1.0  updates_s=80.3  updates_throttled=0
episode=1661
  mode      collector=async  worker=0  epsilon=0.002
  outcome   reward=-7.018200000000016  success=0/1 (0.00%)  steps=mean:382.0 range:[382,382]
  training  completed=1660/2500  queue=6/256 (2%)  replay=200000/200000  updates=220  loss=0.02540  policy_version=1289
  throughput env_steps_s=317.0  transitions_s=317.0  transitions_step=1.0  updates_s=79.5  updates_throttled=0
episode=1662
  mode      collector=async  worker=2  epsilon=0.002
  outcome   reward=-9.004199999999999  success=0/1 (0.00%)  steps=mean:242.0 range:[242,242]
  training  completed=1661/2500  queue=1/256 (0%)  replay=200000/200000  updates=27  loss=0.01264  policy_version=1290
  throughput env_steps_s=336.6  transitions_s=336.6  transitions_step=1.0  updates_s=84.2  updates_throttled=0
episode=1663
  mode      collector=async  worker=0  epsilon=0.002
  outcome   reward=-7.026700000000016  success=0/1 (0.00%)  steps=mean:467.0 range:[467,467]
  training  completed=1662/2500  queue=0/256 (0%)  replay=200000/200000  updates=444  loss=0.02085  policy_version=1294
  throughput env_steps_s=319.8  transitions_s=319.8  transitions_step=1.0  updates_s=79.9  updates_throttled=0
episode=1659
  mode      collector=async  worker=1  epsilon=0.002
  outcome   reward=3.8822000000001076  success=0/1 (0.00%)  steps=mean:1378.0 range:[1378,1378]
  training  completed=1663/2500  queue=1/256 (0%)  replay=200000/200000  updates=289  loss=0.01696  policy_version=1297
  throughput env_steps_s=319.6  transitions_s=319.6  transitions_step=1.0  updates_s=80.0  updates_throttled=0
episode=1665
  mode      collector=async  worker=0  epsilon=0.002
  outcome   reward=-5.0380000000000535  success=0/1 (0.00%)  steps=mean:580.0 range:[580,580]
  training  completed=1664/2500  queue=0/256 (0%)  replay=200000/200000  updates=294  loss=0.02430  policy_version=1300
  throughput env_steps_s=315.9  transitions_s=315.9  transitions_step=1.0  updates_s=79.0  updates_throttled=0
episode=1664
  mode      collector=async  worker=2  epsilon=0.002
  outcome   reward=-0.106399999999919  success=0/1 (0.00%)  steps=mean:1264.0 range:[1264,1264]
  training  completed=1665/2500  queue=0/256 (0%)  replay=200000/200000  updates=227  loss=0.02455  policy_version=1302
  throughput env_steps_s=318.9  transitions_s=318.9  transitions_step=1.0  updates_s=79.6  updates_throttled=0
episode=1667
  mode      collector=async  worker=0  epsilon=0.002
  outcome   reward=-9.0041  success=0/1 (0.00%)  steps=mean:241.0 range:[241,241]
  training  completed=1666/2500  queue=0/256 (0%)  replay=200000/200000  updates=20  loss=0.02585  policy_version=1302
  throughput env_steps_s=333.3  transitions_s=333.3  transitions_step=1.0  updates_s=84.4  updates_throttled=0
episode=1666
  mode      collector=async  worker=1  epsilon=0.002
  outcome   reward=-8.045599999999993  success=0/1 (0.00%)  steps=mean:656.0 range:[656,656]
  training  completed=1667/2500  queue=2/256 (1%)  replay=200000/200000  updates=115  loss=0.02875  policy_version=1304
  throughput env_steps_s=314.0  transitions_s=314.0  transitions_step=1.0  updates_s=78.5  updates_throttled=0
episode=1660
  mode      collector=async  worker=3  epsilon=0.002
  outcome   reward=3.8271000000002253  success=0/1 (0.00%)  steps=mean:1929.0 range:[1929,1929]
  training  completed=1668/2500  queue=0/256 (0%)  replay=200000/200000  updates=129  loss=0.02021  policy_version=1305
  throughput env_steps_s=314.0  transitions_s=314.0  transitions_step=1.0  updates_s=78.2  updates_throttled=0
episode=1669
  mode      collector=async  worker=0  epsilon=0.002
  outcome   reward=-7.012600000000013  success=0/1 (0.00%)  steps=mean:326.0 range:[326,326]
  training  completed=1669/2500  queue=0/256 (0%)  replay=200000/200000  updates=86  loss=0.02734  policy_version=1306
  throughput env_steps_s=324.7  transitions_s=324.7  transitions_step=1.0  updates_s=81.2  updates_throttled=0
episode=1668
  mode      collector=async  worker=2  epsilon=0.002
  outcome   reward=-7.016200000000037  success=0/1 (0.00%)  steps=mean:362.0 range:[362,362]
  training  completed=1670/2500  queue=0/256 (0%)  replay=200000/200000  updates=15  loss=0.01383  policy_version=1306
  throughput env_steps_s=306.1  transitions_s=306.1  transitions_step=1.0  updates_s=76.5  updates_throttled=0
episode=1672
  mode      collector=async  worker=0  epsilon=0.002
  outcome   reward=-9.0048  success=0/1 (0.00%)  steps=mean:248.0 range:[248,248]
  training  completed=1671/2500  queue=1/256 (0%)  replay=200000/200000  updates=227  loss=0.01657  policy_version=1308
  throughput env_steps_s=316.8  transitions_s=316.8  transitions_step=1.0  updates_s=79.4  updates_throttled=0
episode=1670
  mode      collector=async  worker=1  epsilon=0.002
  outcome   reward=-7.030800000000014  success=0/1 (0.00%)  steps=mean:508.0 range:[508,508]
  training  completed=1672/2500  queue=0/256 (0%)  replay=200000/200000  updates=48  loss=0.01841  policy_version=1309
  throughput env_steps_s=339.2  transitions_s=339.2  transitions_step=1.0  updates_s=83.9  updates_throttled=0
episode=1671
  mode      collector=async  worker=3  epsilon=0.002
  outcome   reward=-7.020700000000019  success=0/1 (0.00%)  steps=mean:407.0 range:[407,407]
  training  completed=1673/2500  queue=0/256 (0%)  replay=200000/200000  updates=33  loss=0.03098  policy_version=1309
  throughput env_steps_s=316.9  transitions_s=316.9  transitions_step=1.0  updates_s=78.6  updates_throttled=0
episode=1673
  mode      collector=async  worker=2  epsilon=0.002
  outcome   reward=-8.016199999999998  success=0/1 (0.00%)  steps=mean:362.0 range:[362,362]
  training  completed=1674/2500  queue=2/256 (1%)  replay=200000/200000  updates=55  loss=0.01346  policy_version=1309
  throughput env_steps_s=329.3  transitions_s=329.3  transitions_step=1.0  updates_s=83.1  updates_throttled=0
episode=1674
  mode      collector=async  worker=0  epsilon=0.002
  outcome   reward=-5.036100000000017  success=0/1 (0.00%)  steps=mean:561.0 range:[561,561]
  training  completed=1675/2500  queue=0/256 (0%)  replay=200000/200000  updates=429  loss=0.01874  policy_version=1314
  throughput env_steps_s=321.2  transitions_s=321.2  transitions_step=1.0  updates_s=80.3  updates_throttled=0
Saved checkpoint: checkpoints/breakout_27bricks_v2/ckpt-1675
Scheduled replay buffer save: checkpoints/breakout_27bricks_v2/replay-1675.npz transitions=200000
Saved replay buffer: checkpoints/breakout_27bricks_v2/replay-1675.npz transitions=200000
episode=1677
  mode      collector=async  worker=2  epsilon=0.002
  outcome   reward=-7.036100000000015  success=0/1 (0.00%)  steps=mean:561.0 range:[561,561]
  training  completed=1676/2500  queue=0/256 (0%)  replay=200000/200000  updates=134  loss=0.02631  policy_version=1315
  throughput env_steps_s=308.2  transitions_s=308.2  transitions_step=1.0  updates_s=77.2  updates_throttled=0
episode=1676
  mode      collector=async  worker=3  epsilon=0.002
  outcome   reward=-6.048000000000046  success=0/1 (0.00%)  steps=mean:680.0 range:[680,680]
  training  completed=1677/2500  queue=0/256 (0%)  replay=200000/200000  updates=61  loss=0.02425  policy_version=1316
  throughput env_steps_s=313.0  transitions_s=313.0  transitions_step=1.0  updates_s=77.6  updates_throttled=0
episode=1675
  mode      collector=async  worker=1  epsilon=0.002
  outcome   reward=-4.060999999999972  success=0/1 (0.00%)  steps=mean:810.0 range:[810,810]
  training  completed=1678/2500  queue=1/256 (0%)  replay=200000/200000  updates=98  loss=0.03320  policy_version=1317
  throughput env_steps_s=319.2  transitions_s=319.2  transitions_step=1.0  updates_s=80.2  updates_throttled=0
episode=1681
  mode      collector=async  worker=1  epsilon=0.002
  outcome   reward=-9.003099999999998  success=0/1 (0.00%)  steps=mean:231.0 range:[231,231]
  training  completed=1679/2500  queue=0/256 (0%)  replay=200000/200000  updates=233  loss=0.02661  policy_version=1319
  throughput env_steps_s=316.2  transitions_s=316.2  transitions_step=1.0  updates_s=78.8  updates_throttled=0
episode=1680
  mode      collector=async  worker=3  epsilon=0.002
  outcome   reward=-7.0330000000000155  success=0/1 (0.00%)  steps=mean:530.0 range:[530,530]
  training  completed=1680/2500  queue=2/256 (1%)  replay=200000/200000  updates=192  loss=0.01989  policy_version=1321
  throughput env_steps_s=312.7  transitions_s=312.7  transitions_step=1.0  updates_s=78.4  updates_throttled=0
episode=1682
  mode      collector=async  worker=1  epsilon=0.002
  outcome   reward=-9.020099999999998  success=0/1 (0.00%)  steps=mean:401.0 range:[401,401]
  training  completed=1681/2500  queue=0/256 (0%)  replay=200000/200000  updates=211  loss=0.01980  policy_version=1323
  throughput env_steps_s=320.8  transitions_s=320.8  transitions_step=1.0  updates_s=80.0  updates_throttled=0
episode=1678
  mode      collector=async  worker=0  epsilon=0.002
  outcome   reward=-2.0769999999999573  success=0/1 (0.00%)  steps=mean:970.0 range:[970,970]
  training  completed=1682/2500  queue=1/256 (0%)  replay=200000/200000  updates=49  loss=0.01679  policy_version=1324
  throughput env_steps_s=298.2  transitions_s=298.2  transitions_step=1.0  updates_s=75.7  updates_throttled=0
episode=1679
  mode      collector=async  worker=2  epsilon=0.002
  outcome   reward=-5.068700000000035  success=0/1 (0.00%)  steps=mean:887.0 range:[887,887]
  training  completed=1683/2500  queue=0/256 (0%)  replay=200000/200000  updates=40  loss=0.01720  policy_version=1324
  throughput env_steps_s=309.1  transitions_s=309.1  transitions_step=1.0  updates_s=76.3  updates_throttled=0
episode=1684
  mode      collector=async  worker=1  epsilon=0.002
  outcome   reward=-8.014999999999997  success=0/1 (0.00%)  steps=mean:350.0 range:[350,350]
  training  completed=1684/2500  queue=0/256 (0%)  replay=200000/200000  updates=262  loss=0.02502  policy_version=1327
  throughput env_steps_s=318.8  transitions_s=318.8  transitions_step=1.0  updates_s=79.8  updates_throttled=0
episode=1685
  mode      collector=async  worker=0  epsilon=0.002
  outcome   reward=-7.014200000000038  success=0/1 (0.00%)  steps=mean:342.0 range:[342,342]
  training  completed=1685/2500  queue=0/256 (0%)  replay=200000/200000  updates=42  loss=0.01727  policy_version=1327
  throughput env_steps_s=316.7  transitions_s=316.7  transitions_step=1.0  updates_s=78.2  updates_throttled=0
episode=1683
  mode      collector=async  worker=3  epsilon=0.002
  outcome   reward=-6.050400000000021  success=0/1 (0.00%)  steps=mean:704.0 range:[704,704]
  training  completed=1686/2500  queue=0/256 (0%)  replay=200000/200000  updates=91  loss=0.02101  policy_version=1328
  throughput env_steps_s=320.2  transitions_s=320.2  transitions_step=1.0  updates_s=80.3  updates_throttled=0
episode=1686
  mode      collector=async  worker=2  epsilon=0.002
  outcome   reward=-7.030800000000015  success=0/1 (0.00%)  steps=mean:508.0 range:[508,508]
  training  completed=1687/2500  queue=2/256 (1%)  replay=200000/200000  updates=112  loss=0.02070  policy_version=1329
  throughput env_steps_s=325.7  transitions_s=325.7  transitions_step=1.0  updates_s=81.8  updates_throttled=0
episode=1688
  mode      collector=async  worker=0  epsilon=0.002
  outcome   reward=-9.005399999999998  success=0/1 (0.00%)  steps=mean:254.0 range:[254,254]
  training  completed=1688/2500  queue=0/256 (0%)  replay=200000/200000  updates=54  loss=0.01549  policy_version=1330
  throughput env_steps_s=328.2  transitions_s=328.2  transitions_step=1.0  updates_s=81.3  updates_throttled=0
episode=1687
  mode      collector=async  worker=1  epsilon=0.002
  outcome   reward=-8.020399999999997  success=0/1 (0.00%)  steps=mean:404.0 range:[404,404]
  training  completed=1689/2500  queue=1/256 (0%)  replay=200000/200000  updates=105  loss=0.01727  policy_version=1331
  throughput env_steps_s=322.1  transitions_s=322.1  transitions_step=1.0  updates_s=80.9  updates_throttled=0
episode=1690
  mode      collector=async  worker=2  epsilon=0.002
  outcome   reward=-8.999799999999999  success=0/1 (0.00%)  steps=mean:198.0 range:[198,198]
  training  completed=1690/2500  queue=0/256 (0%)  replay=200000/200000  updates=41  loss=0.02821  policy_version=1331
  throughput env_steps_s=317.5  transitions_s=317.5  transitions_step=1.0  updates_s=78.0  updates_throttled=0
episode=1689
  mode      collector=async  worker=3  epsilon=0.002
  outcome   reward=-8.019399999999997  success=0/1 (0.00%)  steps=mean:394.0 range:[394,394]
  training  completed=1691/2500  queue=0/256 (0%)  replay=200000/200000  updates=77  loss=0.00957  policy_version=1332
  throughput env_steps_s=315.5  transitions_s=315.5  transitions_step=1.0  updates_s=78.9  updates_throttled=0
episode=1692
  mode      collector=async  worker=1  epsilon=0.002
  outcome   reward=-8.999199999999998  success=0/1 (0.00%)  steps=mean:192.0 range:[192,192]
  training  completed=1692/2500  queue=2/256 (1%)  replay=200000/200000  updates=75  loss=0.01302  policy_version=1333
  throughput env_steps_s=327.9  transitions_s=327.9  transitions_step=1.0  updates_s=82.8  updates_throttled=0
episode=1694
  mode      collector=async  worker=3  epsilon=0.002
  outcome   reward=-9.001499999999998  success=0/1 (0.00%)  steps=mean:215.0 range:[215,215]
  training  completed=1693/2500  queue=0/256 (0%)  replay=200000/200000  updates=136  loss=0.01356  policy_version=1334
  throughput env_steps_s=327.6  transitions_s=327.6  transitions_step=1.0  updates_s=81.6  updates_throttled=0
episode=1693
  mode      collector=async  worker=2  epsilon=0.002
  outcome   reward=-8.017499999999997  success=0/1 (0.00%)  steps=mean:375.0 range:[375,375]
  training  completed=1694/2500  queue=0/256 (0%)  replay=200000/200000  updates=91  loss=0.01379  policy_version=1335
  throughput env_steps_s=323.3  transitions_s=323.3  transitions_step=1.0  updates_s=81.0  updates_throttled=0
episode=1695
  mode      collector=async  worker=1  epsilon=0.002
  outcome   reward=-9.0026  success=0/1 (0.00%)  steps=mean:226.0 range:[226,226]
  training  completed=1695/2500  queue=0/256 (0%)  replay=200000/200000  updates=4  loss=0.02947  policy_version=1335
  throughput env_steps_s=285.3  transitions_s=285.3  transitions_step=1.0  updates_s=71.3  updates_throttled=0
episode=1691
  mode      collector=async  worker=0  epsilon=0.002
  outcome   reward=-5.041400000000041  success=0/1 (0.00%)  steps=mean:614.0 range:[614,614]
  training  completed=1696/2500  queue=0/256 (0%)  replay=200000/200000  updates=89  loss=0.02036  policy_version=1336
  throughput env_steps_s=322.5  transitions_s=322.5  transitions_step=1.0  updates_s=80.4  updates_throttled=0
episode=1697
  mode      collector=async  worker=2  epsilon=0.002
  outcome   reward=-9.002299999999998  success=0/1 (0.00%)  steps=mean:223.0 range:[223,223]
  training  completed=1697/2500  queue=1/256 (0%)  replay=200000/200000  updates=129  loss=0.02190  policy_version=1337
  throughput env_steps_s=325.1  transitions_s=325.1  transitions_step=1.0  updates_s=81.6  updates_throttled=0
episode=1699
  mode      collector=async  worker=0  epsilon=0.002
  outcome   reward=-9.0048  success=0/1 (0.00%)  steps=mean:248.0 range:[248,248]
  training  completed=1698/2500  queue=0/256 (0%)  replay=200000/200000  updates=118  loss=0.01934  policy_version=1338
  throughput env_steps_s=322.6  transitions_s=322.6  transitions_step=1.0  updates_s=80.5  updates_throttled=0
episode=1700
  mode      collector=async  worker=2  epsilon=0.002
  outcome   reward=-8.024799999999995  success=0/1 (0.00%)  steps=mean:448.0 range:[448,448]
  training  completed=1699/2500  queue=1/256 (0%)  replay=200000/200000  updates=330  loss=0.02497  policy_version=1342
  throughput env_steps_s=324.5  transitions_s=324.5  transitions_step=1.0  updates_s=81.2  updates_throttled=0
episode=1698
  mode      collector=async  worker=1  epsilon=0.002
  outcome   reward=-6.049100000000047  success=0/1 (0.00%)  steps=mean:691.0 range:[691,691]
  training  completed=1700/2500  queue=3/256 (1%)  replay=200000/200000  updates=29  loss=0.01617  policy_version=1342
  throughput env_steps_s=315.5  transitions_s=315.5  transitions_step=1.0  updates_s=78.2  updates_throttled=0
Saved checkpoint: checkpoints/breakout_27bricks_v2/ckpt-1700
Scheduled replay buffer save: checkpoints/breakout_27bricks_v2/replay-1700.npz transitions=200000
Evaluating frozen checkpoint episode=1700 episodes=20 metric=auto...
Saved replay buffer: checkpoints/breakout_27bricks_v2/replay-1700.npz transitions=200000
episode=1696
  mode      collector=async  worker=3  epsilon=0.002
  outcome   reward=-5.06930000000006  success=0/1 (0.00%)  steps=mean:893.0 range:[893,893]
  training  completed=1701/2500  queue=2/256 (1%)  replay=200000/200000  updates=103  loss=0.01525  policy_version=1343
  throughput env_steps_s=249.4  transitions_s=249.4  transitions_step=1.0  updates_s=62.3  updates_throttled=0
episode=1703
  mode      collector=async  worker=1  epsilon=0.002
  outcome   reward=-9.0026  success=0/1 (0.00%)  steps=mean:226.0 range:[226,226]
  training  completed=1702/2500  queue=0/256 (0%)  replay=200000/200000  updates=119  loss=0.02096  policy_version=1344
  throughput env_steps_s=280.3  transitions_s=280.3  transitions_step=1.0  updates_s=69.9  updates_throttled=0
episode=1704
  mode      collector=async  worker=3  epsilon=0.002
  outcome   reward=-9.003499999999999  success=0/1 (0.00%)  steps=mean:235.0 range:[235,235]
  training  completed=1703/2500  queue=1/256 (0%)  replay=200000/200000  updates=113  loss=0.02068  policy_version=1345
  throughput env_steps_s=277.1  transitions_s=277.1  transitions_step=1.0  updates_s=69.6  updates_throttled=0
episode=1701
  mode      collector=async  worker=0  epsilon=0.002
  outcome   reward=-5.0530000000000115  success=0/1 (0.00%)  steps=mean:730.0 range:[730,730]
  training  completed=1704/2500  queue=0/256 (0%)  replay=200000/200000  updates=32  loss=0.02490  policy_version=1345
  throughput env_steps_s=284.0  transitions_s=284.0  transitions_step=1.0  updates_s=71.0  updates_throttled=0
episode=1707
  mode      collector=async  worker=0  epsilon=0.002
  outcome   reward=-6.043500000000047  success=0/1 (0.00%)  steps=mean:635.0 range:[635,635]
  training  completed=1705/2500  queue=0/256 (0%)  replay=200000/200000  updates=638  loss=0.02013  policy_version=1352
  throughput env_steps_s=270.5  transitions_s=270.5  transitions_step=1.0  updates_s=67.6  updates_throttled=0
episode=1702
  mode      collector=async  worker=2  epsilon=0.002
  outcome   reward=-1.1044999999999163  success=0/1 (0.00%)  steps=mean:1245.0 range:[1245,1245]
  training  completed=1706/2500  queue=0/256 (0%)  replay=200000/200000  updates=224  loss=0.02139  policy_version=1354
  throughput env_steps_s=271.0  transitions_s=271.0  transitions_step=1.0  updates_s=67.8  updates_throttled=0
episode=1706
  mode      collector=async  worker=3  epsilon=0.002
  outcome   reward=-2.08509999999995  success=0/1 (0.00%)  steps=mean:1051.0 range:[1051,1051]
  training  completed=1707/2500  queue=0/256 (0%)  replay=200000/200000  updates=145  loss=0.01703  policy_version=1356
  throughput env_steps_s=271.3  transitions_s=271.3  transitions_step=1.0  updates_s=67.8  updates_throttled=0
episode=1705
  mode      collector=async  worker=1  epsilon=0.002
  outcome   reward=0.8906000000000525  success=0/1 (0.00%)  steps=mean:1294.0 range:[1294,1294]
  training  completed=1708/2500  queue=2/256 (1%)  replay=200000/200000  updates=138  loss=0.01619  policy_version=1357
  throughput env_steps_s=267.6  transitions_s=267.6  transitions_step=1.0  updates_s=67.1  updates_throttled=0
episode=1710
  mode      collector=async  worker=3  epsilon=0.002
  outcome   reward=-9.0026  success=0/1 (0.00%)  steps=mean:226.0 range:[226,226]
  training  completed=1709/2500  queue=0/256 (0%)  replay=200000/200000  updates=90  loss=0.01970  policy_version=1358
  throughput env_steps_s=273.5  transitions_s=273.5  transitions_step=1.0  updates_s=68.0  updates_throttled=0
episode=1709
  mode      collector=async  worker=2  epsilon=0.002
  outcome   reward=-8.019699999999997  success=0/1 (0.00%)  steps=mean:397.0 range:[397,397]
  training  completed=1710/2500  queue=0/256 (0%)  replay=200000/200000  updates=22  loss=0.03146  policy_version=1358
  throughput env_steps_s=281.0  transitions_s=281.0  transitions_step=1.0  updates_s=70.2  updates_throttled=0
Frozen evaluation episode=1700: success=0/20 (0.00%) reward_mean=-8.2615 steps_mean=314.6
episode=1712
  mode      collector=async  worker=3  epsilon=0.002
  outcome   reward=-9.0019  success=0/1 (0.00%)  steps=mean:219.0 range:[219,219]
  training  completed=1711/2500  queue=0/256 (0%)  replay=200000/200000  updates=192  loss=0.02228  policy_version=1360
  throughput env_steps_s=288.3  transitions_s=288.3  transitions_step=1.0  updates_s=72.0  updates_throttled=0
episode=1711
  mode      collector=async  worker=1  epsilon=0.002
  outcome   reward=-8.025299999999996  success=0/1 (0.00%)  steps=mean:453.0 range:[453,453]
  training  completed=1712/2500  queue=1/256 (0%)  replay=200000/200000  updates=146  loss=0.02433  policy_version=1361
  throughput env_steps_s=317.3  transitions_s=317.3  transitions_step=1.0  updates_s=79.7  updates_throttled=0
episode=1714
  mode      collector=async  worker=3  epsilon=0.002
  outcome   reward=-9.0018  success=0/1 (0.00%)  steps=mean:218.0 range:[218,218]
  training  completed=1713/2500  queue=0/256 (0%)  replay=200000/200000  updates=75  loss=0.02077  policy_version=1362
  throughput env_steps_s=329.9  transitions_s=329.9  transitions_step=1.0  updates_s=81.9  updates_throttled=0
episode=1715
  mode      collector=async  worker=1  epsilon=0.002
  outcome   reward=-6.0220000000000145  success=0/1 (0.00%)  steps=mean:420.0 range:[420,420]
  training  completed=1714/2500  queue=0/256 (0%)  replay=200000/200000  updates=346  loss=0.02131  policy_version=1366
  throughput env_steps_s=324.4  transitions_s=324.4  transitions_step=1.0  updates_s=81.0  updates_throttled=0
episode=1708
  mode      collector=async  worker=0  epsilon=0.002
  outcome   reward=-2.1412999999997444  success=0/1 (0.00%)  steps=mean:1613.0 range:[1613,1613]
  training  completed=1715/2500  queue=0/256 (0%)  replay=200000/200000  updates=249  loss=0.01739  policy_version=1368
  throughput env_steps_s=322.2  transitions_s=322.2  transitions_step=1.0  updates_s=80.6  updates_throttled=0
episode=1713
  mode      collector=async  worker=2  epsilon=0.002
  outcome   reward=-2.0817999999999044  success=0/1 (0.00%)  steps=mean:1018.0 range:[1018,1018]
  training  completed=1716/2500  queue=0/256 (0%)  replay=200000/200000  updates=12  loss=0.02168  policy_version=1368
  throughput env_steps_s=316.8  transitions_s=316.8  transitions_step=1.0  updates_s=77.6  updates_throttled=0
episode=1716
  mode      collector=async  worker=3  epsilon=0.002
  outcome   reward=-6.04560000000002  success=0/1 (0.00%)  steps=mean:656.0 range:[656,656]
  training  completed=1717/2500  queue=0/256 (0%)  replay=200000/200000  updates=45  loss=0.01855  policy_version=1369
  throughput env_steps_s=317.4  transitions_s=317.4  transitions_step=1.0  updates_s=79.3  updates_throttled=0
episode=1720
  mode      collector=async  worker=3  epsilon=0.002
  outcome   reward=-9.0017  success=0/1 (0.00%)  steps=mean:217.0 range:[217,217]
  training  completed=1718/2500  queue=0/256 (0%)  replay=200000/200000  updates=214  loss=0.01739  policy_version=1371
  throughput env_steps_s=322.3  transitions_s=322.3  transitions_step=1.0  updates_s=80.6  updates_throttled=0
episode=1717
  mode      collector=async  worker=1  epsilon=0.002
  outcome   reward=-7.037800000000016  success=0/1 (0.00%)  steps=mean:578.0 range:[578,578]
  training  completed=1719/2500  queue=0/256 (0%)  replay=200000/200000  updates=51  loss=0.01300  policy_version=1371
  throughput env_steps_s=324.3  transitions_s=324.3  transitions_step=1.0  updates_s=81.5  updates_throttled=0
episode=1718
  mode      collector=async  worker=0  epsilon=0.002
  outcome   reward=-7.019400000000017  success=0/1 (0.00%)  steps=mean:394.0 range:[394,394]
  training  completed=1720/2500  queue=2/256 (1%)  replay=200000/200000  updates=67  loss=0.01927  policy_version=1372
  throughput env_steps_s=311.3  transitions_s=311.3  transitions_step=1.0  updates_s=77.5  updates_throttled=0
episode=1722
  mode      collector=async  worker=1  epsilon=0.002
  outcome   reward=-8.015099999999997  success=0/1 (0.00%)  steps=mean:351.0 range:[351,351]
  training  completed=1721/2500  queue=0/256 (0%)  replay=200000/200000  updates=282  loss=0.02105  policy_version=1375
  throughput env_steps_s=323.3  transitions_s=323.3  transitions_step=1.0  updates_s=81.0  updates_throttled=0
episode=1721
  mode      collector=async  worker=3  epsilon=0.002
  outcome   reward=-7.041200000000019  success=0/1 (0.00%)  steps=mean:612.0 range:[612,612]
  training  completed=1722/2500  queue=1/256 (0%)  replay=200000/200000  updates=223  loss=0.02167  policy_version=1377
  throughput env_steps_s=324.4  transitions_s=324.4  transitions_step=1.0  updates_s=81.2  updates_throttled=0
episode=1724
  mode      collector=async  worker=1  epsilon=0.002
  outcome   reward=-9.003599999999999  success=0/1 (0.00%)  steps=mean:236.0 range:[236,236]
  training  completed=1723/2500  queue=1/256 (0%)  replay=200000/200000  updates=12  loss=0.01529  policy_version=1377
  throughput env_steps_s=314.0  transitions_s=314.0  transitions_step=1.0  updates_s=78.5  updates_throttled=0
episode=1725
  mode      collector=async  worker=3  epsilon=0.002
  outcome   reward=-10.0059  success=0/1 (0.00%)  steps=mean:59.0 range:[59,59]
  training  completed=1724/2500  queue=3/256 (1%)  replay=200000/200000  updates=49  loss=0.02216  policy_version=1378
  throughput env_steps_s=317.2  transitions_s=317.2  transitions_step=1.0  updates_s=79.3  updates_throttled=0
episode=1723
  mode      collector=async  worker=0  epsilon=0.002
  outcome   reward=-4.0566999999999425  success=0/1 (0.00%)  steps=mean:767.0 range:[767,767]
  training  completed=1725/2500  queue=2/256 (1%)  replay=200000/200000  updates=199  loss=0.02243  policy_version=1380
  throughput env_steps_s=322.4  transitions_s=322.4  transitions_step=1.0  updates_s=80.6  updates_throttled=0
Saved checkpoint: checkpoints/breakout_27bricks_v2/ckpt-1725
Scheduled replay buffer save: checkpoints/breakout_27bricks_v2/replay-1725.npz transitions=200000
Saved replay buffer: checkpoints/breakout_27bricks_v2/replay-1725.npz transitions=200000
episode=1727
  mode      collector=async  worker=3  epsilon=0.002
  outcome   reward=-8.016599999999997  success=0/1 (0.00%)  steps=mean:366.0 range:[366,366]
  training  completed=1726/2500  queue=0/256 (0%)  replay=200000/200000  updates=164  loss=0.02116  policy_version=1381
  throughput env_steps_s=309.3  transitions_s=309.3  transitions_step=1.0  updates_s=77.0  updates_throttled=0
episode=1728
  mode      collector=async  worker=0  epsilon=0.002
  outcome   reward=-8.014699999999998  success=0/1 (0.00%)  steps=mean:347.0 range:[347,347]
  training  completed=1727/2500  queue=1/256 (0%)  replay=200000/200000  updates=191  loss=0.02815  policy_version=1383
  throughput env_steps_s=321.5  transitions_s=321.5  transitions_step=1.0  updates_s=80.7  updates_throttled=0
episode=1719
  mode      collector=async  worker=2  epsilon=0.002
  outcome   reward=2.855700000000194  success=0/1 (0.00%)  steps=mean:1643.0 range:[1643,1643]
  training  completed=1728/2500  queue=0/256 (0%)  replay=200000/200000  updates=151  loss=0.02062  policy_version=1385
  throughput env_steps_s=317.3  transitions_s=317.3  transitions_step=1.0  updates_s=79.1  updates_throttled=0
episode=1730
  mode      collector=async  worker=0  epsilon=0.002
  outcome   reward=-9.004399999999999  success=0/1 (0.00%)  steps=mean:244.0 range:[244,244]
  training  completed=1729/2500  queue=0/256 (0%)  replay=200000/200000  updates=99  loss=0.02814  policy_version=1386
  throughput env_steps_s=326.4  transitions_s=326.4  transitions_step=1.0  updates_s=81.6  updates_throttled=0
episode=1729
  mode      collector=async  worker=3  epsilon=0.002
  outcome   reward=-7.027300000000015  success=0/1 (0.00%)  steps=mean:473.0 range:[473,473]
  training  completed=1730/2500  queue=0/256 (0%)  replay=200000/200000  updates=32  loss=0.02009  policy_version=1386
  throughput env_steps_s=323.8  transitions_s=323.8  transitions_step=1.0  updates_s=80.3  updates_throttled=0
episode=1731
  mode      collector=async  worker=2  epsilon=0.002
  outcome   reward=-7.027100000000013  success=0/1 (0.00%)  steps=mean:471.0 range:[471,471]
  training  completed=1731/2500  queue=0/256 (0%)  replay=200000/200000  updates=343  loss=0.02043  policy_version=1389
  throughput env_steps_s=321.4  transitions_s=321.4  transitions_step=1.0  updates_s=80.3  updates_throttled=0
episode=1733
  mode      collector=async  worker=3  epsilon=0.002
  outcome   reward=-6.01860000000004  success=0/1 (0.00%)  steps=mean:386.0 range:[386,386]
  training  completed=1732/2500  queue=0/256 (0%)  replay=200000/200000  updates=42  loss=0.03307  policy_version=1390
  throughput env_steps_s=318.7  transitions_s=318.7  transitions_step=1.0  updates_s=79.7  updates_throttled=0
episode=1726
  mode      collector=async  worker=1  epsilon=0.002
  outcome   reward=-1.1205999999997598  success=0/1 (0.00%)  steps=mean:1406.0 range:[1406,1406]
  training  completed=1733/2500  queue=1/256 (0%)  replay=200000/200000  updates=117  loss=0.02058  policy_version=1391
  throughput env_steps_s=331.0  transitions_s=331.0  transitions_step=1.0  updates_s=83.3  updates_throttled=0
episode=1734
  mode      collector=async  worker=2  epsilon=0.002
  outcome   reward=-9.002999999999998  success=0/1 (0.00%)  steps=mean:230.0 range:[230,230]
  training  completed=1734/2500  queue=1/256 (0%)  replay=200000/200000  updates=74  loss=0.01803  policy_version=1392
  throughput env_steps_s=325.9  transitions_s=325.9  transitions_step=1.0  updates_s=81.2  updates_throttled=0
episode=1735
  mode      collector=async  worker=3  epsilon=0.002
  outcome   reward=-9.001199999999999  success=0/1 (0.00%)  steps=mean:212.0 range:[212,212]
  training  completed=1735/2500  queue=0/256 (0%)  replay=200000/200000  updates=20  loss=0.02323  policy_version=1392
  throughput env_steps_s=302.5  transitions_s=302.5  transitions_step=1.0  updates_s=75.6  updates_throttled=0
episode=1732
  mode      collector=async  worker=0  epsilon=0.002
  outcome   reward=-3.0878999999999  success=0/1 (0.00%)  steps=mean:1079.0 range:[1079,1079]
  training  completed=1736/2500  queue=0/256 (0%)  replay=200000/200000  updates=459  loss=0.02383  policy_version=1397
  throughput env_steps_s=319.0  transitions_s=319.0  transitions_step=1.0  updates_s=79.7  updates_throttled=0
episode=1736
  mode      collector=async  worker=1  epsilon=0.002
  outcome   reward=-4.057099999999979  success=0/1 (0.00%)  steps=mean:771.0 range:[771,771]
  training  completed=1737/2500  queue=0/256 (0%)  replay=200000/200000  updates=212  loss=0.02182  policy_version=1399
  throughput env_steps_s=325.3  transitions_s=325.3  transitions_step=1.0  updates_s=81.3  updates_throttled=0
episode=1738
  mode      collector=async  worker=3  epsilon=0.002
  outcome   reward=-6.053600000000113  success=0/1 (0.00%)  steps=mean:736.0 range:[736,736]
  training  completed=1738/2500  queue=0/256 (0%)  replay=200000/200000  updates=65  loss=0.01765  policy_version=1399
  throughput env_steps_s=322.8  transitions_s=322.8  transitions_step=1.0  updates_s=80.7  updates_throttled=0
episode=1737
  mode      collector=async  worker=2  epsilon=0.002
  outcome   reward=-4.0604000000000715  success=0/1 (0.00%)  steps=mean:804.0 range:[804,804]
  training  completed=1739/2500  queue=0/256 (0%)  replay=200000/200000  updates=48  loss=0.02002  policy_version=1400
  throughput env_steps_s=324.6  transitions_s=324.6  transitions_step=1.0  updates_s=82.0  updates_throttled=0
episode=1740
  mode      collector=async  worker=1  epsilon=0.002
  outcome   reward=-9.001  success=0/1 (0.00%)  steps=mean:210.0 range:[210,210]
  training  completed=1740/2500  queue=3/256 (1%)  replay=200000/200000  updates=93  loss=0.02843  policy_version=1401
  throughput env_steps_s=312.5  transitions_s=312.5  transitions_step=1.0  updates_s=78.3  updates_throttled=0
episode=1741
  mode      collector=async  worker=3  epsilon=0.002
  outcome   reward=-9.003599999999999  success=0/1 (0.00%)  steps=mean:236.0 range:[236,236]
  training  completed=1741/2500  queue=0/256 (0%)  replay=200000/200000  updates=99  loss=0.02163  policy_version=1402
  throughput env_steps_s=324.9  transitions_s=324.9  transitions_step=1.0  updates_s=81.0  updates_throttled=0
episode=1743
  mode      collector=async  worker=1  epsilon=0.002
  outcome   reward=-8.016899999999996  success=0/1 (0.00%)  steps=mean:369.0 range:[369,369]
  training  completed=1742/2500  queue=2/256 (1%)  replay=200000/200000  updates=271  loss=0.03143  policy_version=1404
  throughput env_steps_s=319.7  transitions_s=319.7  transitions_step=1.0  updates_s=80.0  updates_throttled=0
episode=1739
  mode      collector=async  worker=0  epsilon=0.002
  outcome   reward=-4.075799999999972  success=0/1 (0.00%)  steps=mean:958.0 range:[958,958]
  training  completed=1743/2500  queue=0/256 (0%)  replay=200000/200000  updates=159  loss=0.02844  policy_version=1406
  throughput env_steps_s=322.2  transitions_s=322.2  transitions_step=1.0  updates_s=80.2  updates_throttled=0
episode=1742
  mode      collector=async  worker=2  epsilon=0.002
  outcome   reward=-4.062899999999907  success=0/1 (0.00%)  steps=mean:829.0 range:[829,829]
  training  completed=1744/2500  queue=0/256 (0%)  replay=200000/200000  updates=212  loss=0.02660  policy_version=1408
  throughput env_steps_s=319.0  transitions_s=319.0  transitions_step=1.0  updates_s=79.8  updates_throttled=0
episode=1746
  mode      collector=async  worker=0  epsilon=0.002
  outcome   reward=-6.022300000000035  success=0/1 (0.00%)  steps=mean:423.0 range:[423,423]
  training  completed=1745/2500  queue=0/256 (0%)  replay=200000/200000  updates=218  loss=0.02340  policy_version=1410
  throughput env_steps_s=322.9  transitions_s=322.9  transitions_step=1.0  updates_s=80.7  updates_throttled=0
episode=1744
  mode      collector=async  worker=3  epsilon=0.002
  outcome   reward=-4.0677999999999  success=0/1 (0.00%)  steps=mean:878.0 range:[878,878]
  training  completed=1746/2500  queue=0/256 (0%)  replay=200000/200000  updates=9  loss=0.01995  policy_version=1410
  throughput env_steps_s=308.2  transitions_s=308.2  transitions_step=1.0  updates_s=79.3  updates_throttled=0
episode=1748
  mode      collector=async  worker=0  epsilon=0.002
  outcome   reward=-8.020599999999996  success=0/1 (0.00%)  steps=mean:406.0 range:[406,406]
  training  completed=1747/2500  queue=0/256 (0%)  replay=200000/200000  updates=401  loss=0.02712  policy_version=1414
  throughput env_steps_s=321.6  transitions_s=321.6  transitions_step=1.0  updates_s=80.5  updates_throttled=0
episode=1749
  mode      collector=async  worker=3  epsilon=0.002
  outcome   reward=-6.0291000000000174  success=0/1 (0.00%)  steps=mean:491.0 range:[491,491]
  training  completed=1748/2500  queue=0/256 (0%)  replay=200000/200000  updates=78  loss=0.02439  policy_version=1415
  throughput env_steps_s=323.0  transitions_s=323.0  transitions_step=1.0  updates_s=80.5  updates_throttled=0
episode=1751
  mode      collector=async  worker=3  epsilon=0.002
  outcome   reward=-7.036400000000016  success=0/1 (0.00%)  steps=mean:564.0 range:[564,564]
  training  completed=1749/2500  queue=0/256 (0%)  replay=200000/200000  updates=559  loss=0.02314  policy_version=1421
  throughput env_steps_s=319.1  transitions_s=319.1  transitions_step=1.0  updates_s=79.7  updates_throttled=0
episode=1747
  mode      collector=async  worker=2  epsilon=0.002
  outcome   reward=-1.1247999999998388  success=0/1 (0.00%)  steps=mean:1448.0 range:[1448,1448]
  training  completed=1750/2500  queue=0/256 (0%)  replay=200000/200000  updates=183  loss=0.01836  policy_version=1423
  throughput env_steps_s=319.2  transitions_s=319.2  transitions_step=1.0  updates_s=79.7  updates_throttled=0
Saved checkpoint: checkpoints/breakout_27bricks_v2/ckpt-1750
Scheduled replay buffer save: checkpoints/breakout_27bricks_v2/replay-1750.npz transitions=200000
Saved replay buffer: checkpoints/breakout_27bricks_v2/replay-1750.npz transitions=200000
episode=1752
  mode      collector=async  worker=3  epsilon=0.002
  outcome   reward=-9.003099999999998  success=0/1 (0.00%)  steps=mean:231.0 range:[231,231]
  training  completed=1751/2500  queue=1/256 (0%)  replay=200000/200000  updates=47  loss=0.02038  policy_version=1423
  throughput env_steps_s=292.5  transitions_s=292.5  transitions_step=1.0  updates_s=74.3  updates_throttled=0
episode=1750
  mode      collector=async  worker=0  epsilon=0.002
  outcome   reward=-5.067000000000014  success=0/1 (0.00%)  steps=mean:870.0 range:[870,870]
  training  completed=1752/2500  queue=0/256 (0%)  replay=200000/200000  updates=15  loss=0.02627  policy_version=1423
  throughput env_steps_s=338.4  transitions_s=338.4  transitions_step=1.0  updates_s=81.9  updates_throttled=0
episode=1745
  mode      collector=async  worker=1  epsilon=0.002
  outcome   reward=2.8305000000002174  success=0/1 (0.00%)  steps=mean:1895.0 range:[1895,1895]
  training  completed=1753/2500  queue=0/256 (0%)  replay=200000/200000  updates=22  loss=0.02692  policy_version=1423
  throughput env_steps_s=325.0  transitions_s=325.0  transitions_step=1.0  updates_s=80.3  updates_throttled=0
episode=1753
  mode      collector=async  worker=2  epsilon=0.002
  outcome   reward=-9.0026  success=0/1 (0.00%)  steps=mean:226.0 range:[226,226]
  training  completed=1754/2500  queue=0/256 (0%)  replay=200000/200000  updates=138  loss=0.02272  policy_version=1425
  throughput env_steps_s=321.0  transitions_s=321.0  transitions_step=1.0  updates_s=80.3  updates_throttled=0
episode=1756
  mode      collector=async  worker=1  epsilon=0.002
  outcome   reward=-9.0025  success=0/1 (0.00%)  steps=mean:225.0 range:[225,225]
  training  completed=1755/2500  queue=0/256 (0%)  replay=200000/200000  updates=93  loss=0.02363  policy_version=1426
  throughput env_steps_s=323.2  transitions_s=323.2  transitions_step=1.0  updates_s=81.5  updates_throttled=0
episode=1755
  mode      collector=async  worker=0  epsilon=0.002
  outcome   reward=-7.019900000000017  success=0/1 (0.00%)  steps=mean:399.0 range:[399,399]
  training  completed=1756/2500  queue=0/256 (0%)  replay=200000/200000  updates=147  loss=0.02749  policy_version=1427
  throughput env_steps_s=324.9  transitions_s=324.9  transitions_step=1.0  updates_s=80.8  updates_throttled=0
episode=1757
  mode      collector=async  worker=2  epsilon=0.002
  outcome   reward=-5.0445000000000055  success=0/1 (0.00%)  steps=mean:645.0 range:[645,645]
  training  completed=1757/2500  queue=0/256 (0%)  replay=200000/200000  updates=400  loss=0.02323  policy_version=1431
  throughput env_steps_s=321.4  transitions_s=321.4  transitions_step=1.0  updates_s=80.4  updates_throttled=0
episode=1759
  mode      collector=async  worker=0  epsilon=0.002
  outcome   reward=-6.022400000000014  success=0/1 (0.00%)  steps=mean:424.0 range:[424,424]
  training  completed=1758/2500  queue=0/256 (0%)  replay=200000/200000  updates=26  loss=0.05157  policy_version=1432
  throughput env_steps_s=325.3  transitions_s=325.3  transitions_step=1.0  updates_s=82.9  updates_throttled=0
episode=1758
  mode      collector=async  worker=1  epsilon=0.002
  outcome   reward=-4.05680000000004  success=0/1 (0.00%)  steps=mean:768.0 range:[768,768]
  training  completed=1759/2500  queue=0/256 (0%)  replay=200000/200000  updates=188  loss=0.02860  policy_version=1433
  throughput env_steps_s=318.9  transitions_s=318.9  transitions_step=1.0  updates_s=79.8  updates_throttled=0
episode=1761
  mode      collector=async  worker=0  epsilon=0.002
  outcome   reward=-5.035500000000012  success=0/1 (0.00%)  steps=mean:555.0 range:[555,555]
  training  completed=1760/2500  queue=4/256 (2%)  replay=200000/200000  updates=377  loss=0.02556  policy_version=1437
  throughput env_steps_s=322.2  transitions_s=322.2  transitions_step=1.0  updates_s=80.6  updates_throttled=0
episode=1763
  mode      collector=async  worker=0  epsilon=0.002
  outcome   reward=-9.0048  success=0/1 (0.00%)  steps=mean:248.0 range:[248,248]
  training  completed=1761/2500  queue=1/256 (0%)  replay=200000/200000  updates=249  loss=0.02985  policy_version=1440
  throughput env_steps_s=326.1  transitions_s=326.1  transitions_step=1.0  updates_s=81.5  updates_throttled=0
episode=1760
  mode      collector=async  worker=2  epsilon=0.002
  outcome   reward=-3.0707999999999496  success=0/1 (0.00%)  steps=mean:908.0 range:[908,908]
  training  completed=1762/2500  queue=0/256 (0%)  replay=200000/200000  updates=72  loss=0.02749  policy_version=1440
  throughput env_steps_s=318.6  transitions_s=318.6  transitions_step=1.0  updates_s=79.6  updates_throttled=0
episode=1762
  mode      collector=async  worker=1  epsilon=0.002
  outcome   reward=-6.055400000000052  success=0/1 (0.00%)  steps=mean:754.0 range:[754,754]
  training  completed=1763/2500  queue=0/256 (0%)  replay=200000/200000  updates=56  loss=0.02934  policy_version=1441
  throughput env_steps_s=317.6  transitions_s=317.6  transitions_step=1.0  updates_s=79.1  updates_throttled=0
episode=1754
  mode      collector=async  worker=3  epsilon=0.002
  outcome   reward=7.806000000000335  success=0/1 (0.00%)  steps=mean:2140.0 range:[2140,2140]
  training  completed=1764/2500  queue=0/256 (0%)  replay=200000/200000  updates=346  loss=0.02852  policy_version=1444
  throughput env_steps_s=324.4  transitions_s=324.4  transitions_step=1.0  updates_s=81.2  updates_throttled=0
episode=1764
  mode      collector=async  worker=0  epsilon=0.001
  outcome   reward=-6.03700000000002  success=0/1 (0.00%)  steps=mean:570.0 range:[570,570]
  training  completed=1765/2500  queue=0/256 (0%)  replay=200000/200000  updates=105  loss=0.03224  policy_version=1445
  throughput env_steps_s=331.2  transitions_s=331.2  transitions_step=1.0  updates_s=82.4  updates_throttled=0
episode=1767
  mode      collector=async  worker=3  epsilon=0.001
  outcome   reward=-8.018399999999996  success=0/1 (0.00%)  steps=mean:384.0 range:[384,384]
  training  completed=1766/2500  queue=0/256 (0%)  replay=200000/200000  updates=281  loss=0.02379  policy_version=1448
  throughput env_steps_s=327.3  transitions_s=327.3  transitions_step=1.0  updates_s=81.8  updates_throttled=0
episode=1768
  mode      collector=async  worker=0  epsilon=0.001
  outcome   reward=-6.0282000000000675  success=0/1 (0.00%)  steps=mean:482.0 range:[482,482]
  training  completed=1767/2500  queue=0/256 (0%)  replay=200000/200000  updates=201  loss=0.03197  policy_version=1450
  throughput env_steps_s=316.7  transitions_s=316.7  transitions_step=1.0  updates_s=79.2  updates_throttled=0
episode=1765
  mode      collector=async  worker=2  epsilon=0.001
  outcome   reward=-4.092799999999979  success=0/1 (0.00%)  steps=mean:1128.0 range:[1128,1128]
  training  completed=1768/2500  queue=0/256 (0%)  replay=200000/200000  updates=133  loss=0.04143  policy_version=1452
  throughput env_steps_s=327.1  transitions_s=327.1  transitions_step=1.0  updates_s=81.8  updates_throttled=0
episode=1771
  mode      collector=async  worker=2  epsilon=0.001
  outcome   reward=-8.022699999999997  success=0/1 (0.00%)  steps=mean:427.0 range:[427,427]
  training  completed=1769/2500  queue=0/256 (0%)  replay=200000/200000  updates=424  loss=0.02955  policy_version=1456
  throughput env_steps_s=324.5  transitions_s=324.5  transitions_step=1.0  updates_s=81.2  updates_throttled=0
episode=1770
  mode      collector=async  worker=0  epsilon=0.001
  outcome   reward=-6.042400000000018  success=0/1 (0.00%)  steps=mean:624.0 range:[624,624]
  training  completed=1770/2500  queue=0/256 (0%)  replay=200000/200000  updates=79  loss=0.03073  policy_version=1457
  throughput env_steps_s=321.3  transitions_s=321.3  transitions_step=1.0  updates_s=79.6  updates_throttled=0
episode=1772
  mode      collector=async  worker=2  epsilon=0.001
  outcome   reward=-8.990499999999999  success=0/1 (0.00%)  steps=mean:105.0 range:[105,105]
  training  completed=1771/2500  queue=0/256 (0%)  replay=200000/200000  updates=29  loss=0.04284  policy_version=1457
  throughput env_steps_s=323.5  transitions_s=323.5  transitions_step=1.0  updates_s=82.3  updates_throttled=0
episode=1769
  mode      collector=async  worker=3  epsilon=0.001
  outcome   reward=-3.071100000000013  success=0/1 (0.00%)  steps=mean:911.0 range:[911,911]
  training  completed=1772/2500  queue=0/256 (0%)  replay=200000/200000  updates=49  loss=0.03340  policy_version=1457
  throughput env_steps_s=323.6  transitions_s=323.6  transitions_step=1.0  updates_s=80.9  updates_throttled=0
episode=1773
  mode      collector=async  worker=0  epsilon=0.001
  outcome   reward=-8.999799999999999  success=0/1 (0.00%)  steps=mean:198.0 range:[198,198]
  training  completed=1773/2500  queue=0/256 (0%)  replay=200000/200000  updates=123  loss=0.02515  policy_version=1459
  throughput env_steps_s=325.8  transitions_s=325.8  transitions_step=1.0  updates_s=81.3  updates_throttled=0
episode=1766
  mode      collector=async  worker=1  epsilon=0.001
  outcome   reward=2.8391000000001814  success=0/1 (0.00%)  steps=mean:1809.0 range:[1809,1809]
  training  completed=1774/2500  queue=0/256 (0%)  replay=200000/200000  updates=20  loss=0.02820  policy_version=1459
  throughput env_steps_s=316.1  transitions_s=316.1  transitions_step=1.0  updates_s=80.0  updates_throttled=0
episode=1776
  mode      collector=async  worker=0  epsilon=0.001
  outcome   reward=-8.019199999999998  success=0/1 (0.00%)  steps=mean:392.0 range:[392,392]
  training  completed=1775/2500  queue=0/256 (0%)  replay=200000/200000  updates=366  loss=0.02381  policy_version=1463
  throughput env_steps_s=320.1  transitions_s=320.1  transitions_step=1.0  updates_s=79.9  updates_throttled=0
Saved checkpoint: checkpoints/breakout_27bricks_v2/ckpt-1775
Scheduled replay buffer save: checkpoints/breakout_27bricks_v2/replay-1775.npz transitions=200000
Saved replay buffer: checkpoints/breakout_27bricks_v2/replay-1775.npz transitions=200000
episode=1778
  mode      collector=async  worker=0  epsilon=0.001
  outcome   reward=-7.998200000000015  success=0/1 (0.00%)  steps=mean:182.0 range:[182,182]
  training  completed=1776/2500  queue=0/256 (0%)  replay=200000/200000  updates=181  loss=0.03396  policy_version=1464
  throughput env_steps_s=312.3  transitions_s=312.3  transitions_step=1.0  updates_s=78.4  updates_throttled=0
episode=1775
  mode      collector=async  worker=3  epsilon=0.001
  outcome   reward=-4.07039999999997  success=0/1 (0.00%)  steps=mean:904.0 range:[904,904]
  training  completed=1777/2500  queue=0/256 (0%)  replay=200000/200000  updates=215  loss=0.02966  policy_version=1466
  throughput env_steps_s=320.3  transitions_s=320.3  transitions_step=1.0  updates_s=79.8  updates_throttled=0
episode=1777
  mode      collector=async  worker=1  epsilon=0.001
  outcome   reward=-4.074099999999949  success=0/1 (0.00%)  steps=mean:941.0 range:[941,941]
  training  completed=1778/2500  queue=0/256 (0%)  replay=200000/200000  updates=185  loss=0.02351  policy_version=1468
  throughput env_steps_s=323.3  transitions_s=323.3  transitions_step=1.0  updates_s=80.9  updates_throttled=0
episode=1780
  mode      collector=async  worker=3  epsilon=0.001
  outcome   reward=-9.0041  success=0/1 (0.00%)  steps=mean:241.0 range:[241,241]
  training  completed=1779/2500  queue=0/256 (0%)  replay=200000/200000  updates=57  loss=0.02412  policy_version=1469
  throughput env_steps_s=309.0  transitions_s=309.0  transitions_step=1.0  updates_s=77.3  updates_throttled=0
episode=1781
  mode      collector=async  worker=1  epsilon=0.001
  outcome   reward=-9.0026  success=0/1 (0.00%)  steps=mean:226.0 range:[226,226]
  training  completed=1780/2500  queue=2/256 (1%)  replay=200000/200000  updates=171  loss=0.02732  policy_version=1471
  throughput env_steps_s=320.5  transitions_s=320.5  transitions_step=1.0  updates_s=80.0  updates_throttled=0
episode=1782
  mode      collector=async  worker=3  epsilon=0.001
  outcome   reward=-8.016799999999996  success=0/1 (0.00%)  steps=mean:368.0 range:[368,368]
  training  completed=1781/2500  queue=0/256 (0%)  replay=200000/200000  updates=195  loss=0.02421  policy_version=1473
  throughput env_steps_s=316.9  transitions_s=316.9  transitions_step=1.0  updates_s=79.4  updates_throttled=0
episode=1783
  mode      collector=async  worker=1  epsilon=0.001
  outcome   reward=-8.014399999999997  success=0/1 (0.00%)  steps=mean:344.0 range:[344,344]
  training  completed=1782/2500  queue=0/256 (0%)  replay=200000/200000  updates=151  loss=0.01814  policy_version=1474
  throughput env_steps_s=320.8  transitions_s=320.8  transitions_step=1.0  updates_s=80.3  updates_throttled=0
episode=1774
  mode      collector=async  worker=2  epsilon=0.001
  outcome   reward=2.8413000000002278  success=0/1 (0.00%)  steps=mean:1787.0 range:[1787,1787]
  training  completed=1783/2500  queue=0/256 (0%)  replay=200000/200000  updates=60  loss=0.01461  policy_version=1475
  throughput env_steps_s=326.4  transitions_s=326.4  transitions_step=1.0  updates_s=81.3  updates_throttled=0
episode=1784
  mode      collector=async  worker=3  epsilon=0.001
  outcome   reward=-9.0034  success=0/1 (0.00%)  steps=mean:234.0 range:[234,234]
  training  completed=1784/2500  queue=2/256 (1%)  replay=200000/200000  updates=28  loss=0.01725  policy_version=1475
  throughput env_steps_s=318.7  transitions_s=318.7  transitions_step=1.0  updates_s=80.4  updates_throttled=0
episode=1787
  mode      collector=async  worker=3  epsilon=0.001
  outcome   reward=-9.0032  success=0/1 (0.00%)  steps=mean:232.0 range:[232,232]
  training  completed=1785/2500  queue=0/256 (0%)  replay=200000/200000  updates=231  loss=0.01620  policy_version=1477
  throughput env_steps_s=323.5  transitions_s=323.5  transitions_step=1.0  updates_s=80.7  updates_throttled=0
episode=1779
  mode      collector=async  worker=0  epsilon=0.001
  outcome   reward=-1.1203999999998864  success=0/1 (0.00%)  steps=mean:1404.0 range:[1404,1404]
  training  completed=1786/2500  queue=1/256 (0%)  replay=200000/200000  updates=124  loss=0.01784  policy_version=1478
  throughput env_steps_s=318.8  transitions_s=318.8  transitions_step=1.0  updates_s=80.0  updates_throttled=0
episode=1786
  mode      collector=async  worker=2  epsilon=0.001
  outcome   reward=-8.020299999999997  success=0/1 (0.00%)  steps=mean:403.0 range:[403,403]
  training  completed=1787/2500  queue=1/256 (0%)  replay=200000/200000  updates=17  loss=0.01348  policy_version=1479
  throughput env_steps_s=320.4  transitions_s=320.4  transitions_step=1.0  updates_s=80.1  updates_throttled=0
episode=1785
  mode      collector=async  worker=1  epsilon=0.001
  outcome   reward=-4.063199999999968  success=0/1 (0.00%)  steps=mean:832.0 range:[832,832]
  training  completed=1788/2500  queue=0/256 (0%)  replay=200000/200000  updates=366  loss=0.01570  policy_version=1482
  throughput env_steps_s=322.8  transitions_s=322.8  transitions_step=1.0  updates_s=80.6  updates_throttled=0
episode=1790
  mode      collector=async  worker=2  epsilon=0.001
  outcome   reward=-8.017399999999997  success=0/1 (0.00%)  steps=mean:374.0 range:[374,374]
  training  completed=1789/2500  queue=0/256 (0%)  replay=200000/200000  updates=5  loss=0.02640  policy_version=1482
  throughput env_steps_s=298.2  transitions_s=298.2  transitions_step=1.0  updates_s=74.6  updates_throttled=0
episode=1788
  mode      collector=async  worker=3  epsilon=0.001
  outcome   reward=-6.035000000000019  success=0/1 (0.00%)  steps=mean:550.0 range:[550,550]
  training  completed=1790/2500  queue=0/256 (0%)  replay=200000/200000  updates=37  loss=0.02223  policy_version=1483
  throughput env_steps_s=315.6  transitions_s=315.6  transitions_step=1.0  updates_s=80.0  updates_throttled=0
episode=1789
  mode      collector=async  worker=0  epsilon=0.001
  outcome   reward=-8.022799999999997  success=0/1 (0.00%)  steps=mean:428.0 range:[428,428]
  training  completed=1791/2500  queue=0/256 (0%)  replay=200000/200000  updates=4  loss=0.01334  policy_version=1483
  throughput env_steps_s=297.7  transitions_s=297.7  transitions_step=1.0  updates_s=62.7  updates_throttled=0
episode=1792
  mode      collector=async  worker=2  epsilon=0.001
  outcome   reward=-9.020299999999997  success=0/1 (0.00%)  steps=mean:403.0 range:[403,403]
  training  completed=1792/2500  queue=1/256 (0%)  replay=200000/200000  updates=371  loss=0.02065  policy_version=1486
  throughput env_steps_s=321.9  transitions_s=321.9  transitions_step=1.0  updates_s=80.6  updates_throttled=0
episode=1793
  mode      collector=async  worker=3  epsilon=0.001
  outcome   reward=-5.032100000000008  success=0/1 (0.00%)  steps=mean:521.0 range:[521,521]
  training  completed=1793/2500  queue=0/256 (0%)  replay=200000/200000  updates=143  loss=0.01827  policy_version=1488
  throughput env_steps_s=322.3  transitions_s=322.3  transitions_step=1.0  updates_s=80.4  updates_throttled=0
episode=1791
  mode      collector=async  worker=1  epsilon=0.001
  outcome   reward=-7.037800000000017  success=0/1 (0.00%)  steps=mean:578.0 range:[578,578]
  training  completed=1794/2500  queue=0/256 (0%)  replay=200000/200000  updates=13  loss=0.01548  policy_version=1488
  throughput env_steps_s=334.7  transitions_s=334.7  transitions_step=1.0  updates_s=80.6  updates_throttled=0
episode=1794
  mode      collector=async  worker=0  epsilon=0.001
  outcome   reward=-6.038900000000012  success=0/1 (0.00%)  steps=mean:589.0 range:[589,589]
  training  completed=1795/2500  queue=0/256 (0%)  replay=200000/200000  updates=64  loss=0.02328  policy_version=1489
  throughput env_steps_s=320.6  transitions_s=320.6  transitions_step=1.0  updates_s=80.2  updates_throttled=0
episode=1795
  mode      collector=async  worker=2  epsilon=0.001
  outcome   reward=-9.002199999999998  success=0/1 (0.00%)  steps=mean:222.0 range:[222,222]
  training  completed=1796/2500  queue=0/256 (0%)  replay=200000/200000  updates=5  loss=0.00965  policy_version=1489
  throughput env_steps_s=314.7  transitions_s=314.7  transitions_step=1.0  updates_s=92.5  updates_throttled=0
episode=1797
  mode      collector=async  worker=1  epsilon=0.001
  outcome   reward=-9.003699999999998  success=0/1 (0.00%)  steps=mean:237.0 range:[237,237]
  training  completed=1797/2500  queue=0/256 (0%)  replay=200000/200000  updates=164  loss=0.01680  policy_version=1490
  throughput env_steps_s=323.2  transitions_s=323.2  transitions_step=1.0  updates_s=80.4  updates_throttled=0
episode=1796
  mode      collector=async  worker=3  epsilon=0.001
  outcome   reward=-6.041200000000051  success=0/1 (0.00%)  steps=mean:612.0 range:[612,612]
  training  completed=1798/2500  queue=2/256 (1%)  replay=200000/200000  updates=359  loss=0.02028  policy_version=1494
  throughput env_steps_s=320.7  transitions_s=320.7  transitions_step=1.0  updates_s=80.4  updates_throttled=0
episode=1799
  mode      collector=async  worker=2  epsilon=0.001
  outcome   reward=-6.034900000000068  success=0/1 (0.00%)  steps=mean:549.0 range:[549,549]
  training  completed=1799/2500  queue=2/256 (1%)  replay=200000/200000  updates=22  loss=0.03039  policy_version=1494
  throughput env_steps_s=325.7  transitions_s=325.7  transitions_step=1.0  updates_s=81.4  updates_throttled=0
episode=1800
  mode      collector=async  worker=1  epsilon=0.001
  outcome   reward=-8.019099999999996  success=0/1 (0.00%)  steps=mean:391.0 range:[391,391]
  training  completed=1800/2500  queue=3/256 (1%)  replay=200000/200000  updates=12  loss=0.01697  policy_version=1494
  throughput env_steps_s=314.7  transitions_s=314.7  transitions_step=1.0  updates_s=75.5  updates_throttled=0
Saved checkpoint: checkpoints/breakout_27bricks_v2/ckpt-1800
Scheduled replay buffer save: checkpoints/breakout_27bricks_v2/replay-1800.npz transitions=200000
Evaluating frozen checkpoint episode=1800 episodes=20 metric=auto...
episode=1798
  mode      collector=async  worker=0  epsilon=0.001
  outcome   reward=-6.03560000000007  success=0/1 (0.00%)  steps=mean:556.0 range:[556,556]
  training  completed=1801/2500  queue=2/256 (1%)  replay=200000/200000  updates=9  loss=0.02347  policy_version=1494
  throughput env_steps_s=292.4  transitions_s=292.4  transitions_step=1.0  updates_s=77.4  updates_throttled=0
Saved replay buffer: checkpoints/breakout_27bricks_v2/replay-1800.npz transitions=200000
episode=1803
  mode      collector=async  worker=1  epsilon=0.001
  outcome   reward=-7.017900000000029  success=0/1 (0.00%)  steps=mean:379.0 range:[379,379]
  training  completed=1802/2500  queue=2/256 (1%)  replay=200000/200000  updates=365  loss=0.02197  policy_version=1498
  throughput env_steps_s=268.4  transitions_s=268.4  transitions_step=1.0  updates_s=67.1  updates_throttled=0
episode=1801
  mode      collector=async  worker=3  epsilon=0.001
  outcome   reward=-6.051800000000048  success=0/1 (0.00%)  steps=mean:718.0 range:[718,718]
  training  completed=1803/2500  queue=0/256 (0%)  replay=200000/200000  updates=314  loss=0.01965  policy_version=1501
  throughput env_steps_s=270.5  transitions_s=270.5  transitions_step=1.0  updates_s=67.5  updates_throttled=0
episode=1804
  mode      collector=async  worker=0  epsilon=0.001
  outcome   reward=-4.057100000000026  success=0/1 (0.00%)  steps=mean:771.0 range:[771,771]
  training  completed=1804/2500  queue=0/256 (0%)  replay=200000/200000  updates=90  loss=0.02658  policy_version=1502
  throughput env_steps_s=265.0  transitions_s=265.0  transitions_step=1.0  updates_s=66.8  updates_throttled=0
episode=1802
  mode      collector=async  worker=2  epsilon=0.001
  outcome   reward=-7.06750000000007  success=0/1 (0.00%)  steps=mean:875.0 range:[875,875]
  training  completed=1805/2500  queue=0/256 (0%)  replay=200000/200000  updates=82  loss=0.03559  policy_version=1503
  throughput env_steps_s=272.6  transitions_s=272.6  transitions_step=1.0  updates_s=67.9  updates_throttled=0
episode=1806
  mode      collector=async  worker=3  epsilon=0.001
  outcome   reward=-8.019299999999998  success=0/1 (0.00%)  steps=mean:393.0 range:[393,393]
  training  completed=1806/2500  queue=0/256 (0%)  replay=200000/200000  updates=215  loss=0.02250  policy_version=1505
  throughput env_steps_s=271.7  transitions_s=271.7  transitions_step=1.0  updates_s=67.8  updates_throttled=0
episode=1807
  mode      collector=async  worker=0  epsilon=0.001
  outcome   reward=-7.018600000000012  success=0/1 (0.00%)  steps=mean:386.0 range:[386,386]
  training  completed=1807/2500  queue=0/256 (0%)  replay=200000/200000  updates=93  loss=0.01807  policy_version=1506
  throughput env_steps_s=269.9  transitions_s=269.9  transitions_step=1.0  updates_s=67.7  updates_throttled=0
episode=1809
  mode      collector=async  worker=3  epsilon=0.001
  outcome   reward=-9.0048  success=0/1 (0.00%)  steps=mean:248.0 range:[248,248]
  training  completed=1808/2500  queue=0/256 (0%)  replay=200000/200000  updates=152  loss=0.01812  policy_version=1508
  throughput env_steps_s=271.3  transitions_s=271.3  transitions_step=1.0  updates_s=68.0  updates_throttled=0
episode=1810
  mode      collector=async  worker=0  epsilon=0.001
  outcome   reward=-9.003999999999998  success=0/1 (0.00%)  steps=mean:240.0 range:[240,240]
  training  completed=1809/2500  queue=0/256 (0%)  replay=200000/200000  updates=88  loss=0.02278  policy_version=1508
  throughput env_steps_s=267.8  transitions_s=267.8  transitions_step=1.0  updates_s=66.4  updates_throttled=0
episode=1812
  mode      collector=async  worker=0  epsilon=0.001
  outcome   reward=-7.021800000000019  success=0/1 (0.00%)  steps=mean:418.0 range:[418,418]
  training  completed=1810/2500  queue=3/256 (1%)  replay=200000/200000  updates=417  loss=0.01698  policy_version=1513
  throughput env_steps_s=273.9  transitions_s=273.9  transitions_step=1.0  updates_s=68.6  updates_throttled=0
episode=1808
  mode      collector=async  worker=2  epsilon=0.001
  outcome   reward=-3.0812999999999287  success=0/1 (0.00%)  steps=mean:1013.0 range:[1013,1013]
  training  completed=1811/2500  queue=1/256 (0%)  replay=200000/200000  updates=48  loss=0.02820  policy_version=1513
  throughput env_steps_s=279.2  transitions_s=279.2  transitions_step=1.0  updates_s=69.8  updates_throttled=0
episode=1811
  mode      collector=async  worker=3  epsilon=0.001
  outcome   reward=-6.03540000000007  success=0/1 (0.00%)  steps=mean:554.0 range:[554,554]
  training  completed=1812/2500  queue=0/256 (0%)  replay=200000/200000  updates=4  loss=0.02985  policy_version=1513
  throughput env_steps_s=315.9  transitions_s=315.9  transitions_step=1.0  updates_s=66.5  updates_throttled=0
episode=1813
  mode      collector=async  worker=0  epsilon=0.001
  outcome   reward=-10.0066  success=0/1 (0.00%)  steps=mean:66.0 range:[66,66]
  training  completed=1813/2500  queue=0/256 (0%)  replay=200000/200000  updates=14  loss=0.02484  policy_version=1513
  throughput env_steps_s=267.3  transitions_s=267.3  transitions_step=1.0  updates_s=68.0  updates_throttled=0
Frozen evaluation episode=1800: success=0/20 (0.00%) reward_mean=-8.1145 steps_mean=344.5
episode=1805
  mode      collector=async  worker=1  epsilon=0.001
  outcome   reward=1.8569000000001594  success=0/1 (0.00%)  steps=mean:1631.0 range:[1631,1631]
  training  completed=1814/2500  queue=0/256 (0%)  replay=200000/200000  updates=120  loss=0.03371  policy_version=1514
  throughput env_steps_s=305.9  transitions_s=305.9  transitions_step=1.0  updates_s=76.6  updates_throttled=0
episode=1814
  mode      collector=async  worker=2  epsilon=0.001
  outcome   reward=-9.004699999999998  success=0/1 (0.00%)  steps=mean:247.0 range:[247,247]
  training  completed=1815/2500  queue=0/256 (0%)  replay=200000/200000  updates=104  loss=0.02070  policy_version=1515
  throughput env_steps_s=325.2  transitions_s=325.2  transitions_step=1.0  updates_s=80.9  updates_throttled=0
episode=1816
  mode      collector=async  worker=0  epsilon=0.001
  outcome   reward=-9.0033  success=0/1 (0.00%)  steps=mean:233.0 range:[233,233]
  training  completed=1816/2500  queue=0/256 (0%)  replay=200000/200000  updates=13  loss=0.01950  policy_version=1516
  throughput env_steps_s=313.5  transitions_s=313.5  transitions_step=1.0  updates_s=83.2  updates_throttled=0
episode=1818
  mode      collector=async  worker=2  epsilon=0.001
  outcome   reward=-10.006  success=0/1 (0.00%)  steps=mean:60.0 range:[60,60]
  training  completed=1817/2500  queue=0/256 (0%)  replay=200000/200000  updates=48  loss=0.01561  policy_version=1516
  throughput env_steps_s=316.0  transitions_s=316.0  transitions_step=1.0  updates_s=78.6  updates_throttled=0
episode=1817
  mode      collector=async  worker=1  epsilon=0.001
  outcome   reward=-7.034200000000016  success=0/1 (0.00%)  steps=mean:542.0 range:[542,542]
  training  completed=1818/2500  queue=0/256 (0%)  replay=200000/200000  updates=380  loss=0.02456  policy_version=1520
  throughput env_steps_s=321.2  transitions_s=321.2  transitions_step=1.0  updates_s=80.2  updates_throttled=0
episode=1819
  mode      collector=async  worker=0  epsilon=0.001
  outcome   reward=-5.040200000000043  success=0/1 (0.00%)  steps=mean:602.0 range:[602,602]
  training  completed=1819/2500  queue=0/256 (0%)  replay=200000/200000  updates=169  loss=0.02334  policy_version=1522
  throughput env_steps_s=322.1  transitions_s=322.1  transitions_step=1.0  updates_s=80.6  updates_throttled=0
episode=1815
  mode      collector=async  worker=3  epsilon=0.001
  outcome   reward=-4.075700000000004  success=0/1 (0.00%)  steps=mean:957.0 range:[957,957]
  training  completed=1820/2500  queue=1/256 (0%)  replay=200000/200000  updates=116  loss=0.02616  policy_version=1523
  throughput env_steps_s=323.4  transitions_s=323.4  transitions_step=1.0  updates_s=80.7  updates_throttled=0
episode=1822
  mode      collector=async  worker=0  epsilon=0.001
  outcome   reward=-8.019799999999996  success=0/1 (0.00%)  steps=mean:398.0 range:[398,398]
  training  completed=1821/2500  queue=0/256 (0%)  replay=200000/200000  updates=281  loss=0.03498  policy_version=1526
  throughput env_steps_s=319.7  transitions_s=319.7  transitions_step=1.0  updates_s=79.9  updates_throttled=0
episode=1820
  mode      collector=async  worker=2  epsilon=0.001
  outcome   reward=-5.086200000000056  success=0/1 (0.00%)  steps=mean:1062.0 range:[1062,1062]
  training  completed=1822/2500  queue=0/256 (0%)  replay=200000/200000  updates=112  loss=0.04312  policy_version=1527
  throughput env_steps_s=323.9  transitions_s=323.9  transitions_step=1.0  updates_s=80.8  updates_throttled=0
episode=1821
  mode      collector=async  worker=1  epsilon=0.001
  outcome   reward=-5.054199999999918  success=0/1 (0.00%)  steps=mean:742.0 range:[742,742]
  training  completed=1823/2500  queue=0/256 (0%)  replay=200000/200000  updates=60  loss=0.02379  policy_version=1527
  throughput env_steps_s=332.0  transitions_s=332.0  transitions_step=1.0  updates_s=83.4  updates_throttled=0
episode=1825
  mode      collector=async  worker=2  epsilon=0.001
  outcome   reward=-8.022199999999996  success=0/1 (0.00%)  steps=mean:422.0 range:[422,422]
  training  completed=1824/2500  queue=0/256 (0%)  replay=200000/200000  updates=364  loss=0.03355  policy_version=1531
  throughput env_steps_s=321.0  transitions_s=321.0  transitions_step=1.0  updates_s=80.3  updates_throttled=0
episode=1823
  mode      collector=async  worker=3  epsilon=0.001
  outcome   reward=-5.0624000000000136  success=0/1 (0.00%)  steps=mean:824.0 range:[824,824]
  training  completed=1825/2500  queue=0/256 (0%)  replay=200000/200000  updates=8  loss=0.01771  policy_version=1531
  throughput env_steps_s=332.5  transitions_s=332.5  transitions_step=1.0  updates_s=88.7  updates_throttled=0
Saved checkpoint: checkpoints/breakout_27bricks_v2/ckpt-1825
Scheduled replay buffer save: checkpoints/breakout_27bricks_v2/replay-1825.npz transitions=200000
episode=1826
  mode      collector=async  worker=1  epsilon=0.001
  outcome   reward=-8.018499999999998  success=0/1 (0.00%)  steps=mean:385.0 range:[385,385]
  training  completed=1826/2500  queue=0/256 (0%)  replay=200000/200000  updates=15  loss=0.06509  policy_version=1531
  throughput env_steps_s=275.1  transitions_s=275.1  transitions_step=1.0  updates_s=66.6  updates_throttled=0
Saved replay buffer: checkpoints/breakout_27bricks_v2/replay-1825.npz transitions=200000
episode=1824
  mode      collector=async  worker=0  epsilon=0.001
  outcome   reward=-5.064500000000037  success=0/1 (0.00%)  steps=mean:845.0 range:[845,845]
  training  completed=1827/2500  queue=0/256 (0%)  replay=200000/200000  updates=282  loss=0.03961  policy_version=1534
  throughput env_steps_s=318.5  transitions_s=318.5  transitions_step=1.0  updates_s=79.6  updates_throttled=0
episode=1830
  mode      collector=async  worker=0  epsilon=0.001
  outcome   reward=-10.0061  success=0/1 (0.00%)  steps=mean:61.0 range:[61,61]
  training  completed=1828/2500  queue=0/256 (0%)  replay=200000/200000  updates=60  loss=0.02894  policy_version=1535
  throughput env_steps_s=323.0  transitions_s=323.0  transitions_step=1.0  updates_s=80.7  updates_throttled=0
episode=1828
  mode      collector=async  worker=3  epsilon=0.001
  outcome   reward=-8.016199999999998  success=0/1 (0.00%)  steps=mean:362.0 range:[362,362]
  training  completed=1829/2500  queue=1/256 (0%)  replay=200000/200000  updates=1  loss=0.00910  policy_version=1535
  throughput env_steps_s=252.5  transitions_s=252.5  transitions_step=1.0  updates_s=126.2  updates_throttled=0
episode=1827
  mode      collector=async  worker=2  epsilon=0.001
  outcome   reward=-8.020599999999996  success=0/1 (0.00%)  steps=mean:406.0 range:[406,406]
  training  completed=1830/2500  queue=0/256 (0%)  replay=200000/200000  updates=44  loss=0.02063  policy_version=1535
  throughput env_steps_s=331.9  transitions_s=331.9  transitions_step=1.0  updates_s=82.0  updates_throttled=0
episode=1829
  mode      collector=async  worker=1  epsilon=0.001
  outcome   reward=-8.019699999999997  success=0/1 (0.00%)  steps=mean:397.0 range:[397,397]
  training  completed=1831/2500  queue=1/256 (0%)  replay=200000/200000  updates=14  loss=0.03093  policy_version=1535
  throughput env_steps_s=315.0  transitions_s=315.0  transitions_step=1.0  updates_s=81.7  updates_throttled=0
episode=1833
  mode      collector=async  worker=2  epsilon=0.001
  outcome   reward=-10.0061  success=0/1 (0.00%)  steps=mean:61.0 range:[61,61]
  training  completed=1832/2500  queue=1/256 (0%)  replay=200000/200000  updates=45  loss=0.01752  policy_version=1536
  throughput env_steps_s=324.4  transitions_s=324.4  transitions_step=1.0  updates_s=80.2  updates_throttled=0
episode=1835
  mode      collector=async  worker=2  epsilon=0.001
  outcome   reward=-10.0063  success=0/1 (0.00%)  steps=mean:63.0 range:[63,63]
  training  completed=1833/2500  queue=0/256 (0%)  replay=200000/200000  updates=62  loss=0.02783  policy_version=1536
  throughput env_steps_s=325.9  transitions_s=325.9  transitions_step=1.0  updates_s=81.5  updates_throttled=0
episode=1832
  mode      collector=async  worker=3  epsilon=0.001
  outcome   reward=-9.0048  success=0/1 (0.00%)  steps=mean:248.0 range:[248,248]
  training  completed=1834/2500  queue=2/256 (1%)  replay=200000/200000  updates=84  loss=0.03939  policy_version=1537
  throughput env_steps_s=322.7  transitions_s=322.7  transitions_step=1.0  updates_s=81.1  updates_throttled=0
episode=1834
  mode      collector=async  worker=1  epsilon=0.001
  outcome   reward=-7.01340000000004  success=0/1 (0.00%)  steps=mean:334.0 range:[334,334]
  training  completed=1835/2500  queue=0/256 (0%)  replay=200000/200000  updates=145  loss=0.03504  policy_version=1538
  throughput env_steps_s=317.5  transitions_s=317.5  transitions_step=1.0  updates_s=79.0  updates_throttled=0
episode=1831
  mode      collector=async  worker=0  epsilon=0.001
  outcome   reward=-8.028099999999997  success=0/1 (0.00%)  steps=mean:481.0 range:[481,481]
  training  completed=1836/2500  queue=0/256 (0%)  replay=200000/200000  updates=83  loss=0.03902  policy_version=1539
  throughput env_steps_s=325.9  transitions_s=325.9  transitions_step=1.0  updates_s=81.5  updates_throttled=0
episode=1837
  mode      collector=async  worker=3  epsilon=0.001
  outcome   reward=-9.004199999999999  success=0/1 (0.00%)  steps=mean:242.0 range:[242,242]
  training  completed=1837/2500  queue=0/256 (0%)  replay=200000/200000  updates=11  loss=0.02309  policy_version=1539
  throughput env_steps_s=343.8  transitions_s=343.8  transitions_step=1.0  updates_s=92.2  updates_throttled=0
episode=1836
  mode      collector=async  worker=2  epsilon=0.001
  outcome   reward=-6.024100000000032  success=0/1 (0.00%)  steps=mean:441.0 range:[441,441]
  training  completed=1838/2500  queue=0/256 (0%)  replay=200000/200000  updates=126  loss=0.02734  policy_version=1541
  throughput env_steps_s=321.4  transitions_s=321.4  transitions_step=1.0  updates_s=80.0  updates_throttled=0
episode=1840
  mode      collector=async  worker=3  epsilon=0.001
  outcome   reward=-8.999799999999999  success=0/1 (0.00%)  steps=mean:198.0 range:[198,198]
  training  completed=1839/2500  queue=0/256 (0%)  replay=200000/200000  updates=69  loss=0.02596  policy_version=1541
  throughput env_steps_s=325.2  transitions_s=325.2  transitions_step=1.0  updates_s=81.6  updates_throttled=0
episode=1841
  mode      collector=async  worker=2  epsilon=0.001
  outcome   reward=-9.0041  success=0/1 (0.00%)  steps=mean:241.0 range:[241,241]
  training  completed=1840/2500  queue=3/256 (1%)  replay=200000/200000  updates=166  loss=0.02964  policy_version=1543
  throughput env_steps_s=320.7  transitions_s=320.7  transitions_step=1.0  updates_s=80.0  updates_throttled=0
episode=1838
  mode      collector=async  worker=1  epsilon=0.001
  outcome   reward=-6.029800000000018  success=0/1 (0.00%)  steps=mean:498.0 range:[498,498]
  training  completed=1841/2500  queue=3/256 (1%)  replay=200000/200000  updates=46  loss=0.02091  policy_version=1544
  throughput env_steps_s=324.4  transitions_s=324.4  transitions_step=1.0  updates_s=82.0  updates_throttled=0
episode=1839
  mode      collector=async  worker=0  epsilon=0.001
  outcome   reward=-6.049600000000044  success=0/1 (0.00%)  steps=mean:696.0 range:[696,696]
  training  completed=1842/2500  queue=0/256 (0%)  replay=200000/200000  updates=279  loss=0.03242  policy_version=1546
  throughput env_steps_s=321.8  transitions_s=321.8  transitions_step=1.0  updates_s=80.3  updates_throttled=0
episode=1842
  mode      collector=async  worker=3  epsilon=0.001
  outcome   reward=-7.035700000000017  success=0/1 (0.00%)  steps=mean:557.0 range:[557,557]
  training  completed=1843/2500  queue=0/256 (0%)  replay=200000/200000  updates=70  loss=0.01800  policy_version=1547
  throughput env_steps_s=323.2  transitions_s=323.2  transitions_step=1.0  updates_s=80.5  updates_throttled=0
episode=1844
  mode      collector=async  worker=1  epsilon=0.001
  outcome   reward=-8.025499999999996  success=0/1 (0.00%)  steps=mean:455.0 range:[455,455]
  training  completed=1844/2500  queue=0/256 (0%)  replay=200000/200000  updates=104  loss=0.02926  policy_version=1548
  throughput env_steps_s=322.8  transitions_s=322.8  transitions_step=1.0  updates_s=80.7  updates_throttled=0
episode=1847
  mode      collector=async  worker=1  epsilon=0.001
  outcome   reward=-6.033100000000061  success=0/1 (0.00%)  steps=mean:531.0 range:[531,531]
  training  completed=1845/2500  queue=0/256 (0%)  replay=200000/200000  updates=535  loss=0.02664  policy_version=1553
  throughput env_steps_s=321.1  transitions_s=321.1  transitions_step=1.0  updates_s=80.3  updates_throttled=0
episode=1843
  mode      collector=async  worker=2  epsilon=0.001
  outcome   reward=-2.0835999999999713  success=0/1 (0.00%)  steps=mean:1036.0 range:[1036,1036]
  training  completed=1846/2500  queue=0/256 (0%)  replay=200000/200000  updates=6  loss=0.02590  policy_version=1553
  throughput env_steps_s=305.9  transitions_s=305.9  transitions_step=1.0  updates_s=76.5  updates_throttled=0
episode=1849
  mode      collector=async  worker=2  epsilon=0.001
  outcome   reward=-9.003499999999999  success=0/1 (0.00%)  steps=mean:235.0 range:[235,235]
  training  completed=1847/2500  queue=0/256 (0%)  replay=200000/200000  updates=236  loss=0.03435  policy_version=1556
  throughput env_steps_s=322.8  transitions_s=322.8  transitions_step=1.0  updates_s=80.7  updates_throttled=0
episode=1850
  mode      collector=async  worker=2  epsilon=0.001
  outcome   reward=-8.014299999999997  success=0/1 (0.00%)  steps=mean:343.0 range:[343,343]
  training  completed=1848/2500  queue=0/256 (0%)  replay=200000/200000  updates=344  loss=0.03094  policy_version=1559
  throughput env_steps_s=320.1  transitions_s=320.1  transitions_step=1.0  updates_s=80.1  updates_throttled=0
episode=1846
  mode      collector=async  worker=3  epsilon=0.001
  outcome   reward=-0.13069999999993165  success=0/1 (0.00%)  steps=mean:1507.0 range:[1507,1507]
  training  completed=1849/2500  queue=0/256 (0%)  replay=200000/200000  updates=268  loss=0.03138  policy_version=1562
  throughput env_steps_s=322.8  transitions_s=322.8  transitions_step=1.0  updates_s=80.6  updates_throttled=0
episode=1848
  mode      collector=async  worker=1  epsilon=0.001
  outcome   reward=-4.073999999999983  success=0/1 (0.00%)  steps=mean:940.0 range:[940,940]
  training  completed=1850/2500  queue=0/256 (0%)  replay=200000/200000  updates=85  loss=0.02532  policy_version=1563
  throughput env_steps_s=323.8  transitions_s=323.8  transitions_step=1.0  updates_s=80.9  updates_throttled=0
Saved checkpoint: checkpoints/breakout_27bricks_v2/ckpt-1850
Scheduled replay buffer save: checkpoints/breakout_27bricks_v2/replay-1850.npz transitions=200000
Saved replay buffer: checkpoints/breakout_27bricks_v2/replay-1850.npz transitions=200000
episode=1852
  mode      collector=async  worker=3  epsilon=0.001
  outcome   reward=-8.010299999999997  success=0/1 (0.00%)  steps=mean:303.0 range:[303,303]
  training  completed=1851/2500  queue=0/256 (0%)  replay=200000/200000  updates=226  loss=0.02843  policy_version=1565
  throughput env_steps_s=317.6  transitions_s=317.6  transitions_step=1.0  updates_s=79.4  updates_throttled=0
episode=1854
  mode      collector=async  worker=3  epsilon=0.001
  outcome   reward=-8.016399999999997  success=0/1 (0.00%)  steps=mean:364.0 range:[364,364]
  training  completed=1852/2500  queue=0/256 (0%)  replay=200000/200000  updates=360  loss=0.03018  policy_version=1569
  throughput env_steps_s=322.5  transitions_s=322.5  transitions_step=1.0  updates_s=80.7  updates_throttled=0
episode=1845
  mode      collector=async  worker=0  epsilon=0.001
  outcome   reward=5.792500000000405  success=0/1 (0.00%)  steps=mean:2275.0 range:[2275,2275]
  training  completed=1853/2500  queue=2/256 (1%)  replay=200000/200000  updates=37  loss=0.01319  policy_version=1569
  throughput env_steps_s=325.6  transitions_s=325.6  transitions_step=1.0  updates_s=81.4  updates_throttled=0
episode=1855
  mode      collector=async  worker=3  epsilon=0.001
  outcome   reward=-10.006  success=0/1 (0.00%)  steps=mean:60.0 range:[60,60]
  training  completed=1854/2500  queue=0/256 (0%)  replay=200000/200000  updates=23  loss=0.02421  policy_version=1569
  throughput env_steps_s=332.2  transitions_s=332.2  transitions_step=1.0  updates_s=81.3  updates_throttled=0
episode=1851
  mode      collector=async  worker=2  epsilon=0.001
  outcome   reward=-2.0863999999999914  success=0/1 (0.00%)  steps=mean:1064.0 range:[1064,1064]
  training  completed=1855/2500  queue=0/256 (0%)  replay=200000/200000  updates=67  loss=0.02255  policy_version=1570
  throughput env_steps_s=319.1  transitions_s=319.1  transitions_step=1.0  updates_s=80.1  updates_throttled=0
episode=1857
  mode      collector=async  worker=3  epsilon=0.001
  outcome   reward=-9.0017  success=0/1 (0.00%)  steps=mean:217.0 range:[217,217]
  training  completed=1856/2500  queue=0/256 (0%)  replay=200000/200000  updates=156  loss=0.03072  policy_version=1571
  throughput env_steps_s=319.3  transitions_s=319.3  transitions_step=1.0  updates_s=79.9  updates_throttled=0
episode=1858
  mode      collector=async  worker=2  epsilon=0.001
  outcome   reward=-9.005199999999999  success=0/1 (0.00%)  steps=mean:252.0 range:[252,252]
  training  completed=1857/2500  queue=0/256 (0%)  replay=200000/200000  updates=97  loss=0.02388  policy_version=1572
  throughput env_steps_s=319.1  transitions_s=319.1  transitions_step=1.0  updates_s=79.8  updates_throttled=0
episode=1856
  mode      collector=async  worker=0  epsilon=0.001
  outcome   reward=-7.017100000000013  success=0/1 (0.00%)  steps=mean:371.0 range:[371,371]
  training  completed=1858/2500  queue=0/256 (0%)  replay=200000/200000  updates=22  loss=0.01402  policy_version=1573
  throughput env_steps_s=316.4  transitions_s=316.4  transitions_step=1.0  updates_s=78.2  updates_throttled=0
episode=1853
  mode      collector=async  worker=1  epsilon=0.001
  outcome   reward=-3.085299999999952  success=0/1 (0.00%)  steps=mean:1053.0 range:[1053,1053]
  training  completed=1859/2500  queue=0/256 (0%)  replay=200000/200000  updates=73  loss=0.02271  policy_version=1573
  throughput env_steps_s=322.1  transitions_s=322.1  transitions_step=1.0  updates_s=80.2  updates_throttled=0
episode=1861
  mode      collector=async  worker=0  epsilon=0.001
  outcome   reward=-9.003999999999998  success=0/1 (0.00%)  steps=mean:240.0 range:[240,240]
  training  completed=1860/2500  queue=4/256 (2%)  replay=200000/200000  updates=164  loss=0.03719  policy_version=1575
  throughput env_steps_s=321.7  transitions_s=321.7  transitions_step=1.0  updates_s=80.4  updates_throttled=0
episode=1862
  mode      collector=async  worker=1  epsilon=0.001
  outcome   reward=-9.002699999999999  success=0/1 (0.00%)  steps=mean:227.0 range:[227,227]
  training  completed=1861/2500  queue=0/256 (0%)  replay=200000/200000  updates=67  loss=0.03102  policy_version=1576
  throughput env_steps_s=324.4  transitions_s=324.4  transitions_step=1.0  updates_s=81.4  updates_throttled=0
episode=1860
  mode      collector=async  worker=2  epsilon=0.001
  outcome   reward=-8.019999999999996  success=0/1 (0.00%)  steps=mean:400.0 range:[400,400]
  training  completed=1862/2500  queue=0/256 (0%)  replay=200000/200000  updates=72  loss=0.04228  policy_version=1576
  throughput env_steps_s=312.7  transitions_s=312.7  transitions_step=1.0  updates_s=78.4  updates_throttled=0
episode=1859
  mode      collector=async  worker=3  epsilon=0.001
  outcome   reward=-5.043400000000048  success=0/1 (0.00%)  steps=mean:634.0 range:[634,634]
  training  completed=1863/2500  queue=0/256 (0%)  replay=200000/200000  updates=126  loss=0.02313  policy_version=1578
  throughput env_steps_s=315.8  transitions_s=315.8  transitions_step=1.0  updates_s=78.6  updates_throttled=0
episode=1864
  mode      collector=async  worker=1  epsilon=0.001
  outcome   reward=-9.003799999999998  success=0/1 (0.00%)  steps=mean:238.0 range:[238,238]
  training  completed=1864/2500  queue=0/256 (0%)  replay=200000/200000  updates=38  loss=0.05426  policy_version=1578
  throughput env_steps_s=325.3  transitions_s=325.3  transitions_step=1.0  updates_s=81.9  updates_throttled=0
episode=1863
  mode      collector=async  worker=0  epsilon=0.001
  outcome   reward=-8.022499999999997  success=0/1 (0.00%)  steps=mean:425.0 range:[425,425]
  training  completed=1865/2500  queue=0/256 (0%)  replay=200000/200000  updates=124  loss=0.03369  policy_version=1579
  throughput env_steps_s=316.7  transitions_s=316.7  transitions_step=1.0  updates_s=79.2  updates_throttled=0
episode=1867
  mode      collector=async  worker=1  epsilon=0.001
  outcome   reward=-9.0018  success=0/1 (0.00%)  steps=mean:218.0 range:[218,218]
  training  completed=1866/2500  queue=0/256 (0%)  replay=200000/200000  updates=96  loss=0.04468  policy_version=1580
  throughput env_steps_s=315.6  transitions_s=315.6  transitions_step=1.0  updates_s=79.1  updates_throttled=0
episode=1868
  mode      collector=async  worker=0  epsilon=0.001
  outcome   reward=-9.004399999999999  success=0/1 (0.00%)  steps=mean:244.0 range:[244,244]
  training  completed=1867/2500  queue=2/256 (1%)  replay=200000/200000  updates=147  loss=0.03805  policy_version=1582
  throughput env_steps_s=315.1  transitions_s=315.1  transitions_step=1.0  updates_s=78.9  updates_throttled=0
episode=1866
  mode      collector=async  worker=3  epsilon=0.001
  outcome   reward=-8.025399999999996  success=0/1 (0.00%)  steps=mean:454.0 range:[454,454]
  training  completed=1868/2500  queue=0/256 (0%)  replay=200000/200000  updates=50  loss=0.04449  policy_version=1582
  throughput env_steps_s=322.8  transitions_s=322.8  transitions_step=1.0  updates_s=79.9  updates_throttled=0
episode=1869
  mode      collector=async  worker=1  epsilon=0.001
  outcome   reward=-9.002099999999999  success=0/1 (0.00%)  steps=mean:221.0 range:[221,221]
  training  completed=1869/2500  queue=1/256 (0%)  replay=200000/200000  updates=26  loss=0.01735  policy_version=1582
  throughput env_steps_s=316.9  transitions_s=316.9  transitions_step=1.0  updates_s=80.8  updates_throttled=0
episode=1870
  mode      collector=async  worker=0  epsilon=0.001
  outcome   reward=-9.002899999999999  success=0/1 (0.00%)  steps=mean:229.0 range:[229,229]
  training  completed=1870/2500  queue=0/256 (0%)  replay=200000/200000  updates=151  loss=0.02024  policy_version=1584
  throughput env_steps_s=323.2  transitions_s=323.2  transitions_step=1.0  updates_s=80.4  updates_throttled=0
episode=1871
  mode      collector=async  worker=3  epsilon=0.001
  outcome   reward=-6.054500000000049  success=0/1 (0.00%)  steps=mean:745.0 range:[745,745]
  training  completed=1871/2500  queue=0/256 (0%)  replay=200000/200000  updates=565  loss=0.02703  policy_version=1590
  throughput env_steps_s=318.3  transitions_s=318.3  transitions_step=1.0  updates_s=79.7  updates_throttled=0
episode=1872
  mode      collector=async  worker=1  epsilon=0.001
  outcome   reward=-5.090900000000105  success=0/1 (0.00%)  steps=mean:1109.0 range:[1109,1109]
  training  completed=1872/2500  queue=0/256 (0%)  replay=200000/200000  updates=394  loss=0.03310  policy_version=1594
  throughput env_steps_s=320.9  transitions_s=320.9  transitions_step=1.0  updates_s=80.1  updates_throttled=0
episode=1865
  mode      collector=async  worker=2  epsilon=0.001
  outcome   reward=6.818100000000218  success=0/1 (0.00%)  steps=mean:2019.0 range:[2019,2019]
  training  completed=1873/2500  queue=0/256 (0%)  replay=200000/200000  updates=317  loss=0.02824  policy_version=1597
  throughput env_steps_s=321.0  transitions_s=321.0  transitions_step=1.0  updates_s=80.2  updates_throttled=0
episode=1875
  mode      collector=async  worker=1  epsilon=0.001
  outcome   reward=-8.017799999999998  success=0/1 (0.00%)  steps=mean:378.0 range:[378,378]
  training  completed=1874/2500  queue=0/256 (0%)  replay=200000/200000  updates=60  loss=0.03189  policy_version=1597
  throughput env_steps_s=309.2  transitions_s=309.2  transitions_step=1.0  updates_s=78.0  updates_throttled=0
episode=1876
  mode      collector=async  worker=2  epsilon=0.001
  outcome   reward=-9.004999999999999  success=0/1 (0.00%)  steps=mean:250.0 range:[250,250]
  training  completed=1875/2500  queue=0/256 (0%)  replay=200000/200000  updates=190  loss=0.03012  policy_version=1599
  throughput env_steps_s=319.6  transitions_s=319.6  transitions_step=1.0  updates_s=79.7  updates_throttled=0
Saved checkpoint: checkpoints/breakout_27bricks_v2/ckpt-1875
Scheduled replay buffer save: checkpoints/breakout_27bricks_v2/replay-1875.npz transitions=200000
Saved replay buffer: checkpoints/breakout_27bricks_v2/replay-1875.npz transitions=200000
episode=1877
  mode      collector=async  worker=1  epsilon=0.001
  outcome   reward=-9.0041  success=0/1 (0.00%)  steps=mean:241.0 range:[241,241]
  training  completed=1876/2500  queue=1/256 (0%)  replay=200000/200000  updates=52  loss=0.03839  policy_version=1600
  throughput env_steps_s=290.1  transitions_s=290.1  transitions_step=1.0  updates_s=73.6  updates_throttled=0
episode=1878
  mode      collector=async  worker=2  epsilon=0.001
  outcome   reward=-9.001399999999999  success=0/1 (0.00%)  steps=mean:214.0 range:[214,214]
  training  completed=1877/2500  queue=0/256 (0%)  replay=200000/200000  updates=162  loss=0.03253  policy_version=1601
  throughput env_steps_s=322.1  transitions_s=322.1  transitions_step=1.0  updates_s=80.3  updates_throttled=0
episode=1879
  mode      collector=async  worker=1  epsilon=0.001
  outcome   reward=-9.003899999999998  success=0/1 (0.00%)  steps=mean:239.0 range:[239,239]
  training  completed=1878/2500  queue=0/256 (0%)  replay=200000/200000  updates=80  loss=0.03375  policy_version=1602
  throughput env_steps_s=325.3  transitions_s=325.3  transitions_step=1.0  updates_s=81.1  updates_throttled=0
episode=1881
  mode      collector=async  worker=1  epsilon=0.001
  outcome   reward=-8.999699999999999  success=0/1 (0.00%)  steps=mean:197.0 range:[197,197]
  training  completed=1879/2500  queue=2/256 (1%)  replay=200000/200000  updates=203  loss=0.02350  policy_version=1604
  throughput env_steps_s=322.6  transitions_s=322.6  transitions_step=1.0  updates_s=80.9  updates_throttled=0
episode=1874
  mode      collector=async  worker=3  epsilon=0.001
  outcome   reward=-1.1618999999997648  success=0/1 (0.00%)  steps=mean:1819.0 range:[1819,1819]
  training  completed=1880/2500  queue=4/256 (2%)  replay=200000/200000  updates=340  loss=0.02975  policy_version=1608
  throughput env_steps_s=320.6  transitions_s=320.6  transitions_step=1.0  updates_s=80.0  updates_throttled=0
episode=1882
  mode      collector=async  worker=1  epsilon=0.001
  outcome   reward=-8.024899999999997  success=0/1 (0.00%)  steps=mean:449.0 range:[449,449]
  training  completed=1881/2500  queue=0/256 (0%)  replay=200000/200000  updates=105  loss=0.02377  policy_version=1609
  throughput env_steps_s=319.1  transitions_s=319.1  transitions_step=1.0  updates_s=80.0  updates_throttled=0
episode=1873
  mode      collector=async  worker=0  epsilon=0.001
  outcome   reward=11.770000000000302  success=0/1 (0.00%)  steps=mean:2500.0 range:[2500,2500]
  training  completed=1882/2500  queue=0/256 (0%)  replay=200000/200000  updates=28  loss=0.02893  policy_version=1609
  throughput env_steps_s=293.7  transitions_s=293.7  transitions_step=1.0  updates_s=74.1  updates_throttled=0
episode=1880
  mode      collector=async  worker=2  epsilon=0.001
  outcome   reward=-5.065699999999995  success=0/1 (0.00%)  steps=mean:857.0 range:[857,857]
  training  completed=1883/2500  queue=0/256 (0%)  replay=200000/200000  updates=107  loss=0.02024  policy_version=1610
  throughput env_steps_s=316.6  transitions_s=316.6  transitions_step=1.0  updates_s=79.1  updates_throttled=0
episode=1884
  mode      collector=async  worker=1  epsilon=0.001
  outcome   reward=-9.002799999999999  success=0/1 (0.00%)  steps=mean:228.0 range:[228,228]
  training  completed=1884/2500  queue=0/256 (0%)  replay=200000/200000  updates=91  loss=0.01840  policy_version=1611
  throughput env_steps_s=311.5  transitions_s=311.5  transitions_step=1.0  updates_s=77.4  updates_throttled=0
episode=1883
  mode      collector=async  worker=3  epsilon=0.001
  outcome   reward=-7.0150000000000166  success=0/1 (0.00%)  steps=mean:350.0 range:[350,350]
  training  completed=1885/2500  queue=0/256 (0%)  replay=200000/200000  updates=23  loss=0.01430  policy_version=1611
  throughput env_steps_s=318.0  transitions_s=318.0  transitions_step=1.0  updates_s=79.5  updates_throttled=0
episode=1888
  mode      collector=async  worker=3  epsilon=0.001
  outcome   reward=-10.0063  success=0/1 (0.00%)  steps=mean:63.0 range:[63,63]
  training  completed=1886/2500  queue=0/256 (0%)  replay=200000/200000  updates=64  loss=0.02370  policy_version=1612
  throughput env_steps_s=322.6  transitions_s=322.6  transitions_step=1.0  updates_s=80.7  updates_throttled=0
episode=1889
  mode      collector=async  worker=3  epsilon=0.001
  outcome   reward=-9.0017  success=0/1 (0.00%)  steps=mean:217.0 range:[217,217]
  training  completed=1887/2500  queue=0/256 (0%)  replay=200000/200000  updates=212  loss=0.02121  policy_version=1614
  throughput env_steps_s=319.8  transitions_s=319.8  transitions_step=1.0  updates_s=80.0  updates_throttled=0
episode=1886
  mode      collector=async  worker=2  epsilon=0.001
  outcome   reward=-5.035400000000016  success=0/1 (0.00%)  steps=mean:554.0 range:[554,554]
  training  completed=1888/2500  queue=0/256 (0%)  replay=200000/200000  updates=168  loss=0.02172  policy_version=1616
  throughput env_steps_s=321.6  transitions_s=321.6  transitions_step=1.0  updates_s=80.4  updates_throttled=0
episode=1887
  mode      collector=async  worker=1  epsilon=0.001
  outcome   reward=-7.036100000000017  success=0/1 (0.00%)  steps=mean:561.0 range:[561,561]
  training  completed=1889/2500  queue=0/256 (0%)  replay=200000/200000  updates=95  loss=0.02400  policy_version=1617
  throughput env_steps_s=308.8  transitions_s=308.8  transitions_step=1.0  updates_s=77.2  updates_throttled=0
episode=1885
  mode      collector=async  worker=0  epsilon=0.001
  outcome   reward=-3.0648999999999296  success=0/1 (0.00%)  steps=mean:849.0 range:[849,849]
  training  completed=1890/2500  queue=0/256 (0%)  replay=200000/200000  updates=94  loss=0.02128  policy_version=1617
  throughput env_steps_s=313.0  transitions_s=313.0  transitions_step=1.0  updates_s=78.0  updates_throttled=0
episode=1891
  mode      collector=async  worker=2  epsilon=0.001
  outcome   reward=-9.003499999999999  success=0/1 (0.00%)  steps=mean:235.0 range:[235,235]
  training  completed=1891/2500  queue=3/256 (1%)  replay=200000/200000  updates=47  loss=0.01404  policy_version=1618
  throughput env_steps_s=319.0  transitions_s=319.0  transitions_step=1.0  updates_s=81.0  updates_throttled=0
episode=1890
  mode      collector=async  worker=3  epsilon=0.001
  outcome   reward=-8.023599999999997  success=0/1 (0.00%)  steps=mean:436.0 range:[436,436]
  training  completed=1892/2500  queue=1/256 (0%)  replay=200000/200000  updates=28  loss=0.03968  policy_version=1618
  throughput env_steps_s=319.1  transitions_s=319.1  transitions_step=1.0  updates_s=79.8  updates_throttled=0
episode=1894
  mode      collector=async  worker=2  epsilon=0.001
  outcome   reward=-7.022300000000019  success=0/1 (0.00%)  steps=mean:423.0 range:[423,423]
  training  completed=1893/2500  queue=0/256 (0%)  replay=200000/200000  updates=389  loss=0.02847  policy_version=1622
  throughput env_steps_s=319.6  transitions_s=319.6  transitions_step=1.0  updates_s=79.7  updates_throttled=0
episode=1893
  mode      collector=async  worker=0  epsilon=0.001
  outcome   reward=-7.0342000000000136  success=0/1 (0.00%)  steps=mean:542.0 range:[542,542]
  training  completed=1894/2500  queue=0/256 (0%)  replay=200000/200000  updates=93  loss=0.02506  policy_version=1623
  throughput env_steps_s=320.2  transitions_s=320.2  transitions_step=1.0  updates_s=80.0  updates_throttled=0
episode=1895
  mode      collector=async  worker=3  epsilon=0.001
  outcome   reward=-7.036100000000021  success=0/1 (0.00%)  steps=mean:561.0 range:[561,561]
  training  completed=1895/2500  queue=0/256 (0%)  replay=200000/200000  updates=83  loss=0.02482  policy_version=1624
  throughput env_steps_s=317.2  transitions_s=317.2  transitions_step=1.0  updates_s=79.8  updates_throttled=0
episode=1896
  mode      collector=async  worker=2  epsilon=0.001
  outcome   reward=-7.016400000000019  success=0/1 (0.00%)  steps=mean:364.0 range:[364,364]
  training  completed=1896/2500  queue=0/256 (0%)  replay=200000/200000  updates=192  loss=0.02432  policy_version=1626
  throughput env_steps_s=318.7  transitions_s=318.7  transitions_step=1.0  updates_s=79.5  updates_throttled=0
episode=1899
  mode      collector=async  worker=2  epsilon=0.001
  outcome   reward=-2.078699999999867  success=0/1 (0.00%)  steps=mean:987.0 range:[987,987]
  training  completed=1897/2500  queue=0/256 (0%)  replay=200000/200000  updates=994  loss=0.02472  policy_version=1636
  throughput env_steps_s=319.7  transitions_s=319.7  transitions_step=1.0  updates_s=79.9  updates_throttled=0
episode=1897
  mode      collector=async  worker=0  epsilon=0.001
  outcome   reward=3.870300000000194  success=0/1 (0.00%)  steps=mean:1497.0 range:[1497,1497]
  training  completed=1898/2500  queue=0/256 (0%)  replay=200000/200000  updates=224  loss=0.02293  policy_version=1638
  throughput env_steps_s=315.3  transitions_s=315.3  transitions_step=1.0  updates_s=79.0  updates_throttled=0
episode=1898
  mode      collector=async  worker=3  epsilon=0.001
  outcome   reward=0.857800000000136  success=0/1 (0.00%)  steps=mean:1622.0 range:[1622,1622]
  training  completed=1899/2500  queue=0/256 (0%)  replay=200000/200000  updates=207  loss=0.02620  policy_version=1640
  throughput env_steps_s=328.5  transitions_s=328.5  transitions_step=1.0  updates_s=81.9  updates_throttled=0
episode=1892
  mode      collector=async  worker=1  epsilon=0.001
  outcome   reward=11.770000000000426  success=0/1 (0.00%)  steps=mean:2500.0 range:[2500,2500]
  training  completed=1900/2500  queue=3/256 (1%)  replay=200000/200000  updates=130  loss=0.02391  policy_version=1641
  throughput env_steps_s=315.8  transitions_s=315.8  transitions_step=1.0  updates_s=78.8  updates_throttled=0
Saved checkpoint: checkpoints/breakout_27bricks_v2/ckpt-1900
Scheduled replay buffer save: checkpoints/breakout_27bricks_v2/replay-1900.npz transitions=200000
Evaluating frozen checkpoint episode=1900 episodes=20 metric=auto...
Saved replay buffer: checkpoints/breakout_27bricks_v2/replay-1900.npz transitions=200000
episode=1902
  mode      collector=async  worker=3  epsilon=0.001
  outcome   reward=-8.018699999999997  success=0/1 (0.00%)  steps=mean:387.0 range:[387,387]
  training  completed=1901/2500  queue=0/256 (0%)  replay=200000/200000  updates=251  loss=0.03919  policy_version=1644
  throughput env_steps_s=269.5  transitions_s=269.5  transitions_step=1.0  updates_s=67.4  updates_throttled=0
episode=1903
  mode      collector=async  worker=1  epsilon=0.001
  outcome   reward=-8.016299999999998  success=0/1 (0.00%)  steps=mean:363.0 range:[363,363]
  training  completed=1902/2500  queue=0/256 (0%)  replay=200000/200000  updates=116  loss=0.03175  policy_version=1645
  throughput env_steps_s=271.1  transitions_s=271.1  transitions_step=1.0  updates_s=68.2  updates_throttled=0
episode=1900
  mode      collector=async  worker=2  epsilon=0.001
  outcome   reward=-2.0803000000000083  success=0/1 (0.00%)  steps=mean:1003.0 range:[1003,1003]
  training  completed=1903/2500  queue=1/256 (0%)  replay=200000/200000  updates=83  loss=0.01850  policy_version=1646
  throughput env_steps_s=283.9  transitions_s=283.9  transitions_step=1.0  updates_s=71.0  updates_throttled=0
episode=1906
  mode      collector=async  worker=2  epsilon=0.001
  outcome   reward=-9.004599999999998  success=0/1 (0.00%)  steps=mean:246.0 range:[246,246]
  training  completed=1904/2500  queue=0/256 (0%)  replay=200000/200000  updates=248  loss=0.02645  policy_version=1648
  throughput env_steps_s=271.6  transitions_s=271.6  transitions_step=1.0  updates_s=67.8  updates_throttled=0
episode=1901
  mode      collector=async  worker=0  epsilon=0.001
  outcome   reward=-3.097499999999963  success=0/1 (0.00%)  steps=mean:1175.0 range:[1175,1175]
  training  completed=1905/2500  queue=0/256 (0%)  replay=200000/200000  updates=141  loss=0.03659  policy_version=1650
  throughput env_steps_s=272.7  transitions_s=272.7  transitions_step=1.0  updates_s=68.1  updates_throttled=0
episode=1905
  mode      collector=async  worker=1  epsilon=0.001
  outcome   reward=-5.032000000000017  success=0/1 (0.00%)  steps=mean:520.0 range:[520,520]
  training  completed=1906/2500  queue=0/256 (0%)  replay=200000/200000  updates=44  loss=0.02591  policy_version=1650
  throughput env_steps_s=270.8  transitions_s=270.8  transitions_step=1.0  updates_s=67.7  updates_throttled=0
episode=1908
  mode      collector=async  worker=0  epsilon=0.001
  outcome   reward=-9.002699999999999  success=0/1 (0.00%)  steps=mean:227.0 range:[227,227]
  training  completed=1907/2500  queue=0/256 (0%)  replay=200000/200000  updates=179  loss=0.02221  policy_version=1652
  throughput env_steps_s=270.1  transitions_s=270.1  transitions_step=1.0  updates_s=67.5  updates_throttled=0
episode=1910
  mode      collector=async  worker=0  epsilon=0.001
  outcome   reward=-9.0019  success=0/1 (0.00%)  steps=mean:219.0 range:[219,219]
  training  completed=1908/2500  queue=0/256 (0%)  replay=200000/200000  updates=220  loss=0.02231  policy_version=1654
  throughput env_steps_s=273.8  transitions_s=273.8  transitions_step=1.0  updates_s=68.6  updates_throttled=0
episode=1904
  mode      collector=async  worker=3  epsilon=0.001
  outcome   reward=-4.095300000000028  success=0/1 (0.00%)  steps=mean:1153.0 range:[1153,1153]
  training  completed=1909/2500  queue=0/256 (0%)  replay=200000/200000  updates=116  loss=0.03740  policy_version=1655
  throughput env_steps_s=259.5  transitions_s=259.5  transitions_step=1.0  updates_s=64.7  updates_throttled=0
episode=1909
  mode      collector=async  worker=1  epsilon=0.001
  outcome   reward=-7.032300000000016  success=0/1 (0.00%)  steps=mean:523.0 range:[523,523]
  training  completed=1910/2500  queue=2/256 (1%)  replay=200000/200000  updates=17  loss=0.05452  policy_version=1656
  throughput env_steps_s=269.8  transitions_s=269.8  transitions_step=1.0  updates_s=68.5  updates_throttled=0
episode=1911
  mode      collector=async  worker=0  epsilon=0.001
  outcome   reward=-9.003499999999999  success=0/1 (0.00%)  steps=mean:235.0 range:[235,235]
  training  completed=1911/2500  queue=0/256 (0%)  replay=200000/200000  updates=103  loss=0.02344  policy_version=1657
  throughput env_steps_s=267.9  transitions_s=267.9  transitions_step=1.0  updates_s=66.8  updates_throttled=0
episode=1913
  mode      collector=async  worker=1  epsilon=0.001
  outcome   reward=-9.0002  success=0/1 (0.00%)  steps=mean:202.0 range:[202,202]
  training  completed=1912/2500  queue=0/256 (0%)  replay=200000/200000  updates=101  loss=0.01958  policy_version=1658
  throughput env_steps_s=267.8  transitions_s=267.8  transitions_step=1.0  updates_s=67.1  updates_throttled=0
episode=1912
  mode      collector=async  worker=3  epsilon=0.001
  outcome   reward=-9.004399999999999  success=0/1 (0.00%)  steps=mean:244.0 range:[244,244]
  training  completed=1913/2500  queue=0/256 (0%)  replay=200000/200000  updates=20  loss=0.01440  policy_version=1658
  throughput env_steps_s=276.7  transitions_s=276.7  transitions_step=1.0  updates_s=68.3  updates_throttled=0
episode=1916
  mode      collector=async  worker=3  epsilon=0.001
  outcome   reward=-7.024600000000019  success=0/1 (0.00%)  steps=mean:446.0 range:[446,446]
  training  completed=1914/2500  queue=1/256 (0%)  replay=200000/200000  updates=447  loss=0.03153  policy_version=1662
  throughput env_steps_s=271.2  transitions_s=271.2  transitions_step=1.0  updates_s=67.8  updates_throttled=0
episode=1915
  mode      collector=async  worker=1  epsilon=0.001
  outcome   reward=-7.030900000000015  success=0/1 (0.00%)  steps=mean:509.0 range:[509,509]
  training  completed=1915/2500  queue=0/256 (0%)  replay=200000/200000  updates=43  loss=0.01930  policy_version=1663
  throughput env_steps_s=268.9  transitions_s=268.9  transitions_step=1.0  updates_s=66.4  updates_throttled=0
episode=1907
  mode      collector=async  worker=2  epsilon=0.001
  outcome   reward=0.8616000000001947  success=0/1 (0.00%)  steps=mean:1584.0 range:[1584,1584]
  training  completed=1916/2500  queue=0/256 (0%)  replay=200000/200000  updates=151  loss=0.02205  policy_version=1664
  throughput env_steps_s=272.8  transitions_s=272.8  transitions_step=1.0  updates_s=68.3  updates_throttled=0
episode=1917
  mode      collector=async  worker=3  epsilon=0.001
  outcome   reward=-7.02860000000001  success=0/1 (0.00%)  steps=mean:486.0 range:[486,486]
  training  completed=1917/2500  queue=1/256 (0%)  replay=200000/200000  updates=291  loss=0.02733  policy_version=1667
  throughput env_steps_s=257.6  transitions_s=257.6  transitions_step=1.0  updates_s=64.5  updates_throttled=0
episode=1914
  mode      collector=async  worker=0  epsilon=0.001
  outcome   reward=-2.0982999999999414  success=0/1 (0.00%)  steps=mean:1183.0 range:[1183,1183]
  training  completed=1918/2500  queue=2/256 (1%)  replay=200000/200000  updates=132  loss=0.02875  policy_version=1668
  throughput env_steps_s=265.9  transitions_s=265.9  transitions_step=1.0  updates_s=66.5  updates_throttled=0
episode=1918
  mode      collector=async  worker=1  epsilon=0.001
  outcome   reward=-6.064100000000099  success=0/1 (0.00%)  steps=mean:841.0 range:[841,841]
  training  completed=1919/2500  queue=3/256 (1%)  replay=200000/200000  updates=271  loss=0.02587  policy_version=1671
  throughput env_steps_s=266.1  transitions_s=266.1  transitions_step=1.0  updates_s=66.5  updates_throttled=0
episode=1920
  mode      collector=async  worker=3  epsilon=0.001
  outcome   reward=-6.052100000000048  success=0/1 (0.00%)  steps=mean:721.0 range:[721,721]
  training  completed=1920/2500  queue=3/256 (1%)  replay=200000/200000  updates=316  loss=0.02489  policy_version=1674
  throughput env_steps_s=271.4  transitions_s=271.4  transitions_step=1.0  updates_s=67.7  updates_throttled=0
episode=1922
  mode      collector=async  worker=1  epsilon=0.001
  outcome   reward=-8.018299999999996  success=0/1 (0.00%)  steps=mean:383.0 range:[383,383]
  training  completed=1921/2500  queue=0/256 (0%)  replay=200000/200000  updates=65  loss=0.01890  policy_version=1675
  throughput env_steps_s=278.5  transitions_s=278.5  transitions_step=1.0  updates_s=69.6  updates_throttled=0
episode=1919
  mode      collector=async  worker=2  epsilon=0.001
  outcome   reward=-2.092499999999932  success=0/1 (0.00%)  steps=mean:1125.0 range:[1125,1125]
  training  completed=1922/2500  queue=0/256 (0%)  replay=200000/200000  updates=55  loss=0.02493  policy_version=1675
  throughput env_steps_s=275.6  transitions_s=275.6  transitions_step=1.0  updates_s=68.6  updates_throttled=0
episode=1921
  mode      collector=async  worker=0  epsilon=0.001
  outcome   reward=-3.0884000000000285  success=0/1 (0.00%)  steps=mean:1084.0 range:[1084,1084]
  training  completed=1923/2500  queue=0/256 (0%)  replay=200000/200000  updates=375  loss=0.02127  policy_version=1679
  throughput env_steps_s=268.4  transitions_s=268.4  transitions_step=1.0  updates_s=67.2  updates_throttled=0
episode=1923
  mode      collector=async  worker=3  epsilon=0.001
  outcome   reward=-6.047700000000049  success=0/1 (0.00%)  steps=mean:677.0 range:[677,677]
  training  completed=1924/2500  queue=2/256 (1%)  replay=200000/200000  updates=179  loss=0.02915  policy_version=1681
  throughput env_steps_s=269.9  transitions_s=269.9  transitions_step=1.0  updates_s=67.6  updates_throttled=0
episode=1926
  mode      collector=async  worker=0  epsilon=0.001
  outcome   reward=-9.005099999999999  success=0/1 (0.00%)  steps=mean:251.0 range:[251,251]
  training  completed=1925/2500  queue=1/256 (0%)  replay=200000/200000  updates=72  loss=0.03417  policy_version=1682
  throughput env_steps_s=268.5  transitions_s=268.5  transitions_step=1.0  updates_s=67.1  updates_throttled=0
Saved checkpoint: checkpoints/breakout_27bricks_v2/ckpt-1925
Scheduled replay buffer save: checkpoints/breakout_27bricks_v2/replay-1925.npz transitions=200000
Saved replay buffer: checkpoints/breakout_27bricks_v2/replay-1925.npz transitions=200000
episode=1925
  mode      collector=async  worker=2  epsilon=0.001
  outcome   reward=-8.045699999999995  success=0/1 (0.00%)  steps=mean:657.0 range:[657,657]
  training  completed=1926/2500  queue=0/256 (0%)  replay=200000/200000  updates=42  loss=0.04674  policy_version=1682
  throughput env_steps_s=256.9  transitions_s=256.9  transitions_step=1.0  updates_s=63.5  updates_throttled=0
episode=1924
  mode      collector=async  worker=1  epsilon=0.001
  outcome   reward=-5.053500000000012  success=0/1 (0.00%)  steps=mean:735.0 range:[735,735]
  training  completed=1927/2500  queue=1/256 (0%)  replay=200000/200000  updates=4  loss=0.08232  policy_version=1682
  throughput env_steps_s=254.0  transitions_s=254.0  transitions_step=1.0  updates_s=72.6  updates_throttled=0
episode=1929
  mode      collector=async  worker=2  epsilon=0.001
  outcome   reward=-9.0033  success=0/1 (0.00%)  steps=mean:233.0 range:[233,233]
  training  completed=1928/2500  queue=0/256 (0%)  replay=200000/200000  updates=225  loss=0.02922  policy_version=1684
  throughput env_steps_s=272.3  transitions_s=272.3  transitions_step=1.0  updates_s=67.8  updates_throttled=0
episode=1927
  mode      collector=async  worker=3  epsilon=0.001
  outcome   reward=-8.023399999999997  success=0/1 (0.00%)  steps=mean:434.0 range:[434,434]
  training  completed=1929/2500  queue=1/256 (0%)  replay=200000/200000  updates=91  loss=0.02449  policy_version=1685
  throughput env_steps_s=268.7  transitions_s=268.7  transitions_step=1.0  updates_s=67.7  updates_throttled=0
episode=1928
  mode      collector=async  worker=0  epsilon=0.001
  outcome   reward=-8.019799999999996  success=0/1 (0.00%)  steps=mean:398.0 range:[398,398]
  training  completed=1930/2500  queue=0/256 (0%)  replay=200000/200000  updates=37  loss=0.01939  policy_version=1686
  throughput env_steps_s=277.9  transitions_s=277.9  transitions_step=1.0  updates_s=69.0  updates_throttled=0
episode=1930
  mode      collector=async  worker=1  epsilon=0.001
  outcome   reward=-6.022400000000026  success=0/1 (0.00%)  steps=mean:424.0 range:[424,424]
  training  completed=1931/2500  queue=0/256 (0%)  replay=200000/200000  updates=72  loss=0.03021  policy_version=1686
  throughput env_steps_s=272.2  transitions_s=272.2  transitions_step=1.0  updates_s=68.3  updates_throttled=0
episode=1933
  mode      collector=async  worker=0  epsilon=0.001
  outcome   reward=-9.002699999999999  success=0/1 (0.00%)  steps=mean:227.0 range:[227,227]
  training  completed=1932/2500  queue=0/256 (0%)  replay=200000/200000  updates=154  loss=0.02414  policy_version=1688
  throughput env_steps_s=268.4  transitions_s=268.4  transitions_step=1.0  updates_s=67.0  updates_throttled=0
episode=1931
  mode      collector=async  worker=2  epsilon=0.001
  outcome   reward=-8.017299999999997  success=0/1 (0.00%)  steps=mean:373.0 range:[373,373]
  training  completed=1933/2500  queue=0/256 (0%)  replay=200000/200000  updates=21  loss=0.01857  policy_version=1688
  throughput env_steps_s=269.2  transitions_s=269.2  transitions_step=1.0  updates_s=67.3  updates_throttled=0
episode=1932
  mode      collector=async  worker=3  epsilon=0.001
  outcome   reward=-8.014999999999997  success=0/1 (0.00%)  steps=mean:350.0 range:[350,350]
  training  completed=1934/2500  queue=0/256 (0%)  replay=200000/200000  updates=62  loss=0.02127  policy_version=1689
  throughput env_steps_s=266.5  transitions_s=266.5  transitions_step=1.0  updates_s=66.6  updates_throttled=0
episode=1935
  mode      collector=async  worker=0  epsilon=0.001
  outcome   reward=-6.027300000000025  success=0/1 (0.00%)  steps=mean:473.0 range:[473,473]
  training  completed=1935/2500  queue=0/256 (0%)  replay=200000/200000  updates=395  loss=0.02485  policy_version=1693
  throughput env_steps_s=273.6  transitions_s=273.6  transitions_step=1.0  updates_s=68.4  updates_throttled=0
episode=1937
  mode      collector=async  worker=3  epsilon=0.001
  outcome   reward=-8.023399999999997  success=0/1 (0.00%)  steps=mean:434.0 range:[434,434]
  training  completed=1936/2500  queue=0/256 (0%)  replay=200000/200000  updates=43  loss=0.01151  policy_version=1693
  throughput env_steps_s=269.6  transitions_s=269.6  transitions_step=1.0  updates_s=67.4  updates_throttled=0
episode=1936
  mode      collector=async  worker=2  epsilon=0.001
  outcome   reward=-4.0668000000000095  success=0/1 (0.00%)  steps=mean:868.0 range:[868,868]
  training  completed=1937/2500  queue=0/256 (0%)  replay=200000/200000  updates=364  loss=0.02752  policy_version=1697
  throughput env_steps_s=270.7  transitions_s=270.7  transitions_step=1.0  updates_s=67.6  updates_throttled=0
episode=1934
  mode      collector=async  worker=1  epsilon=0.001
  outcome   reward=-0.09289999999991494  success=0/1 (0.00%)  steps=mean:1129.0 range:[1129,1129]
  training  completed=1938/2500  queue=0/256 (0%)  replay=200000/200000  updates=80  loss=0.02584  policy_version=1698
  throughput env_steps_s=270.7  transitions_s=270.7  transitions_step=1.0  updates_s=67.9  updates_throttled=0
Frozen evaluation episode=1900: success=0/20 (0.00%) reward_mean=-2.0891 steps_mean=1091.2
Saved checkpoint: checkpoints/breakout_27bricks_v2/best/ckpt-1938
Best checkpoint applied using live weights at episode=1938 (background evaluation was requested for episode=1900)
New best checkpoint: checkpoints/breakout_27bricks_v2/best/ckpt-1938 metric=auto success=0.00% reward_mean=-2.0891
episode=1940
  mode      collector=async  worker=2  epsilon=0.001
  outcome   reward=-9.000599999999999  success=0/1 (0.00%)  steps=mean:206.0 range:[206,206]
  training  completed=1939/2500  queue=1/256 (0%)  replay=200000/200000  updates=126  loss=0.02138  policy_version=1699
  throughput env_steps_s=291.2  transitions_s=291.2  transitions_step=1.0  updates_s=73.1  updates_throttled=0
episode=1939
  mode      collector=async  worker=3  epsilon=0.001
  outcome   reward=-7.0425000000000155  success=0/1 (0.00%)  steps=mean:625.0 range:[625,625]
  training  completed=1940/2500  queue=3/256 (1%)  replay=200000/200000  updates=57  loss=0.01724  policy_version=1699
  throughput env_steps_s=283.8  transitions_s=283.8  transitions_step=1.0  updates_s=70.0  updates_throttled=0
episode=1942
  mode      collector=async  worker=2  epsilon=0.001
  outcome   reward=-9.005199999999999  success=0/1 (0.00%)  steps=mean:252.0 range:[252,252]
  training  completed=1941/2500  queue=0/256 (0%)  replay=200000/200000  updates=194  loss=0.02972  policy_version=1701
  throughput env_steps_s=281.1  transitions_s=281.1  transitions_step=1.0  updates_s=70.3  updates_throttled=0
episode=1941
  mode      collector=async  worker=1  epsilon=0.001
  outcome   reward=-4.077100000000002  success=0/1 (0.00%)  steps=mean:971.0 range:[971,971]
  training  completed=1942/2500  queue=0/256 (0%)  replay=200000/200000  updates=589  loss=0.02600  policy_version=1707
  throughput env_steps_s=319.1  transitions_s=319.1  transitions_step=1.0  updates_s=79.8  updates_throttled=0
episode=1943
  mode      collector=async  worker=3  epsilon=0.001
  outcome   reward=-2.066399999999999  success=0/1 (0.00%)  steps=mean:864.0 range:[864,864]
  training  completed=1943/2500  queue=0/256 (0%)  replay=200000/200000  updates=81  loss=0.01698  policy_version=1708
  throughput env_steps_s=324.6  transitions_s=324.6  transitions_step=1.0  updates_s=81.4  updates_throttled=0
episode=1946
  mode      collector=async  worker=3  epsilon=0.001
  outcome   reward=-9.0049  success=0/1 (0.00%)  steps=mean:249.0 range:[249,249]
  training  completed=1944/2500  queue=0/256 (0%)  replay=200000/200000  updates=248  loss=0.02126  policy_version=1711
  throughput env_steps_s=319.3  transitions_s=319.3  transitions_step=1.0  updates_s=79.7  updates_throttled=0
episode=1938
  mode      collector=async  worker=0  epsilon=0.001
  outcome   reward=0.840100000000314  success=0/1 (0.00%)  steps=mean:1799.0 range:[1799,1799]
  training  completed=1945/2500  queue=0/256 (0%)  replay=200000/200000  updates=28  loss=0.01652  policy_version=1711
  throughput env_steps_s=319.8  transitions_s=319.8  transitions_step=1.0  updates_s=79.9  updates_throttled=0
episode=1944
  mode      collector=async  worker=2  epsilon=0.001
  outcome   reward=-2.07669999999999  success=0/1 (0.00%)  steps=mean:967.0 range:[967,967]
  training  completed=1946/2500  queue=0/256 (0%)  replay=200000/200000  updates=19  loss=0.02847  policy_version=1711
  throughput env_steps_s=313.1  transitions_s=313.1  transitions_step=1.0  updates_s=80.4  updates_throttled=0
episode=1948
  mode      collector=async  worker=0  epsilon=0.001
  outcome   reward=-9.001599999999998  success=0/1 (0.00%)  steps=mean:216.0 range:[216,216]
  training  completed=1947/2500  queue=0/256 (0%)  replay=200000/200000  updates=197  loss=0.02615  policy_version=1713
  throughput env_steps_s=322.2  transitions_s=322.2  transitions_step=1.0  updates_s=80.3  updates_throttled=0
episode=1949
  mode      collector=async  worker=2  epsilon=0.001
  outcome   reward=-9.003499999999999  success=0/1 (0.00%)  steps=mean:235.0 range:[235,235]
  training  completed=1948/2500  queue=1/256 (0%)  replay=200000/200000  updates=37  loss=0.01770  policy_version=1713
  throughput env_steps_s=304.0  transitions_s=304.0  transitions_step=1.0  updates_s=77.0  updates_throttled=0
episode=1947
  mode      collector=async  worker=3  epsilon=0.001
  outcome   reward=-8.010399999999997  success=0/1 (0.00%)  steps=mean:304.0 range:[304,304]
  training  completed=1949/2500  queue=0/256 (0%)  replay=200000/200000  updates=22  loss=0.02611  policy_version=1714
  throughput env_steps_s=320.1  transitions_s=320.1  transitions_step=1.0  updates_s=77.4  updates_throttled=0
episode=1950
  mode      collector=async  worker=0  epsilon=0.001
  outcome   reward=-10.006499999999999  success=0/1 (0.00%)  steps=mean:65.0 range:[65,65]
  training  completed=1950/2500  queue=0/256 (0%)  replay=200000/200000  updates=7  loss=0.01641  policy_version=1714
  throughput env_steps_s=339.6  transitions_s=339.6  transitions_step=1.0  updates_s=91.4  updates_throttled=0
Saved checkpoint: checkpoints/breakout_27bricks_v2/ckpt-1950
Scheduled replay buffer save: checkpoints/breakout_27bricks_v2/replay-1950.npz transitions=200000
Saved replay buffer: checkpoints/breakout_27bricks_v2/replay-1950.npz transitions=200000
episode=1952
  mode      collector=async  worker=3  epsilon=0.001
  outcome   reward=-8.00240000000001  success=0/1 (0.00%)  steps=mean:224.0 range:[224,224]
  training  completed=1951/2500  queue=0/256 (0%)  replay=200000/200000  updates=218  loss=0.03687  policy_version=1716
  throughput env_steps_s=311.6  transitions_s=311.6  transitions_step=1.0  updates_s=77.8  updates_throttled=0
episode=1951
  mode      collector=async  worker=2  epsilon=0.001
  outcome   reward=-9.005299999999998  success=0/1 (0.00%)  steps=mean:253.0 range:[253,253]
  training  completed=1952/2500  queue=0/256 (0%)  replay=200000/200000  updates=10  loss=0.02736  policy_version=1716
  throughput env_steps_s=295.9  transitions_s=295.9  transitions_step=1.0  updates_s=74.0  updates_throttled=0
episode=1945
  mode      collector=async  worker=1  epsilon=0.001
  outcome   reward=-3.0852999999999406  success=0/1 (0.00%)  steps=mean:1053.0 range:[1053,1053]
  training  completed=1953/2500  queue=0/256 (0%)  replay=200000/200000  updates=185  loss=0.02240  policy_version=1718
  throughput env_steps_s=318.6  transitions_s=318.6  transitions_step=1.0  updates_s=79.5  updates_throttled=0
episode=1954
  mode      collector=async  worker=3  epsilon=0.001
  outcome   reward=-9.004199999999999  success=0/1 (0.00%)  steps=mean:242.0 range:[242,242]
  training  completed=1954/2500  queue=0/256 (0%)  replay=200000/200000  updates=45  loss=0.01476  policy_version=1718
  throughput env_steps_s=323.2  transitions_s=323.2  transitions_step=1.0  updates_s=81.3  updates_throttled=0
episode=1957
  mode      collector=async  worker=3  epsilon=0.001
  outcome   reward=-10.006  success=0/1 (0.00%)  steps=mean:60.0 range:[60,60]
  training  completed=1955/2500  queue=0/256 (0%)  replay=200000/200000  updates=57  loss=0.01869  policy_version=1719
  throughput env_steps_s=323.1  transitions_s=323.1  transitions_step=1.0  updates_s=81.1  updates_throttled=0
episode=1953
  mode      collector=async  worker=0  epsilon=0.001
  outcome   reward=-6.035300000000078  success=0/1 (0.00%)  steps=mean:553.0 range:[553,553]
  training  completed=1956/2500  queue=0/256 (0%)  replay=200000/200000  updates=37  loss=0.01660  policy_version=1719
  throughput env_steps_s=319.2  transitions_s=319.2  transitions_step=1.0  updates_s=78.7  updates_throttled=0
episode=1955
  mode      collector=async  worker=2  epsilon=0.001
  outcome   reward=-8.012999999999998  success=0/1 (0.00%)  steps=mean:330.0 range:[330,330]
  training  completed=1957/2500  queue=0/256 (0%)  replay=200000/200000  updates=8  loss=0.02144  policy_version=1719
  throughput env_steps_s=323.9  transitions_s=323.9  transitions_step=1.0  updates_s=83.6  updates_throttled=0
episode=1956
  mode      collector=async  worker=1  epsilon=0.001
  outcome   reward=-8.032999999999996  success=0/1 (0.00%)  steps=mean:530.0 range:[530,530]
  training  completed=1958/2500  queue=0/256 (0%)  replay=200000/200000  updates=384  loss=0.02975  policy_version=1723
  throughput env_steps_s=321.2  transitions_s=321.2  transitions_step=1.0  updates_s=80.3  updates_throttled=0
episode=1958
  mode      collector=async  worker=3  epsilon=0.001
  outcome   reward=-7.032400000000017  success=0/1 (0.00%)  steps=mean:524.0 range:[524,524]
  training  completed=1959/2500  queue=0/256 (0%)  replay=200000/200000  updates=105  loss=0.01858  policy_version=1724
  throughput env_steps_s=323.3  transitions_s=323.3  transitions_step=1.0  updates_s=80.8  updates_throttled=0
episode=1959
  mode      collector=async  worker=0  epsilon=0.001
  outcome   reward=-7.034700000000017  success=0/1 (0.00%)  steps=mean:547.0 range:[547,547]
  training  completed=1960/2500  queue=5/256 (2%)  replay=200000/200000  updates=46  loss=0.03656  policy_version=1725
  throughput env_steps_s=299.2  transitions_s=299.2  transitions_step=1.0  updates_s=75.6  updates_throttled=0
episode=1963
  mode      collector=async  worker=0  epsilon=0.001
  outcome   reward=-8.014799999999997  success=0/1 (0.00%)  steps=mean:348.0 range:[348,348]
  training  completed=1961/2500  queue=0/256 (0%)  replay=200000/200000  updates=347  loss=0.02645  policy_version=1728
  throughput env_steps_s=323.0  transitions_s=323.0  transitions_step=1.0  updates_s=80.6  updates_throttled=0
episode=1960
  mode      collector=async  worker=2  epsilon=0.001
  outcome   reward=-3.0765999999999476  success=0/1 (0.00%)  steps=mean:966.0 range:[966,966]
  training  completed=1962/2500  queue=0/256 (0%)  replay=200000/200000  updates=84  loss=0.01649  policy_version=1729
  throughput env_steps_s=321.8  transitions_s=321.8  transitions_step=1.0  updates_s=80.2  updates_throttled=0
episode=1962
  mode      collector=async  worker=3  epsilon=0.001
  outcome   reward=-6.028400000000019  success=0/1 (0.00%)  steps=mean:484.0 range:[484,484]
  training  completed=1963/2500  queue=0/256 (0%)  replay=200000/200000  updates=5  loss=0.01357  policy_version=1729
  throughput env_steps_s=302.2  transitions_s=302.2  transitions_step=1.0  updates_s=75.5  updates_throttled=0
episode=1965
  mode      collector=async  worker=2  epsilon=0.001
  outcome   reward=-10.0062  success=0/1 (0.00%)  steps=mean:62.0 range:[62,62]
  training  completed=1964/2500  queue=0/256 (0%)  replay=200000/200000  updates=58  loss=0.03779  policy_version=1730
  throughput env_steps_s=307.2  transitions_s=307.2  transitions_step=1.0  updates_s=77.1  updates_throttled=0
episode=1966
  mode      collector=async  worker=3  epsilon=0.001
  outcome   reward=-7.018200000000043  success=0/1 (0.00%)  steps=mean:382.0 range:[382,382]
  training  completed=1965/2500  queue=0/256 (0%)  replay=200000/200000  updates=321  loss=0.02973  policy_version=1733
  throughput env_steps_s=318.0  transitions_s=318.0  transitions_step=1.0  updates_s=79.4  updates_throttled=0
episode=1964
  mode      collector=async  worker=0  epsilon=0.001
  outcome   reward=-5.058700000000039  success=0/1 (0.00%)  steps=mean:787.0 range:[787,787]
  training  completed=1966/2500  queue=0/256 (0%)  replay=200000/200000  updates=321  loss=0.03170  policy_version=1736
  throughput env_steps_s=311.4  transitions_s=311.4  transitions_step=1.0  updates_s=77.9  updates_throttled=0
episode=1961
  mode      collector=async  worker=1  epsilon=0.001
  outcome   reward=-0.11619999999991926  success=0/1 (0.00%)  steps=mean:1362.0 range:[1362,1362]
  training  completed=1967/2500  queue=2/256 (1%)  replay=200000/200000  updates=76  loss=0.01955  policy_version=1737
  throughput env_steps_s=322.9  transitions_s=322.9  transitions_step=1.0  updates_s=81.3  updates_throttled=0
episode=1967
  mode      collector=async  worker=2  epsilon=0.001
  outcome   reward=-5.0572000000000426  success=0/1 (0.00%)  steps=mean:772.0 range:[772,772]
  training  completed=1968/2500  queue=0/256 (0%)  replay=200000/200000  updates=62  loss=0.03459  policy_version=1737
  throughput env_steps_s=309.1  transitions_s=309.1  transitions_step=1.0  updates_s=76.6  updates_throttled=0
episode=1968
  mode      collector=async  worker=3  epsilon=0.001
  outcome   reward=-6.044400000000062  success=0/1 (0.00%)  steps=mean:644.0 range:[644,644]
  training  completed=1969/2500  queue=0/256 (0%)  replay=200000/200000  updates=176  loss=0.04184  policy_version=1739
  throughput env_steps_s=315.9  transitions_s=315.9  transitions_step=1.0  updates_s=79.2  updates_throttled=0
episode=1969
  mode      collector=async  worker=0  epsilon=0.001
  outcome   reward=-8.016499999999997  success=0/1 (0.00%)  steps=mean:365.0 range:[365,365]
  training  completed=1970/2500  queue=0/256 (0%)  replay=200000/200000  updates=48  loss=0.02712  policy_version=1740
  throughput env_steps_s=332.1  transitions_s=332.1  transitions_step=1.0  updates_s=82.6  updates_throttled=0
episode=1971
  mode      collector=async  worker=2  epsilon=0.001
  outcome   reward=-9.003699999999998  success=0/1 (0.00%)  steps=mean:237.0 range:[237,237]
  training  completed=1971/2500  queue=0/256 (0%)  replay=200000/200000  updates=17  loss=0.01895  policy_version=1740
  throughput env_steps_s=325.3  transitions_s=325.3  transitions_step=1.0  updates_s=80.1  updates_throttled=0
episode=1970
  mode      collector=async  worker=1  epsilon=0.001
  outcome   reward=-8.019699999999997  success=0/1 (0.00%)  steps=mean:397.0 range:[397,397]
  training  completed=1972/2500  queue=0/256 (0%)  replay=200000/200000  updates=94  loss=0.02873  policy_version=1741
  throughput env_steps_s=325.3  transitions_s=325.3  transitions_step=1.0  updates_s=81.3  updates_throttled=0
episode=1972
  mode      collector=async  worker=3  epsilon=0.001
  outcome   reward=-9.004299999999999  success=0/1 (0.00%)  steps=mean:243.0 range:[243,243]
  training  completed=1973/2500  queue=2/256 (1%)  replay=200000/200000  updates=85  loss=0.02662  policy_version=1742
  throughput env_steps_s=309.7  transitions_s=309.7  transitions_step=1.0  updates_s=77.9  updates_throttled=0
episode=1974
  mode      collector=async  worker=2  epsilon=0.001
  outcome   reward=-8.000600000000013  success=0/1 (0.00%)  steps=mean:206.0 range:[206,206]
  training  completed=1974/2500  queue=0/256 (0%)  replay=200000/200000  updates=30  loss=0.03291  policy_version=1742
  throughput env_steps_s=331.0  transitions_s=331.0  transitions_step=1.0  updates_s=81.4  updates_throttled=0
episode=1973
  mode      collector=async  worker=0  epsilon=0.001
  outcome   reward=-8.014099999999997  success=0/1 (0.00%)  steps=mean:341.0 range:[341,341]
  training  completed=1975/2500  queue=0/256 (0%)  replay=200000/200000  updates=107  loss=0.03098  policy_version=1743
  throughput env_steps_s=326.5  transitions_s=326.5  transitions_step=1.0  updates_s=81.4  updates_throttled=0
Saved checkpoint: checkpoints/breakout_27bricks_v2/ckpt-1975
Scheduled replay buffer save: checkpoints/breakout_27bricks_v2/replay-1975.npz transitions=200000
Saved replay buffer: checkpoints/breakout_27bricks_v2/replay-1975.npz transitions=200000
episode=1976
  mode      collector=async  worker=3  epsilon=0.001
  outcome   reward=-9.004499999999998  success=0/1 (0.00%)  steps=mean:245.0 range:[245,245]
  training  completed=1976/2500  queue=0/256 (0%)  replay=200000/200000  updates=107  loss=0.03136  policy_version=1744
  throughput env_steps_s=297.2  transitions_s=297.2  transitions_step=1.0  updates_s=74.3  updates_throttled=0
episode=1979
  mode      collector=async  worker=3  epsilon=0.001
  outcome   reward=-10.0063  success=0/1 (0.00%)  steps=mean:63.0 range:[63,63]
  training  completed=1977/2500  queue=0/256 (0%)  replay=200000/200000  updates=64  loss=0.01887  policy_version=1745
  throughput env_steps_s=322.6  transitions_s=322.6  transitions_step=1.0  updates_s=81.3  updates_throttled=0
episode=1978
  mode      collector=async  worker=0  epsilon=0.001
  outcome   reward=-8.9985  success=0/1 (0.00%)  steps=mean:185.0 range:[185,185]
  training  completed=1978/2500  queue=0/256 (0%)  replay=200000/200000  updates=12  loss=0.02331  policy_version=1745
  throughput env_steps_s=349.8  transitions_s=349.8  transitions_step=1.0  updates_s=89.3  updates_throttled=0
episode=1977
  mode      collector=async  worker=2  epsilon=0.001
  outcome   reward=-8.016799999999998  success=0/1 (0.00%)  steps=mean:368.0 range:[368,368]
  training  completed=1979/2500  queue=0/256 (0%)  replay=200000/200000  updates=80  loss=0.01669  policy_version=1746
  throughput env_steps_s=318.2  transitions_s=318.2  transitions_step=1.0  updates_s=79.1  updates_throttled=0
episode=1981
  mode      collector=async  worker=0  epsilon=0.001
  outcome   reward=-8.999199999999998  success=0/1 (0.00%)  steps=mean:192.0 range:[192,192]
  training  completed=1980/2500  queue=3/256 (1%)  replay=200000/200000  updates=109  loss=0.02565  policy_version=1747
  throughput env_steps_s=323.1  transitions_s=323.1  transitions_step=1.0  updates_s=81.0  updates_throttled=0
episode=1980
  mode      collector=async  worker=3  epsilon=0.001
  outcome   reward=-6.020700000000083  success=0/1 (0.00%)  steps=mean:407.0 range:[407,407]
  training  completed=1981/2500  queue=0/256 (0%)  replay=200000/200000  updates=207  loss=0.02864  policy_version=1749
  throughput env_steps_s=321.9  transitions_s=321.9  transitions_step=1.0  updates_s=80.3  updates_throttled=0
episode=1983
  mode      collector=async  worker=0  epsilon=0.001
  outcome   reward=-9.0041  success=0/1 (0.00%)  steps=mean:241.0 range:[241,241]
  training  completed=1982/2500  queue=0/256 (0%)  replay=200000/200000  updates=35  loss=0.02975  policy_version=1749
  throughput env_steps_s=314.8  transitions_s=314.8  transitions_step=1.0  updates_s=79.3  updates_throttled=0
episode=1982
  mode      collector=async  worker=2  epsilon=0.001
  outcome   reward=-7.02570000000002  success=0/1 (0.00%)  steps=mean:457.0 range:[457,457]
  training  completed=1983/2500  queue=0/256 (0%)  replay=200000/200000  updates=106  loss=0.04351  policy_version=1750
  throughput env_steps_s=320.6  transitions_s=320.6  transitions_step=1.0  updates_s=80.1  updates_throttled=0
episode=1975
  mode      collector=async  worker=1  epsilon=0.001
  outcome   reward=-2.077699999999913  success=0/1 (0.00%)  steps=mean:977.0 range:[977,977]
  training  completed=1984/2500  queue=0/256 (0%)  replay=200000/200000  updates=37  loss=0.04831  policy_version=1751
  throughput env_steps_s=319.5  transitions_s=319.5  transitions_step=1.0  updates_s=79.9  updates_throttled=0
episode=1984
  mode      collector=async  worker=3  epsilon=0.001
  outcome   reward=-8.001200000000011  success=0/1 (0.00%)  steps=mean:212.0 range:[212,212]
  training  completed=1985/2500  queue=0/256 (0%)  replay=200000/200000  updates=33  loss=0.02284  policy_version=1751
  throughput env_steps_s=311.8  transitions_s=311.8  transitions_step=1.0  updates_s=79.2  updates_throttled=0
episode=1986
  mode      collector=async  worker=2  epsilon=0.001
  outcome   reward=-9.002899999999999  success=0/1 (0.00%)  steps=mean:229.0 range:[229,229]
  training  completed=1986/2500  queue=0/256 (0%)  replay=200000/200000  updates=156  loss=0.03230  policy_version=1752
  throughput env_steps_s=315.2  transitions_s=315.2  transitions_step=1.0  updates_s=78.4  updates_throttled=0
episode=1987
  mode      collector=async  worker=1  epsilon=0.001
  outcome   reward=-9.003499999999999  success=0/1 (0.00%)  steps=mean:235.0 range:[235,235]
  training  completed=1987/2500  queue=0/256 (0%)  replay=200000/200000  updates=49  loss=0.02131  policy_version=1753
  throughput env_steps_s=319.9  transitions_s=319.9  transitions_step=1.0  updates_s=81.2  updates_throttled=0
episode=1989
  mode      collector=async  worker=2  epsilon=0.001
  outcome   reward=-9.001199999999999  success=0/1 (0.00%)  steps=mean:212.0 range:[212,212]
  training  completed=1988/2500  queue=0/256 (0%)  replay=200000/200000  updates=160  loss=0.03411  policy_version=1754
  throughput env_steps_s=307.4  transitions_s=307.4  transitions_step=1.0  updates_s=76.6  updates_throttled=0
episode=1990
  mode      collector=async  worker=1  epsilon=0.001
  outcome   reward=-9.0034  success=0/1 (0.00%)  steps=mean:234.0 range:[234,234]
  training  completed=1989/2500  queue=2/256 (1%)  replay=200000/200000  updates=70  loss=0.02864  policy_version=1755
  throughput env_steps_s=308.0  transitions_s=308.0  transitions_step=1.0  updates_s=77.6  updates_throttled=0
episode=1988
  mode      collector=async  worker=3  epsilon=0.001
  outcome   reward=-7.03380000000001  success=0/1 (0.00%)  steps=mean:538.0 range:[538,538]
  training  completed=1990/2500  queue=0/256 (0%)  replay=200000/200000  updates=103  loss=0.01970  policy_version=1756
  throughput env_steps_s=320.1  transitions_s=320.1  transitions_step=1.0  updates_s=79.4  updates_throttled=0
episode=1992
  mode      collector=async  worker=1  epsilon=0.001
  outcome   reward=-9.004199999999999  success=0/1 (0.00%)  steps=mean:242.0 range:[242,242]
  training  completed=1991/2500  queue=0/256 (0%)  replay=200000/200000  updates=139  loss=0.03317  policy_version=1758
  throughput env_steps_s=311.3  transitions_s=311.3  transitions_step=1.0  updates_s=78.2  updates_throttled=0
episode=1991
  mode      collector=async  worker=2  epsilon=0.001
  outcome   reward=-8.013699999999996  success=0/1 (0.00%)  steps=mean:337.0 range:[337,337]
  training  completed=1992/2500  queue=0/256 (0%)  replay=200000/200000  updates=32  loss=0.03674  policy_version=1758
  throughput env_steps_s=312.9  transitions_s=312.9  transitions_step=1.0  updates_s=77.0  updates_throttled=0
episode=1994
  mode      collector=async  worker=1  epsilon=0.001
  outcome   reward=-10.006  success=0/1 (0.00%)  steps=mean:60.0 range:[60,60]
  training  completed=1993/2500  queue=0/256 (0%)  replay=200000/200000  updates=26  loss=0.02917  policy_version=1758
  throughput env_steps_s=304.5  transitions_s=304.5  transitions_step=1.0  updates_s=75.4  updates_throttled=0
episode=1996
  mode      collector=async  worker=1  epsilon=0.001
  outcome   reward=-8.013599999999997  success=0/1 (0.00%)  steps=mean:336.0 range:[336,336]
  training  completed=1994/2500  queue=0/256 (0%)  replay=200000/200000  updates=330  loss=0.03208  policy_version=1761
  throughput env_steps_s=316.8  transitions_s=316.8  transitions_step=1.0  updates_s=79.2  updates_throttled=0
episode=1995
  mode      collector=async  worker=2  epsilon=0.001
  outcome   reward=-8.021799999999997  success=0/1 (0.00%)  steps=mean:418.0 range:[418,418]
  training  completed=1995/2500  queue=0/256 (0%)  replay=200000/200000  updates=62  loss=0.03254  policy_version=1762
  throughput env_steps_s=327.6  transitions_s=327.6  transitions_step=1.0  updates_s=82.9  updates_throttled=0
episode=1993
  mode      collector=async  worker=3  epsilon=0.001
  outcome   reward=-6.039600000000057  success=0/1 (0.00%)  steps=mean:596.0 range:[596,596]
  training  completed=1996/2500  queue=0/256 (0%)  replay=200000/200000  updates=10  loss=0.01361  policy_version=1762
  throughput env_steps_s=324.9  transitions_s=324.9  transitions_step=1.0  updates_s=75.6  updates_throttled=0
episode=1999
  mode      collector=async  worker=3  epsilon=0.001
  outcome   reward=-10.0063  success=0/1 (0.00%)  steps=mean:63.0 range:[63,63]
  training  completed=1997/2500  queue=0/256 (0%)  replay=200000/200000  updates=67  loss=0.04651  policy_version=1763
  throughput env_steps_s=316.7  transitions_s=316.7  transitions_step=1.0  updates_s=80.1  updates_throttled=0
episode=1985
  mode      collector=async  worker=0  epsilon=0.001
  outcome   reward=-3.1235999999999775  success=0/1 (0.00%)  steps=mean:1436.0 range:[1436,1436]
  training  completed=1998/2500  queue=0/256 (0%)  replay=200000/200000  updates=63  loss=0.02678  policy_version=1764
  throughput env_steps_s=327.9  transitions_s=327.9  transitions_step=1.0  updates_s=81.6  updates_throttled=0
episode=1997
  mode      collector=async  worker=1  epsilon=0.001
  outcome   reward=-9.0018  success=0/1 (0.00%)  steps=mean:218.0 range:[218,218]
  training  completed=1999/2500  queue=0/256 (0%)  replay=200000/200000  updates=17  loss=0.02053  policy_version=1764
  throughput env_steps_s=322.4  transitions_s=322.4  transitions_step=1.0  updates_s=79.4  updates_throttled=0
episode=1998
  mode      collector=async  worker=2  epsilon=0.001
  outcome   reward=-9.0033  success=0/1 (0.00%)  steps=mean:233.0 range:[233,233]
  training  completed=2000/2500  queue=3/256 (1%)  replay=200000/200000  updates=72  loss=0.02941  policy_version=1764
  throughput env_steps_s=313.8  transitions_s=313.8  transitions_step=1.0  updates_s=78.7  updates_throttled=0
Saved checkpoint: checkpoints/breakout_27bricks_v2/ckpt-2000
Scheduled replay buffer save: checkpoints/breakout_27bricks_v2/replay-2000.npz transitions=200000
Evaluating frozen checkpoint episode=2000 episodes=20 metric=auto...
Saved replay buffer: checkpoints/breakout_27bricks_v2/replay-2000.npz transitions=200000
episode=2003
  mode      collector=async  worker=2  epsilon=0.001
  outcome   reward=-9.0016  success=0/1 (0.00%)  steps=mean:216.0 range:[216,216]
  training  completed=2001/2500  queue=0/256 (0%)  replay=200000/200000  updates=218  loss=0.03277  policy_version=1767
  throughput env_steps_s=260.4  transitions_s=260.4  transitions_step=1.0  updates_s=65.0  updates_throttled=0
episode=2000
  mode      collector=async  worker=3  epsilon=0.001
  outcome   reward=-7.031800000000015  success=0/1 (0.00%)  steps=mean:518.0 range:[518,518]
  training  completed=2002/2500  queue=1/256 (0%)  replay=200000/200000  updates=144  loss=0.02686  policy_version=1768
  throughput env_steps_s=267.6  transitions_s=267.6  transitions_step=1.0  updates_s=67.0  updates_throttled=0
episode=2001
  mode      collector=async  worker=0  epsilon=0.001
  outcome   reward=-7.026200000000012  success=0/1 (0.00%)  steps=mean:462.0 range:[462,462]
  training  completed=2003/2500  queue=0/256 (0%)  replay=200000/200000  updates=17  loss=0.04160  policy_version=1768
  throughput env_steps_s=270.2  transitions_s=270.2  transitions_step=1.0  updates_s=66.6  updates_throttled=0
episode=2004
  mode      collector=async  worker=2  epsilon=0.001
  outcome   reward=-8.016899999999998  success=0/1 (0.00%)  steps=mean:369.0 range:[369,369]
  training  completed=2004/2500  queue=0/256 (0%)  replay=200000/200000  updates=204  loss=0.02924  policy_version=1770
  throughput env_steps_s=269.3  transitions_s=269.3  transitions_step=1.0  updates_s=67.3  updates_throttled=0
episode=2006
  mode      collector=async  worker=0  epsilon=0.001
  outcome   reward=-9.004199999999999  success=0/1 (0.00%)  steps=mean:242.0 range:[242,242]
  training  completed=2005/2500  queue=0/256 (0%)  replay=200000/200000  updates=36  loss=0.01639  policy_version=1771
  throughput env_steps_s=266.0  transitions_s=266.0  transitions_step=1.0  updates_s=66.0  updates_throttled=0
episode=2005
  mode      collector=async  worker=3  epsilon=0.001
  outcome   reward=-8.022599999999997  success=0/1 (0.00%)  steps=mean:426.0 range:[426,426]
  training  completed=2006/2500  queue=1/256 (0%)  replay=200000/200000  updates=169  loss=0.03656  policy_version=1772
  throughput env_steps_s=271.5  transitions_s=271.5  transitions_step=1.0  updates_s=68.2  updates_throttled=0
episode=2009
  mode      collector=async  worker=3  epsilon=0.001
  outcome   reward=-9.002199999999998  success=0/1 (0.00%)  steps=mean:222.0 range:[222,222]
  training  completed=2007/2500  queue=0/256 (0%)  replay=200000/200000  updates=226  loss=0.03126  policy_version=1775
  throughput env_steps_s=269.7  transitions_s=269.7  transitions_step=1.0  updates_s=67.4  updates_throttled=0
episode=2002
  mode      collector=async  worker=1  epsilon=0.001
  outcome   reward=-2.092399999999957  success=0/1 (0.00%)  steps=mean:1124.0 range:[1124,1124]
  training  completed=2008/2500  queue=0/256 (0%)  replay=200000/200000  updates=31  loss=0.02193  policy_version=1775
  throughput env_steps_s=278.3  transitions_s=278.3  transitions_step=1.0  updates_s=68.5  updates_throttled=0
episode=2007
  mode      collector=async  worker=2  epsilon=0.001
  outcome   reward=-7.035900000000011  success=0/1 (0.00%)  steps=mean:559.0 range:[559,559]
  training  completed=2009/2500  queue=0/256 (0%)  replay=200000/200000  updates=97  loss=0.02288  policy_version=1776
  throughput env_steps_s=273.1  transitions_s=273.1  transitions_step=1.0  updates_s=68.3  updates_throttled=0
episode=2008
  mode      collector=async  worker=0  epsilon=0.001
  outcome   reward=-3.093799999999952  success=0/1 (0.00%)  steps=mean:1138.0 range:[1138,1138]
  training  completed=2010/2500  queue=1/256 (0%)  replay=200000/200000  updates=617  loss=0.02627  policy_version=1782
  throughput env_steps_s=270.9  transitions_s=270.9  transitions_step=1.0  updates_s=67.8  updates_throttled=0
episode=2013
  mode      collector=async  worker=0  epsilon=0.001
  outcome   reward=-10.0061  success=0/1 (0.00%)  steps=mean:61.0 range:[61,61]
  training  completed=2011/2500  queue=0/256 (0%)  replay=200000/200000  updates=61  loss=0.04220  policy_version=1783
  throughput env_steps_s=274.4  transitions_s=274.4  transitions_step=1.0  updates_s=68.3  updates_throttled=0
episode=2010
  mode      collector=async  worker=3  epsilon=0.001
  outcome   reward=-5.067000000000042  success=0/1 (0.00%)  steps=mean:870.0 range:[870,870]
  training  completed=2012/2500  queue=0/256 (0%)  replay=200000/200000  updates=56  loss=0.04650  policy_version=1783
  throughput env_steps_s=270.2  transitions_s=270.2  transitions_step=1.0  updates_s=67.8  updates_throttled=0
episode=2014
  mode      collector=async  worker=0  epsilon=0.001
  outcome   reward=-9.000399999999999  success=0/1 (0.00%)  steps=mean:204.0 range:[204,204]
  training  completed=2013/2500  queue=0/256 (0%)  replay=200000/200000  updates=147  loss=0.02840  policy_version=1785
  throughput env_steps_s=275.7  transitions_s=275.7  transitions_step=1.0  updates_s=68.6  updates_throttled=0
episode=2012
  mode      collector=async  worker=2  epsilon=0.001
  outcome   reward=-1.0773999999999582  success=0/1 (0.00%)  steps=mean:974.0 range:[974,974]
  training  completed=2014/2500  queue=0/256 (0%)  replay=200000/200000  updates=102  loss=0.02999  policy_version=1786
  throughput env_steps_s=275.0  transitions_s=275.0  transitions_step=1.0  updates_s=69.1  updates_throttled=0
episode=2015
  mode      collector=async  worker=3  epsilon=0.001
  outcome   reward=-8.011599999999998  success=0/1 (0.00%)  steps=mean:316.0 range:[316,316]
  training  completed=2015/2500  queue=0/256 (0%)  replay=200000/200000  updates=68  loss=0.03357  policy_version=1786
  throughput env_steps_s=272.9  transitions_s=272.9  transitions_step=1.0  updates_s=67.7  updates_throttled=0
episode=2016
  mode      collector=async  worker=0  epsilon=0.001
  outcome   reward=-9.0002  success=0/1 (0.00%)  steps=mean:202.0 range:[202,202]
  training  completed=2016/2500  queue=0/256 (0%)  replay=200000/200000  updates=31  loss=0.02417  policy_version=1787
  throughput env_steps_s=281.6  transitions_s=281.6  transitions_step=1.0  updates_s=71.0  updates_throttled=0
episode=2019
  mode      collector=async  worker=0  epsilon=0.001
  outcome   reward=-10.0063  success=0/1 (0.00%)  steps=mean:63.0 range:[63,63]
  training  completed=2017/2500  queue=0/256 (0%)  replay=200000/200000  updates=64  loss=0.02558  policy_version=1787
  throughput env_steps_s=278.1  transitions_s=278.1  transitions_step=1.0  updates_s=69.5  updates_throttled=0
episode=2011
  mode      collector=async  worker=1  epsilon=0.001
  outcome   reward=-1.1108999999998872  success=0/1 (0.00%)  steps=mean:1309.0 range:[1309,1309]
  training  completed=2018/2500  queue=0/256 (0%)  replay=200000/200000  updates=71  loss=0.02476  policy_version=1788
  throughput env_steps_s=267.7  transitions_s=267.7  transitions_step=1.0  updates_s=66.7  updates_throttled=0
episode=2020
  mode      collector=async  worker=0  epsilon=0.001
  outcome   reward=-9.003899999999998  success=0/1 (0.00%)  steps=mean:239.0 range:[239,239]
  training  completed=2019/2500  queue=0/256 (0%)  replay=200000/200000  updates=168  loss=0.03761  policy_version=1790
  throughput env_steps_s=268.4  transitions_s=268.4  transitions_step=1.0  updates_s=67.2  updates_throttled=0
episode=2021
  mode      collector=async  worker=1  epsilon=0.001
  outcome   reward=-9.000599999999999  success=0/1 (0.00%)  steps=mean:206.0 range:[206,206]
  training  completed=2020/2500  queue=2/256 (1%)  replay=200000/200000  updates=38  loss=0.03000  policy_version=1790
  throughput env_steps_s=256.7  transitions_s=256.7  transitions_step=1.0  updates_s=63.7  updates_throttled=0
episode=2018
  mode      collector=async  worker=3  epsilon=0.001
  outcome   reward=-8.017899999999997  success=0/1 (0.00%)  steps=mean:379.0 range:[379,379]
  training  completed=2021/2500  queue=0/256 (0%)  replay=200000/200000  updates=3  loss=0.00665  policy_version=1790
  throughput env_steps_s=369.4  transitions_s=369.4  transitions_step=1.0  updates_s=92.3  updates_throttled=0
episode=2017
  mode      collector=async  worker=2  epsilon=0.001
  outcome   reward=-7.029000000000012  success=0/1 (0.00%)  steps=mean:490.0 range:[490,490]
  training  completed=2022/2500  queue=0/256 (0%)  replay=200000/200000  updates=46  loss=0.03502  policy_version=1791
  throughput env_steps_s=275.0  transitions_s=275.0  transitions_step=1.0  updates_s=69.9  updates_throttled=0
episode=2025
  mode      collector=async  worker=2  epsilon=0.001
  outcome   reward=-8.997399999999999  success=0/1 (0.00%)  steps=mean:174.0 range:[174,174]
  training  completed=2023/2500  queue=0/256 (0%)  replay=200000/200000  updates=173  loss=0.03330  policy_version=1792
  throughput env_steps_s=265.8  transitions_s=265.8  transitions_step=1.0  updates_s=66.4  updates_throttled=0
episode=2023
  mode      collector=async  worker=1  epsilon=0.001
  outcome   reward=-8.015799999999997  success=0/1 (0.00%)  steps=mean:358.0 range:[358,358]
  training  completed=2024/2500  queue=3/256 (1%)  replay=200000/200000  updates=141  loss=0.02964  policy_version=1794
  throughput env_steps_s=265.6  transitions_s=265.6  transitions_step=1.0  updates_s=66.5  updates_throttled=0
episode=2024
  mode      collector=async  worker=3  epsilon=0.001
  outcome   reward=-5.0523000000000104  success=0/1 (0.00%)  steps=mean:723.0 range:[723,723]
  training  completed=2025/2500  queue=1/256 (0%)  replay=200000/200000  updates=353  loss=0.02948  policy_version=1797
  throughput env_steps_s=270.2  transitions_s=270.2  transitions_step=1.0  updates_s=67.6  updates_throttled=0
Saved checkpoint: checkpoints/breakout_27bricks_v2/ckpt-2025
Scheduled replay buffer save: checkpoints/breakout_27bricks_v2/replay-2025.npz transitions=200000
episode=2027
  mode      collector=async  worker=1  epsilon=0.001
  outcome   reward=-8.015599999999997  success=0/1 (0.00%)  steps=mean:356.0 range:[356,356]
  training  completed=2026/2500  queue=2/256 (1%)  replay=200000/200000  updates=8  loss=0.01743  policy_version=1797
  throughput env_steps_s=222.0  transitions_s=222.0  transitions_step=1.0  updates_s=50.7  updates_throttled=0
Saved replay buffer: checkpoints/breakout_27bricks_v2/replay-2025.npz transitions=200000
Frozen evaluation episode=2000: success=0/20 (0.00%) reward_mean=-6.2468 steps_mean=658.3
episode=2029
  mode      collector=async  worker=1  epsilon=0.001
  outcome   reward=-9.0026  success=0/1 (0.00%)  steps=mean:226.0 range:[226,226]
  training  completed=2027/2500  queue=1/256 (0%)  replay=200000/200000  updates=223  loss=0.03147  policy_version=1800
  throughput env_steps_s=271.6  transitions_s=271.6  transitions_step=1.0  updates_s=68.1  updates_throttled=0
episode=2030
  mode      collector=async  worker=1  epsilon=0.001
  outcome   reward=-10.0062  success=0/1 (0.00%)  steps=mean:62.0 range:[62,62]
  training  completed=2028/2500  queue=0/256 (0%)  replay=200000/200000  updates=59  loss=0.02661  policy_version=1800
  throughput env_steps_s=325.8  transitions_s=325.8  transitions_step=1.0  updates_s=80.8  updates_throttled=0
episode=2031
  mode      collector=async  worker=1  epsilon=0.001
  outcome   reward=-8.990099999999998  success=0/1 (0.00%)  steps=mean:101.0 range:[101,101]
  training  completed=2029/2500  queue=0/256 (0%)  replay=200000/200000  updates=100  loss=0.03687  policy_version=1801
  throughput env_steps_s=318.4  transitions_s=318.4  transitions_step=1.0  updates_s=80.0  updates_throttled=0
episode=2028
  mode      collector=async  worker=3  epsilon=0.001
  outcome   reward=-7.034700000000017  success=0/1 (0.00%)  steps=mean:547.0 range:[547,547]
  training  completed=2030/2500  queue=1/256 (0%)  replay=200000/200000  updates=155  loss=0.04195  policy_version=1803
  throughput env_steps_s=318.2  transitions_s=318.2  transitions_step=1.0  updates_s=79.6  updates_throttled=0
episode=2022
  mode      collector=async  worker=0  epsilon=0.001
  outcome   reward=-0.11829999999990726  success=0/1 (0.00%)  steps=mean:1383.0 range:[1383,1383]
  training  completed=2031/2500  queue=0/256 (0%)  replay=200000/200000  updates=90  loss=0.02207  policy_version=1804
  throughput env_steps_s=321.6  transitions_s=321.6  transitions_step=1.0  updates_s=80.0  updates_throttled=0
episode=2032
  mode      collector=async  worker=1  epsilon=0.001
  outcome   reward=-9.004999999999999  success=0/1 (0.00%)  steps=mean:250.0 range:[250,250]
  training  completed=2032/2500  queue=0/256 (0%)  replay=200000/200000  updates=2  loss=0.02178  policy_version=1804
  throughput env_steps_s=267.0  transitions_s=267.0  transitions_step=1.0  updates_s=59.3  updates_throttled=0
episode=2026
  mode      collector=async  worker=2  epsilon=0.001
  outcome   reward=-1.1055999999998924  success=0/1 (0.00%)  steps=mean:1256.0 range:[1256,1256]
  training  completed=2033/2500  queue=0/256 (0%)  replay=200000/200000  updates=135  loss=0.02800  policy_version=1805
  throughput env_steps_s=321.3  transitions_s=321.3  transitions_step=1.0  updates_s=80.6  updates_throttled=0
episode=2033
  mode      collector=async  worker=3  epsilon=0.001
  outcome   reward=-9.002699999999999  success=0/1 (0.00%)  steps=mean:227.0 range:[227,227]
  training  completed=2034/2500  queue=0/256 (0%)  replay=200000/200000  updates=2  loss=0.00984  policy_version=1805
  throughput env_steps_s=310.1  transitions_s=310.1  transitions_step=1.0  updates_s=77.5  updates_throttled=0
episode=2034
  mode      collector=async  worker=0  epsilon=0.001
  outcome   reward=-9.002299999999998  success=0/1 (0.00%)  steps=mean:223.0 range:[223,223]
  training  completed=2035/2500  queue=0/256 (0%)  replay=200000/200000  updates=82  loss=0.03241  policy_version=1806
  throughput env_steps_s=316.5  transitions_s=316.5  transitions_step=1.0  updates_s=78.9  updates_throttled=0
episode=2038
  mode      collector=async  worker=0  epsilon=0.001
  outcome   reward=-10.0062  success=0/1 (0.00%)  steps=mean:62.0 range:[62,62]
  training  completed=2036/2500  queue=0/256 (0%)  replay=200000/200000  updates=62  loss=0.02506  policy_version=1806
  throughput env_steps_s=324.9  transitions_s=324.9  transitions_step=1.0  updates_s=80.9  updates_throttled=0
episode=2037
  mode      collector=async  worker=3  epsilon=0.001
  outcome   reward=-6.030300000000071  success=0/1 (0.00%)  steps=mean:503.0 range:[503,503]
  training  completed=2037/2500  queue=0/256 (0%)  replay=200000/200000  updates=360  loss=0.02705  policy_version=1810
  throughput env_steps_s=314.0  transitions_s=314.0  transitions_step=1.0  updates_s=78.5  updates_throttled=0
episode=2039
  mode      collector=async  worker=0  epsilon=0.001
  outcome   reward=-4.07329999999996  success=0/1 (0.00%)  steps=mean:933.0 range:[933,933]
  training  completed=2038/2500  queue=0/256 (0%)  replay=200000/200000  updates=591  loss=0.03037  policy_version=1816
  throughput env_steps_s=320.3  transitions_s=320.3  transitions_step=1.0  updates_s=80.1  updates_throttled=0
episode=2035
  mode      collector=async  worker=1  epsilon=0.001
  outcome   reward=-0.11159999999993708  success=0/1 (0.00%)  steps=mean:1316.0 range:[1316,1316]
  training  completed=2039/2500  queue=0/256 (0%)  replay=200000/200000  updates=75  loss=0.05707  policy_version=1817
  throughput env_steps_s=319.8  transitions_s=319.8  transitions_step=1.0  updates_s=79.4  updates_throttled=0
episode=2040
  mode      collector=async  worker=3  epsilon=0.001
  outcome   reward=-5.050800000000006  success=0/1 (0.00%)  steps=mean:708.0 range:[708,708]
  training  completed=2040/2500  queue=3/256 (1%)  replay=200000/200000  updates=28  loss=0.02880  policy_version=1817
  throughput env_steps_s=296.9  transitions_s=296.9  transitions_step=1.0  updates_s=76.3  updates_throttled=0
episode=2041
  mode      collector=async  worker=0  epsilon=0.001
  outcome   reward=-7.9969000000000126  success=0/1 (0.00%)  steps=mean:169.0 range:[169,169]
  training  completed=2041/2500  queue=0/256 (0%)  replay=200000/200000  updates=68  loss=0.03401  policy_version=1818
  throughput env_steps_s=333.1  transitions_s=333.1  transitions_step=1.0  updates_s=82.4  updates_throttled=0
episode=2036
  mode      collector=async  worker=2  epsilon=0.001
  outcome   reward=-0.13149999999982853  success=0/1 (0.00%)  steps=mean:1515.0 range:[1515,1515]
  training  completed=2042/2500  queue=0/256 (0%)  replay=200000/200000  updates=248  loss=0.03599  policy_version=1820
  throughput env_steps_s=318.2  transitions_s=318.2  transitions_step=1.0  updates_s=79.6  updates_throttled=0
episode=2043
  mode      collector=async  worker=3  epsilon=0.001
  outcome   reward=-6.0299000000000476  success=0/1 (0.00%)  steps=mean:499.0 range:[499,499]
  training  completed=2043/2500  queue=1/256 (0%)  replay=200000/200000  updates=170  loss=0.03906  policy_version=1822
  throughput env_steps_s=319.3  transitions_s=319.3  transitions_step=1.0  updates_s=80.2  updates_throttled=0
episode=2044
  mode      collector=async  worker=0  epsilon=0.001
  outcome   reward=-5.022200000000017  success=0/1 (0.00%)  steps=mean:422.0 range:[422,422]
  training  completed=2044/2500  queue=0/256 (0%)  replay=200000/200000  updates=10  loss=0.04244  policy_version=1822
  throughput env_steps_s=369.6  transitions_s=369.6  transitions_step=1.0  updates_s=85.9  updates_throttled=0
episode=2047
  mode      collector=async  worker=0  epsilon=0.001
  outcome   reward=-9.0019  success=0/1 (0.00%)  steps=mean:219.0 range:[219,219]
  training  completed=2045/2500  queue=0/256 (0%)  replay=200000/200000  updates=219  loss=0.04120  policy_version=1824
  throughput env_steps_s=320.1  transitions_s=320.1  transitions_step=1.0  updates_s=80.0  updates_throttled=0
episode=2048
  mode      collector=async  worker=0  epsilon=0.001
  outcome   reward=-10.0062  success=0/1 (0.00%)  steps=mean:62.0 range:[62,62]
  training  completed=2046/2500  queue=0/256 (0%)  replay=200000/200000  updates=60  loss=0.04379  policy_version=1825
  throughput env_steps_s=320.9  transitions_s=320.9  transitions_step=1.0  updates_s=80.9  updates_throttled=0
episode=2049
  mode      collector=async  worker=0  epsilon=0.001
  outcome   reward=-10.0061  success=0/1 (0.00%)  steps=mean:61.0 range:[61,61]
  training  completed=2047/2500  queue=0/256 (0%)  replay=200000/200000  updates=63  loss=0.02017  policy_version=1825
  throughput env_steps_s=310.3  transitions_s=310.3  transitions_step=1.0  updates_s=77.6  updates_throttled=0
episode=2046
  mode      collector=async  worker=3  epsilon=0.001
  outcome   reward=-8.017099999999997  success=0/1 (0.00%)  steps=mean:371.0 range:[371,371]
  training  completed=2048/2500  queue=0/256 (0%)  replay=200000/200000  updates=20  loss=0.03159  policy_version=1826
  throughput env_steps_s=306.6  transitions_s=306.6  transitions_step=1.0  updates_s=75.7  updates_throttled=0
episode=2042
  mode      collector=async  worker=1  epsilon=0.001
  outcome   reward=-5.068800000000033  success=0/1 (0.00%)  steps=mean:888.0 range:[888,888]
  training  completed=2049/2500  queue=2/256 (1%)  replay=200000/200000  updates=11  loss=0.02882  policy_version=1826
  throughput env_steps_s=296.4  transitions_s=296.4  transitions_step=1.0  updates_s=77.6  updates_throttled=0
episode=2050
  mode      collector=async  worker=0  epsilon=0.001
  outcome   reward=-10.0061  success=0/1 (0.00%)  steps=mean:61.0 range:[61,61]
  training  completed=2050/2500  queue=0/256 (0%)  replay=200000/200000  updates=33  loss=0.05336  policy_version=1826
  throughput env_steps_s=332.6  transitions_s=332.6  transitions_step=1.0  updates_s=81.9  updates_throttled=0
Saved checkpoint: checkpoints/breakout_27bricks_v2/ckpt-2050
Scheduled replay buffer save: checkpoints/breakout_27bricks_v2/replay-2050.npz transitions=200000
Saved replay buffer: checkpoints/breakout_27bricks_v2/replay-2050.npz transitions=200000
episode=2052
  mode      collector=async  worker=1  epsilon=0.001
  outcome   reward=-10.0064  success=0/1 (0.00%)  steps=mean:64.0 range:[64,64]
  training  completed=2051/2500  queue=0/256 (0%)  replay=200000/200000  updates=28  loss=0.03019  policy_version=1826
  throughput env_steps_s=277.2  transitions_s=277.2  transitions_step=1.0  updates_s=68.7  updates_throttled=0
episode=2045
  mode      collector=async  worker=2  epsilon=0.001
  outcome   reward=-4.058899999999998  success=0/1 (0.00%)  steps=mean:789.0 range:[789,789]
  training  completed=2052/2500  queue=0/256 (0%)  replay=200000/200000  updates=166  loss=0.03458  policy_version=1828
  throughput env_steps_s=318.6  transitions_s=318.6  transitions_step=1.0  updates_s=79.6  updates_throttled=0
episode=2053
  mode      collector=async  worker=0  epsilon=0.001
  outcome   reward=-8.999799999999999  success=0/1 (0.00%)  steps=mean:198.0 range:[198,198]
  training  completed=2053/2500  queue=0/256 (0%)  replay=200000/200000  updates=5  loss=0.01424  policy_version=1828
  throughput env_steps_s=293.5  transitions_s=293.5  transitions_step=1.0  updates_s=73.4  updates_throttled=0
episode=2054
  mode      collector=async  worker=1  epsilon=0.001
  outcome   reward=-9.003499999999999  success=0/1 (0.00%)  steps=mean:235.0 range:[235,235]
  training  completed=2054/2500  queue=3/256 (1%)  replay=200000/200000  updates=66  loss=0.03197  policy_version=1829
  throughput env_steps_s=323.5  transitions_s=323.5  transitions_step=1.0  updates_s=81.8  updates_throttled=0
episode=2051
  mode      collector=async  worker=3  epsilon=0.001
  outcome   reward=-4.04789999999997  success=0/1 (0.00%)  steps=mean:679.0 range:[679,679]
  training  completed=2055/2500  queue=0/256 (0%)  replay=200000/200000  updates=379  loss=0.04037  policy_version=1832
  throughput env_steps_s=319.3  transitions_s=319.3  transitions_step=1.0  updates_s=79.8  updates_throttled=0
episode=2057
  mode      collector=async  worker=1  epsilon=0.001
  outcome   reward=-6.031500000000049  success=0/1 (0.00%)  steps=mean:515.0 range:[515,515]
  training  completed=2056/2500  queue=0/256 (0%)  replay=200000/200000  updates=134  loss=0.04546  policy_version=1834
  throughput env_steps_s=322.6  transitions_s=322.6  transitions_step=1.0  updates_s=80.5  updates_throttled=0
episode=2056
  mode      collector=async  worker=0  epsilon=0.001
  outcome   reward=-6.042300000000072  success=0/1 (0.00%)  steps=mean:623.0 range:[623,623]
  training  completed=2057/2500  queue=0/256 (0%)  replay=200000/200000  updates=38  loss=0.03636  policy_version=1834
  throughput env_steps_s=322.5  transitions_s=322.5  transitions_step=1.0  updates_s=81.7  updates_throttled=0
episode=2060
  mode      collector=async  worker=0  epsilon=0.001
  outcome   reward=-8.9987  success=0/1 (0.00%)  steps=mean:187.0 range:[187,187]
  training  completed=2058/2500  queue=0/256 (0%)  replay=200000/200000  updates=185  loss=0.03346  policy_version=1836
  throughput env_steps_s=322.8  transitions_s=322.8  transitions_step=1.0  updates_s=80.5  updates_throttled=0
episode=2058
  mode      collector=async  worker=3  epsilon=0.001
  outcome   reward=-8.019099999999996  success=0/1 (0.00%)  steps=mean:391.0 range:[391,391]
  training  completed=2059/2500  queue=0/256 (0%)  replay=200000/200000  updates=43  loss=0.02762  policy_version=1836
  throughput env_steps_s=319.3  transitions_s=319.3  transitions_step=1.0  updates_s=79.8  updates_throttled=0
episode=2055
  mode      collector=async  worker=2  epsilon=0.001
  outcome   reward=-3.069199999999989  success=0/1 (0.00%)  steps=mean:892.0 range:[892,892]
  training  completed=2060/2500  queue=4/256 (2%)  replay=200000/200000  updates=33  loss=0.04265  policy_version=1837
  throughput env_steps_s=306.2  transitions_s=306.2  transitions_step=1.0  updates_s=77.1  updates_throttled=0
episode=2059
  mode      collector=async  worker=1  epsilon=0.001
  outcome   reward=-7.014700000000017  success=0/1 (0.00%)  steps=mean:347.0 range:[347,347]
  training  completed=2061/2500  queue=0/256 (0%)  replay=200000/200000  updates=51  loss=0.06646  policy_version=1837
  throughput env_steps_s=322.7  transitions_s=322.7  transitions_step=1.0  updates_s=79.9  updates_throttled=0
episode=2064
  mode      collector=async  worker=1  epsilon=0.001
  outcome   reward=-10.0064  success=0/1 (0.00%)  steps=mean:64.0 range:[64,64]
  training  completed=2062/2500  queue=3/256 (1%)  replay=200000/200000  updates=64  loss=0.03014  policy_version=1838
  throughput env_steps_s=327.7  transitions_s=327.7  transitions_step=1.0  updates_s=82.9  updates_throttled=0
episode=2062
  mode      collector=async  worker=3  epsilon=0.001
  outcome   reward=-8.999999999999998  success=0/1 (0.00%)  steps=mean:200.0 range:[200,200]
  training  completed=2063/2500  queue=0/256 (0%)  replay=200000/200000  updates=45  loss=0.04875  policy_version=1838
  throughput env_steps_s=327.8  transitions_s=327.8  transitions_step=1.0  updates_s=80.6  updates_throttled=0
episode=2063
  mode      collector=async  worker=2  epsilon=0.000
  outcome   reward=-8.020299999999997  success=0/1 (0.00%)  steps=mean:403.0 range:[403,403]
  training  completed=2064/2500  queue=0/256 (0%)  replay=200000/200000  updates=245  loss=0.04084  policy_version=1841
  throughput env_steps_s=323.6  transitions_s=323.6  transitions_step=1.0  updates_s=81.0  updates_throttled=0
episode=2066
  mode      collector=async  worker=3  epsilon=0.000
  outcome   reward=-8.018399999999996  success=0/1 (0.00%)  steps=mean:384.0 range:[384,384]
  training  completed=2065/2500  queue=0/256 (0%)  replay=200000/200000  updates=141  loss=0.04368  policy_version=1842
  throughput env_steps_s=321.8  transitions_s=321.8  transitions_step=1.0  updates_s=80.3  updates_throttled=0
episode=2067
  mode      collector=async  worker=2  epsilon=0.000
  outcome   reward=-9.004499999999998  success=0/1 (0.00%)  steps=mean:245.0 range:[245,245]
  training  completed=2066/2500  queue=0/256 (0%)  replay=200000/200000  updates=104  loss=0.03559  policy_version=1843
  throughput env_steps_s=322.9  transitions_s=322.9  transitions_step=1.0  updates_s=80.7  updates_throttled=0
episode=2068
  mode      collector=async  worker=3  epsilon=0.000
  outcome   reward=-9.0001  success=0/1 (0.00%)  steps=mean:201.0 range:[201,201]
  training  completed=2067/2500  queue=2/256 (1%)  replay=200000/200000  updates=93  loss=0.04925  policy_version=1844
  throughput env_steps_s=317.8  transitions_s=317.8  transitions_step=1.0  updates_s=80.1  updates_throttled=0
episode=2061
  mode      collector=async  worker=0  epsilon=0.000
  outcome   reward=-5.0649000000000575  success=0/1 (0.00%)  steps=mean:849.0 range:[849,849]
  training  completed=2068/2500  queue=0/256 (0%)  replay=200000/200000  updates=48  loss=0.02396  policy_version=1845
  throughput env_steps_s=322.1  transitions_s=322.1  transitions_step=1.0  updates_s=79.3  updates_throttled=0
episode=2069
  mode      collector=async  worker=2  epsilon=0.000
  outcome   reward=-8.999899999999998  success=0/1 (0.00%)  steps=mean:199.0 range:[199,199]
  training  completed=2069/2500  queue=0/256 (0%)  replay=200000/200000  updates=57  loss=0.03336  policy_version=1845
  throughput env_steps_s=328.0  transitions_s=328.0  transitions_step=1.0  updates_s=82.7  updates_throttled=0
episode=2071
  mode      collector=async  worker=0  epsilon=0.000
  outcome   reward=-9.002899999999999  success=0/1 (0.00%)  steps=mean:229.0 range:[229,229]
  training  completed=2070/2500  queue=0/256 (0%)  replay=200000/200000  updates=179  loss=0.03645  policy_version=1847
  throughput env_steps_s=320.1  transitions_s=320.1  transitions_step=1.0  updates_s=80.0  updates_throttled=0
episode=2070
  mode      collector=async  worker=3  epsilon=0.000
  outcome   reward=-8.025699999999997  success=0/1 (0.00%)  steps=mean:457.0 range:[457,457]
  training  completed=2071/2500  queue=0/256 (0%)  replay=200000/200000  updates=167  loss=0.03772  policy_version=1849
  throughput env_steps_s=320.1  transitions_s=320.1  transitions_step=1.0  updates_s=79.8  updates_throttled=0
episode=2074
  mode      collector=async  worker=3  epsilon=0.000
  outcome   reward=-9.003699999999998  success=0/1 (0.00%)  steps=mean:237.0 range:[237,237]
  training  completed=2072/2500  queue=0/256 (0%)  replay=200000/200000  updates=235  loss=0.04327  policy_version=1851
  throughput env_steps_s=322.3  transitions_s=322.3  transitions_step=1.0  updates_s=80.8  updates_throttled=0
episode=2072
  mode      collector=async  worker=2  epsilon=0.000
  outcome   reward=-5.0422000000000144  success=0/1 (0.00%)  steps=mean:622.0 range:[622,622]
  training  completed=2073/2500  queue=0/256 (0%)  replay=200000/200000  updates=49  loss=0.02953  policy_version=1851
  throughput env_steps_s=331.0  transitions_s=331.0  transitions_step=1.0  updates_s=81.9  updates_throttled=0
episode=2065
  mode      collector=async  worker=1  epsilon=0.000
  outcome   reward=-2.1182999999999454  success=0/1 (0.00%)  steps=mean:1383.0 range:[1383,1383]
  training  completed=2074/2500  queue=0/256 (0%)  replay=200000/200000  updates=3  loss=0.01268  policy_version=1852
  throughput env_steps_s=293.9  transitions_s=293.9  transitions_step=1.0  updates_s=73.5  updates_throttled=0
episode=2075
  mode      collector=async  worker=3  epsilon=0.000
  outcome   reward=-10.0064  success=0/1 (0.00%)  steps=mean:64.0 range:[64,64]
  training  completed=2075/2500  queue=0/256 (0%)  replay=200000/200000  updates=7  loss=0.05724  policy_version=1852
  throughput env_steps_s=317.3  transitions_s=317.3  transitions_step=1.0  updates_s=76.6  updates_throttled=0
Saved checkpoint: checkpoints/breakout_27bricks_v2/ckpt-2075
Scheduled replay buffer save: checkpoints/breakout_27bricks_v2/replay-2075.npz transitions=200000
Saved replay buffer: checkpoints/breakout_27bricks_v2/replay-2075.npz transitions=200000
episode=2073
  mode      collector=async  worker=0  epsilon=0.000
  outcome   reward=-7.033000000000013  success=0/1 (0.00%)  steps=mean:530.0 range:[530,530]
  training  completed=2076/2500  queue=0/256 (0%)  replay=200000/200000  updates=71  loss=0.04656  policy_version=1852
  throughput env_steps_s=303.3  transitions_s=303.3  transitions_step=1.0  updates_s=76.4  updates_throttled=0
episode=2078
  mode      collector=async  worker=3  epsilon=0.000
  outcome   reward=-9.001499999999998  success=0/1 (0.00%)  steps=mean:215.0 range:[215,215]
  training  completed=2077/2500  queue=1/256 (0%)  replay=200000/200000  updates=143  loss=0.05278  policy_version=1854
  throughput env_steps_s=323.6  transitions_s=323.6  transitions_step=1.0  updates_s=80.9  updates_throttled=0
episode=2076
  mode      collector=async  worker=2  epsilon=0.000
  outcome   reward=-9.005499999999998  success=0/1 (0.00%)  steps=mean:255.0 range:[255,255]
  training  completed=2078/2500  queue=1/256 (0%)  replay=200000/200000  updates=38  loss=0.02260  policy_version=1854
  throughput env_steps_s=327.3  transitions_s=327.3  transitions_step=1.0  updates_s=82.4  updates_throttled=0
episode=2081
  mode      collector=async  worker=2  epsilon=0.000
  outcome   reward=-7.023900000000018  success=0/1 (0.00%)  steps=mean:439.0 range:[439,439]
  training  completed=2079/2500  queue=0/256 (0%)  replay=200000/200000  updates=433  loss=0.04160  policy_version=1858
  throughput env_steps_s=323.9  transitions_s=323.9  transitions_step=1.0  updates_s=80.9  updates_throttled=0
episode=2080
  mode      collector=async  worker=3  epsilon=0.000
  outcome   reward=-6.028900000000018  success=0/1 (0.00%)  steps=mean:489.0 range:[489,489]
  training  completed=2080/2500  queue=2/256 (1%)  replay=200000/200000  updates=25  loss=0.01853  policy_version=1859
  throughput env_steps_s=309.5  transitions_s=309.5  transitions_step=1.0  updates_s=76.6  updates_throttled=0
episode=2083
  mode      collector=async  worker=3  epsilon=0.000
  outcome   reward=-10.0062  success=0/1 (0.00%)  steps=mean:62.0 range:[62,62]
  training  completed=2081/2500  queue=0/256 (0%)  replay=200000/200000  updates=63  loss=0.03672  policy_version=1859
  throughput env_steps_s=315.9  transitions_s=315.9  transitions_step=1.0  updates_s=79.0  updates_throttled=0
episode=2077
  mode      collector=async  worker=1  epsilon=0.000
  outcome   reward=-6.062400000000043  success=0/1 (0.00%)  steps=mean:824.0 range:[824,824]
  training  completed=2082/2500  queue=0/256 (0%)  replay=200000/200000  updates=40  loss=0.02833  policy_version=1860
  throughput env_steps_s=321.2  transitions_s=321.2  transitions_step=1.0  updates_s=80.3  updates_throttled=0
episode=2084
  mode      collector=async  worker=3  epsilon=0.000
  outcome   reward=-10.006  success=0/1 (0.00%)  steps=mean:60.0 range:[60,60]
  training  completed=2083/2500  queue=0/256 (0%)  replay=200000/200000  updates=19  loss=0.03648  policy_version=1860
  throughput env_steps_s=324.3  transitions_s=324.3  transitions_step=1.0  updates_s=81.1  updates_throttled=0
episode=2085
  mode      collector=async  worker=1  epsilon=0.000
  outcome   reward=-8.014999999999997  success=0/1 (0.00%)  steps=mean:350.0 range:[350,350]
  training  completed=2084/2500  queue=0/256 (0%)  replay=200000/200000  updates=330  loss=0.04612  policy_version=1863
  throughput env_steps_s=321.5  transitions_s=321.5  transitions_step=1.0  updates_s=80.4  updates_throttled=0
episode=2086
  mode      collector=async  worker=3  epsilon=0.000
  outcome   reward=-8.015999999999996  success=0/1 (0.00%)  steps=mean:360.0 range:[360,360]
  training  completed=2085/2500  queue=0/256 (0%)  replay=200000/200000  updates=32  loss=0.03256  policy_version=1864
  throughput env_steps_s=321.3  transitions_s=321.3  transitions_step=1.0  updates_s=79.7  updates_throttled=0
episode=2087
  mode      collector=async  worker=1  epsilon=0.000
  outcome   reward=-9.003099999999998  success=0/1 (0.00%)  steps=mean:231.0 range:[231,231]
  training  completed=2086/2500  queue=0/256 (0%)  replay=200000/200000  updates=204  loss=0.04557  policy_version=1866
  throughput env_steps_s=319.5  transitions_s=319.5  transitions_step=1.0  updates_s=80.0  updates_throttled=0
episode=2088
  mode      collector=async  worker=3  epsilon=0.000
  outcome   reward=-9.000899999999998  success=0/1 (0.00%)  steps=mean:209.0 range:[209,209]
  training  completed=2087/2500  queue=0/256 (0%)  replay=200000/200000  updates=1  loss=0.01816  policy_version=1866
  throughput env_steps_s=404.4  transitions_s=404.4  transitions_step=1.0  updates_s=67.4  updates_throttled=0
episode=2079
  mode      collector=async  worker=0  epsilon=0.000
  outcome   reward=-1.1203999999998917  success=0/1 (0.00%)  steps=mean:1404.0 range:[1404,1404]
  training  completed=2088/2500  queue=0/256 (0%)  replay=200000/200000  updates=80  loss=0.04962  policy_version=1866
  throughput env_steps_s=320.7  transitions_s=320.7  transitions_step=1.0  updates_s=80.9  updates_throttled=0
episode=2090
  mode      collector=async  worker=3  epsilon=0.000
  outcome   reward=-7.016100000000032  success=0/1 (0.00%)  steps=mean:361.0 range:[361,361]
  training  completed=2089/2500  queue=0/256 (0%)  replay=200000/200000  updates=282  loss=0.04730  policy_version=1869
  throughput env_steps_s=321.4  transitions_s=321.4  transitions_step=1.0  updates_s=80.2  updates_throttled=0
episode=2082
  mode      collector=async  worker=2  epsilon=0.000
  outcome   reward=-2.093399999999905  success=0/1 (0.00%)  steps=mean:1134.0 range:[1134,1134]
  training  completed=2090/2500  queue=0/256 (0%)  replay=200000/200000  updates=56  loss=0.03013  policy_version=1870
  throughput env_steps_s=310.9  transitions_s=310.9  transitions_step=1.0  updates_s=78.1  updates_throttled=0
episode=2092
  mode      collector=async  worker=3  epsilon=0.000
  outcome   reward=-10.0062  success=0/1 (0.00%)  steps=mean:62.0 range:[62,62]
  training  completed=2091/2500  queue=0/256 (0%)  replay=200000/200000  updates=4  loss=0.06046  policy_version=1870
  throughput env_steps_s=346.7  transitions_s=346.7  transitions_step=1.0  updates_s=81.6  updates_throttled=0
episode=2094
  mode      collector=async  worker=3  epsilon=0.000
  outcome   reward=-10.0064  success=0/1 (0.00%)  steps=mean:64.0 range:[64,64]
  training  completed=2092/2500  queue=0/256 (0%)  replay=200000/200000  updates=65  loss=0.04034  policy_version=1870
  throughput env_steps_s=322.9  transitions_s=322.9  transitions_step=1.0  updates_s=80.4  updates_throttled=0
episode=2091
  mode      collector=async  worker=0  epsilon=0.000
  outcome   reward=-9.028299999999996  success=0/1 (0.00%)  steps=mean:483.0 range:[483,483]
  training  completed=2093/2500  queue=0/256 (0%)  replay=200000/200000  updates=73  loss=0.04988  policy_version=1871
  throughput env_steps_s=314.0  transitions_s=314.0  transitions_step=1.0  updates_s=78.8  updates_throttled=0
episode=2093
  mode      collector=async  worker=2  epsilon=0.000
  outcome   reward=-9.004399999999999  success=0/1 (0.00%)  steps=mean:244.0 range:[244,244]
  training  completed=2094/2500  queue=0/256 (0%)  replay=200000/200000  updates=100  loss=0.06150  policy_version=1872
  throughput env_steps_s=325.6  transitions_s=325.6  transitions_step=1.0  updates_s=81.6  updates_throttled=0
episode=2097
  mode      collector=async  worker=2  epsilon=0.000
  outcome   reward=-9.0019  success=0/1 (0.00%)  steps=mean:219.0 range:[219,219]
  training  completed=2095/2500  queue=0/256 (0%)  replay=200000/200000  updates=221  loss=0.05512  policy_version=1874
  throughput env_steps_s=320.4  transitions_s=320.4  transitions_step=1.0  updates_s=79.9  updates_throttled=0
episode=2095
  mode      collector=async  worker=3  epsilon=0.000
  outcome   reward=-7.036500000000016  success=0/1 (0.00%)  steps=mean:565.0 range:[565,565]
  training  completed=2096/2500  queue=1/256 (0%)  replay=200000/200000  updates=173  loss=0.05049  policy_version=1876
  throughput env_steps_s=310.7  transitions_s=310.7  transitions_step=1.0  updates_s=78.0  updates_throttled=0
episode=2096
  mode      collector=async  worker=0  epsilon=0.000
  outcome   reward=-8.049499999999993  success=0/1 (0.00%)  steps=mean:695.0 range:[695,695]
  training  completed=2097/2500  queue=0/256 (0%)  replay=200000/200000  updates=202  loss=0.04898  policy_version=1878
  throughput env_steps_s=314.8  transitions_s=314.8  transitions_step=1.0  updates_s=78.6  updates_throttled=0
episode=2099
  mode      collector=async  worker=3  epsilon=0.000
  outcome   reward=-8.021599999999996  success=0/1 (0.00%)  steps=mean:416.0 range:[416,416]
  training  completed=2098/2500  queue=0/256 (0%)  replay=200000/200000  updates=212  loss=0.05485  policy_version=1880
  throughput env_steps_s=315.7  transitions_s=315.7  transitions_step=1.0  updates_s=78.8  updates_throttled=0
episode=2089
  mode      collector=async  worker=1  epsilon=0.000
  outcome   reward=-2.130299999999883  success=0/1 (0.00%)  steps=mean:1503.0 range:[1503,1503]
  training  completed=2099/2500  queue=0/256 (0%)  replay=200000/200000  updates=34  loss=0.02740  policy_version=1881
  throughput env_steps_s=317.9  transitions_s=317.9  transitions_step=1.0  updates_s=80.7  updates_throttled=0
episode=2101
  mode      collector=async  worker=3  epsilon=0.000
  outcome   reward=-9.002499999999998  success=0/1 (0.00%)  steps=mean:225.0 range:[225,225]
  training  completed=2100/2500  queue=3/256 (1%)  replay=200000/200000  updates=187  loss=0.04905  policy_version=1882
  throughput env_steps_s=320.4  transitions_s=320.4  transitions_step=1.0  updates_s=79.9  updates_throttled=0
Saved checkpoint: checkpoints/breakout_27bricks_v2/ckpt-2100
Scheduled replay buffer save: checkpoints/breakout_27bricks_v2/replay-2100.npz transitions=200000
Evaluating frozen checkpoint episode=2100 episodes=20 metric=auto...
Saved replay buffer: checkpoints/breakout_27bricks_v2/replay-2100.npz transitions=200000
episode=2100
  mode      collector=async  worker=0  epsilon=0.000
  outcome   reward=-5.028799999999967  success=0/1 (0.00%)  steps=mean:488.0 range:[488,488]
  training  completed=2101/2500  queue=0/256 (0%)  replay=200000/200000  updates=59  loss=0.05740  policy_version=1883
  throughput env_steps_s=244.6  transitions_s=244.6  transitions_step=1.0  updates_s=60.9  updates_throttled=0
episode=2103
  mode      collector=async  worker=3  epsilon=0.000
  outcome   reward=-10.0064  success=0/1 (0.00%)  steps=mean:64.0 range:[64,64]
  training  completed=2102/2500  queue=0/256 (0%)  replay=200000/200000  updates=3  loss=0.01921  policy_version=1883
  throughput env_steps_s=322.3  transitions_s=322.3  transitions_step=1.0  updates_s=87.9  updates_throttled=0
episode=2104
  mode      collector=async  worker=0  epsilon=0.000
  outcome   reward=-10.0061  success=0/1 (0.00%)  steps=mean:61.0 range:[61,61]
  training  completed=2103/2500  queue=0/256 (0%)  replay=200000/200000  updates=58  loss=0.05246  policy_version=1884
  throughput env_steps_s=273.8  transitions_s=273.8  transitions_step=1.0  updates_s=68.2  updates_throttled=0
episode=2102
  mode      collector=async  worker=1  epsilon=0.000
  outcome   reward=-6.0279000000000345  success=0/1 (0.00%)  steps=mean:479.0 range:[479,479]
  training  completed=2104/2500  queue=0/256 (0%)  replay=200000/200000  updates=175  loss=0.05041  policy_version=1885
  throughput env_steps_s=273.2  transitions_s=273.2  transitions_step=1.0  updates_s=68.4  updates_throttled=0
episode=2098
  mode      collector=async  worker=2  epsilon=0.000
  outcome   reward=-3.1175999999998885  success=0/1 (0.00%)  steps=mean:1376.0 range:[1376,1376]
  training  completed=2105/2500  queue=0/256 (0%)  replay=200000/200000  updates=272  loss=0.04808  policy_version=1888
  throughput env_steps_s=270.9  transitions_s=270.9  transitions_step=1.0  updates_s=67.7  updates_throttled=0
episode=2107
  mode      collector=async  worker=1  epsilon=0.000
  outcome   reward=-7.026400000000016  success=0/1 (0.00%)  steps=mean:464.0 range:[464,464]
  training  completed=2106/2500  queue=0/256 (0%)  replay=200000/200000  updates=193  loss=0.04995  policy_version=1890
  throughput env_steps_s=271.2  transitions_s=271.2  transitions_step=1.0  updates_s=67.7  updates_throttled=0
episode=2108
  mode      collector=async  worker=2  epsilon=0.000
  outcome   reward=-9.003699999999998  success=0/1 (0.00%)  steps=mean:237.0 range:[237,237]
  training  completed=2107/2500  queue=0/256 (0%)  replay=200000/200000  updates=42  loss=0.05517  policy_version=1890
  throughput env_steps_s=263.4  transitions_s=263.4  transitions_step=1.0  updates_s=65.8  updates_throttled=0
episode=2106
  mode      collector=async  worker=0  epsilon=0.000
  outcome   reward=-6.053400000000047  success=0/1 (0.00%)  steps=mean:734.0 range:[734,734]
  training  completed=2108/2500  queue=0/256 (0%)  replay=200000/200000  updates=52  loss=0.04305  policy_version=1891
  throughput env_steps_s=264.5  transitions_s=264.5  transitions_step=1.0  updates_s=66.8  updates_throttled=0
episode=2109
  mode      collector=async  worker=1  epsilon=0.000
  outcome   reward=-4.04340000000006  success=0/1 (0.00%)  steps=mean:634.0 range:[634,634]
  training  completed=2109/2500  queue=0/256 (0%)  replay=200000/200000  updates=543  loss=0.04424  policy_version=1896
  throughput env_steps_s=270.7  transitions_s=270.7  transitions_step=1.0  updates_s=67.7  updates_throttled=0
episode=2111
  mode      collector=async  worker=0  epsilon=0.000
  outcome   reward=-6.054000000000052  success=0/1 (0.00%)  steps=mean:740.0 range:[740,740]
  training  completed=2110/2500  queue=0/256 (0%)  replay=200000/200000  updates=186  loss=0.04381  policy_version=1898
  throughput env_steps_s=278.0  transitions_s=278.0  transitions_step=1.0  updates_s=69.3  updates_throttled=0
episode=2112
  mode      collector=async  worker=1  epsilon=0.000
  outcome   reward=-8.013899999999998  success=0/1 (0.00%)  steps=mean:339.0 range:[339,339]
  training  completed=2111/2500  queue=0/256 (0%)  replay=200000/200000  updates=154  loss=0.04469  policy_version=1900
  throughput env_steps_s=274.9  transitions_s=274.9  transitions_step=1.0  updates_s=68.8  updates_throttled=0
episode=2113
  mode      collector=async  worker=0  epsilon=0.000
  outcome   reward=-9.004199999999999  success=0/1 (0.00%)  steps=mean:242.0 range:[242,242]
  training  completed=2112/2500  queue=0/256 (0%)  replay=200000/200000  updates=89  loss=0.06353  policy_version=1901
  throughput env_steps_s=267.4  transitions_s=267.4  transitions_step=1.0  updates_s=67.0  updates_throttled=0
episode=2105
  mode      collector=async  worker=3  epsilon=0.000
  outcome   reward=-0.15659999999981444  success=0/1 (0.00%)  steps=mean:1766.0 range:[1766,1766]
  training  completed=2113/2500  queue=0/256 (0%)  replay=200000/200000  updates=4  loss=0.05460  policy_version=1901
  throughput env_steps_s=249.6  transitions_s=249.6  transitions_step=1.0  updates_s=62.4  updates_throttled=0
Frozen evaluation episode=2100: success=0/20 (0.00%) reward_mean=-8.0167 steps_mean=356.9
episode=2110
  mode      collector=async  worker=2  epsilon=0.000
  outcome   reward=-2.0964999999999554  success=0/1 (0.00%)  steps=mean:1165.0 range:[1165,1165]
  training  completed=2114/2500  queue=0/256 (0%)  replay=200000/200000  updates=139  loss=0.06572  policy_version=1902
  throughput env_steps_s=277.9  transitions_s=277.9  transitions_step=1.0  updates_s=69.4  updates_throttled=0
episode=2114
  mode      collector=async  worker=1  epsilon=0.000
  outcome   reward=-8.009199999999998  success=0/1 (0.00%)  steps=mean:292.0 range:[292,292]
  training  completed=2115/2500  queue=0/256 (0%)  replay=200000/200000  updates=67  loss=0.05013  policy_version=1903
  throughput env_steps_s=320.6  transitions_s=320.6  transitions_step=1.0  updates_s=80.1  updates_throttled=0
episode=2115
  mode      collector=async  worker=0  epsilon=0.000
  outcome   reward=-5.03540000000005  success=0/1 (0.00%)  steps=mean:554.0 range:[554,554]
  training  completed=2116/2500  queue=0/256 (0%)  replay=200000/200000  updates=346  loss=0.04283  policy_version=1906
  throughput env_steps_s=323.8  transitions_s=323.8  transitions_step=1.0  updates_s=80.9  updates_throttled=0
episode=2119
  mode      collector=async  worker=0  epsilon=0.000
  outcome   reward=-8.001700000000014  success=0/1 (0.00%)  steps=mean:217.0 range:[217,217]
  training  completed=2117/2500  queue=0/256 (0%)  replay=200000/200000  updates=222  loss=0.04569  policy_version=1909
  throughput env_steps_s=321.6  transitions_s=321.6  transitions_step=1.0  updates_s=80.6  updates_throttled=0
episode=2118
  mode      collector=async  worker=1  epsilon=0.000
  outcome   reward=-6.0484000000000515  success=0/1 (0.00%)  steps=mean:684.0 range:[684,684]
  training  completed=2118/2500  queue=0/256 (0%)  replay=200000/200000  updates=117  loss=0.04878  policy_version=1910
  throughput env_steps_s=319.9  transitions_s=319.9  transitions_step=1.0  updates_s=79.6  updates_throttled=0
episode=2117
  mode      collector=async  worker=2  epsilon=0.000
  outcome   reward=-7.058400000000014  success=0/1 (0.00%)  steps=mean:784.0 range:[784,784]
  training  completed=2119/2500  queue=2/256 (1%)  replay=200000/200000  updates=26  loss=0.02554  policy_version=1910
  throughput env_steps_s=300.9  transitions_s=300.9  transitions_step=1.0  updates_s=76.7  updates_throttled=0
episode=2116
  mode      collector=async  worker=3  epsilon=0.000
  outcome   reward=-3.077099999999956  success=0/1 (0.00%)  steps=mean:971.0 range:[971,971]
  training  completed=2120/2500  queue=2/256 (1%)  replay=200000/200000  updates=45  loss=0.05680  policy_version=1910
  throughput env_steps_s=324.5  transitions_s=324.5  transitions_step=1.0  updates_s=80.2  updates_throttled=0
episode=2121
  mode      collector=async  worker=1  epsilon=0.000
  outcome   reward=-7.037900000000011  success=0/1 (0.00%)  steps=mean:579.0 range:[579,579]
  training  completed=2121/2500  queue=0/256 (0%)  replay=200000/200000  updates=511  loss=0.04338  policy_version=1916
  throughput env_steps_s=322.3  transitions_s=322.3  transitions_step=1.0  updates_s=80.6  updates_throttled=0
episode=2122
  mode      collector=async  worker=2  epsilon=0.000
  outcome   reward=-7.043000000000015  success=0/1 (0.00%)  steps=mean:630.0 range:[630,630]
  training  completed=2122/2500  queue=0/256 (0%)  replay=200000/200000  updates=73  loss=0.05207  policy_version=1916
  throughput env_steps_s=318.0  transitions_s=318.0  transitions_step=1.0  updates_s=79.2  updates_throttled=0
episode=2123
  mode      collector=async  worker=3  epsilon=0.000
  outcome   reward=-6.052700000000048  success=0/1 (0.00%)  steps=mean:727.0 range:[727,727]
  training  completed=2123/2500  queue=0/256 (0%)  replay=200000/200000  updates=151  loss=0.04027  policy_version=1918
  throughput env_steps_s=323.1  transitions_s=323.1  transitions_step=1.0  updates_s=80.8  updates_throttled=0
episode=2120
  mode      collector=async  worker=0  epsilon=0.000
  outcome   reward=-3.094299999999957  success=0/1 (0.00%)  steps=mean:1143.0 range:[1143,1143]
  training  completed=2124/2500  queue=0/256 (0%)  replay=200000/200000  updates=210  loss=0.04573  policy_version=1920
  throughput env_steps_s=323.8  transitions_s=323.8  transitions_step=1.0  updates_s=81.0  updates_throttled=0
episode=2126
  mode      collector=async  worker=3  epsilon=0.000
  outcome   reward=-6.022800000000039  success=0/1 (0.00%)  steps=mean:428.0 range:[428,428]
  training  completed=2125/2500  queue=0/256 (0%)  replay=200000/200000  updates=208  loss=0.04896  policy_version=1922
  throughput env_steps_s=321.3  transitions_s=321.3  transitions_step=1.0  updates_s=80.5  updates_throttled=0
Saved checkpoint: checkpoints/breakout_27bricks_v2/ckpt-2125
Scheduled replay buffer save: checkpoints/breakout_27bricks_v2/replay-2125.npz transitions=200000
Saved replay buffer: checkpoints/breakout_27bricks_v2/replay-2125.npz transitions=200000
episode=2127
  mode      collector=async  worker=0  epsilon=0.000
  outcome   reward=-9.003899999999998  success=0/1 (0.00%)  steps=mean:239.0 range:[239,239]
  training  completed=2126/2500  queue=0/256 (0%)  replay=200000/200000  updates=35  loss=0.05396  policy_version=1922
  throughput env_steps_s=281.4  transitions_s=281.4  transitions_step=1.0  updates_s=69.4  updates_throttled=0
episode=2124
  mode      collector=async  worker=1  epsilon=0.000
  outcome   reward=-6.056600000000051  success=0/1 (0.00%)  steps=mean:766.0 range:[766,766]
  training  completed=2127/2500  queue=0/256 (0%)  replay=200000/200000  updates=94  loss=0.05103  policy_version=1923
  throughput env_steps_s=324.6  transitions_s=324.6  transitions_step=1.0  updates_s=81.6  updates_throttled=0
episode=2125
  mode      collector=async  worker=2  epsilon=0.000
  outcome   reward=-4.05180000000006  success=0/1 (0.00%)  steps=mean:718.0 range:[718,718]
  training  completed=2128/2500  queue=1/256 (0%)  replay=200000/200000  updates=25  loss=0.05220  policy_version=1923
  throughput env_steps_s=323.9  transitions_s=323.9  transitions_step=1.0  updates_s=81.8  updates_throttled=0
episode=2130
  mode      collector=async  worker=1  epsilon=0.000
  outcome   reward=-9.004599999999998  success=0/1 (0.00%)  steps=mean:246.0 range:[246,246]
  training  completed=2129/2500  queue=0/256 (0%)  replay=200000/200000  updates=225  loss=0.04683  policy_version=1926
  throughput env_steps_s=320.8  transitions_s=320.8  transitions_step=1.0  updates_s=80.0  updates_throttled=0
episode=2128
  mode      collector=async  worker=3  epsilon=0.000
  outcome   reward=-7.026400000000016  success=0/1 (0.00%)  steps=mean:464.0 range:[464,464]
  training  completed=2130/2500  queue=0/256 (0%)  replay=200000/200000  updates=78  loss=0.03934  policy_version=1926
  throughput env_steps_s=330.1  transitions_s=330.1  transitions_step=1.0  updates_s=82.5  updates_throttled=0
episode=2129
  mode      collector=async  worker=0  epsilon=0.000
  outcome   reward=-6.042000000000059  success=0/1 (0.00%)  steps=mean:620.0 range:[620,620]
  training  completed=2131/2500  queue=0/256 (0%)  replay=200000/200000  updates=198  loss=0.04222  policy_version=1928
  throughput env_steps_s=323.8  transitions_s=323.8  transitions_step=1.0  updates_s=81.1  updates_throttled=0
episode=2133
  mode      collector=async  worker=3  epsilon=0.000
  outcome   reward=-9.005099999999999  success=0/1 (0.00%)  steps=mean:251.0 range:[251,251]
  training  completed=2132/2500  queue=2/256 (1%)  replay=200000/200000  updates=53  loss=0.04411  policy_version=1929
  throughput env_steps_s=319.2  transitions_s=319.2  transitions_step=1.0  updates_s=80.2  updates_throttled=0
episode=2131
  mode      collector=async  worker=2  epsilon=0.000
  outcome   reward=-7.0440000000000165  success=0/1 (0.00%)  steps=mean:640.0 range:[640,640]
  training  completed=2133/2500  queue=0/256 (0%)  replay=200000/200000  updates=83  loss=0.04592  policy_version=1930
  throughput env_steps_s=321.0  transitions_s=321.0  transitions_step=1.0  updates_s=80.0  updates_throttled=0
episode=2136
  mode      collector=async  worker=2  epsilon=0.000
  outcome   reward=-10.0063  success=0/1 (0.00%)  steps=mean:63.0 range:[63,63]
  training  completed=2134/2500  queue=0/256 (0%)  replay=200000/200000  updates=66  loss=0.03309  policy_version=1930
  throughput env_steps_s=326.9  transitions_s=326.9  transitions_step=1.0  updates_s=81.1  updates_throttled=0
episode=2137
  mode      collector=async  worker=2  epsilon=0.000
  outcome   reward=-10.0066  success=0/1 (0.00%)  steps=mean:66.0 range:[66,66]
  training  completed=2135/2500  queue=0/256 (0%)  replay=200000/200000  updates=64  loss=0.06557  policy_version=1931
  throughput env_steps_s=321.4  transitions_s=321.4  transitions_step=1.0  updates_s=80.4  updates_throttled=0
episode=2132
  mode      collector=async  worker=1  epsilon=0.000
  outcome   reward=-5.062000000000058  success=0/1 (0.00%)  steps=mean:820.0 range:[820,820]
  training  completed=2136/2500  queue=1/256 (0%)  replay=200000/200000  updates=275  loss=0.05147  policy_version=1934
  throughput env_steps_s=321.5  transitions_s=321.5  transitions_step=1.0  updates_s=80.6  updates_throttled=0
episode=2135
  mode      collector=async  worker=3  epsilon=0.000
  outcome   reward=-6.033000000000041  success=0/1 (0.00%)  steps=mean:530.0 range:[530,530]
  training  completed=2137/2500  queue=0/256 (0%)  replay=200000/200000  updates=44  loss=0.03577  policy_version=1934
  throughput env_steps_s=329.0  transitions_s=329.0  transitions_step=1.0  updates_s=80.9  updates_throttled=0
episode=2138
  mode      collector=async  worker=2  epsilon=0.000
  outcome   reward=-8.012299999999998  success=0/1 (0.00%)  steps=mean:323.0 range:[323,323]
  training  completed=2138/2500  queue=0/256 (0%)  replay=200000/200000  updates=11  loss=0.04495  policy_version=1934
  throughput env_steps_s=324.0  transitions_s=324.0  transitions_step=1.0  updates_s=81.0  updates_throttled=0
episode=2134
  mode      collector=async  worker=0  epsilon=0.000
  outcome   reward=-6.04940000000002  success=0/1 (0.00%)  steps=mean:694.0 range:[694,694]
  training  completed=2139/2500  queue=0/256 (0%)  replay=200000/200000  updates=93  loss=0.03138  policy_version=1935
  throughput env_steps_s=320.9  transitions_s=320.9  transitions_step=1.0  updates_s=80.4  updates_throttled=0
episode=2141
  mode      collector=async  worker=2  epsilon=0.000
  outcome   reward=-9.001999999999999  success=0/1 (0.00%)  steps=mean:220.0 range:[220,220]
  training  completed=2140/2500  queue=4/256 (2%)  replay=200000/200000  updates=132  loss=0.04973  policy_version=1937
  throughput env_steps_s=322.2  transitions_s=322.2  transitions_step=1.0  updates_s=80.5  updates_throttled=0
episode=2139
  mode      collector=async  worker=1  epsilon=0.000
  outcome   reward=-8.016499999999997  success=0/1 (0.00%)  steps=mean:365.0 range:[365,365]
  training  completed=2141/2500  queue=0/256 (0%)  replay=200000/200000  updates=83  loss=0.05601  policy_version=1938
  throughput env_steps_s=314.9  transitions_s=314.9  transitions_step=1.0  updates_s=79.0  updates_throttled=0
episode=2143
  mode      collector=async  worker=2  epsilon=0.000
  outcome   reward=-9.0034  success=0/1 (0.00%)  steps=mean:234.0 range:[234,234]
  training  completed=2142/2500  queue=1/256 (0%)  replay=200000/200000  updates=151  loss=0.05492  policy_version=1939
  throughput env_steps_s=328.5  transitions_s=328.5  transitions_step=1.0  updates_s=82.3  updates_throttled=0
episode=2142
  mode      collector=async  worker=0  epsilon=0.000
  outcome   reward=-8.019599999999997  success=0/1 (0.00%)  steps=mean:396.0 range:[396,396]
  training  completed=2143/2500  queue=0/256 (0%)  replay=200000/200000  updates=32  loss=0.03640  policy_version=1939
  throughput env_steps_s=329.0  transitions_s=329.0  transitions_step=1.0  updates_s=81.0  updates_throttled=0
episode=2144
  mode      collector=async  worker=1  epsilon=0.000
  outcome   reward=-9.001999999999999  success=0/1 (0.00%)  steps=mean:220.0 range:[220,220]
  training  completed=2144/2500  queue=0/256 (0%)  replay=200000/200000  updates=33  loss=0.09573  policy_version=1940
  throughput env_steps_s=321.0  transitions_s=321.0  transitions_step=1.0  updates_s=80.2  updates_throttled=0
episode=2140
  mode      collector=async  worker=3  epsilon=0.000
  outcome   reward=-5.069400000000018  success=0/1 (0.00%)  steps=mean:894.0 range:[894,894]
  training  completed=2145/2500  queue=0/256 (0%)  replay=200000/200000  updates=356  loss=0.05840  policy_version=1943
  throughput env_steps_s=320.5  transitions_s=320.5  transitions_step=1.0  updates_s=80.1  updates_throttled=0
episode=2145
  mode      collector=async  worker=2  epsilon=0.000
  outcome   reward=-7.0251000000000206  success=0/1 (0.00%)  steps=mean:451.0 range:[451,451]
  training  completed=2146/2500  queue=0/256 (0%)  replay=200000/200000  updates=24  loss=0.03108  policy_version=1943
  throughput env_steps_s=329.0  transitions_s=329.0  transitions_step=1.0  updates_s=82.3  updates_throttled=0
episode=2147
  mode      collector=async  worker=1  epsilon=0.000
  outcome   reward=-8.020699999999998  success=0/1 (0.00%)  steps=mean:407.0 range:[407,407]
  training  completed=2147/2500  queue=0/256 (0%)  replay=200000/200000  updates=30  loss=0.07285  policy_version=1944
  throughput env_steps_s=331.1  transitions_s=331.1  transitions_step=1.0  updates_s=82.1  updates_throttled=0
episode=2148
  mode      collector=async  worker=3  epsilon=0.000
  outcome   reward=-9.0034  success=0/1 (0.00%)  steps=mean:234.0 range:[234,234]
  training  completed=2148/2500  queue=0/256 (0%)  replay=200000/200000  updates=178  loss=0.04487  policy_version=1946
  throughput env_steps_s=320.4  transitions_s=320.4  transitions_step=1.0  updates_s=80.1  updates_throttled=0
episode=2149
  mode      collector=async  worker=2  epsilon=0.000
  outcome   reward=-9.002999999999998  success=0/1 (0.00%)  steps=mean:230.0 range:[230,230]
  training  completed=2149/2500  queue=0/256 (0%)  replay=200000/200000  updates=26  loss=0.05156  policy_version=1946
  throughput env_steps_s=313.8  transitions_s=313.8  transitions_step=1.0  updates_s=80.0  updates_throttled=0
episode=2151
  mode      collector=async  worker=3  epsilon=0.000
  outcome   reward=-8.015899999999997  success=0/1 (0.00%)  steps=mean:359.0 range:[359,359]
  training  completed=2150/2500  queue=1/256 (0%)  replay=200000/200000  updates=341  loss=0.06143  policy_version=1949
  throughput env_steps_s=323.4  transitions_s=323.4  transitions_step=1.0  updates_s=80.9  updates_throttled=0
Saved checkpoint: checkpoints/breakout_27bricks_v2/ckpt-2150
Scheduled replay buffer save: checkpoints/breakout_27bricks_v2/replay-2150.npz transitions=200000
Saved replay buffer: checkpoints/breakout_27bricks_v2/replay-2150.npz transitions=200000
episode=2150
  mode      collector=async  worker=1  epsilon=0.000
  outcome   reward=-5.03740000000001  success=0/1 (0.00%)  steps=mean:574.0 range:[574,574]
  training  completed=2151/2500  queue=0/256 (0%)  replay=200000/200000  updates=32  loss=0.03363  policy_version=1950
  throughput env_steps_s=284.5  transitions_s=284.5  transitions_step=1.0  updates_s=70.0  updates_throttled=0
episode=2146
  mode      collector=async  worker=0  epsilon=0.000
  outcome   reward=-1.0847999999999338  success=0/1 (0.00%)  steps=mean:1048.0 range:[1048,1048]
  training  completed=2152/2500  queue=0/256 (0%)  replay=200000/200000  updates=32  loss=0.05051  policy_version=1950
  throughput env_steps_s=314.7  transitions_s=314.7  transitions_step=1.0  updates_s=78.1  updates_throttled=0
episode=2155
  mode      collector=async  worker=0  epsilon=0.000
  outcome   reward=-10.0062  success=0/1 (0.00%)  steps=mean:62.0 range:[62,62]
  training  completed=2153/2500  queue=5/256 (2%)  replay=200000/200000  updates=64  loss=0.06829  policy_version=1951
  throughput env_steps_s=318.2  transitions_s=318.2  transitions_step=1.0  updates_s=80.5  updates_throttled=0
episode=2156
  mode      collector=async  worker=0  epsilon=0.000
  outcome   reward=-10.0061  success=0/1 (0.00%)  steps=mean:61.0 range:[61,61]
  training  completed=2154/2500  queue=0/256 (0%)  replay=200000/200000  updates=63  loss=0.08817  policy_version=1951
  throughput env_steps_s=333.9  transitions_s=333.9  transitions_step=1.0  updates_s=82.8  updates_throttled=0
episode=2152
  mode      collector=async  worker=2  epsilon=0.000
  outcome   reward=-5.035799999999979  success=0/1 (0.00%)  steps=mean:558.0 range:[558,558]
  training  completed=2155/2500  queue=0/256 (0%)  replay=200000/200000  updates=19  loss=0.06638  policy_version=1951
  throughput env_steps_s=311.3  transitions_s=311.3  transitions_step=1.0  updates_s=79.9  updates_throttled=0
episode=2153
  mode      collector=async  worker=3  epsilon=0.000
  outcome   reward=-9.004599999999998  success=0/1 (0.00%)  steps=mean:246.0 range:[246,246]
  training  completed=2156/2500  queue=1/256 (0%)  replay=200000/200000  updates=33  loss=0.04934  policy_version=1952
  throughput env_steps_s=317.9  transitions_s=317.9  transitions_step=1.0  updates_s=79.5  updates_throttled=0
episode=2154
  mode      collector=async  worker=1  epsilon=0.000
  outcome   reward=-8.00170000000001  success=0/1 (0.00%)  steps=mean:217.0 range:[217,217]
  training  completed=2157/2500  queue=1/256 (0%)  replay=200000/200000  updates=2  loss=0.06728  policy_version=1952
  throughput env_steps_s=274.1  transitions_s=274.1  transitions_step=1.0  updates_s=68.5  updates_throttled=0
episode=2157
  mode      collector=async  worker=0  epsilon=0.000
  outcome   reward=-9.004299999999999  success=0/1 (0.00%)  steps=mean:243.0 range:[243,243]
  training  completed=2158/2500  queue=1/256 (0%)  replay=200000/200000  updates=190  loss=0.05022  policy_version=1954
  throughput env_steps_s=322.8  transitions_s=322.8  transitions_step=1.0  updates_s=80.7  updates_throttled=0
episode=2158
  mode      collector=async  worker=2  epsilon=0.000
  outcome   reward=-9.0033  success=0/1 (0.00%)  steps=mean:233.0 range:[233,233]
  training  completed=2159/2500  queue=0/256 (0%)  replay=200000/200000  updates=4  loss=0.04117  policy_version=1954
  throughput env_steps_s=318.0  transitions_s=318.0  transitions_step=1.0  updates_s=70.7  updates_throttled=0
episode=2159
  mode      collector=async  worker=3  epsilon=0.000
  outcome   reward=-9.003499999999999  success=0/1 (0.00%)  steps=mean:235.0 range:[235,235]
  training  completed=2160/2500  queue=3/256 (1%)  replay=200000/200000  updates=42  loss=0.05382  policy_version=1954
  throughput env_steps_s=316.0  transitions_s=316.0  transitions_step=1.0  updates_s=80.0  updates_throttled=0
episode=2161
  mode      collector=async  worker=0  epsilon=0.000
  outcome   reward=-9.002299999999998  success=0/1 (0.00%)  steps=mean:223.0 range:[223,223]
  training  completed=2161/2500  queue=0/256 (0%)  replay=200000/200000  updates=179  loss=0.04559  policy_version=1956
  throughput env_steps_s=325.2  transitions_s=325.2  transitions_step=1.0  updates_s=80.9  updates_throttled=0
episode=2160
  mode      collector=async  worker=1  epsilon=0.000
  outcome   reward=-7.024700000000021  success=0/1 (0.00%)  steps=mean:447.0 range:[447,447]
  training  completed=2162/2500  queue=0/256 (0%)  replay=200000/200000  updates=33  loss=0.05103  policy_version=1956
  throughput env_steps_s=314.8  transitions_s=314.8  transitions_step=1.0  updates_s=79.3  updates_throttled=0
episode=2164
  mode      collector=async  worker=0  epsilon=0.000
  outcome   reward=-9.004499999999998  success=0/1 (0.00%)  steps=mean:245.0 range:[245,245]
  training  completed=2163/2500  queue=0/256 (0%)  replay=200000/200000  updates=210  loss=0.04765  policy_version=1958
  throughput env_steps_s=317.1  transitions_s=317.1  transitions_step=1.0  updates_s=79.3  updates_throttled=0
episode=2166
  mode      collector=async  worker=0  epsilon=0.000
  outcome   reward=-10.0059  success=0/1 (0.00%)  steps=mean:59.0 range:[59,59]
  training  completed=2164/2500  queue=1/256 (0%)  replay=200000/200000  updates=61  loss=0.06375  policy_version=1959
  throughput env_steps_s=324.4  transitions_s=324.4  transitions_step=1.0  updates_s=81.8  updates_throttled=0
episode=2167
  mode      collector=async  worker=0  epsilon=0.000
  outcome   reward=-8.989999999999998  success=0/1 (0.00%)  steps=mean:100.0 range:[100,100]
  training  completed=2165/2500  queue=0/256 (0%)  replay=200000/200000  updates=97  loss=0.06538  policy_version=1960
  throughput env_steps_s=325.5  transitions_s=325.5  transitions_step=1.0  updates_s=81.2  updates_throttled=0
episode=2165
  mode      collector=async  worker=1  epsilon=0.000
  outcome   reward=-8.017299999999997  success=0/1 (0.00%)  steps=mean:373.0 range:[373,373]
  training  completed=2166/2500  queue=0/256 (0%)  replay=200000/200000  updates=12  loss=0.05317  policy_version=1960
  throughput env_steps_s=316.9  transitions_s=316.9  transitions_step=1.0  updates_s=77.6  updates_throttled=0
episode=2162
  mode      collector=async  worker=2  epsilon=0.000
  outcome   reward=-4.065899999999971  success=0/1 (0.00%)  steps=mean:859.0 range:[859,859]
  training  completed=2167/2500  queue=0/256 (0%)  replay=200000/200000  updates=216  loss=0.04181  policy_version=1962
  throughput env_steps_s=321.1  transitions_s=321.1  transitions_step=1.0  updates_s=80.2  updates_throttled=0
episode=2169
  mode      collector=async  worker=1  epsilon=0.000
  outcome   reward=-9.004399999999999  success=0/1 (0.00%)  steps=mean:244.0 range:[244,244]
  training  completed=2168/2500  queue=0/256 (0%)  replay=200000/200000  updates=32  loss=0.06023  policy_version=1962
  throughput env_steps_s=321.1  transitions_s=321.1  transitions_step=1.0  updates_s=81.5  updates_throttled=0
episode=2163
  mode      collector=async  worker=3  epsilon=0.000
  outcome   reward=-5.069900000000085  success=0/1 (0.00%)  steps=mean:899.0 range:[899,899]
  training  completed=2169/2500  queue=0/256 (0%)  replay=200000/200000  updates=53  loss=0.05566  policy_version=1963
  throughput env_steps_s=326.4  transitions_s=326.4  transitions_step=1.0  updates_s=81.6  updates_throttled=0
episode=2168
  mode      collector=async  worker=0  epsilon=0.000
  outcome   reward=-7.02530000000002  success=0/1 (0.00%)  steps=mean:453.0 range:[453,453]
  training  completed=2170/2500  queue=0/256 (0%)  replay=200000/200000  updates=137  loss=0.03467  policy_version=1964
  throughput env_steps_s=328.6  transitions_s=328.6  transitions_step=1.0  updates_s=81.9  updates_throttled=0
episode=2170
  mode      collector=async  worker=2  epsilon=0.000
  outcome   reward=-9.0041  success=0/1 (0.00%)  steps=mean:241.0 range:[241,241]
  training  completed=2171/2500  queue=1/256 (0%)  replay=200000/200000  updates=25  loss=0.04526  policy_version=1965
  throughput env_steps_s=306.4  transitions_s=306.4  transitions_step=1.0  updates_s=78.2  updates_throttled=0
episode=2172
  mode      collector=async  worker=3  epsilon=0.000
  outcome   reward=-8.997699999999998  success=0/1 (0.00%)  steps=mean:177.0 range:[177,177]
  training  completed=2172/2500  queue=0/256 (0%)  replay=200000/200000  updates=19  loss=0.02827  policy_version=1965
  throughput env_steps_s=326.4  transitions_s=326.4  transitions_step=1.0  updates_s=79.5  updates_throttled=0
episode=2171
  mode      collector=async  worker=1  epsilon=0.000
  outcome   reward=-9.004399999999999  success=0/1 (0.00%)  steps=mean:244.0 range:[244,244]
  training  completed=2173/2500  queue=0/256 (0%)  replay=200000/200000  updates=8  loss=0.08991  policy_version=1965
  throughput env_steps_s=307.0  transitions_s=307.0  transitions_step=1.0  updates_s=81.9  updates_throttled=0
episode=2176
  mode      collector=async  worker=1  epsilon=0.000
  outcome   reward=-10.0066  success=0/1 (0.00%)  steps=mean:66.0 range:[66,66]
  training  completed=2174/2500  queue=1/256 (0%)  replay=200000/200000  updates=67  loss=0.04153  policy_version=1966
  throughput env_steps_s=326.6  transitions_s=326.6  transitions_step=1.0  updates_s=82.0  updates_throttled=0
episode=2173
  mode      collector=async  worker=0  epsilon=0.000
  outcome   reward=-9.003899999999998  success=0/1 (0.00%)  steps=mean:239.0 range:[239,239]
  training  completed=2175/2500  queue=0/256 (0%)  replay=200000/200000  updates=124  loss=0.06078  policy_version=1967
  throughput env_steps_s=319.5  transitions_s=319.5  transitions_step=1.0  updates_s=79.6  updates_throttled=0
Saved checkpoint: checkpoints/breakout_27bricks_v2/ckpt-2175
Scheduled replay buffer save: checkpoints/breakout_27bricks_v2/replay-2175.npz transitions=200000
Saved replay buffer: checkpoints/breakout_27bricks_v2/replay-2175.npz transitions=200000
episode=2177
  mode      collector=async  worker=1  epsilon=0.000
  outcome   reward=-8.013899999999998  success=0/1 (0.00%)  steps=mean:339.0 range:[339,339]
  training  completed=2176/2500  queue=0/256 (0%)  replay=200000/200000  updates=212  loss=0.05023  policy_version=1969
  throughput env_steps_s=315.6  transitions_s=315.6  transitions_step=1.0  updates_s=79.0  updates_throttled=0
episode=2174
  mode      collector=async  worker=2  epsilon=0.000
  outcome   reward=-5.024999999999987  success=0/1 (0.00%)  steps=mean:450.0 range:[450,450]
  training  completed=2177/2500  queue=0/256 (0%)  replay=200000/200000  updates=30  loss=0.03369  policy_version=1969
  throughput env_steps_s=335.4  transitions_s=335.4  transitions_step=1.0  updates_s=82.5  updates_throttled=0
episode=2179
  mode      collector=async  worker=1  epsilon=0.000
  outcome   reward=-10.006  success=0/1 (0.00%)  steps=mean:60.0 range:[60,60]
  training  completed=2178/2500  queue=0/256 (0%)  replay=200000/200000  updates=30  loss=0.05617  policy_version=1969
  throughput env_steps_s=316.0  transitions_s=316.0  transitions_step=1.0  updates_s=80.3  updates_throttled=0
episode=2175
  mode      collector=async  worker=3  epsilon=0.000
  outcome   reward=-7.030300000000015  success=0/1 (0.00%)  steps=mean:503.0 range:[503,503]
  training  completed=2179/2500  queue=2/256 (1%)  replay=200000/200000  updates=18  loss=0.02871  policy_version=1970
  throughput env_steps_s=331.8  transitions_s=331.8  transitions_step=1.0  updates_s=84.1  updates_throttled=0
episode=2180
  mode      collector=async  worker=2  epsilon=0.000
  outcome   reward=-10.0067  success=0/1 (0.00%)  steps=mean:67.0 range:[67,67]
  training  completed=2180/2500  queue=3/256 (1%)  replay=200000/200000  updates=17  loss=0.03009  policy_version=1970
  throughput env_steps_s=296.7  transitions_s=296.7  transitions_step=1.0  updates_s=72.1  updates_throttled=0
episode=2181
  mode      collector=async  worker=1  epsilon=0.000
  outcome   reward=-10.0061  success=0/1 (0.00%)  steps=mean:61.0 range:[61,61]
  training  completed=2181/2500  queue=0/256 (0%)  replay=200000/200000  updates=25  loss=0.02942  policy_version=1970
  throughput env_steps_s=334.7  transitions_s=334.7  transitions_step=1.0  updates_s=82.8  updates_throttled=0
episode=2183
  mode      collector=async  worker=2  epsilon=0.000
  outcome   reward=-9.0033  success=0/1 (0.00%)  steps=mean:233.0 range:[233,233]
  training  completed=2182/2500  queue=0/256 (0%)  replay=200000/200000  updates=207  loss=0.06421  policy_version=1972
  throughput env_steps_s=320.5  transitions_s=320.5  transitions_step=1.0  updates_s=80.3  updates_throttled=0
episode=2182
  mode      collector=async  worker=3  epsilon=0.000
  outcome   reward=-9.004699999999998  success=0/1 (0.00%)  steps=mean:247.0 range:[247,247]
  training  completed=2183/2500  queue=1/256 (0%)  replay=200000/200000  updates=2  loss=0.01377  policy_version=1972
  throughput env_steps_s=293.8  transitions_s=293.8  transitions_step=1.0  updates_s=84.0  updates_throttled=0
episode=2184
  mode      collector=async  worker=1  epsilon=0.000
  outcome   reward=-6.031400000000069  success=0/1 (0.00%)  steps=mean:514.0 range:[514,514]
  training  completed=2184/2500  queue=0/256 (0%)  replay=200000/200000  updates=313  loss=0.05743  policy_version=1975
  throughput env_steps_s=322.0  transitions_s=322.0  transitions_step=1.0  updates_s=80.4  updates_throttled=0
episode=2185
  mode      collector=async  worker=2  epsilon=0.000
  outcome   reward=-5.047600000000043  success=0/1 (0.00%)  steps=mean:676.0 range:[676,676]
  training  completed=2185/2500  queue=2/256 (1%)  replay=200000/200000  updates=357  loss=0.05017  policy_version=1979
  throughput env_steps_s=321.4  transitions_s=321.4  transitions_step=1.0  updates_s=80.5  updates_throttled=0
episode=2178
  mode      collector=async  worker=0  epsilon=0.000
  outcome   reward=-2.1102999999998477  success=0/1 (0.00%)  steps=mean:1303.0 range:[1303,1303]
  training  completed=2186/2500  queue=0/256 (0%)  replay=200000/200000  updates=90  loss=0.05713  policy_version=1980
  throughput env_steps_s=323.0  transitions_s=323.0  transitions_step=1.0  updates_s=80.5  updates_throttled=0
episode=2186
  mode      collector=async  worker=3  epsilon=0.000
  outcome   reward=-4.056800000000012  success=0/1 (0.00%)  steps=mean:768.0 range:[768,768]
  training  completed=2187/2500  queue=1/256 (0%)  replay=200000/200000  updates=7  loss=0.01945  policy_version=1980
  throughput env_steps_s=321.0  transitions_s=321.0  transitions_step=1.0  updates_s=83.2  updates_throttled=0
episode=2189
  mode      collector=async  worker=0  epsilon=0.000
  outcome   reward=-8.017199999999997  success=0/1 (0.00%)  steps=mean:372.0 range:[372,372]
  training  completed=2188/2500  queue=0/256 (0%)  replay=200000/200000  updates=363  loss=0.05068  policy_version=1983
  throughput env_steps_s=321.7  transitions_s=321.7  transitions_step=1.0  updates_s=80.3  updates_throttled=0
episode=2187
  mode      collector=async  worker=1  epsilon=0.000
  outcome   reward=-1.106599999999922  success=0/1 (0.00%)  steps=mean:1266.0 range:[1266,1266]
  training  completed=2189/2500  queue=0/256 (0%)  replay=200000/200000  updates=456  loss=0.05200  policy_version=1988
  throughput env_steps_s=322.4  transitions_s=322.4  transitions_step=1.0  updates_s=80.6  updates_throttled=0
episode=2188
  mode      collector=async  worker=2  epsilon=0.000
  outcome   reward=-1.0928999999998847  success=0/1 (0.00%)  steps=mean:1129.0 range:[1129,1129]
  training  completed=2190/2500  queue=0/256 (0%)  replay=200000/200000  updates=208  loss=0.04816  policy_version=1990
  throughput env_steps_s=319.3  transitions_s=319.3  transitions_step=1.0  updates_s=79.9  updates_throttled=0
episode=2191
  mode      collector=async  worker=0  epsilon=0.000
  outcome   reward=-3.0762000000000196  success=0/1 (0.00%)  steps=mean:962.0 range:[962,962]
  training  completed=2191/2500  queue=0/256 (0%)  replay=200000/200000  updates=308  loss=0.05018  policy_version=1993
  throughput env_steps_s=321.3  transitions_s=321.3  transitions_step=1.0  updates_s=80.3  updates_throttled=0
episode=2194
  mode      collector=async  worker=0  epsilon=0.000
  outcome   reward=-10.0061  success=0/1 (0.00%)  steps=mean:61.0 range:[61,61]
  training  completed=2192/2500  queue=0/256 (0%)  replay=200000/200000  updates=63  loss=0.04759  policy_version=1994
  throughput env_steps_s=320.4  transitions_s=320.4  transitions_step=1.0  updates_s=80.4  updates_throttled=0
episode=2195
  mode      collector=async  worker=0  epsilon=0.000
  outcome   reward=-8.990099999999998  success=0/1 (0.00%)  steps=mean:101.0 range:[101,101]
  training  completed=2193/2500  queue=0/256 (0%)  replay=200000/200000  updates=106  loss=0.05338  policy_version=1995
  throughput env_steps_s=320.7  transitions_s=320.7  transitions_step=1.0  updates_s=80.4  updates_throttled=0
episode=2196
  mode      collector=async  worker=0  epsilon=0.000
  outcome   reward=-8.016399999999997  success=0/1 (0.00%)  steps=mean:364.0 range:[364,364]
  training  completed=2194/2500  queue=0/256 (0%)  replay=200000/200000  updates=371  loss=0.04995  policy_version=1999
  throughput env_steps_s=323.5  transitions_s=323.5  transitions_step=1.0  updates_s=80.8  updates_throttled=0
episode=2193
  mode      collector=async  worker=2  epsilon=0.000
  outcome   reward=-3.0891999999998863  success=0/1 (0.00%)  steps=mean:1092.0 range:[1092,1092]
  training  completed=2195/2500  queue=0/256 (0%)  replay=200000/200000  updates=234  loss=0.04093  policy_version=2001
  throughput env_steps_s=321.9  transitions_s=321.9  transitions_step=1.0  updates_s=80.6  updates_throttled=0
episode=2190
  mode      collector=async  worker=3  epsilon=0.000
  outcome   reward=7.770000000000296  success=0/1 (0.00%)  steps=mean:2500.0 range:[2500,2500]
  training  completed=2196/2500  queue=0/256 (0%)  replay=200000/200000  updates=376  loss=0.04411  policy_version=2005
  throughput env_steps_s=321.8  transitions_s=321.8  transitions_step=1.0  updates_s=80.5  updates_throttled=0
episode=2197
  mode      collector=async  worker=0  epsilon=0.000
  outcome   reward=-7.042100000000018  success=0/1 (0.00%)  steps=mean:621.0 range:[621,621]
  training  completed=2197/2500  queue=0/256 (0%)  replay=200000/200000  updates=20  loss=0.03226  policy_version=2005
  throughput env_steps_s=313.9  transitions_s=313.9  transitions_step=1.0  updates_s=79.5  updates_throttled=0
episode=2199
  mode      collector=async  worker=3  epsilon=0.000
  outcome   reward=-10.0061  success=0/1 (0.00%)  steps=mean:61.0 range:[61,61]
  training  completed=2198/2500  queue=0/256 (0%)  replay=200000/200000  updates=40  loss=0.07557  policy_version=2005
  throughput env_steps_s=321.4  transitions_s=321.4  transitions_step=1.0  updates_s=79.4  updates_throttled=0
episode=2200
  mode      collector=async  worker=0  epsilon=0.000
  outcome   reward=-10.006  success=0/1 (0.00%)  steps=mean:60.0 range:[60,60]
  training  completed=2199/2500  queue=0/256 (0%)  replay=200000/200000  updates=18  loss=0.04839  policy_version=2005
  throughput env_steps_s=315.0  transitions_s=315.0  transitions_step=1.0  updates_s=77.7  updates_throttled=0
episode=2198
  mode      collector=async  worker=2  epsilon=0.000
  outcome   reward=-7.027100000000049  success=0/1 (0.00%)  steps=mean:471.0 range:[471,471]
  training  completed=2200/2500  queue=3/256 (1%)  replay=200000/200000  updates=16  loss=0.03939  policy_version=2006
  throughput env_steps_s=299.6  transitions_s=299.6  transitions_step=1.0  updates_s=74.9  updates_throttled=0
Saved checkpoint: checkpoints/breakout_27bricks_v2/ckpt-2200
Scheduled replay buffer save: checkpoints/breakout_27bricks_v2/replay-2200.npz transitions=200000
Evaluating frozen checkpoint episode=2200 episodes=20 metric=auto...
Saved replay buffer: checkpoints/breakout_27bricks_v2/replay-2200.npz transitions=200000
episode=2201
  mode      collector=async  worker=3  epsilon=0.000
  outcome   reward=-10.0062  success=0/1 (0.00%)  steps=mean:62.0 range:[62,62]
  training  completed=2201/2500  queue=0/256 (0%)  replay=200000/200000  updates=28  loss=0.06509  policy_version=2006
  throughput env_steps_s=225.2  transitions_s=225.2  transitions_step=1.0  updates_s=57.3  updates_throttled=0
episode=2202
  mode      collector=async  worker=0  epsilon=0.000
  outcome   reward=-9.004599999999998  success=0/1 (0.00%)  steps=mean:246.0 range:[246,246]
  training  completed=2202/2500  queue=0/256 (0%)  replay=200000/200000  updates=202  loss=0.03150  policy_version=2008
  throughput env_steps_s=271.5  transitions_s=271.5  transitions_step=1.0  updates_s=67.8  updates_throttled=0
episode=2204
  mode      collector=async  worker=3  epsilon=0.000
  outcome   reward=-9.001  success=0/1 (0.00%)  steps=mean:210.0 range:[210,210]
  training  completed=2203/2500  queue=0/256 (0%)  replay=200000/200000  updates=9  loss=0.05249  policy_version=2008
  throughput env_steps_s=275.9  transitions_s=275.9  transitions_step=1.0  updates_s=67.1  updates_throttled=0
episode=2203
  mode      collector=async  worker=2  epsilon=0.000
  outcome   reward=-7.029100000000012  success=0/1 (0.00%)  steps=mean:491.0 range:[491,491]
  training  completed=2204/2500  queue=0/256 (0%)  replay=200000/200000  updates=251  loss=0.04464  policy_version=2011
  throughput env_steps_s=272.1  transitions_s=272.1  transitions_step=1.0  updates_s=68.2  updates_throttled=0
episode=2205
  mode      collector=async  worker=0  epsilon=0.000
  outcome   reward=-7.0184000000000175  success=0/1 (0.00%)  steps=mean:384.0 range:[384,384]
  training  completed=2205/2500  queue=0/256 (0%)  replay=200000/200000  updates=126  loss=0.03487  policy_version=2012
  throughput env_steps_s=271.4  transitions_s=271.4  transitions_step=1.0  updates_s=67.7  updates_throttled=0
episode=2207
  mode      collector=async  worker=2  epsilon=0.000
  outcome   reward=-8.000800000000014  success=0/1 (0.00%)  steps=mean:208.0 range:[208,208]
  training  completed=2206/2500  queue=0/256 (0%)  replay=200000/200000  updates=83  loss=0.04702  policy_version=2013
  throughput env_steps_s=272.4  transitions_s=272.4  transitions_step=1.0  updates_s=68.1  updates_throttled=0
episode=2192
  mode      collector=async  worker=1  epsilon=0.000
  outcome   reward=6.770000000000367  success=0/1 (0.00%)  steps=mean:2500.0 range:[2500,2500]
  training  completed=2207/2500  queue=0/256 (0%)  replay=200000/200000  updates=33  loss=0.02904  policy_version=2013
  throughput env_steps_s=269.8  transitions_s=269.8  transitions_step=1.0  updates_s=67.5  updates_throttled=0
episode=2209
  mode      collector=async  worker=2  epsilon=0.000
  outcome   reward=-10.0061  success=0/1 (0.00%)  steps=mean:61.0 range:[61,61]
  training  completed=2208/2500  queue=0/256 (0%)  replay=200000/200000  updates=27  loss=0.02198  policy_version=2013
  throughput env_steps_s=271.6  transitions_s=271.6  transitions_step=1.0  updates_s=67.9  updates_throttled=0
episode=2211
  mode      collector=async  worker=2  epsilon=0.000
  outcome   reward=-10.0064  success=0/1 (0.00%)  steps=mean:64.0 range:[64,64]
  training  completed=2209/2500  queue=0/256 (0%)  replay=200000/200000  updates=66  loss=0.05958  policy_version=2014
  throughput env_steps_s=273.2  transitions_s=273.2  transitions_step=1.0  updates_s=68.0  updates_throttled=0
episode=2212
  mode      collector=async  worker=2  epsilon=0.000
  outcome   reward=-10.0062  success=0/1 (0.00%)  steps=mean:62.0 range:[62,62]
  training  completed=2210/2500  queue=0/256 (0%)  replay=200000/200000  updates=61  loss=0.06098  policy_version=2014
  throughput env_steps_s=275.6  transitions_s=275.6  transitions_step=1.0  updates_s=69.2  updates_throttled=0
episode=2213
  mode      collector=async  worker=2  epsilon=0.000
  outcome   reward=-10.0062  success=0/1 (0.00%)  steps=mean:62.0 range:[62,62]
  training  completed=2211/2500  queue=0/256 (0%)  replay=200000/200000  updates=61  loss=0.05514  policy_version=2015
  throughput env_steps_s=266.7  transitions_s=266.7  transitions_step=1.0  updates_s=66.4  updates_throttled=0
episode=2208
  mode      collector=async  worker=0  epsilon=0.000
  outcome   reward=-8.013799999999996  success=0/1 (0.00%)  steps=mean:338.0 range:[338,338]
  training  completed=2212/2500  queue=0/256 (0%)  replay=200000/200000  updates=4  loss=0.05069  policy_version=2015
  throughput env_steps_s=297.0  transitions_s=297.0  transitions_step=1.0  updates_s=74.2  updates_throttled=0
episode=2215
  mode      collector=async  worker=0  epsilon=0.000
  outcome   reward=-10.0061  success=0/1 (0.00%)  steps=mean:61.0 range:[61,61]
  training  completed=2213/2500  queue=0/256 (0%)  replay=200000/200000  updates=59  loss=0.04517  policy_version=2016
  throughput env_steps_s=265.6  transitions_s=265.6  transitions_step=1.0  updates_s=66.7  updates_throttled=0
episode=2214
  mode      collector=async  worker=2  epsilon=0.000
  outcome   reward=-10.006499999999999  success=0/1 (0.00%)  steps=mean:65.0 range:[65,65]
  training  completed=2214/2500  queue=1/256 (0%)  replay=200000/200000  updates=3  loss=0.02606  policy_version=2016
  throughput env_steps_s=231.1  transitions_s=231.1  transitions_step=1.0  updates_s=69.3  updates_throttled=0
Frozen evaluation episode=2200: success=0/20 (0.00%) reward_mean=-9.2061 steps_mean=180.8
episode=2206
  mode      collector=async  worker=3  epsilon=0.000
  outcome   reward=-5.064400000000066  success=0/1 (0.00%)  steps=mean:844.0 range:[844,844]
  training  completed=2215/2500  queue=0/256 (0%)  replay=200000/200000  updates=73  loss=0.04042  policy_version=2016
  throughput env_steps_s=285.3  transitions_s=285.3  transitions_step=1.0  updates_s=71.1  updates_throttled=0
episode=2210
  mode      collector=async  worker=1  epsilon=0.000
  outcome   reward=-8.017199999999997  success=0/1 (0.00%)  steps=mean:372.0 range:[372,372]
  training  completed=2216/2500  queue=0/256 (0%)  replay=200000/200000  updates=22  loss=0.06753  policy_version=2017
  throughput env_steps_s=307.5  transitions_s=307.5  transitions_step=1.0  updates_s=75.2  updates_throttled=0
episode=2218
  mode      collector=async  worker=3  epsilon=0.000
  outcome   reward=-10.0062  success=0/1 (0.00%)  steps=mean:62.0 range:[62,62]
  training  completed=2217/2500  queue=0/256 (0%)  replay=200000/200000  updates=36  loss=0.04714  policy_version=2017
  throughput env_steps_s=316.8  transitions_s=316.8  transitions_step=1.0  updates_s=79.8  updates_throttled=0
episode=2220
  mode      collector=async  worker=3  epsilon=0.000
  outcome   reward=-10.0062  success=0/1 (0.00%)  steps=mean:62.0 range:[62,62]
  training  completed=2218/2500  queue=0/256 (0%)  replay=200000/200000  updates=63  loss=0.07046  policy_version=2018
  throughput env_steps_s=320.4  transitions_s=320.4  transitions_step=1.0  updates_s=80.1  updates_throttled=0
episode=2216
  mode      collector=async  worker=0  epsilon=0.000
  outcome   reward=-9.004699999999998  success=0/1 (0.00%)  steps=mean:247.0 range:[247,247]
  training  completed=2219/2500  queue=0/256 (0%)  replay=200000/200000  updates=51  loss=0.04183  policy_version=2018
  throughput env_steps_s=318.4  transitions_s=318.4  transitions_step=1.0  updates_s=79.6  updates_throttled=0
episode=2221
  mode      collector=async  worker=3  epsilon=0.000
  outcome   reward=-10.0064  success=0/1 (0.00%)  steps=mean:64.0 range:[64,64]
  training  completed=2220/2500  queue=3/256 (1%)  replay=200000/200000  updates=13  loss=0.06503  policy_version=2018
  throughput env_steps_s=317.5  transitions_s=317.5  transitions_step=1.0  updates_s=80.9  updates_throttled=0
episode=2219
  mode      collector=async  worker=1  epsilon=0.000
  outcome   reward=-8.997599999999998  success=0/1 (0.00%)  steps=mean:176.0 range:[176,176]
  training  completed=2221/2500  queue=0/256 (0%)  replay=200000/200000  updates=16  loss=0.04273  policy_version=2019
  throughput env_steps_s=337.1  transitions_s=337.1  transitions_step=1.0  updates_s=81.7  updates_throttled=0
episode=2222
  mode      collector=async  worker=0  epsilon=0.000
  outcome   reward=-10.006  success=0/1 (0.00%)  steps=mean:60.0 range:[60,60]
  training  completed=2222/2500  queue=0/256 (0%)  replay=200000/200000  updates=33  loss=0.01923  policy_version=2019
  throughput env_steps_s=315.8  transitions_s=315.8  transitions_step=1.0  updates_s=79.0  updates_throttled=0
episode=2223
  mode      collector=async  worker=3  epsilon=0.000
  outcome   reward=-10.0062  success=0/1 (0.00%)  steps=mean:62.0 range:[62,62]
  training  completed=2223/2500  queue=0/256 (0%)  replay=200000/200000  updates=9  loss=0.03551  policy_version=2019
  throughput env_steps_s=307.5  transitions_s=307.5  transitions_step=1.0  updates_s=76.9  updates_throttled=0
episode=2217
  mode      collector=async  worker=2  epsilon=0.000
  outcome   reward=-8.017299999999997  success=0/1 (0.00%)  steps=mean:373.0 range:[373,373]
  training  completed=2224/2500  queue=3/256 (1%)  replay=200000/200000  updates=56  loss=0.05935  policy_version=2019
  throughput env_steps_s=318.6  transitions_s=318.6  transitions_step=1.0  updates_s=80.7  updates_throttled=0
episode=2227
  mode      collector=async  worker=2  epsilon=0.000
  outcome   reward=-9.0033  success=0/1 (0.00%)  steps=mean:233.0 range:[233,233]
  training  completed=2225/2500  queue=0/256 (0%)  replay=200000/200000  updates=229  loss=0.06107  policy_version=2022
  throughput env_steps_s=325.8  transitions_s=325.8  transitions_step=1.0  updates_s=81.3  updates_throttled=0
Saved checkpoint: checkpoints/breakout_27bricks_v2/ckpt-2225
Scheduled replay buffer save: checkpoints/breakout_27bricks_v2/replay-2225.npz transitions=200000
Saved replay buffer: checkpoints/breakout_27bricks_v2/replay-2225.npz transitions=200000
episode=2224
  mode      collector=async  worker=1  epsilon=0.000
  outcome   reward=-6.046100000000019  success=0/1 (0.00%)  steps=mean:661.0 range:[661,661]
  training  completed=2226/2500  queue=0/256 (0%)  replay=200000/200000  updates=327  loss=0.05656  policy_version=2025
  throughput env_steps_s=314.4  transitions_s=314.4  transitions_step=1.0  updates_s=78.6  updates_throttled=0
episode=2226
  mode      collector=async  worker=3  epsilon=0.000
  outcome   reward=-5.0464000000000295  success=0/1 (0.00%)  steps=mean:664.0 range:[664,664]
  training  completed=2227/2500  queue=0/256 (0%)  replay=200000/200000  updates=55  loss=0.05596  policy_version=2026
  throughput env_steps_s=329.7  transitions_s=329.7  transitions_step=1.0  updates_s=82.8  updates_throttled=0
episode=2229
  mode      collector=async  worker=1  epsilon=0.000
  outcome   reward=-8.990099999999998  success=0/1 (0.00%)  steps=mean:101.0 range:[101,101]
  training  completed=2228/2500  queue=2/256 (1%)  replay=200000/200000  updates=46  loss=0.05931  policy_version=2026
  throughput env_steps_s=316.7  transitions_s=316.7  transitions_step=1.0  updates_s=79.6  updates_throttled=0
episode=2230
  mode      collector=async  worker=3  epsilon=0.000
  outcome   reward=-10.006499999999999  success=0/1 (0.00%)  steps=mean:65.0 range:[65,65]
  training  completed=2229/2500  queue=0/256 (0%)  replay=200000/200000  updates=19  loss=0.05912  policy_version=2026
  throughput env_steps_s=336.4  transitions_s=336.4  transitions_step=1.0  updates_s=83.0  updates_throttled=0
episode=2228
  mode      collector=async  worker=2  epsilon=0.000
  outcome   reward=-8.024899999999997  success=0/1 (0.00%)  steps=mean:449.0 range:[449,449]
  training  completed=2230/2500  queue=0/256 (0%)  replay=200000/200000  updates=7  loss=0.04310  policy_version=2026
  throughput env_steps_s=336.7  transitions_s=336.7  transitions_step=1.0  updates_s=81.3  updates_throttled=0
episode=2225
  mode      collector=async  worker=0  epsilon=0.000
  outcome   reward=-5.066700000000014  success=0/1 (0.00%)  steps=mean:867.0 range:[867,867]
  training  completed=2231/2500  queue=1/256 (0%)  replay=200000/200000  updates=122  loss=0.04924  policy_version=2028
  throughput env_steps_s=321.8  transitions_s=321.8  transitions_step=1.0  updates_s=80.6  updates_throttled=0
episode=2232
  mode      collector=async  worker=3  epsilon=0.000
  outcome   reward=-9.0032  success=0/1 (0.00%)  steps=mean:232.0 range:[232,232]
  training  completed=2232/2500  queue=0/256 (0%)  replay=200000/200000  updates=100  loss=0.04692  policy_version=2029
  throughput env_steps_s=323.4  transitions_s=323.4  transitions_step=1.0  updates_s=80.5  updates_throttled=0
episode=2231
  mode      collector=async  worker=1  epsilon=0.000
  outcome   reward=-9.024699999999996  success=0/1 (0.00%)  steps=mean:447.0 range:[447,447]
  training  completed=2233/2500  queue=0/256 (0%)  replay=200000/200000  updates=199  loss=0.05630  policy_version=2031
  throughput env_steps_s=319.1  transitions_s=319.1  transitions_step=1.0  updates_s=79.8  updates_throttled=0
episode=2234
  mode      collector=async  worker=0  epsilon=0.000
  outcome   reward=-7.017300000000013  success=0/1 (0.00%)  steps=mean:373.0 range:[373,373]
  training  completed=2234/2500  queue=0/256 (0%)  replay=200000/200000  updates=72  loss=0.06355  policy_version=2031
  throughput env_steps_s=316.4  transitions_s=316.4  transitions_step=1.0  updates_s=79.4  updates_throttled=0
episode=2237
  mode      collector=async  worker=0  epsilon=0.000
  outcome   reward=-8.00160000000001  success=0/1 (0.00%)  steps=mean:216.0 range:[216,216]
  training  completed=2235/2500  queue=0/256 (0%)  replay=200000/200000  updates=220  loss=0.04987  policy_version=2033
  throughput env_steps_s=323.0  transitions_s=323.0  transitions_step=1.0  updates_s=80.9  updates_throttled=0
episode=2235
  mode      collector=async  worker=3  epsilon=0.000
  outcome   reward=-5.030199999999969  success=0/1 (0.00%)  steps=mean:502.0 range:[502,502]
  training  completed=2236/2500  queue=0/256 (0%)  replay=200000/200000  updates=11  loss=0.04536  policy_version=2034
  throughput env_steps_s=334.1  transitions_s=334.1  transitions_step=1.0  updates_s=79.9  updates_throttled=0
episode=2233
  mode      collector=async  worker=2  epsilon=0.000
  outcome   reward=-2.0526999999999918  success=0/1 (0.00%)  steps=mean:727.0 range:[727,727]
  training  completed=2237/2500  queue=0/256 (0%)  replay=200000/200000  updates=11  loss=0.04481  policy_version=2034
  throughput env_steps_s=328.4  transitions_s=328.4  transitions_step=1.0  updates_s=84.0  updates_throttled=0
episode=2238
  mode      collector=async  worker=0  epsilon=0.000
  outcome   reward=-6.016100000000038  success=0/1 (0.00%)  steps=mean:361.0 range:[361,361]
  training  completed=2238/2500  queue=1/256 (0%)  replay=200000/200000  updates=343  loss=0.04980  policy_version=2037
  throughput env_steps_s=321.7  transitions_s=321.7  transitions_step=1.0  updates_s=80.5  updates_throttled=0
episode=2239
  mode      collector=async  worker=3  epsilon=0.000
  outcome   reward=-5.05750000000005  success=0/1 (0.00%)  steps=mean:775.0 range:[775,775]
  training  completed=2239/2500  queue=0/256 (0%)  replay=200000/200000  updates=427  loss=0.04818  policy_version=2041
  throughput env_steps_s=323.2  transitions_s=323.2  transitions_step=1.0  updates_s=80.7  updates_throttled=0
episode=2236
  mode      collector=async  worker=1  epsilon=0.000
  outcome   reward=-2.1114999999999178  success=0/1 (0.00%)  steps=mean:1315.0 range:[1315,1315]
  training  completed=2240/2500  queue=3/256 (1%)  replay=200000/200000  updates=221  loss=0.04799  policy_version=2044
  throughput env_steps_s=322.0  transitions_s=322.0  transitions_step=1.0  updates_s=80.5  updates_throttled=0
episode=2241
  mode      collector=async  worker=0  epsilon=0.000
  outcome   reward=-6.045700000000048  success=0/1 (0.00%)  steps=mean:657.0 range:[657,657]
  training  completed=2241/2500  queue=0/256 (0%)  replay=200000/200000  updates=15  loss=0.03188  policy_version=2044
  throughput env_steps_s=361.9  transitions_s=361.9  transitions_step=1.0  updates_s=90.5  updates_throttled=0
episode=2240
  mode      collector=async  worker=2  epsilon=0.000
  outcome   reward=-4.082600000000071  success=0/1 (0.00%)  steps=mean:1026.0 range:[1026,1026]
  training  completed=2242/2500  queue=1/256 (0%)  replay=200000/200000  updates=7  loss=0.04262  policy_version=2044
  throughput env_steps_s=313.5  transitions_s=313.5  transitions_step=1.0  updates_s=84.4  updates_throttled=0
episode=2242
  mode      collector=async  worker=3  epsilon=0.000
  outcome   reward=-8.017299999999997  success=0/1 (0.00%)  steps=mean:373.0 range:[373,373]
  training  completed=2243/2500  queue=0/256 (0%)  replay=200000/200000  updates=130  loss=0.03315  policy_version=2045
  throughput env_steps_s=322.1  transitions_s=322.1  transitions_step=1.0  updates_s=80.2  updates_throttled=0
episode=2243
  mode      collector=async  worker=1  epsilon=0.000
  outcome   reward=-9.002699999999999  success=0/1 (0.00%)  steps=mean:227.0 range:[227,227]
  training  completed=2244/2500  queue=0/256 (0%)  replay=200000/200000  updates=78  loss=0.04151  policy_version=2046
  throughput env_steps_s=328.2  transitions_s=328.2  transitions_step=1.0  updates_s=81.8  updates_throttled=0
episode=2245
  mode      collector=async  worker=2  epsilon=0.000
  outcome   reward=-8.001400000000011  success=0/1 (0.00%)  steps=mean:214.0 range:[214,214]
  training  completed=2245/2500  queue=0/256 (0%)  replay=200000/200000  updates=5  loss=0.02388  policy_version=2046
  throughput env_steps_s=321.3  transitions_s=321.3  transitions_step=1.0  updates_s=80.3  updates_throttled=0
episode=2244
  mode      collector=async  worker=0  epsilon=0.000
  outcome   reward=-9.0034  success=0/1 (0.00%)  steps=mean:234.0 range:[234,234]
  training  completed=2246/2500  queue=0/256 (0%)  replay=200000/200000  updates=13  loss=0.03464  policy_version=2046
  throughput env_steps_s=309.1  transitions_s=309.1  transitions_step=1.0  updates_s=78.8  updates_throttled=0
episode=2247
  mode      collector=async  worker=1  epsilon=0.000
  outcome   reward=-9.0025  success=0/1 (0.00%)  steps=mean:225.0 range:[225,225]
  training  completed=2247/2500  queue=0/256 (0%)  replay=200000/200000  updates=206  loss=0.04421  policy_version=2048
  throughput env_steps_s=321.0  transitions_s=321.0  transitions_step=1.0  updates_s=80.3  updates_throttled=0
episode=2249
  mode      collector=async  worker=0  epsilon=0.000
  outcome   reward=-9.001499999999998  success=0/1 (0.00%)  steps=mean:215.0 range:[215,215]
  training  completed=2248/2500  queue=2/256 (1%)  replay=200000/200000  updates=13  loss=0.04736  policy_version=2048
  throughput env_steps_s=325.2  transitions_s=325.2  transitions_step=1.0  updates_s=84.6  updates_throttled=0
episode=2246
  mode      collector=async  worker=3  epsilon=0.000
  outcome   reward=-7.020400000000017  success=0/1 (0.00%)  steps=mean:404.0 range:[404,404]
  training  completed=2249/2500  queue=0/256 (0%)  replay=200000/200000  updates=82  loss=0.06138  policy_version=2049
  throughput env_steps_s=322.8  transitions_s=322.8  transitions_step=1.0  updates_s=80.2  updates_throttled=0
episode=2248
  mode      collector=async  worker=2  epsilon=0.000
  outcome   reward=-7.0140000000000375  success=0/1 (0.00%)  steps=mean:340.0 range:[340,340]
  training  completed=2250/2500  queue=0/256 (0%)  replay=200000/200000  updates=26  loss=0.05753  policy_version=2049
  throughput env_steps_s=328.6  transitions_s=328.6  transitions_step=1.0  updates_s=82.9  updates_throttled=0
Saved checkpoint: checkpoints/breakout_27bricks_v2/ckpt-2250
Scheduled replay buffer save: checkpoints/breakout_27bricks_v2/replay-2250.npz transitions=200000
Saved replay buffer: checkpoints/breakout_27bricks_v2/replay-2250.npz transitions=200000
episode=2250
  mode      collector=async  worker=1  epsilon=0.000
  outcome   reward=-8.998  success=0/1 (0.00%)  steps=mean:180.0 range:[180,180]
  training  completed=2251/2500  queue=3/256 (1%)  replay=200000/200000  updates=56  loss=0.04449  policy_version=2050
  throughput env_steps_s=299.0  transitions_s=299.0  transitions_step=1.0  updates_s=75.1  updates_throttled=0
episode=2251
  mode      collector=async  worker=0  epsilon=0.000
  outcome   reward=-9.004299999999999  success=0/1 (0.00%)  steps=mean:243.0 range:[243,243]
  training  completed=2252/2500  queue=0/256 (0%)  replay=200000/200000  updates=85  loss=0.04242  policy_version=2051
  throughput env_steps_s=322.7  transitions_s=322.7  transitions_step=1.0  updates_s=80.4  updates_throttled=0
episode=2252
  mode      collector=async  worker=3  epsilon=0.000
  outcome   reward=-9.005299999999998  success=0/1 (0.00%)  steps=mean:253.0 range:[253,253]
  training  completed=2253/2500  queue=0/256 (0%)  replay=200000/200000  updates=83  loss=0.02940  policy_version=2052
  throughput env_steps_s=318.7  transitions_s=318.7  transitions_step=1.0  updates_s=79.9  updates_throttled=0
episode=2254
  mode      collector=async  worker=1  epsilon=0.000
  outcome   reward=-9.0025  success=0/1 (0.00%)  steps=mean:225.0 range:[225,225]
  training  completed=2254/2500  queue=0/256 (0%)  replay=200000/200000  updates=58  loss=0.04242  policy_version=2052
  throughput env_steps_s=325.0  transitions_s=325.0  transitions_step=1.0  updates_s=80.2  updates_throttled=0
episode=2255
  mode      collector=async  worker=0  epsilon=0.000
  outcome   reward=-9.0034  success=0/1 (0.00%)  steps=mean:234.0 range:[234,234]
  training  completed=2255/2500  queue=0/256 (0%)  replay=200000/200000  updates=93  loss=0.04593  policy_version=2053
  throughput env_steps_s=319.0  transitions_s=319.0  transitions_step=1.0  updates_s=79.7  updates_throttled=0
episode=2253
  mode      collector=async  worker=2  epsilon=0.000
  outcome   reward=-8.020599999999996  success=0/1 (0.00%)  steps=mean:406.0 range:[406,406]
  training  completed=2256/2500  queue=0/256 (0%)  replay=200000/200000  updates=27  loss=0.03708  policy_version=2053
  throughput env_steps_s=314.1  transitions_s=314.1  transitions_step=1.0  updates_s=79.2  updates_throttled=0
episode=2256
  mode      collector=async  worker=3  epsilon=0.000
  outcome   reward=-8.000100000000016  success=0/1 (0.00%)  steps=mean:201.0 range:[201,201]
  training  completed=2257/2500  queue=0/256 (0%)  replay=200000/200000  updates=26  loss=0.02867  policy_version=2054
  throughput env_steps_s=327.8  transitions_s=327.8  transitions_step=1.0  updates_s=81.2  updates_throttled=0
episode=2258
  mode      collector=async  worker=0  epsilon=0.000
  outcome   reward=-8.997499999999999  success=0/1 (0.00%)  steps=mean:175.0 range:[175,175]
  training  completed=2258/2500  queue=1/256 (0%)  replay=200000/200000  updates=119  loss=0.04252  policy_version=2055
  throughput env_steps_s=317.3  transitions_s=317.3  transitions_step=1.0  updates_s=79.8  updates_throttled=0
episode=2260
  mode      collector=async  worker=3  epsilon=0.000
  outcome   reward=-9.0018  success=0/1 (0.00%)  steps=mean:218.0 range:[218,218]
  training  completed=2259/2500  queue=0/256 (0%)  replay=200000/200000  updates=98  loss=0.05305  policy_version=2056
  throughput env_steps_s=313.5  transitions_s=313.5  transitions_step=1.0  updates_s=78.4  updates_throttled=0
episode=2259
  mode      collector=async  worker=2  epsilon=0.000
  outcome   reward=-7.015900000000013  success=0/1 (0.00%)  steps=mean:359.0 range:[359,359]
  training  completed=2260/2500  queue=3/256 (1%)  replay=200000/200000  updates=121  loss=0.04739  policy_version=2057
  throughput env_steps_s=317.9  transitions_s=317.9  transitions_step=1.0  updates_s=79.5  updates_throttled=0
episode=2261
  mode      collector=async  worker=0  epsilon=0.000
  outcome   reward=-9.002999999999998  success=0/1 (0.00%)  steps=mean:230.0 range:[230,230]
  training  completed=2261/2500  queue=0/256 (0%)  replay=200000/200000  updates=14  loss=0.02635  policy_version=2057
  throughput env_steps_s=353.1  transitions_s=353.1  transitions_step=1.0  updates_s=83.8  updates_throttled=0
episode=2257
  mode      collector=async  worker=1  epsilon=0.000
  outcome   reward=-7.030900000000015  success=0/1 (0.00%)  steps=mean:509.0 range:[509,509]
  training  completed=2262/2500  queue=0/256 (0%)  replay=200000/200000  updates=11  loss=0.02010  policy_version=2057
  throughput env_steps_s=310.2  transitions_s=310.2  transitions_step=1.0  updates_s=83.2  updates_throttled=0
episode=2262
  mode      collector=async  worker=3  epsilon=0.000
  outcome   reward=-6.026700000000027  success=0/1 (0.00%)  steps=mean:467.0 range:[467,467]
  training  completed=2263/2500  queue=0/256 (0%)  replay=200000/200000  updates=319  loss=0.04617  policy_version=2060
  throughput env_steps_s=323.1  transitions_s=323.1  transitions_step=1.0  updates_s=80.7  updates_throttled=0
episode=2264
  mode      collector=async  worker=0  epsilon=0.000
  outcome   reward=-8.017699999999998  success=0/1 (0.00%)  steps=mean:377.0 range:[377,377]
  training  completed=2264/2500  queue=0/256 (0%)  replay=200000/200000  updates=46  loss=0.03954  policy_version=2061
  throughput env_steps_s=324.4  transitions_s=324.4  transitions_step=1.0  updates_s=80.2  updates_throttled=0
episode=2263
  mode      collector=async  worker=2  epsilon=0.000
  outcome   reward=-6.0285000000000455  success=0/1 (0.00%)  steps=mean:485.0 range:[485,485]
  training  completed=2265/2500  queue=0/256 (0%)  replay=200000/200000  updates=94  loss=0.03722  policy_version=2062
  throughput env_steps_s=325.4  transitions_s=325.4  transitions_step=1.0  updates_s=81.6  updates_throttled=0
episode=2268
  mode      collector=async  worker=2  epsilon=0.000
  outcome   reward=-9.003699999999998  success=0/1 (0.00%)  steps=mean:237.0 range:[237,237]
  training  completed=2266/2500  queue=0/256 (0%)  replay=200000/200000  updates=237  loss=0.04151  policy_version=2064
  throughput env_steps_s=321.0  transitions_s=321.0  transitions_step=1.0  updates_s=80.3  updates_throttled=0
episode=2266
  mode      collector=async  worker=3  epsilon=0.000
  outcome   reward=-7.018600000000017  success=0/1 (0.00%)  steps=mean:386.0 range:[386,386]
  training  completed=2267/2500  queue=2/256 (1%)  replay=200000/200000  updates=14  loss=0.02822  policy_version=2064
  throughput env_steps_s=325.2  transitions_s=325.2  transitions_step=1.0  updates_s=84.3  updates_throttled=0
episode=2267
  mode      collector=async  worker=0  epsilon=0.000
  outcome   reward=-4.061100000000036  success=0/1 (0.00%)  steps=mean:811.0 range:[811,811]
  training  completed=2268/2500  queue=0/256 (0%)  replay=200000/200000  updates=461  loss=0.04449  policy_version=2069
  throughput env_steps_s=320.9  transitions_s=320.9  transitions_step=1.0  updates_s=80.2  updates_throttled=0
episode=2270
  mode      collector=async  worker=3  epsilon=0.000
  outcome   reward=-6.02850000000001  success=0/1 (0.00%)  steps=mean:485.0 range:[485,485]
  training  completed=2269/2500  queue=0/256 (0%)  replay=200000/200000  updates=24  loss=0.02304  policy_version=2069
  throughput env_steps_s=317.5  transitions_s=317.5  transitions_step=1.0  updates_s=80.2  updates_throttled=0
episode=2269
  mode      collector=async  worker=2  epsilon=0.000
  outcome   reward=-6.041200000000043  success=0/1 (0.00%)  steps=mean:612.0 range:[612,612]
  training  completed=2270/2500  queue=0/256 (0%)  replay=200000/200000  updates=115  loss=0.05328  policy_version=2070
  throughput env_steps_s=322.1  transitions_s=322.1  transitions_step=1.0  updates_s=80.5  updates_throttled=0
episode=2273
  mode      collector=async  worker=2  epsilon=0.000
  outcome   reward=-7.014500000000016  success=0/1 (0.00%)  steps=mean:345.0 range:[345,345]
  training  completed=2271/2500  queue=0/256 (0%)  replay=200000/200000  updates=353  loss=0.05310  policy_version=2074
  throughput env_steps_s=322.9  transitions_s=322.9  transitions_step=1.0  updates_s=80.7  updates_throttled=0
episode=2274
  mode      collector=async  worker=2  epsilon=0.000
  outcome   reward=-10.0062  success=0/1 (0.00%)  steps=mean:62.0 range:[62,62]
  training  completed=2272/2500  queue=1/256 (0%)  replay=200000/200000  updates=63  loss=0.04833  policy_version=2074
  throughput env_steps_s=321.7  transitions_s=321.7  transitions_step=1.0  updates_s=80.7  updates_throttled=0
episode=2265
  mode      collector=async  worker=1  epsilon=0.000
  outcome   reward=4.838000000000239  success=0/1 (0.00%)  steps=mean:1820.0 range:[1820,1820]
  training  completed=2273/2500  queue=0/256 (0%)  replay=200000/200000  updates=101  loss=0.05536  policy_version=2076
  throughput env_steps_s=318.9  transitions_s=318.9  transitions_step=1.0  updates_s=79.5  updates_throttled=0
episode=2275
  mode      collector=async  worker=2  epsilon=0.000
  outcome   reward=-8.998399999999998  success=0/1 (0.00%)  steps=mean:184.0 range:[184,184]
  training  completed=2274/2500  queue=0/256 (0%)  replay=200000/200000  updates=86  loss=0.05895  policy_version=2076
  throughput env_steps_s=331.3  transitions_s=331.3  transitions_step=1.0  updates_s=82.8  updates_throttled=0
episode=2276
  mode      collector=async  worker=1  epsilon=0.000
  outcome   reward=-6.0557000000000585  success=0/1 (0.00%)  steps=mean:757.0 range:[757,757]
  training  completed=2275/2500  queue=0/256 (0%)  replay=200000/200000  updates=674  loss=0.05300  policy_version=2083
  throughput env_steps_s=321.6  transitions_s=321.6  transitions_step=1.0  updates_s=80.4  updates_throttled=0
Saved checkpoint: checkpoints/breakout_27bricks_v2/ckpt-2275
Scheduled replay buffer save: checkpoints/breakout_27bricks_v2/replay-2275.npz transitions=200000
Saved replay buffer: checkpoints/breakout_27bricks_v2/replay-2275.npz transitions=200000
episode=2271
  mode      collector=async  worker=0  epsilon=0.000
  outcome   reward=0.8688000000001317  success=0/1 (0.00%)  steps=mean:1512.0 range:[1512,1512]
  training  completed=2276/2500  queue=0/256 (0%)  replay=200000/200000  updates=92  loss=0.04027  policy_version=2084
  throughput env_steps_s=304.0  transitions_s=304.0  transitions_step=1.0  updates_s=76.0  updates_throttled=0
episode=2272
  mode      collector=async  worker=3  epsilon=0.000
  outcome   reward=-2.1325999999999308  success=0/1 (0.00%)  steps=mean:1526.0 range:[1526,1526]
  training  completed=2277/2500  queue=1/256 (0%)  replay=200000/200000  updates=20  loss=0.01645  policy_version=2084
  throughput env_steps_s=328.1  transitions_s=328.1  transitions_step=1.0  updates_s=83.1  updates_throttled=0
episode=2277
  mode      collector=async  worker=2  epsilon=0.000
  outcome   reward=-5.070100000000021  success=0/1 (0.00%)  steps=mean:901.0 range:[901,901]
  training  completed=2278/2500  queue=0/256 (0%)  replay=200000/200000  updates=121  loss=0.05751  policy_version=2085
  throughput env_steps_s=315.3  transitions_s=315.3  transitions_step=1.0  updates_s=78.5  updates_throttled=0
episode=2278
  mode      collector=async  worker=1  epsilon=0.000
  outcome   reward=-9.005199999999999  success=0/1 (0.00%)  steps=mean:252.0 range:[252,252]
  training  completed=2279/2500  queue=0/256 (0%)  replay=200000/200000  updates=19  loss=0.05731  policy_version=2086
  throughput env_steps_s=311.9  transitions_s=311.9  transitions_step=1.0  updates_s=78.0  updates_throttled=0
episode=2279
  mode      collector=async  worker=0  epsilon=0.000
  outcome   reward=-9.002699999999999  success=0/1 (0.00%)  steps=mean:227.0 range:[227,227]
  training  completed=2280/2500  queue=3/256 (1%)  replay=200000/200000  updates=65  loss=0.03185  policy_version=2086
  throughput env_steps_s=315.7  transitions_s=315.7  transitions_step=1.0  updates_s=78.9  updates_throttled=0
episode=2280
  mode      collector=async  worker=3  epsilon=0.000
  outcome   reward=-9.002499999999998  success=0/1 (0.00%)  steps=mean:225.0 range:[225,225]
  training  completed=2281/2500  queue=0/256 (0%)  replay=200000/200000  updates=20  loss=0.02869  policy_version=2086
  throughput env_steps_s=344.9  transitions_s=344.9  transitions_step=1.0  updates_s=85.2  updates_throttled=0
episode=2284
  mode      collector=async  worker=3  epsilon=0.000
  outcome   reward=-8.9904  success=0/1 (0.00%)  steps=mean:104.0 range:[104,104]
  training  completed=2282/2500  queue=0/256 (0%)  replay=200000/200000  updates=105  loss=0.04862  policy_version=2088
  throughput env_steps_s=319.0  transitions_s=319.0  transitions_step=1.0  updates_s=79.7  updates_throttled=0
episode=2282
  mode      collector=async  worker=1  epsilon=0.000
  outcome   reward=-7.016800000000027  success=0/1 (0.00%)  steps=mean:368.0 range:[368,368]
  training  completed=2283/2500  queue=0/256 (0%)  replay=200000/200000  updates=180  loss=0.05652  policy_version=2089
  throughput env_steps_s=320.2  transitions_s=320.2  transitions_step=1.0  updates_s=80.0  updates_throttled=0
episode=2285
  mode      collector=async  worker=3  epsilon=0.000
  outcome   reward=-9.004199999999999  success=0/1 (0.00%)  steps=mean:242.0 range:[242,242]
  training  completed=2284/2500  queue=0/256 (0%)  replay=200000/200000  updates=58  loss=0.05475  policy_version=2090
  throughput env_steps_s=321.4  transitions_s=321.4  transitions_step=1.0  updates_s=80.7  updates_throttled=0
episode=2281
  mode      collector=async  worker=2  epsilon=0.000
  outcome   reward=-6.037500000000013  success=0/1 (0.00%)  steps=mean:575.0 range:[575,575]
  training  completed=2285/2500  queue=0/256 (0%)  replay=200000/200000  updates=124  loss=0.05658  policy_version=2091
  throughput env_steps_s=313.1  transitions_s=313.1  transitions_step=1.0  updates_s=78.4  updates_throttled=0
episode=2287
  mode      collector=async  worker=3  epsilon=0.000
  outcome   reward=-9.010399999999997  success=0/1 (0.00%)  steps=mean:304.0 range:[304,304]
  training  completed=2286/2500  queue=0/256 (0%)  replay=200000/200000  updates=181  loss=0.06456  policy_version=2093
  throughput env_steps_s=320.8  transitions_s=320.8  transitions_step=1.0  updates_s=80.1  updates_throttled=0
episode=2283
  mode      collector=async  worker=0  epsilon=0.000
  outcome   reward=-6.047600000000045  success=0/1 (0.00%)  steps=mean:676.0 range:[676,676]
  training  completed=2287/2500  queue=2/256 (1%)  replay=200000/200000  updates=9  loss=0.03882  policy_version=2093
  throughput env_steps_s=308.1  transitions_s=308.1  transitions_step=1.0  updates_s=81.5  updates_throttled=0
episode=2288
  mode      collector=async  worker=2  epsilon=0.000
  outcome   reward=-9.003699999999998  success=0/1 (0.00%)  steps=mean:237.0 range:[237,237]
  training  completed=2288/2500  queue=0/256 (0%)  replay=200000/200000  updates=50  loss=0.06091  policy_version=2094
  throughput env_steps_s=315.2  transitions_s=315.2  transitions_step=1.0  updates_s=78.0  updates_throttled=0
episode=2286
  mode      collector=async  worker=1  epsilon=0.000
  outcome   reward=-7.0228000000000135  success=0/1 (0.00%)  steps=mean:428.0 range:[428,428]
  training  completed=2289/2500  queue=0/256 (0%)  replay=200000/200000  updates=9  loss=0.04601  policy_version=2094
  throughput env_steps_s=302.8  transitions_s=302.8  transitions_step=1.0  updates_s=75.7  updates_throttled=0
episode=2292
  mode      collector=async  worker=1  epsilon=0.000
  outcome   reward=-8.018699999999997  success=0/1 (0.00%)  steps=mean:387.0 range:[387,387]
  training  completed=2290/2500  queue=0/256 (0%)  replay=200000/200000  updates=390  loss=0.07019  policy_version=2098
  throughput env_steps_s=319.4  transitions_s=319.4  transitions_step=1.0  updates_s=79.8  updates_throttled=0
episode=2291
  mode      collector=async  worker=2  epsilon=0.000
  outcome   reward=-8.025599999999997  success=0/1 (0.00%)  steps=mean:456.0 range:[456,456]
  training  completed=2291/2500  queue=0/256 (0%)  replay=200000/200000  updates=53  loss=0.04474  policy_version=2098
  throughput env_steps_s=325.3  transitions_s=325.3  transitions_step=1.0  updates_s=81.7  updates_throttled=0
episode=2294
  mode      collector=async  worker=2  epsilon=0.000
  outcome   reward=-9.002699999999999  success=0/1 (0.00%)  steps=mean:227.0 range:[227,227]
  training  completed=2292/2500  queue=0/256 (0%)  replay=200000/200000  updates=226  loss=0.05733  policy_version=2100
  throughput env_steps_s=321.0  transitions_s=321.0  transitions_step=1.0  updates_s=80.2  updates_throttled=0
episode=2290
  mode      collector=async  worker=0  epsilon=0.000
  outcome   reward=-3.070499999999986  success=0/1 (0.00%)  steps=mean:905.0 range:[905,905]
  training  completed=2293/2500  queue=1/256 (0%)  replay=200000/200000  updates=193  loss=0.05234  policy_version=2102
  throughput env_steps_s=317.8  transitions_s=317.8  transitions_step=1.0  updates_s=79.6  updates_throttled=0
episode=2289
  mode      collector=async  worker=3  epsilon=0.000
  outcome   reward=-2.0938999999999437  success=0/1 (0.00%)  steps=mean:1139.0 range:[1139,1139]
  training  completed=2294/2500  queue=0/256 (0%)  replay=200000/200000  updates=195  loss=0.04953  policy_version=2104
  throughput env_steps_s=318.1  transitions_s=318.1  transitions_step=1.0  updates_s=79.3  updates_throttled=0
episode=2297
  mode      collector=async  worker=3  epsilon=0.000
  outcome   reward=-7.011400000000016  success=0/1 (0.00%)  steps=mean:314.0 range:[314,314]
  training  completed=2295/2500  queue=0/256 (0%)  replay=200000/200000  updates=315  loss=0.05448  policy_version=2107
  throughput env_steps_s=322.3  transitions_s=322.3  transitions_step=1.0  updates_s=80.7  updates_throttled=0
episode=2295
  mode      collector=async  worker=2  epsilon=0.000
  outcome   reward=-5.058800000000043  success=0/1 (0.00%)  steps=mean:788.0 range:[788,788]
  training  completed=2296/2500  queue=0/256 (0%)  replay=200000/200000  updates=91  loss=0.04267  policy_version=2108
  throughput env_steps_s=324.6  transitions_s=324.6  transitions_step=1.0  updates_s=80.7  updates_throttled=0
episode=2299
  mode      collector=async  worker=2  epsilon=0.000
  outcome   reward=-9.003499999999999  success=0/1 (0.00%)  steps=mean:235.0 range:[235,235]
  training  completed=2297/2500  queue=0/256 (0%)  replay=200000/200000  updates=234  loss=0.05021  policy_version=2111
  throughput env_steps_s=314.8  transitions_s=314.8  transitions_step=1.0  updates_s=78.7  updates_throttled=0
episode=2296
  mode      collector=async  worker=0  epsilon=0.000
  outcome   reward=-5.067100000000051  success=0/1 (0.00%)  steps=mean:871.0 range:[871,871]
  training  completed=2298/2500  queue=0/256 (0%)  replay=200000/200000  updates=35  loss=0.06036  policy_version=2111
  throughput env_steps_s=329.0  transitions_s=329.0  transitions_step=1.0  updates_s=82.3  updates_throttled=0
episode=2298
  mode      collector=async  worker=3  epsilon=0.000
  outcome   reward=-4.064200000000011  success=0/1 (0.00%)  steps=mean:842.0 range:[842,842]
  training  completed=2299/2500  queue=0/256 (0%)  replay=200000/200000  updates=474  loss=0.05115  policy_version=2116
  throughput env_steps_s=318.9  transitions_s=318.9  transitions_step=1.0  updates_s=79.8  updates_throttled=0
episode=2300
  mode      collector=async  worker=2  epsilon=0.000
  outcome   reward=-4.0437000000000065  success=0/1 (0.00%)  steps=mean:637.0 range:[637,637]
  training  completed=2300/2500  queue=2/256 (1%)  replay=200000/200000  updates=126  loss=0.04336  policy_version=2117
  throughput env_steps_s=324.2  transitions_s=324.2  transitions_step=1.0  updates_s=80.7  updates_throttled=0
Saved checkpoint: checkpoints/breakout_27bricks_v2/ckpt-2300
Scheduled replay buffer save: checkpoints/breakout_27bricks_v2/replay-2300.npz transitions=200000
Evaluating frozen checkpoint episode=2300 episodes=20 metric=auto...
Saved replay buffer: checkpoints/breakout_27bricks_v2/replay-2300.npz transitions=200000
episode=2301
  mode      collector=async  worker=0  epsilon=0.000
  outcome   reward=-5.055500000000029  success=0/1 (0.00%)  steps=mean:755.0 range:[755,755]
  training  completed=2301/2500  queue=0/256 (0%)  replay=200000/200000  updates=160  loss=0.05461  policy_version=2119
  throughput env_steps_s=263.1  transitions_s=263.1  transitions_step=1.0  updates_s=65.8  updates_throttled=0
episode=2302
  mode      collector=async  worker=3  epsilon=0.000
  outcome   reward=-8.017699999999998  success=0/1 (0.00%)  steps=mean:377.0 range:[377,377]
  training  completed=2302/2500  queue=0/256 (0%)  replay=200000/200000  updates=88  loss=0.04066  policy_version=2119
  throughput env_steps_s=274.1  transitions_s=274.1  transitions_step=1.0  updates_s=68.5  updates_throttled=0
episode=2304
  mode      collector=async  worker=0  epsilon=0.000
  outcome   reward=-9.0034  success=0/1 (0.00%)  steps=mean:234.0 range:[234,234]
  training  completed=2303/2500  queue=0/256 (0%)  replay=200000/200000  updates=146  loss=0.05242  policy_version=2121
  throughput env_steps_s=271.2  transitions_s=271.2  transitions_step=1.0  updates_s=67.8  updates_throttled=0
episode=2293
  mode      collector=async  worker=1  epsilon=0.000
  outcome   reward=8.77000000000042  success=0/1 (0.00%)  steps=mean:2500.0 range:[2500,2500]
  training  completed=2304/2500  queue=0/256 (0%)  replay=200000/200000  updates=164  loss=0.04157  policy_version=2123
  throughput env_steps_s=271.9  transitions_s=271.9  transitions_step=1.0  updates_s=68.1  updates_throttled=0
episode=2305
  mode      collector=async  worker=3  epsilon=0.000
  outcome   reward=-7.01630000000002  success=0/1 (0.00%)  steps=mean:363.0 range:[363,363]
  training  completed=2305/2500  queue=0/256 (0%)  replay=200000/200000  updates=53  loss=0.04939  policy_version=2123
  throughput env_steps_s=267.7  transitions_s=267.7  transitions_step=1.0  updates_s=66.9  updates_throttled=0
episode=2306
  mode      collector=async  worker=0  epsilon=0.000
  outcome   reward=-9.001499999999998  success=0/1 (0.00%)  steps=mean:215.0 range:[215,215]
  training  completed=2306/2500  queue=0/256 (0%)  replay=200000/200000  updates=4  loss=0.03031  policy_version=2123
  throughput env_steps_s=245.5  transitions_s=245.5  transitions_step=1.0  updates_s=70.2  updates_throttled=0
episode=2307
  mode      collector=async  worker=1  epsilon=0.000
  outcome   reward=-5.053000000000078  success=0/1 (0.00%)  steps=mean:730.0 range:[730,730]
  training  completed=2307/2500  queue=0/256 (0%)  replay=200000/200000  updates=673  loss=0.04894  policy_version=2130
  throughput env_steps_s=272.3  transitions_s=272.3  transitions_step=1.0  updates_s=68.1  updates_throttled=0
episode=2309
  mode      collector=async  worker=0  epsilon=0.000
  outcome   reward=-6.0517000000001175  success=0/1 (0.00%)  steps=mean:717.0 range:[717,717]
  training  completed=2308/2500  queue=0/256 (0%)  replay=200000/200000  updates=43  loss=0.06620  policy_version=2130
  throughput env_steps_s=271.8  transitions_s=271.8  transitions_step=1.0  updates_s=67.5  updates_throttled=0
episode=2310
  mode      collector=async  worker=1  epsilon=0.000
  outcome   reward=-9.003899999999998  success=0/1 (0.00%)  steps=mean:239.0 range:[239,239]
  training  completed=2309/2500  queue=0/256 (0%)  replay=200000/200000  updates=195  loss=0.06651  policy_version=2132
  throughput env_steps_s=271.1  transitions_s=271.1  transitions_step=1.0  updates_s=67.6  updates_throttled=0
episode=2308
  mode      collector=async  worker=3  epsilon=0.000
  outcome   reward=-4.071099999999992  success=0/1 (0.00%)  steps=mean:911.0 range:[911,911]
  training  completed=2310/2500  queue=0/256 (0%)  replay=200000/200000  updates=3  loss=0.03584  policy_version=2132
  throughput env_steps_s=259.7  transitions_s=259.7  transitions_step=1.0  updates_s=64.9  updates_throttled=0
episode=2311
  mode      collector=async  worker=0  epsilon=0.000
  outcome   reward=-9.004199999999999  success=0/1 (0.00%)  steps=mean:242.0 range:[242,242]
  training  completed=2311/2500  queue=0/256 (0%)  replay=200000/200000  updates=45  loss=0.04916  policy_version=2133
  throughput env_steps_s=274.7  transitions_s=274.7  transitions_step=1.0  updates_s=69.1  updates_throttled=0
episode=2314
  mode      collector=async  worker=0  epsilon=0.000
  outcome   reward=-10.0063  success=0/1 (0.00%)  steps=mean:63.0 range:[63,63]
  training  completed=2312/2500  queue=0/256 (0%)  replay=200000/200000  updates=63  loss=0.06599  policy_version=2133
  throughput env_steps_s=276.5  transitions_s=276.5  transitions_step=1.0  updates_s=69.7  updates_throttled=0
episode=2315
  mode      collector=async  worker=0  epsilon=0.000
  outcome   reward=-10.0061  success=0/1 (0.00%)  steps=mean:61.0 range:[61,61]
  training  completed=2313/2500  queue=0/256 (0%)  replay=200000/200000  updates=61  loss=0.05826  policy_version=2134
  throughput env_steps_s=272.2  transitions_s=272.2  transitions_step=1.0  updates_s=67.8  updates_throttled=0
episode=2312
  mode      collector=async  worker=1  epsilon=0.000
  outcome   reward=-7.019700000000016  success=0/1 (0.00%)  steps=mean:397.0 range:[397,397]
  training  completed=2314/2500  queue=0/256 (0%)  replay=200000/200000  updates=222  loss=0.04177  policy_version=2136
  throughput env_steps_s=271.2  transitions_s=271.2  transitions_step=1.0  updates_s=67.6  updates_throttled=0
episode=2316
  mode      collector=async  worker=0  epsilon=0.000
  outcome   reward=-9.0048  success=0/1 (0.00%)  steps=mean:248.0 range:[248,248]
  training  completed=2315/2500  queue=0/256 (0%)  replay=200000/200000  updates=31  loss=0.08887  policy_version=2136
  throughput env_steps_s=265.6  transitions_s=265.6  transitions_step=1.0  updates_s=67.5  updates_throttled=0
episode=2313
  mode      collector=async  worker=3  epsilon=0.000
  outcome   reward=-7.039800000000015  success=0/1 (0.00%)  steps=mean:598.0 range:[598,598]
  training  completed=2316/2500  queue=0/256 (0%)  replay=200000/200000  updates=178  loss=0.04623  policy_version=2138
  throughput env_steps_s=273.1  transitions_s=273.1  transitions_step=1.0  updates_s=68.3  updates_throttled=0
episode=2317
  mode      collector=async  worker=1  epsilon=0.000
  outcome   reward=-9.002799999999999  success=0/1 (0.00%)  steps=mean:228.0 range:[228,228]
  training  completed=2317/2500  queue=0/256 (0%)  replay=200000/200000  updates=21  loss=0.07089  policy_version=2138
  throughput env_steps_s=258.0  transitions_s=258.0  transitions_step=1.0  updates_s=64.5  updates_throttled=0
episode=2319
  mode      collector=async  worker=3  epsilon=0.000
  outcome   reward=-8.006200000000009  success=0/1 (0.00%)  steps=mean:262.0 range:[262,262]
  training  completed=2318/2500  queue=0/256 (0%)  replay=200000/200000  updates=244  loss=0.07169  policy_version=2141
  throughput env_steps_s=268.7  transitions_s=268.7  transitions_step=1.0  updates_s=67.1  updates_throttled=0
episode=2318
  mode      collector=async  worker=0  epsilon=0.000
  outcome   reward=-7.027600000000016  success=0/1 (0.00%)  steps=mean:476.0 range:[476,476]
  training  completed=2319/2500  queue=0/256 (0%)  replay=200000/200000  updates=38  loss=0.09116  policy_version=2141
  throughput env_steps_s=264.8  transitions_s=264.8  transitions_step=1.0  updates_s=66.6  updates_throttled=0
episode=2303
  mode      collector=async  worker=2  epsilon=0.000
  outcome   reward=6.770000000000344  success=0/1 (0.00%)  steps=mean:2500.0 range:[2500,2500]
  training  completed=2320/2500  queue=4/256 (2%)  replay=200000/200000  updates=47  loss=0.05642  policy_version=2142
  throughput env_steps_s=261.4  transitions_s=261.4  transitions_step=1.0  updates_s=65.7  updates_throttled=0
episode=2322
  mode      collector=async  worker=0  epsilon=0.000
  outcome   reward=-9.004699999999998  success=0/1 (0.00%)  steps=mean:247.0 range:[247,247]
  training  completed=2321/2500  queue=0/256 (0%)  replay=200000/200000  updates=195  loss=0.05587  policy_version=2144
  throughput env_steps_s=274.3  transitions_s=274.3  transitions_step=1.0  updates_s=68.3  updates_throttled=0
episode=2320
  mode      collector=async  worker=1  epsilon=0.000
  outcome   reward=-5.0344000000000175  success=0/1 (0.00%)  steps=mean:544.0 range:[544,544]
  training  completed=2322/2500  queue=1/256 (0%)  replay=200000/200000  updates=14  loss=0.03104  policy_version=2144
  throughput env_steps_s=277.8  transitions_s=277.8  transitions_step=1.0  updates_s=73.4  updates_throttled=0
episode=2321
  mode      collector=async  worker=3  epsilon=0.000
  outcome   reward=-8.022199999999996  success=0/1 (0.00%)  steps=mean:422.0 range:[422,422]
  training  completed=2323/2500  queue=2/256 (1%)  replay=200000/200000  updates=125  loss=0.04576  policy_version=2145
  throughput env_steps_s=271.6  transitions_s=271.6  transitions_step=1.0  updates_s=67.9  updates_throttled=0
episode=2326
  mode      collector=async  worker=3  epsilon=0.000
  outcome   reward=-10.006499999999999  success=0/1 (0.00%)  steps=mean:65.0 range:[65,65]
  training  completed=2324/2500  queue=0/256 (0%)  replay=200000/200000  updates=65  loss=0.06362  policy_version=2146
  throughput env_steps_s=273.4  transitions_s=273.4  transitions_step=1.0  updates_s=67.8  updates_throttled=0
episode=2325
  mode      collector=async  worker=1  epsilon=0.000
  outcome   reward=-2.0734999999999317  success=0/1 (0.00%)  steps=mean:935.0 range:[935,935]
  training  completed=2325/2500  queue=0/256 (0%)  replay=200000/200000  updates=733  loss=0.05397  policy_version=2153
  throughput env_steps_s=270.4  transitions_s=270.4  transitions_step=1.0  updates_s=67.6  updates_throttled=0
Saved checkpoint: checkpoints/breakout_27bricks_v2/ckpt-2325
Scheduled replay buffer save: checkpoints/breakout_27bricks_v2/replay-2325.npz transitions=200000
Saved replay buffer: checkpoints/breakout_27bricks_v2/replay-2325.npz transitions=200000
episode=2323
  mode      collector=async  worker=2  epsilon=0.000
  outcome   reward=-2.101399999999895  success=0/1 (0.00%)  steps=mean:1214.0 range:[1214,1214]
  training  completed=2326/2500  queue=1/256 (0%)  replay=200000/200000  updates=98  loss=0.05046  policy_version=2154
  throughput env_steps_s=267.3  transitions_s=267.3  transitions_step=1.0  updates_s=67.0  updates_throttled=0
episode=2324
  mode      collector=async  worker=0  epsilon=0.000
  outcome   reward=-1.1020999999999628  success=0/1 (0.00%)  steps=mean:1221.0 range:[1221,1221]
  training  completed=2327/2500  queue=0/256 (0%)  replay=200000/200000  updates=200  loss=0.04277  policy_version=2156
  throughput env_steps_s=268.3  transitions_s=268.3  transitions_step=1.0  updates_s=66.8  updates_throttled=0
episode=2328
  mode      collector=async  worker=1  epsilon=0.000
  outcome   reward=-8.015499999999998  success=0/1 (0.00%)  steps=mean:355.0 range:[355,355]
  training  completed=2328/2500  queue=0/256 (0%)  replay=200000/200000  updates=51  loss=0.03517  policy_version=2157
  throughput env_steps_s=278.2  transitions_s=278.2  transitions_step=1.0  updates_s=69.9  updates_throttled=0
episode=2329
  mode      collector=async  worker=2  epsilon=0.000
  outcome   reward=-5.053400000000011  success=0/1 (0.00%)  steps=mean:734.0 range:[734,734]
  training  completed=2329/2500  queue=0/256 (0%)  replay=200000/200000  updates=474  loss=0.04962  policy_version=2161
  throughput env_steps_s=271.9  transitions_s=271.9  transitions_step=1.0  updates_s=68.0  updates_throttled=0
episode=2327
  mode      collector=async  worker=3  epsilon=0.000
  outcome   reward=1.8512000000001638  success=0/1 (0.00%)  steps=mean:1688.0 range:[1688,1688]
  training  completed=2330/2500  queue=0/256 (0%)  replay=200000/200000  updates=131  loss=0.04350  policy_version=2163
  throughput env_steps_s=265.4  transitions_s=265.4  transitions_step=1.0  updates_s=66.4  updates_throttled=0
episode=2332
  mode      collector=async  worker=2  epsilon=0.000
  outcome   reward=-8.011199999999997  success=0/1 (0.00%)  steps=mean:312.0 range:[312,312]
  training  completed=2331/2500  queue=0/256 (0%)  replay=200000/200000  updates=179  loss=0.04614  policy_version=2164
  throughput env_steps_s=275.1  transitions_s=275.1  transitions_step=1.0  updates_s=68.9  updates_throttled=0
episode=2334
  mode      collector=async  worker=2  epsilon=0.000
  outcome   reward=-8.017199999999997  success=0/1 (0.00%)  steps=mean:372.0 range:[372,372]
  training  completed=2332/2500  queue=0/256 (0%)  replay=200000/200000  updates=374  loss=0.05112  policy_version=2168
  throughput env_steps_s=271.4  transitions_s=271.4  transitions_step=1.0  updates_s=67.8  updates_throttled=0
episode=2330
  mode      collector=async  worker=0  epsilon=0.000
  outcome   reward=-1.1094999999999136  success=0/1 (0.00%)  steps=mean:1295.0 range:[1295,1295]
  training  completed=2333/2500  queue=1/256 (0%)  replay=200000/200000  updates=98  loss=0.05085  policy_version=2169
  throughput env_steps_s=270.6  transitions_s=270.6  transitions_step=1.0  updates_s=68.0  updates_throttled=0
episode=2333
  mode      collector=async  worker=3  epsilon=0.000
  outcome   reward=-3.0996999999998875  success=0/1 (0.00%)  steps=mean:1197.0 range:[1197,1197]
  training  completed=2334/2500  queue=0/256 (0%)  replay=200000/200000  updates=538  loss=0.04986  policy_version=2174
  throughput env_steps_s=274.0  transitions_s=274.0  transitions_step=1.0  updates_s=68.5  updates_throttled=0
episode=2331
  mode      collector=async  worker=1  epsilon=0.000
  outcome   reward=-4.159699999999807  success=0/1 (0.00%)  steps=mean:1797.0 range:[1797,1797]
  training  completed=2335/2500  queue=0/256 (0%)  replay=200000/200000  updates=1  loss=0.11010  policy_version=2175
  throughput env_steps_s=167.5  transitions_s=167.5  transitions_step=1.0  updates_s=33.5  updates_throttled=0
episode=2338
  mode      collector=async  worker=1  epsilon=0.000
  outcome   reward=-8.998099999999999  success=0/1 (0.00%)  steps=mean:181.0 range:[181,181]
  training  completed=2336/2500  queue=1/256 (0%)  replay=200000/200000  updates=184  loss=0.04235  policy_version=2176
  throughput env_steps_s=270.0  transitions_s=270.0  transitions_step=1.0  updates_s=67.6  updates_throttled=0
episode=2335
  mode      collector=async  worker=2  epsilon=0.000
  outcome   reward=-5.064100000000055  success=0/1 (0.00%)  steps=mean:841.0 range:[841,841]
  training  completed=2337/2500  queue=0/256 (0%)  replay=200000/200000  updates=19  loss=0.04371  policy_version=2177
  throughput env_steps_s=277.0  transitions_s=277.0  transitions_step=1.0  updates_s=66.6  updates_throttled=0
episode=2337
  mode      collector=async  worker=3  epsilon=0.000
  outcome   reward=-9.001999999999999  success=0/1 (0.00%)  steps=mean:220.0 range:[220,220]
  training  completed=2338/2500  queue=0/256 (0%)  replay=200000/200000  updates=18  loss=0.03042  policy_version=2177
  throughput env_steps_s=272.2  transitions_s=272.2  transitions_step=1.0  updates_s=70.0  updates_throttled=0
Frozen evaluation episode=2300: success=0/20 (0.00%) reward_mean=-3.0495 steps_mean=1195.4
episode=2339
  mode      collector=async  worker=1  epsilon=0.000
  outcome   reward=-9.017799999999998  success=0/1 (0.00%)  steps=mean:378.0 range:[378,378]
  training  completed=2339/2500  queue=0/256 (0%)  replay=200000/200000  updates=342  loss=0.05146  policy_version=2180
  throughput env_steps_s=291.9  transitions_s=291.9  transitions_step=1.0  updates_s=73.0  updates_throttled=0
episode=2336
  mode      collector=async  worker=0  epsilon=0.000
  outcome   reward=-3.109899999999895  success=0/1 (0.00%)  steps=mean:1299.0 range:[1299,1299]
  training  completed=2340/2500  queue=3/256 (1%)  replay=200000/200000  updates=201  loss=0.03763  policy_version=2182
  throughput env_steps_s=322.3  transitions_s=322.3  transitions_step=1.0  updates_s=80.4  updates_throttled=0
episode=2341
  mode      collector=async  worker=3  epsilon=0.000
  outcome   reward=-6.039200000000051  success=0/1 (0.00%)  steps=mean:592.0 range:[592,592]
  training  completed=2341/2500  queue=0/256 (0%)  replay=200000/200000  updates=52  loss=0.04243  policy_version=2183
  throughput env_steps_s=306.9  transitions_s=306.9  transitions_step=1.0  updates_s=77.5  updates_throttled=0
episode=2343
  mode      collector=async  worker=0  epsilon=0.000
  outcome   reward=-7.034400000000012  success=0/1 (0.00%)  steps=mean:544.0 range:[544,544]
  training  completed=2342/2500  queue=0/256 (0%)  replay=200000/200000  updates=492  loss=0.04164  policy_version=2188
  throughput env_steps_s=319.4  transitions_s=319.4  transitions_step=1.0  updates_s=79.8  updates_throttled=0
episode=2342
  mode      collector=async  worker=1  epsilon=0.000
  outcome   reward=-3.0741999999999594  success=0/1 (0.00%)  steps=mean:942.0 range:[942,942]
  training  completed=2343/2500  queue=0/256 (0%)  replay=200000/200000  updates=189  loss=0.03863  policy_version=2189
  throughput env_steps_s=320.1  transitions_s=320.1  transitions_step=1.0  updates_s=80.1  updates_throttled=0
episode=2345
  mode      collector=async  worker=0  epsilon=0.000
  outcome   reward=-9.003099999999998  success=0/1 (0.00%)  steps=mean:231.0 range:[231,231]
  training  completed=2344/2500  queue=0/256 (0%)  replay=200000/200000  updates=44  loss=0.04658  policy_version=2190
  throughput env_steps_s=325.7  transitions_s=325.7  transitions_step=1.0  updates_s=81.9  updates_throttled=0
episode=2346
  mode      collector=async  worker=1  epsilon=0.000
  outcome   reward=-9.002799999999999  success=0/1 (0.00%)  steps=mean:228.0 range:[228,228]
  training  completed=2345/2500  queue=0/256 (0%)  replay=200000/200000  updates=182  loss=0.03852  policy_version=2192
  throughput env_steps_s=317.7  transitions_s=317.7  transitions_step=1.0  updates_s=79.2  updates_throttled=0
episode=2348
  mode      collector=async  worker=1  epsilon=0.000
  outcome   reward=-9.0025  success=0/1 (0.00%)  steps=mean:225.0 range:[225,225]
  training  completed=2346/2500  queue=0/256 (0%)  replay=200000/200000  updates=230  loss=0.03916  policy_version=2194
  throughput env_steps_s=317.0  transitions_s=317.0  transitions_step=1.0  updates_s=79.3  updates_throttled=0
episode=2347
  mode      collector=async  worker=0  epsilon=0.000
  outcome   reward=-7.032500000000013  success=0/1 (0.00%)  steps=mean:525.0 range:[525,525]
  training  completed=2347/2500  queue=1/256 (0%)  replay=200000/200000  updates=108  loss=0.02964  policy_version=2195
  throughput env_steps_s=320.2  transitions_s=320.2  transitions_step=1.0  updates_s=80.4  updates_throttled=0
episode=2340
  mode      collector=async  worker=2  epsilon=0.000
  outcome   reward=-0.18399999999972572  success=0/1 (0.00%)  steps=mean:2040.0 range:[2040,2040]
  training  completed=2348/2500  queue=2/256 (1%)  replay=200000/200000  updates=175  loss=0.04973  policy_version=2197
  throughput env_steps_s=320.1  transitions_s=320.1  transitions_step=1.0  updates_s=80.0  updates_throttled=0
episode=2350
  mode      collector=async  worker=0  epsilon=0.000
  outcome   reward=-8.9979  success=0/1 (0.00%)  steps=mean:179.0 range:[179,179]
  training  completed=2349/2500  queue=0/256 (0%)  replay=200000/200000  updates=0  loss=0.00000  policy_version=2197
  throughput env_steps_s=2500.8  transitions_s=2500.8  transitions_step=1.0  updates_s=0.0  updates_throttled=0
episode=2349
  mode      collector=async  worker=1  epsilon=0.000
  outcome   reward=-7.025400000000019  success=0/1 (0.00%)  steps=mean:454.0 range:[454,454]
  training  completed=2350/2500  queue=0/256 (0%)  replay=200000/200000  updates=176  loss=0.03756  policy_version=2199
  throughput env_steps_s=323.4  transitions_s=323.4  transitions_step=1.0  updates_s=80.7  updates_throttled=0
Saved checkpoint: checkpoints/breakout_27bricks_v2/ckpt-2350
Scheduled replay buffer save: checkpoints/breakout_27bricks_v2/replay-2350.npz transitions=200000
Saved replay buffer: checkpoints/breakout_27bricks_v2/replay-2350.npz transitions=200000
episode=2351
  mode      collector=async  worker=2  epsilon=0.000
  outcome   reward=-8.018199999999997  success=0/1 (0.00%)  steps=mean:382.0 range:[382,382]
  training  completed=2351/2500  queue=0/256 (0%)  replay=200000/200000  updates=207  loss=0.04842  policy_version=2201
  throughput env_steps_s=314.5  transitions_s=314.5  transitions_step=1.0  updates_s=78.5  updates_throttled=0
episode=2353
  mode      collector=async  worker=1  epsilon=0.000
  outcome   reward=-9.003899999999998  success=0/1 (0.00%)  steps=mean:239.0 range:[239,239]
  training  completed=2352/2500  queue=0/256 (0%)  replay=200000/200000  updates=34  loss=0.03363  policy_version=2201
  throughput env_steps_s=328.7  transitions_s=328.7  transitions_step=1.0  updates_s=82.2  updates_throttled=0
episode=2352
  mode      collector=async  worker=0  epsilon=0.000
  outcome   reward=-4.041300000000014  success=0/1 (0.00%)  steps=mean:613.0 range:[613,613]
  training  completed=2353/2500  queue=0/256 (0%)  replay=200000/200000  updates=188  loss=0.04438  policy_version=2203
  throughput env_steps_s=320.5  transitions_s=320.5  transitions_step=1.0  updates_s=80.3  updates_throttled=0
episode=2344
  mode      collector=async  worker=3  epsilon=0.000
  outcome   reward=6.8029000000002995  success=0/1 (0.00%)  steps=mean:2171.0 range:[2171,2171]
  training  completed=2354/2500  queue=0/256 (0%)  replay=200000/200000  updates=163  loss=0.03419  policy_version=2205
  throughput env_steps_s=315.6  transitions_s=315.6  transitions_step=1.0  updates_s=78.7  updates_throttled=0
episode=2356
  mode      collector=async  worker=0  epsilon=0.000
  outcome   reward=-9.0025  success=0/1 (0.00%)  steps=mean:225.0 range:[225,225]
  training  completed=2355/2500  queue=0/256 (0%)  replay=200000/200000  updates=58  loss=0.04558  policy_version=2205
  throughput env_steps_s=326.0  transitions_s=326.0  transitions_step=1.0  updates_s=82.2  updates_throttled=0
episode=2355
  mode      collector=async  worker=1  epsilon=0.000
  outcome   reward=-6.045100000000048  success=0/1 (0.00%)  steps=mean:651.0 range:[651,651]
  training  completed=2356/2500  queue=0/256 (0%)  replay=200000/200000  updates=241  loss=0.03830  policy_version=2208
  throughput env_steps_s=318.4  transitions_s=318.4  transitions_step=1.0  updates_s=79.4  updates_throttled=0
episode=2354
  mode      collector=async  worker=2  epsilon=0.000
  outcome   reward=-6.054000000000061  success=0/1 (0.00%)  steps=mean:740.0 range:[740,740]
  training  completed=2357/2500  queue=0/256 (0%)  replay=200000/200000  updates=62  loss=0.02149  policy_version=2208
  throughput env_steps_s=312.8  transitions_s=312.8  transitions_step=1.0  updates_s=78.5  updates_throttled=0
episode=2358
  mode      collector=async  worker=0  epsilon=0.000
  outcome   reward=-7.013500000000038  success=0/1 (0.00%)  steps=mean:335.0 range:[335,335]
  training  completed=2358/2500  queue=0/256 (0%)  replay=200000/200000  updates=28  loss=0.05379  policy_version=2208
  throughput env_steps_s=308.7  transitions_s=308.7  transitions_step=1.0  updates_s=78.6  updates_throttled=0
episode=2359
  mode      collector=async  worker=1  epsilon=0.000
  outcome   reward=-9.0049  success=0/1 (0.00%)  steps=mean:249.0 range:[249,249]
  training  completed=2359/2500  queue=0/256 (0%)  replay=200000/200000  updates=161  loss=0.04151  policy_version=2210
  throughput env_steps_s=319.1  transitions_s=319.1  transitions_step=1.0  updates_s=79.5  updates_throttled=0
episode=2360
  mode      collector=async  worker=2  epsilon=0.000
  outcome   reward=-9.002899999999999  success=0/1 (0.00%)  steps=mean:229.0 range:[229,229]
  training  completed=2360/2500  queue=4/256 (2%)  replay=200000/200000  updates=35  loss=0.03861  policy_version=2210
  throughput env_steps_s=306.3  transitions_s=306.3  transitions_step=1.0  updates_s=76.6  updates_throttled=0
episode=2361
  mode      collector=async  worker=0  epsilon=0.000
  outcome   reward=-8.999899999999998  success=0/1 (0.00%)  steps=mean:199.0 range:[199,199]
  training  completed=2361/2500  queue=0/256 (0%)  replay=200000/200000  updates=3  loss=0.01692  policy_version=2210
  throughput env_steps_s=587.4  transitions_s=587.4  transitions_step=1.0  updates_s=135.6  updates_throttled=0
episode=2357
  mode      collector=async  worker=3  epsilon=0.000
  outcome   reward=-7.040200000000016  success=0/1 (0.00%)  steps=mean:602.0 range:[602,602]
  training  completed=2362/2500  queue=0/256 (0%)  replay=200000/200000  updates=13  loss=0.04382  policy_version=2211
  throughput env_steps_s=308.8  transitions_s=308.8  transitions_step=1.0  updates_s=77.2  updates_throttled=0
episode=2362
  mode      collector=async  worker=1  epsilon=0.000
  outcome   reward=-8.003300000000012  success=0/1 (0.00%)  steps=mean:233.0 range:[233,233]
  training  completed=2363/2500  queue=0/256 (0%)  replay=200000/200000  updates=179  loss=0.04774  policy_version=2212
  throughput env_steps_s=320.4  transitions_s=320.4  transitions_step=1.0  updates_s=80.2  updates_throttled=0
episode=2363
  mode      collector=async  worker=2  epsilon=0.000
  outcome   reward=-8.020099999999998  success=0/1 (0.00%)  steps=mean:401.0 range:[401,401]
  training  completed=2364/2500  queue=0/256 (0%)  replay=200000/200000  updates=209  loss=0.04546  policy_version=2214
  throughput env_steps_s=322.6  transitions_s=322.6  transitions_step=1.0  updates_s=80.7  updates_throttled=0
episode=2366
  mode      collector=async  worker=1  epsilon=0.000
  outcome   reward=-8.002500000000014  success=0/1 (0.00%)  steps=mean:225.0 range:[225,225]
  training  completed=2365/2500  queue=0/256 (0%)  replay=200000/200000  updates=17  loss=0.05107  policy_version=2215
  throughput env_steps_s=326.1  transitions_s=326.1  transitions_step=1.0  updates_s=80.3  updates_throttled=0
episode=2367
  mode      collector=async  worker=2  epsilon=0.000
  outcome   reward=-8.9986  success=0/1 (0.00%)  steps=mean:186.0 range:[186,186]
  training  completed=2366/2500  queue=0/256 (0%)  replay=200000/200000  updates=167  loss=0.05638  policy_version=2216
  throughput env_steps_s=322.1  transitions_s=322.1  transitions_step=1.0  updates_s=80.4  updates_throttled=0
episode=2369
  mode      collector=async  worker=2  epsilon=0.000
  outcome   reward=-8.001800000000012  success=0/1 (0.00%)  steps=mean:218.0 range:[218,218]
  training  completed=2367/2500  queue=0/256 (0%)  replay=200000/200000  updates=217  loss=0.05469  policy_version=2218
  throughput env_steps_s=324.5  transitions_s=324.5  transitions_step=1.0  updates_s=81.1  updates_throttled=0
episode=2368
  mode      collector=async  worker=1  epsilon=0.000
  outcome   reward=-7.029400000000015  success=0/1 (0.00%)  steps=mean:494.0 range:[494,494]
  training  completed=2368/2500  queue=0/256 (0%)  replay=200000/200000  updates=115  loss=0.06179  policy_version=2220
  throughput env_steps_s=323.9  transitions_s=323.9  transitions_step=1.0  updates_s=81.2  updates_throttled=0
episode=2370
  mode      collector=async  worker=2  epsilon=0.000
  outcome   reward=-9.0026  success=0/1 (0.00%)  steps=mean:226.0 range:[226,226]
  training  completed=2369/2500  queue=0/256 (0%)  replay=200000/200000  updates=109  loss=0.04458  policy_version=2221
  throughput env_steps_s=314.5  transitions_s=314.5  transitions_step=1.0  updates_s=78.6  updates_throttled=0
episode=2365
  mode      collector=async  worker=3  epsilon=0.000
  outcome   reward=-5.089399999999997  success=0/1 (0.00%)  steps=mean:1094.0 range:[1094,1094]
  training  completed=2370/2500  queue=0/256 (0%)  replay=200000/200000  updates=75  loss=0.03809  policy_version=2221
  throughput env_steps_s=322.2  transitions_s=322.2  transitions_step=1.0  updates_s=80.3  updates_throttled=0
episode=2371
  mode      collector=async  worker=1  epsilon=0.000
  outcome   reward=-9.003499999999999  success=0/1 (0.00%)  steps=mean:235.0 range:[235,235]
  training  completed=2371/2500  queue=0/256 (0%)  replay=200000/200000  updates=53  loss=0.04359  policy_version=2222
  throughput env_steps_s=322.0  transitions_s=322.0  transitions_step=1.0  updates_s=80.9  updates_throttled=0
episode=2373
  mode      collector=async  worker=3  epsilon=0.000
  outcome   reward=-9.0018  success=0/1 (0.00%)  steps=mean:218.0 range:[218,218]
  training  completed=2372/2500  queue=0/256 (0%)  replay=200000/200000  updates=167  loss=0.06057  policy_version=2224
  throughput env_steps_s=325.0  transitions_s=325.0  transitions_step=1.0  updates_s=81.2  updates_throttled=0
episode=2374
  mode      collector=async  worker=1  epsilon=0.000
  outcome   reward=-9.0001  success=0/1 (0.00%)  steps=mean:201.0 range:[201,201]
  training  completed=2373/2500  queue=1/256 (0%)  replay=200000/200000  updates=40  loss=0.04211  policy_version=2224
  throughput env_steps_s=307.8  transitions_s=307.8  transitions_step=1.0  updates_s=77.9  updates_throttled=0
episode=2375
  mode      collector=async  worker=3  epsilon=0.000
  outcome   reward=-10.0064  success=0/1 (0.00%)  steps=mean:64.0 range:[64,64]
  training  completed=2374/2500  queue=0/256 (0%)  replay=200000/200000  updates=24  loss=0.02150  policy_version=2224
  throughput env_steps_s=312.5  transitions_s=312.5  transitions_step=1.0  updates_s=77.3  updates_throttled=0
episode=2377
  mode      collector=async  worker=3  epsilon=0.000
  outcome   reward=-10.006  success=0/1 (0.00%)  steps=mean:60.0 range:[60,60]
  training  completed=2375/2500  queue=0/256 (0%)  replay=200000/200000  updates=58  loss=0.04887  policy_version=2225
  throughput env_steps_s=321.7  transitions_s=321.7  transitions_step=1.0  updates_s=80.1  updates_throttled=0
Saved checkpoint: checkpoints/breakout_27bricks_v2/ckpt-2375
Scheduled replay buffer save: checkpoints/breakout_27bricks_v2/replay-2375.npz transitions=200000
Saved replay buffer: checkpoints/breakout_27bricks_v2/replay-2375.npz transitions=200000
episode=2376
  mode      collector=async  worker=1  epsilon=0.000
  outcome   reward=-9.003099999999998  success=0/1 (0.00%)  steps=mean:231.0 range:[231,231]
  training  completed=2376/2500  queue=1/256 (0%)  replay=200000/200000  updates=146  loss=0.05189  policy_version=2226
  throughput env_steps_s=311.6  transitions_s=311.6  transitions_step=1.0  updates_s=78.2  updates_throttled=0
episode=2364
  mode      collector=async  worker=0  epsilon=0.000
  outcome   reward=-2.1493999999998366  success=0/1 (0.00%)  steps=mean:1694.0 range:[1694,1694]
  training  completed=2377/2500  queue=0/256 (0%)  replay=200000/200000  updates=114  loss=0.06850  policy_version=2227
  throughput env_steps_s=328.0  transitions_s=328.0  transitions_step=1.0  updates_s=81.7  updates_throttled=0
episode=2372
  mode      collector=async  worker=2  epsilon=0.000
  outcome   reward=-4.064599999999976  success=0/1 (0.00%)  steps=mean:846.0 range:[846,846]
  training  completed=2378/2500  queue=0/256 (0%)  replay=200000/200000  updates=162  loss=0.04161  policy_version=2229
  throughput env_steps_s=318.1  transitions_s=318.1  transitions_step=1.0  updates_s=79.6  updates_throttled=0
episode=2379
  mode      collector=async  worker=1  epsilon=0.000
  outcome   reward=-8.018099999999997  success=0/1 (0.00%)  steps=mean:381.0 range:[381,381]
  training  completed=2379/2500  queue=0/256 (0%)  replay=200000/200000  updates=111  loss=0.05806  policy_version=2230
  throughput env_steps_s=319.9  transitions_s=319.9  transitions_step=1.0  updates_s=80.2  updates_throttled=0
episode=2381
  mode      collector=async  worker=2  epsilon=0.000
  outcome   reward=-3.064799999999991  success=0/1 (0.00%)  steps=mean:848.0 range:[848,848]
  training  completed=2380/2500  queue=4/256 (2%)  replay=200000/200000  updates=741  loss=0.04606  policy_version=2238
  throughput env_steps_s=321.8  transitions_s=321.8  transitions_step=1.0  updates_s=80.4  updates_throttled=0
episode=2378
  mode      collector=async  worker=3  epsilon=0.000
  outcome   reward=-1.111299999999872  success=0/1 (0.00%)  steps=mean:1313.0 range:[1313,1313]
  training  completed=2381/2500  queue=1/256 (0%)  replay=200000/200000  updates=37  loss=0.02659  policy_version=2238
  throughput env_steps_s=338.4  transitions_s=338.4  transitions_step=1.0  updates_s=85.2  updates_throttled=0
episode=2380
  mode      collector=async  worker=0  epsilon=0.000
  outcome   reward=-2.0985999999998786  success=0/1 (0.00%)  steps=mean:1186.0 range:[1186,1186]
  training  completed=2382/2500  queue=0/256 (0%)  replay=200000/200000  updates=137  loss=0.02953  policy_version=2239
  throughput env_steps_s=326.1  transitions_s=326.1  transitions_step=1.0  updates_s=81.2  updates_throttled=0
episode=2385
  mode      collector=async  worker=0  epsilon=0.000
  outcome   reward=-8.002800000000013  success=0/1 (0.00%)  steps=mean:228.0 range:[228,228]
  training  completed=2383/2500  queue=0/256 (0%)  replay=200000/200000  updates=228  loss=0.03628  policy_version=2242
  throughput env_steps_s=322.2  transitions_s=322.2  transitions_step=1.0  updates_s=80.5  updates_throttled=0
episode=2383
  mode      collector=async  worker=2  epsilon=0.000
  outcome   reward=-6.050600000000049  success=0/1 (0.00%)  steps=mean:706.0 range:[706,706]
  training  completed=2384/2500  queue=0/256 (0%)  replay=200000/200000  updates=302  loss=0.03909  policy_version=2245
  throughput env_steps_s=320.0  transitions_s=320.0  transitions_step=1.0  updates_s=80.1  updates_throttled=0
episode=2386
  mode      collector=async  worker=0  epsilon=0.000
  outcome   reward=1.905200000000054  success=0/1 (0.00%)  steps=mean:1148.0 range:[1148,1148]
  training  completed=2385/2500  queue=0/256 (0%)  replay=200000/200000  updates=838  loss=0.03628  policy_version=2253
  throughput env_steps_s=321.4  transitions_s=321.4  transitions_step=1.0  updates_s=80.3  updates_throttled=0
episode=2387
  mode      collector=async  worker=2  epsilon=0.000
  outcome   reward=-2.07699999999993  success=0/1 (0.00%)  steps=mean:970.0 range:[970,970]
  training  completed=2386/2500  queue=0/256 (0%)  replay=200000/200000  updates=126  loss=0.02886  policy_version=2254
  throughput env_steps_s=320.3  transitions_s=320.3  transitions_step=1.0  updates_s=80.2  updates_throttled=0
episode=2382
  mode      collector=async  worker=1  epsilon=0.000
  outcome   reward=13.770000000000355  success=0/1 (0.00%)  steps=mean:2500.0 range:[2500,2500]
  training  completed=2387/2500  queue=1/256 (0%)  replay=200000/200000  updates=105  loss=0.04220  policy_version=2255
  throughput env_steps_s=328.0  transitions_s=328.0  transitions_step=1.0  updates_s=82.4  updates_throttled=0
episode=2384
  mode      collector=async  worker=3  epsilon=0.000
  outcome   reward=4.839800000000206  success=0/1 (0.00%)  steps=mean:1802.0 range:[1802,1802]
  training  completed=2388/2500  queue=0/256 (0%)  replay=200000/200000  updates=61  loss=0.02151  policy_version=2256
  throughput env_steps_s=313.7  transitions_s=313.7  transitions_step=1.0  updates_s=78.1  updates_throttled=0
episode=2389
  mode      collector=async  worker=2  epsilon=0.000
  outcome   reward=-9.0017  success=0/1 (0.00%)  steps=mean:217.0 range:[217,217]
  training  completed=2389/2500  queue=1/256 (0%)  replay=200000/200000  updates=51  loss=0.03707  policy_version=2256
  throughput env_steps_s=304.3  transitions_s=304.3  transitions_step=1.0  updates_s=76.5  updates_throttled=0
episode=2388
  mode      collector=async  worker=0  epsilon=0.000
  outcome   reward=-8.016199999999998  success=0/1 (0.00%)  steps=mean:362.0 range:[362,362]
  training  completed=2390/2500  queue=0/256 (0%)  replay=200000/200000  updates=21  loss=0.05543  policy_version=2257
  throughput env_steps_s=330.3  transitions_s=330.3  transitions_step=1.0  updates_s=79.7  updates_throttled=0
episode=2390
  mode      collector=async  worker=1  epsilon=0.000
  outcome   reward=-9.003899999999998  success=0/1 (0.00%)  steps=mean:239.0 range:[239,239]
  training  completed=2391/2500  queue=0/256 (0%)  replay=200000/200000  updates=99  loss=0.03712  policy_version=2258
  throughput env_steps_s=322.1  transitions_s=322.1  transitions_step=1.0  updates_s=80.9  updates_throttled=0
episode=2391
  mode      collector=async  worker=3  epsilon=0.000
  outcome   reward=-7.012100000000016  success=0/1 (0.00%)  steps=mean:321.0 range:[321,321]
  training  completed=2392/2500  queue=0/256 (0%)  replay=200000/200000  updates=153  loss=0.04104  policy_version=2259
  throughput env_steps_s=320.0  transitions_s=320.0  transitions_step=1.0  updates_s=79.7  updates_throttled=0
episode=2393
  mode      collector=async  worker=0  epsilon=0.000
  outcome   reward=-8.013499999999997  success=0/1 (0.00%)  steps=mean:335.0 range:[335,335]
  training  completed=2393/2500  queue=0/256 (0%)  replay=200000/200000  updates=88  loss=0.03663  policy_version=2260
  throughput env_steps_s=324.7  transitions_s=324.7  transitions_step=1.0  updates_s=81.2  updates_throttled=0
episode=2395
  mode      collector=async  worker=3  epsilon=0.000
  outcome   reward=-9.001299999999999  success=0/1 (0.00%)  steps=mean:213.0 range:[213,213]
  training  completed=2394/2500  queue=0/256 (0%)  replay=200000/200000  updates=122  loss=0.03546  policy_version=2261
  throughput env_steps_s=321.7  transitions_s=321.7  transitions_step=1.0  updates_s=80.6  updates_throttled=0
episode=2392
  mode      collector=async  worker=2  epsilon=0.000
  outcome   reward=-7.029100000000014  success=0/1 (0.00%)  steps=mean:491.0 range:[491,491]
  training  completed=2395/2500  queue=0/256 (0%)  replay=200000/200000  updates=7  loss=0.03410  policy_version=2261
  throughput env_steps_s=308.7  transitions_s=308.7  transitions_step=1.0  updates_s=77.2  updates_throttled=0
episode=2394
  mode      collector=async  worker=1  epsilon=0.000
  outcome   reward=-8.026799999999996  success=0/1 (0.00%)  steps=mean:468.0 range:[468,468]
  training  completed=2396/2500  queue=0/256 (0%)  replay=200000/200000  updates=99  loss=0.03101  policy_version=2262
  throughput env_steps_s=317.2  transitions_s=317.2  transitions_step=1.0  updates_s=79.7  updates_throttled=0
episode=2397
  mode      collector=async  worker=3  epsilon=0.000
  outcome   reward=-6.043300000000056  success=0/1 (0.00%)  steps=mean:633.0 range:[633,633]
  training  completed=2397/2500  queue=0/256 (0%)  replay=200000/200000  updates=522  loss=0.03895  policy_version=2268
  throughput env_steps_s=318.5  transitions_s=318.5  transitions_step=1.0  updates_s=79.6  updates_throttled=0
episode=2399
  mode      collector=async  worker=1  epsilon=0.000
  outcome   reward=-3.1075999999999224  success=0/1 (0.00%)  steps=mean:1276.0 range:[1276,1276]
  training  completed=2398/2500  queue=0/256 (0%)  replay=200000/200000  updates=745  loss=0.03436  policy_version=2275
  throughput env_steps_s=314.8  transitions_s=314.8  transitions_step=1.0  updates_s=78.7  updates_throttled=0
episode=2401
  mode      collector=async  worker=1  epsilon=0.000
  outcome   reward=-9.027199999999997  success=0/1 (0.00%)  steps=mean:472.0 range:[472,472]
  training  completed=2399/2500  queue=2/256 (1%)  replay=200000/200000  updates=477  loss=0.03637  policy_version=2280
  throughput env_steps_s=325.1  transitions_s=325.1  transitions_step=1.0  updates_s=81.4  updates_throttled=0
episode=2398
  mode      collector=async  worker=2  epsilon=0.000
  outcome   reward=2.831500000000176  success=0/1 (0.00%)  steps=mean:1885.0 range:[1885,1885]
  training  completed=2400/2500  queue=3/256 (1%)  replay=200000/200000  updates=43  loss=0.04009  policy_version=2280
  throughput env_steps_s=330.8  transitions_s=330.8  transitions_step=1.0  updates_s=81.7  updates_throttled=0
Saved checkpoint: checkpoints/breakout_27bricks_v2/ckpt-2400
Scheduled replay buffer save: checkpoints/breakout_27bricks_v2/replay-2400.npz transitions=200000
Evaluating frozen checkpoint episode=2400 episodes=20 metric=auto...
Saved replay buffer: checkpoints/breakout_27bricks_v2/replay-2400.npz transitions=200000
episode=2400
  mode      collector=async  worker=3  epsilon=0.000
  outcome   reward=-0.12369999999988579  success=0/1 (0.00%)  steps=mean:1437.0 range:[1437,1437]
  training  completed=2401/2500  queue=0/256 (0%)  replay=200000/200000  updates=167  loss=0.04695  policy_version=2282
  throughput env_steps_s=267.1  transitions_s=267.1  transitions_step=1.0  updates_s=66.9  updates_throttled=0
episode=2403
  mode      collector=async  worker=2  epsilon=0.000
  outcome   reward=-9.002099999999999  success=0/1 (0.00%)  steps=mean:221.0 range:[221,221]
  training  completed=2402/2500  queue=0/256 (0%)  replay=200000/200000  updates=53  loss=0.04234  policy_version=2282
  throughput env_steps_s=274.4  transitions_s=274.4  transitions_step=1.0  updates_s=68.9  updates_throttled=0
episode=2404
  mode      collector=async  worker=3  epsilon=0.000
  outcome   reward=-10.0062  success=0/1 (0.00%)  steps=mean:62.0 range:[62,62]
  training  completed=2403/2500  queue=0/256 (0%)  replay=200000/200000  updates=12  loss=0.02653  policy_version=2283
  throughput env_steps_s=291.4  transitions_s=291.4  transitions_step=1.0  updates_s=69.9  updates_throttled=0
episode=2402
  mode      collector=async  worker=1  epsilon=0.000
  outcome   reward=-8.019199999999998  success=0/1 (0.00%)  steps=mean:392.0 range:[392,392]
  training  completed=2404/2500  queue=2/256 (1%)  replay=200000/200000  updates=111  loss=0.03525  policy_version=2284
  throughput env_steps_s=271.4  transitions_s=271.4  transitions_step=1.0  updates_s=68.2  updates_throttled=0
episode=2405
  mode      collector=async  worker=2  epsilon=0.000
  outcome   reward=-9.004299999999999  success=0/1 (0.00%)  steps=mean:243.0 range:[243,243]
  training  completed=2405/2500  queue=0/256 (0%)  replay=200000/200000  updates=123  loss=0.04225  policy_version=2285
  throughput env_steps_s=274.0  transitions_s=274.0  transitions_step=1.0  updates_s=68.1  updates_throttled=0
episode=2396
  mode      collector=async  worker=0  epsilon=0.000
  outcome   reward=6.770000000000378  success=0/1 (0.00%)  steps=mean:2500.0 range:[2500,2500]
  training  completed=2406/2500  queue=1/256 (0%)  replay=200000/200000  updates=38  loss=0.04978  policy_version=2285
  throughput env_steps_s=270.1  transitions_s=270.1  transitions_step=1.0  updates_s=68.4  updates_throttled=0
episode=2409
  mode      collector=async  worker=0  epsilon=0.000
  outcome   reward=-9.0048  success=0/1 (0.00%)  steps=mean:248.0 range:[248,248]
  training  completed=2407/2500  queue=3/256 (1%)  replay=200000/200000  updates=252  loss=0.03769  policy_version=2288
  throughput env_steps_s=275.4  transitions_s=275.4  transitions_step=1.0  updates_s=68.9  updates_throttled=0
episode=2407
  mode      collector=async  worker=1  epsilon=0.000
  outcome   reward=-8.023999999999997  success=0/1 (0.00%)  steps=mean:440.0 range:[440,440]
  training  completed=2408/2500  queue=0/256 (0%)  replay=200000/200000  updates=29  loss=0.03706  policy_version=2288
  throughput env_steps_s=277.1  transitions_s=277.1  transitions_step=1.0  updates_s=68.1  updates_throttled=0
episode=2411
  mode      collector=async  worker=1  epsilon=0.000
  outcome   reward=-9.000499999999999  success=0/1 (0.00%)  steps=mean:205.0 range:[205,205]
  training  completed=2409/2500  queue=0/256 (0%)  replay=200000/200000  updates=204  loss=0.02744  policy_version=2290
  throughput env_steps_s=277.8  transitions_s=277.8  transitions_step=1.0  updates_s=69.5  updates_throttled=0
episode=2410
  mode      collector=async  worker=0  epsilon=0.000
  outcome   reward=-9.004299999999999  success=0/1 (0.00%)  steps=mean:243.0 range:[243,243]
  training  completed=2410/2500  queue=0/256 (0%)  replay=200000/200000  updates=9  loss=0.01367  policy_version=2290
  throughput env_steps_s=263.0  transitions_s=263.0  transitions_step=1.0  updates_s=65.7  updates_throttled=0
episode=2408
  mode      collector=async  worker=2  epsilon=0.000
  outcome   reward=-6.04410000000002  success=0/1 (0.00%)  steps=mean:641.0 range:[641,641]
  training  completed=2411/2500  queue=0/256 (0%)  replay=200000/200000  updates=111  loss=0.04811  policy_version=2291
  throughput env_steps_s=272.8  transitions_s=272.8  transitions_step=1.0  updates_s=67.9  updates_throttled=0
episode=2414
  mode      collector=async  worker=2  epsilon=0.000
  outcome   reward=-9.005399999999998  success=0/1 (0.00%)  steps=mean:254.0 range:[254,254]
  training  completed=2412/2500  queue=0/256 (0%)  replay=200000/200000  updates=257  loss=0.04994  policy_version=2294
  throughput env_steps_s=274.8  transitions_s=274.8  transitions_step=1.0  updates_s=68.7  updates_throttled=0
episode=2412
  mode      collector=async  worker=1  epsilon=0.000
  outcome   reward=-4.032100000000029  success=0/1 (0.00%)  steps=mean:521.0 range:[521,521]
  training  completed=2413/2500  queue=0/256 (0%)  replay=200000/200000  updates=144  loss=0.03403  policy_version=2295
  throughput env_steps_s=273.2  transitions_s=273.2  transitions_step=1.0  updates_s=68.3  updates_throttled=0
Frozen evaluation episode=2400: success=0/20 (0.00%) reward_mean=-8.0639 steps_mean=328.7
episode=2406
  mode      collector=async  worker=3  epsilon=0.000
  outcome   reward=-0.14359999999983408  success=0/1 (0.00%)  steps=mean:1636.0 range:[1636,1636]
  training  completed=2414/2500  queue=0/256 (0%)  replay=200000/200000  updates=336  loss=0.03794  policy_version=2299
  throughput env_steps_s=279.2  transitions_s=279.2  transitions_step=1.0  updates_s=69.9  updates_throttled=0
episode=2413
  mode      collector=async  worker=0  epsilon=0.000
  outcome   reward=-3.0902999999999716  success=0/1 (0.00%)  steps=mean:1103.0 range:[1103,1103]
  training  completed=2415/2500  queue=0/256 (0%)  replay=200000/200000  updates=259  loss=0.04196  policy_version=2301
  throughput env_steps_s=326.7  transitions_s=326.7  transitions_step=1.0  updates_s=81.7  updates_throttled=0
episode=2418
  mode      collector=async  worker=0  epsilon=0.000
  outcome   reward=-7.0261000000000156  success=0/1 (0.00%)  steps=mean:461.0 range:[461,461]
  training  completed=2416/2500  queue=1/256 (0%)  replay=200000/200000  updates=462  loss=0.04272  policy_version=2306
  throughput env_steps_s=327.1  transitions_s=327.1  transitions_step=1.0  updates_s=81.8  updates_throttled=0
episode=2416
  mode      collector=async  worker=1  epsilon=0.000
  outcome   reward=-2.097599999999998  success=0/1 (0.00%)  steps=mean:1176.0 range:[1176,1176]
  training  completed=2417/2500  queue=0/256 (0%)  replay=200000/200000  updates=127  loss=0.05158  policy_version=2307
  throughput env_steps_s=332.1  transitions_s=332.1  transitions_step=1.0  updates_s=82.5  updates_throttled=0
episode=2417
  mode      collector=async  worker=3  epsilon=0.000
  outcome   reward=-2.071499999999891  success=0/1 (0.00%)  steps=mean:915.0 range:[915,915]
  training  completed=2418/2500  queue=0/256 (0%)  replay=200000/200000  updates=62  loss=0.04386  policy_version=2308
  throughput env_steps_s=325.2  transitions_s=325.2  transitions_step=1.0  updates_s=81.6  updates_throttled=0
episode=2419
  mode      collector=async  worker=0  epsilon=0.000
  outcome   reward=-8.016199999999998  success=0/1 (0.00%)  steps=mean:362.0 range:[362,362]
  training  completed=2419/2500  queue=1/256 (0%)  replay=200000/200000  updates=164  loss=0.03751  policy_version=2309
  throughput env_steps_s=326.4  transitions_s=326.4  transitions_step=1.0  updates_s=81.8  updates_throttled=0
episode=2420
  mode      collector=async  worker=1  epsilon=0.000
  outcome   reward=-6.024100000000031  success=0/1 (0.00%)  steps=mean:441.0 range:[441,441]
  training  completed=2420/2500  queue=3/256 (1%)  replay=200000/200000  updates=217  loss=0.03407  policy_version=2312
  throughput env_steps_s=326.8  transitions_s=326.8  transitions_step=1.0  updates_s=81.4  updates_throttled=0
episode=2422
  mode      collector=async  worker=0  epsilon=0.000
  outcome   reward=-9.004299999999999  success=0/1 (0.00%)  steps=mean:243.0 range:[243,243]
  training  completed=2421/2500  queue=0/256 (0%)  replay=200000/200000  updates=21  loss=0.02419  policy_version=2312
  throughput env_steps_s=337.9  transitions_s=337.9  transitions_step=1.0  updates_s=87.6  updates_throttled=0
episode=2421
  mode      collector=async  worker=3  epsilon=0.000
  outcome   reward=-8.023799999999996  success=0/1 (0.00%)  steps=mean:438.0 range:[438,438]
  training  completed=2422/2500  queue=0/256 (0%)  replay=200000/200000  updates=42  loss=0.02160  policy_version=2312
  throughput env_steps_s=322.0  transitions_s=322.0  transitions_step=1.0  updates_s=80.0  updates_throttled=0
episode=2423
  mode      collector=async  worker=1  epsilon=0.000
  outcome   reward=-9.003599999999999  success=0/1 (0.00%)  steps=mean:236.0 range:[236,236]
  training  completed=2423/2500  queue=1/256 (0%)  replay=200000/200000  updates=177  loss=0.03830  policy_version=2314
  throughput env_steps_s=326.9  transitions_s=326.9  transitions_step=1.0  updates_s=81.9  updates_throttled=0
episode=2424
  mode      collector=async  worker=0  epsilon=0.000
  outcome   reward=-9.0041  success=0/1 (0.00%)  steps=mean:241.0 range:[241,241]
  training  completed=2424/2500  queue=0/256 (0%)  replay=200000/200000  updates=25  loss=0.02813  policy_version=2314
  throughput env_steps_s=331.4  transitions_s=331.4  transitions_step=1.0  updates_s=81.2  updates_throttled=0
episode=2425
  mode      collector=async  worker=3  epsilon=0.000
  outcome   reward=-9.003799999999998  success=0/1 (0.00%)  steps=mean:238.0 range:[238,238]
  training  completed=2425/2500  queue=0/256 (0%)  replay=200000/200000  updates=35  loss=0.03459  policy_version=2315
  throughput env_steps_s=331.5  transitions_s=331.5  transitions_step=1.0  updates_s=82.9  updates_throttled=0
Saved checkpoint: checkpoints/breakout_27bricks_v2/ckpt-2425
Scheduled replay buffer save: checkpoints/breakout_27bricks_v2/replay-2425.npz transitions=200000
Saved replay buffer: checkpoints/breakout_27bricks_v2/replay-2425.npz transitions=200000
episode=2415
  mode      collector=async  worker=2  epsilon=0.000
  outcome   reward=0.8072000000003143  success=0/1 (0.00%)  steps=mean:2128.0 range:[2128,2128]
  training  completed=2426/2500  queue=1/256 (0%)  replay=200000/200000  updates=56  loss=0.04913  policy_version=2315
  throughput env_steps_s=292.0  transitions_s=292.0  transitions_step=1.0  updates_s=73.7  updates_throttled=0
episode=2427
  mode      collector=async  worker=0  epsilon=0.000
  outcome   reward=-9.001399999999999  success=0/1 (0.00%)  steps=mean:214.0 range:[214,214]
  training  completed=2427/2500  queue=0/256 (0%)  replay=200000/200000  updates=125  loss=0.02858  policy_version=2316
  throughput env_steps_s=324.9  transitions_s=324.9  transitions_step=1.0  updates_s=81.1  updates_throttled=0
episode=2428
  mode      collector=async  worker=3  epsilon=0.000
  outcome   reward=-8.014299999999997  success=0/1 (0.00%)  steps=mean:343.0 range:[343,343]
  training  completed=2428/2500  queue=3/256 (1%)  replay=200000/200000  updates=157  loss=0.03910  policy_version=2318
  throughput env_steps_s=324.9  transitions_s=324.9  transitions_step=1.0  updates_s=81.4  updates_throttled=0
episode=2430
  mode      collector=async  worker=0  epsilon=0.000
  outcome   reward=-4.068399999999968  success=0/1 (0.00%)  steps=mean:884.0 range:[884,884]
  training  completed=2429/2500  queue=0/256 (0%)  replay=200000/200000  updates=735  loss=0.04011  policy_version=2325
  throughput env_steps_s=327.4  transitions_s=327.4  transitions_step=1.0  updates_s=81.8  updates_throttled=0
episode=2429
  mode      collector=async  worker=2  epsilon=0.000
  outcome   reward=-2.0872999999999333  success=0/1 (0.00%)  steps=mean:1073.0 range:[1073,1073]
  training  completed=2430/2500  queue=0/256 (0%)  replay=200000/200000  updates=51  loss=0.03852  policy_version=2326
  throughput env_steps_s=325.8  transitions_s=325.8  transitions_step=1.0  updates_s=81.5  updates_throttled=0
episode=2432
  mode      collector=async  worker=0  epsilon=0.000
  outcome   reward=-9.0033  success=0/1 (0.00%)  steps=mean:233.0 range:[233,233]
  training  completed=2431/2500  queue=0/256 (0%)  replay=200000/200000  updates=185  loss=0.03506  policy_version=2328
  throughput env_steps_s=326.3  transitions_s=326.3  transitions_step=1.0  updates_s=81.6  updates_throttled=0
episode=2426
  mode      collector=async  worker=1  epsilon=0.000
  outcome   reward=-2.132599999999881  success=0/1 (0.00%)  steps=mean:1526.0 range:[1526,1526]
  training  completed=2432/2500  queue=0/256 (0%)  replay=200000/200000  updates=156  loss=0.03884  policy_version=2329
  throughput env_steps_s=326.8  transitions_s=326.8  transitions_step=1.0  updates_s=81.8  updates_throttled=0
episode=2431
  mode      collector=async  worker=3  epsilon=0.000
  outcome   reward=-0.09409999999988905  success=0/1 (0.00%)  steps=mean:1141.0 range:[1141,1141]
  training  completed=2433/2500  queue=0/256 (0%)  replay=200000/200000  updates=9  loss=0.03653  policy_version=2329
  throughput env_steps_s=341.5  transitions_s=341.5  transitions_step=1.0  updates_s=87.8  updates_throttled=0
episode=2434
  mode      collector=async  worker=0  epsilon=0.000
  outcome   reward=-9.0033  success=0/1 (0.00%)  steps=mean:233.0 range:[233,233]
  training  completed=2434/2500  queue=0/256 (0%)  replay=200000/200000  updates=68  loss=0.02153  policy_version=2330
  throughput env_steps_s=333.8  transitions_s=333.8  transitions_step=1.0  updates_s=83.5  updates_throttled=0
episode=2433
  mode      collector=async  worker=2  epsilon=0.000
  outcome   reward=-6.047000000000063  success=0/1 (0.00%)  steps=mean:670.0 range:[670,670]
  training  completed=2435/2500  queue=0/256 (0%)  replay=200000/200000  updates=258  loss=0.03658  policy_version=2333
  throughput env_steps_s=325.8  transitions_s=325.8  transitions_step=1.0  updates_s=81.2  updates_throttled=0
episode=2435
  mode      collector=async  worker=1  epsilon=0.000
  outcome   reward=-7.017700000000032  success=0/1 (0.00%)  steps=mean:377.0 range:[377,377]
  training  completed=2436/2500  queue=2/256 (1%)  replay=200000/200000  updates=41  loss=0.03218  policy_version=2333
  throughput env_steps_s=320.0  transitions_s=320.0  transitions_step=1.0  updates_s=81.5  updates_throttled=0
episode=2437
  mode      collector=async  worker=0  epsilon=0.000
  outcome   reward=-8.013499999999997  success=0/1 (0.00%)  steps=mean:335.0 range:[335,335]
  training  completed=2437/2500  queue=0/256 (0%)  replay=200000/200000  updates=34  loss=0.02496  policy_version=2333
  throughput env_steps_s=335.5  transitions_s=335.5  transitions_step=1.0  updates_s=82.1  updates_throttled=0
episode=2439
  mode      collector=async  worker=1  epsilon=0.000
  outcome   reward=-9.002899999999999  success=0/1 (0.00%)  steps=mean:229.0 range:[229,229]
  training  completed=2438/2500  queue=0/256 (0%)  replay=200000/200000  updates=196  loss=0.03333  policy_version=2335
  throughput env_steps_s=328.3  transitions_s=328.3  transitions_step=1.0  updates_s=82.1  updates_throttled=0
episode=2436
  mode      collector=async  worker=3  epsilon=0.000
  outcome   reward=-8.045999999999994  success=0/1 (0.00%)  steps=mean:660.0 range:[660,660]
  training  completed=2439/2500  queue=2/256 (1%)  replay=200000/200000  updates=69  loss=0.04131  policy_version=2336
  throughput env_steps_s=325.3  transitions_s=325.3  transitions_step=1.0  updates_s=82.2  updates_throttled=0
episode=2438
  mode      collector=async  worker=2  epsilon=0.000
  outcome   reward=-6.039700000000065  success=0/1 (0.00%)  steps=mean:597.0 range:[597,597]
  training  completed=2440/2500  queue=2/256 (1%)  replay=200000/200000  updates=251  loss=0.03549  policy_version=2338
  throughput env_steps_s=329.6  transitions_s=329.6  transitions_step=1.0  updates_s=82.2  updates_throttled=0
episode=2442
  mode      collector=async  worker=3  epsilon=0.000
  outcome   reward=-8.020999999999997  success=0/1 (0.00%)  steps=mean:410.0 range:[410,410]
  training  completed=2441/2500  queue=0/256 (0%)  replay=200000/200000  updates=156  loss=0.05164  policy_version=2340
  throughput env_steps_s=321.9  transitions_s=321.9  transitions_step=1.0  updates_s=80.6  updates_throttled=0
episode=2440
  mode      collector=async  worker=0  epsilon=0.000
  outcome   reward=-8.049399999999993  success=0/1 (0.00%)  steps=mean:694.0 range:[694,694]
  training  completed=2442/2500  queue=0/256 (0%)  replay=200000/200000  updates=21  loss=0.02303  policy_version=2340
  throughput env_steps_s=329.9  transitions_s=329.9  transitions_step=1.0  updates_s=82.5  updates_throttled=0
episode=2441
  mode      collector=async  worker=1  epsilon=0.000
  outcome   reward=-6.042000000000058  success=0/1 (0.00%)  steps=mean:620.0 range:[620,620]
  training  completed=2443/2500  queue=0/256 (0%)  replay=200000/200000  updates=122  loss=0.04478  policy_version=2341
  throughput env_steps_s=326.6  transitions_s=326.6  transitions_step=1.0  updates_s=81.5  updates_throttled=0
episode=2443
  mode      collector=async  worker=2  epsilon=0.000
  outcome   reward=-8.017999999999997  success=0/1 (0.00%)  steps=mean:380.0 range:[380,380]
  training  completed=2444/2500  queue=0/256 (0%)  replay=200000/200000  updates=81  loss=0.03538  policy_version=2342
  throughput env_steps_s=329.4  transitions_s=329.4  transitions_step=1.0  updates_s=82.6  updates_throttled=0
episode=2447
  mode      collector=async  worker=2  epsilon=0.000
  outcome   reward=-7.016600000000038  success=0/1 (0.00%)  steps=mean:366.0 range:[366,366]
  training  completed=2445/2500  queue=0/256 (0%)  replay=200000/200000  updates=361  loss=0.03690  policy_version=2346
  throughput env_steps_s=323.2  transitions_s=323.2  transitions_step=1.0  updates_s=80.9  updates_throttled=0
episode=2444
  mode      collector=async  worker=3  epsilon=0.000
  outcome   reward=-5.050200000000012  success=0/1 (0.00%)  steps=mean:702.0 range:[702,702]
  training  completed=2446/2500  queue=1/256 (0%)  replay=200000/200000  updates=118  loss=0.03896  policy_version=2347
  throughput env_steps_s=319.2  transitions_s=319.2  transitions_step=1.0  updates_s=79.8  updates_throttled=0
episode=2445
  mode      collector=async  worker=0  epsilon=0.000
  outcome   reward=-5.052500000000012  success=0/1 (0.00%)  steps=mean:725.0 range:[725,725]
  training  completed=2447/2500  queue=2/256 (1%)  replay=200000/200000  updates=49  loss=0.02345  policy_version=2348
  throughput env_steps_s=315.6  transitions_s=315.6  transitions_step=1.0  updates_s=78.9  updates_throttled=0
episode=2448
  mode      collector=async  worker=2  epsilon=0.000
  outcome   reward=-9.003499999999999  success=0/1 (0.00%)  steps=mean:235.0 range:[235,235]
  training  completed=2448/2500  queue=0/256 (0%)  replay=200000/200000  updates=66  loss=0.03388  policy_version=2348
  throughput env_steps_s=331.4  transitions_s=331.4  transitions_step=1.0  updates_s=82.2  updates_throttled=0
episode=2446
  mode      collector=async  worker=1  epsilon=0.000
  outcome   reward=-5.055600000000008  success=0/1 (0.00%)  steps=mean:756.0 range:[756,756]
  training  completed=2449/2500  queue=0/256 (0%)  replay=200000/200000  updates=81  loss=0.03370  policy_version=2349
  throughput env_steps_s=331.8  transitions_s=331.8  transitions_step=1.0  updates_s=83.2  updates_throttled=0
episode=2450
  mode      collector=async  worker=0  epsilon=0.000
  outcome   reward=-9.0041  success=0/1 (0.00%)  steps=mean:241.0 range:[241,241]
  training  completed=2450/2500  queue=0/256 (0%)  replay=200000/200000  updates=93  loss=0.04168  policy_version=2350
  throughput env_steps_s=329.2  transitions_s=329.2  transitions_step=1.0  updates_s=82.1  updates_throttled=0
Saved checkpoint: checkpoints/breakout_27bricks_v2/ckpt-2450
Scheduled replay buffer save: checkpoints/breakout_27bricks_v2/replay-2450.npz transitions=200000
Saved replay buffer: checkpoints/breakout_27bricks_v2/replay-2450.npz transitions=200000
episode=2449
  mode      collector=async  worker=3  epsilon=0.000
  outcome   reward=-7.012000000000013  success=0/1 (0.00%)  steps=mean:320.0 range:[320,320]
  training  completed=2451/2500  queue=0/256 (0%)  replay=200000/200000  updates=34  loss=0.03272  policy_version=2350
  throughput env_steps_s=284.1  transitions_s=284.1  transitions_step=1.0  updates_s=71.6  updates_throttled=0
episode=2454
  mode      collector=async  worker=3  epsilon=0.000
  outcome   reward=-9.003799999999998  success=0/1 (0.00%)  steps=mean:238.0 range:[238,238]
  training  completed=2452/2500  queue=0/256 (0%)  replay=200000/200000  updates=244  loss=0.04306  policy_version=2353
  throughput env_steps_s=325.9  transitions_s=325.9  transitions_step=1.0  updates_s=81.4  updates_throttled=0
episode=2453
  mode      collector=async  worker=0  epsilon=0.000
  outcome   reward=-4.069999999999999  success=0/1 (0.00%)  steps=mean:900.0 range:[900,900]
  training  completed=2453/2500  queue=1/256 (0%)  replay=200000/200000  updates=628  loss=0.03547  policy_version=2359
  throughput env_steps_s=329.8  transitions_s=329.8  transitions_step=1.0  updates_s=82.5  updates_throttled=0
episode=2456
  mode      collector=async  worker=0  epsilon=0.000
  outcome   reward=-8.015899999999997  success=0/1 (0.00%)  steps=mean:359.0 range:[359,359]
  training  completed=2454/2500  queue=0/256 (0%)  replay=200000/200000  updates=356  loss=0.03330  policy_version=2363
  throughput env_steps_s=328.5  transitions_s=328.5  transitions_step=1.0  updates_s=81.9  updates_throttled=0
episode=2452
  mode      collector=async  worker=1  epsilon=0.000
  outcome   reward=-2.1190999999999214  success=0/1 (0.00%)  steps=mean:1391.0 range:[1391,1391]
  training  completed=2455/2500  queue=0/256 (0%)  replay=200000/200000  updates=39  loss=0.05234  policy_version=2363
  throughput env_steps_s=327.4  transitions_s=327.4  transitions_step=1.0  updates_s=82.9  updates_throttled=0
episode=2455
  mode      collector=async  worker=3  epsilon=0.000
  outcome   reward=-1.0884999999998826  success=0/1 (0.00%)  steps=mean:1085.0 range:[1085,1085]
  training  completed=2456/2500  queue=0/256 (0%)  replay=200000/200000  updates=58  loss=0.03812  policy_version=2364
  throughput env_steps_s=324.4  transitions_s=324.4  transitions_step=1.0  updates_s=80.7  updates_throttled=0
episode=2451
  mode      collector=async  worker=2  epsilon=0.000
  outcome   reward=1.8532000000001592  success=0/1 (0.00%)  steps=mean:1668.0 range:[1668,1668]
  training  completed=2457/2500  queue=0/256 (0%)  replay=200000/200000  updates=127  loss=0.03013  policy_version=2365
  throughput env_steps_s=328.7  transitions_s=328.7  transitions_step=1.0  updates_s=82.2  updates_throttled=0
episode=2457
  mode      collector=async  worker=0  epsilon=0.000
  outcome   reward=-9.0033  success=0/1 (0.00%)  steps=mean:233.0 range:[233,233]
  training  completed=2458/2500  queue=0/256 (0%)  replay=200000/200000  updates=11  loss=0.01580  policy_version=2365
  throughput env_steps_s=311.4  transitions_s=311.4  transitions_step=1.0  updates_s=76.1  updates_throttled=0
episode=2458
  mode      collector=async  worker=1  epsilon=0.000
  outcome   reward=-9.0033  success=0/1 (0.00%)  steps=mean:233.0 range:[233,233]
  training  completed=2459/2500  queue=0/256 (0%)  replay=200000/200000  updates=37  loss=0.03911  policy_version=2365
  throughput env_steps_s=325.8  transitions_s=325.8  transitions_step=1.0  updates_s=83.1  updates_throttled=0
episode=2461
  mode      collector=async  worker=0  epsilon=0.000
  outcome   reward=-10.006  success=0/1 (0.00%)  steps=mean:60.0 range:[60,60]
  training  completed=2460/2500  queue=3/256 (1%)  replay=200000/200000  updates=22  loss=0.02990  policy_version=2366
  throughput env_steps_s=311.2  transitions_s=311.2  transitions_step=1.0  updates_s=75.2  updates_throttled=0
episode=2459
  mode      collector=async  worker=3  epsilon=0.000
  outcome   reward=-8.001300000000011  success=0/1 (0.00%)  steps=mean:213.0 range:[213,213]
  training  completed=2461/2500  queue=0/256 (0%)  replay=200000/200000  updates=12  loss=0.03802  policy_version=2366
  throughput env_steps_s=368.0  transitions_s=368.0  transitions_step=1.0  updates_s=92.0  updates_throttled=0
episode=2460
  mode      collector=async  worker=2  epsilon=0.000
  outcome   reward=-9.002999999999998  success=0/1 (0.00%)  steps=mean:230.0 range:[230,230]
  training  completed=2462/2500  queue=0/256 (0%)  replay=200000/200000  updates=148  loss=0.05356  policy_version=2367
  throughput env_steps_s=326.1  transitions_s=326.1  transitions_step=1.0  updates_s=81.8  updates_throttled=0
episode=2462
  mode      collector=async  worker=1  epsilon=0.000
  outcome   reward=-9.003799999999998  success=0/1 (0.00%)  steps=mean:238.0 range:[238,238]
  training  completed=2463/2500  queue=0/256 (0%)  replay=200000/200000  updates=61  loss=0.03966  policy_version=2368
  throughput env_steps_s=329.5  transitions_s=329.5  transitions_step=1.0  updates_s=81.7  updates_throttled=0
episode=2464
  mode      collector=async  worker=3  epsilon=0.000
  outcome   reward=-9.002899999999999  success=0/1 (0.00%)  steps=mean:229.0 range:[229,229]
  training  completed=2464/2500  queue=0/256 (0%)  replay=200000/200000  updates=20  loss=0.05061  policy_version=2368
  throughput env_steps_s=326.6  transitions_s=326.6  transitions_step=1.0  updates_s=82.7  updates_throttled=0
episode=2463
  mode      collector=async  worker=0  epsilon=0.000
  outcome   reward=-8.017399999999997  success=0/1 (0.00%)  steps=mean:374.0 range:[374,374]
  training  completed=2465/2500  queue=2/256 (1%)  replay=200000/200000  updates=134  loss=0.05832  policy_version=2369
  throughput env_steps_s=320.8  transitions_s=320.8  transitions_step=1.0  updates_s=80.5  updates_throttled=0
episode=2467
  mode      collector=async  worker=3  epsilon=0.000
  outcome   reward=-9.003499999999999  success=0/1 (0.00%)  steps=mean:235.0 range:[235,235]
  training  completed=2466/2500  queue=0/256 (0%)  replay=200000/200000  updates=104  loss=0.05538  policy_version=2370
  throughput env_steps_s=329.3  transitions_s=329.3  transitions_step=1.0  updates_s=82.1  updates_throttled=0
episode=2466
  mode      collector=async  worker=1  epsilon=0.000
  outcome   reward=-7.034400000000012  success=0/1 (0.00%)  steps=mean:544.0 range:[544,544]
  training  completed=2467/2500  queue=2/256 (1%)  replay=200000/200000  updates=278  loss=0.04559  policy_version=2373
  throughput env_steps_s=324.3  transitions_s=324.3  transitions_step=1.0  updates_s=81.1  updates_throttled=0
episode=2468
  mode      collector=async  worker=0  epsilon=0.000
  outcome   reward=-4.062800000000002  success=0/1 (0.00%)  steps=mean:828.0 range:[828,828]
  training  completed=2468/2500  queue=0/256 (0%)  replay=200000/200000  updates=453  loss=0.04631  policy_version=2378
  throughput env_steps_s=320.9  transitions_s=320.9  transitions_step=1.0  updates_s=80.1  updates_throttled=0
episode=2470
  mode      collector=async  worker=1  epsilon=0.000
  outcome   reward=-6.0382000000000176  success=0/1 (0.00%)  steps=mean:582.0 range:[582,582]
  training  completed=2469/2500  queue=2/256 (1%)  replay=200000/200000  updates=126  loss=0.03848  policy_version=2379
  throughput env_steps_s=325.2  transitions_s=325.2  transitions_step=1.0  updates_s=81.6  updates_throttled=0
episode=2465
  mode      collector=async  worker=2  epsilon=0.000
  outcome   reward=-2.1008999999999256  success=0/1 (0.00%)  steps=mean:1209.0 range:[1209,1209]
  training  completed=2470/2500  queue=0/256 (0%)  replay=200000/200000  updates=40  loss=0.02453  policy_version=2379
  throughput env_steps_s=317.8  transitions_s=317.8  transitions_step=1.0  updates_s=78.0  updates_throttled=0
episode=2471
  mode      collector=async  worker=0  epsilon=0.000
  outcome   reward=-9.003999999999998  success=0/1 (0.00%)  steps=mean:240.0 range:[240,240]
  training  completed=2471/2500  queue=0/256 (0%)  replay=200000/200000  updates=74  loss=0.03945  policy_version=2380
  throughput env_steps_s=317.1  transitions_s=317.1  transitions_step=1.0  updates_s=79.8  updates_throttled=0
episode=2473
  mode      collector=async  worker=2  epsilon=0.000
  outcome   reward=-9.003899999999998  success=0/1 (0.00%)  steps=mean:239.0 range:[239,239]
  training  completed=2472/2500  queue=0/256 (0%)  replay=200000/200000  updates=163  loss=0.03407  policy_version=2382
  throughput env_steps_s=320.4  transitions_s=320.4  transitions_step=1.0  updates_s=79.9  updates_throttled=0
episode=2469
  mode      collector=async  worker=3  epsilon=0.000
  outcome   reward=-0.10359999999988467  success=0/1 (0.00%)  steps=mean:1236.0 range:[1236,1236]
  training  completed=2473/2500  queue=1/256 (0%)  replay=200000/200000  updates=96  loss=0.04390  policy_version=2383
  throughput env_steps_s=319.4  transitions_s=319.4  transitions_step=1.0  updates_s=80.3  updates_throttled=0
episode=2472
  mode      collector=async  worker=1  epsilon=0.000
  outcome   reward=-6.02170000000003  success=0/1 (0.00%)  steps=mean:417.0 range:[417,417]
  training  completed=2474/2500  queue=0/256 (0%)  replay=200000/200000  updates=45  loss=0.03259  policy_version=2383
  throughput env_steps_s=316.0  transitions_s=316.0  transitions_step=1.0  updates_s=78.1  updates_throttled=0
episode=2474
  mode      collector=async  worker=0  epsilon=0.000
  outcome   reward=-7.0261000000000156  success=0/1 (0.00%)  steps=mean:461.0 range:[461,461]
  training  completed=2475/2500  queue=0/256 (0%)  replay=200000/200000  updates=153  loss=0.02841  policy_version=2385
  throughput env_steps_s=319.5  transitions_s=319.5  transitions_step=1.0  updates_s=79.9  updates_throttled=0
Saved checkpoint: checkpoints/breakout_27bricks_v2/ckpt-2475
Scheduled replay buffer save: checkpoints/breakout_27bricks_v2/replay-2475.npz transitions=200000
Saved replay buffer: checkpoints/breakout_27bricks_v2/replay-2475.npz transitions=200000
episode=2475
  mode      collector=async  worker=2  epsilon=0.000
  outcome   reward=-7.014600000000016  success=0/1 (0.00%)  steps=mean:346.0 range:[346,346]
  training  completed=2476/2500  queue=0/256 (0%)  replay=200000/200000  updates=62  loss=0.05490  policy_version=2385
  throughput env_steps_s=291.8  transitions_s=291.8  transitions_step=1.0  updates_s=73.2  updates_throttled=0
episode=2476
  mode      collector=async  worker=3  epsilon=0.000
  outcome   reward=-7.016100000000037  success=0/1 (0.00%)  steps=mean:361.0 range:[361,361]
  training  completed=2477/2500  queue=0/256 (0%)  replay=200000/200000  updates=99  loss=0.03225  policy_version=2386
  throughput env_steps_s=325.3  transitions_s=325.3  transitions_step=1.0  updates_s=81.7  updates_throttled=0
episode=2480
  mode      collector=async  worker=3  epsilon=0.000
  outcome   reward=-10.0063  success=0/1 (0.00%)  steps=mean:63.0 range:[63,63]
  training  completed=2478/2500  queue=2/256 (1%)  replay=200000/200000  updates=66  loss=0.03255  policy_version=2387
  throughput env_steps_s=327.6  transitions_s=327.6  transitions_step=1.0  updates_s=81.6  updates_throttled=0
episode=2478
  mode      collector=async  worker=0  epsilon=0.000
  outcome   reward=-9.0041  success=0/1 (0.00%)  steps=mean:241.0 range:[241,241]
  training  completed=2479/2500  queue=0/256 (0%)  replay=200000/200000  updates=7  loss=0.02201  policy_version=2387
  throughput env_steps_s=333.7  transitions_s=333.7  transitions_step=1.0  updates_s=80.6  updates_throttled=0
episode=2479
  mode      collector=async  worker=2  epsilon=0.000
  outcome   reward=-8.019599999999997  success=0/1 (0.00%)  steps=mean:396.0 range:[396,396]
  training  completed=2480/2500  queue=2/256 (1%)  replay=200000/200000  updates=226  loss=0.03637  policy_version=2389
  throughput env_steps_s=324.2  transitions_s=324.2  transitions_step=1.0  updates_s=81.0  updates_throttled=0
episode=2482
  mode      collector=async  worker=0  epsilon=0.000
  outcome   reward=-8.018999999999997  success=0/1 (0.00%)  steps=mean:390.0 range:[390,390]
  training  completed=2481/2500  queue=0/256 (0%)  replay=200000/200000  updates=165  loss=0.03484  policy_version=2391
  throughput env_steps_s=318.4  transitions_s=318.4  transitions_step=1.0  updates_s=79.6  updates_throttled=0
episode=2483
  mode      collector=async  worker=2  epsilon=0.000
  outcome   reward=-9.002299999999998  success=0/1 (0.00%)  steps=mean:223.0 range:[223,223]
  training  completed=2482/2500  queue=0/256 (0%)  replay=200000/200000  updates=53  loss=0.03126  policy_version=2391
  throughput env_steps_s=322.3  transitions_s=322.3  transitions_step=1.0  updates_s=80.2  updates_throttled=0
episode=2477
  mode      collector=async  worker=1  epsilon=0.000
  outcome   reward=-0.07259999999986455  success=0/1 (0.00%)  steps=mean:926.0 range:[926,926]
  training  completed=2483/2500  queue=0/256 (0%)  replay=200000/200000  updates=97  loss=0.02822  policy_version=2392
  throughput env_steps_s=323.2  transitions_s=323.2  transitions_step=1.0  updates_s=81.2  updates_throttled=0
episode=2481
  mode      collector=async  worker=3  epsilon=0.000
  outcome   reward=-3.0549999999999704  success=0/1 (0.00%)  steps=mean:750.0 range:[750,750]
  training  completed=2484/2500  queue=0/256 (0%)  replay=200000/200000  updates=201  loss=0.04609  policy_version=2394
  throughput env_steps_s=319.8  transitions_s=319.8  transitions_step=1.0  updates_s=79.8  updates_throttled=0
episode=2484
  mode      collector=async  worker=0  epsilon=0.000
  outcome   reward=-8.020699999999998  success=0/1 (0.00%)  steps=mean:407.0 range:[407,407]
  training  completed=2485/2500  queue=2/256 (1%)  replay=200000/200000  updates=54  loss=0.02771  policy_version=2395
  throughput env_steps_s=328.3  transitions_s=328.3  transitions_step=1.0  updates_s=82.8  updates_throttled=0
episode=2485
  mode      collector=async  worker=2  epsilon=0.000
  outcome   reward=-8.019999999999996  success=0/1 (0.00%)  steps=mean:400.0 range:[400,400]
  training  completed=2486/2500  queue=0/256 (0%)  replay=200000/200000  updates=48  loss=0.05016  policy_version=2395
  throughput env_steps_s=324.0  transitions_s=324.0  transitions_step=1.0  updates_s=80.2  updates_throttled=0
episode=2488
  mode      collector=async  worker=0  epsilon=0.000
  outcome   reward=-10.0068  success=0/1 (0.00%)  steps=mean:68.0 range:[68,68]
  training  completed=2487/2500  queue=0/256 (0%)  replay=200000/200000  updates=19  loss=0.01206  policy_version=2396
  throughput env_steps_s=324.6  transitions_s=324.6  transitions_step=1.0  updates_s=81.2  updates_throttled=0
episode=2486
  mode      collector=async  worker=1  epsilon=0.000
  outcome   reward=-6.025500000000019  success=0/1 (0.00%)  steps=mean:455.0 range:[455,455]
  training  completed=2488/2500  queue=0/256 (0%)  replay=200000/200000  updates=133  loss=0.06868  policy_version=2397
  throughput env_steps_s=322.7  transitions_s=322.7  transitions_step=1.0  updates_s=80.8  updates_throttled=0
episode=2489
  mode      collector=async  worker=2  epsilon=0.000
  outcome   reward=-8.999999999999998  success=0/1 (0.00%)  steps=mean:200.0 range:[200,200]
  training  completed=2489/2500  queue=0/256 (0%)  replay=200000/200000  updates=45  loss=0.05482  policy_version=2397
  throughput env_steps_s=316.8  transitions_s=316.8  transitions_step=1.0  updates_s=78.8  updates_throttled=0
episode=2490
  mode      collector=async  worker=0  epsilon=0.000
  outcome   reward=-9.002699999999999  success=0/1 (0.00%)  steps=mean:227.0 range:[227,227]
  training  completed=2490/2500  queue=0/256 (0%)  replay=200000/200000  updates=53  loss=0.03245  policy_version=2398
  throughput env_steps_s=314.1  transitions_s=314.1  transitions_step=1.0  updates_s=78.5  updates_throttled=0
episode=2487
  mode      collector=async  worker=3  epsilon=0.000
  outcome   reward=-7.02360000000002  success=0/1 (0.00%)  steps=mean:436.0 range:[436,436]
  training  completed=2491/2500  queue=0/256 (0%)  replay=200000/200000  updates=84  loss=0.02735  policy_version=2399
  throughput env_steps_s=327.3  transitions_s=327.3  transitions_step=1.0  updates_s=82.1  updates_throttled=0
episode=2491
  mode      collector=async  worker=1  epsilon=0.000
  outcome   reward=-9.003999999999998  success=0/1 (0.00%)  steps=mean:240.0 range:[240,240]
  training  completed=2492/2500  queue=0/256 (0%)  replay=200000/200000  updates=59  loss=0.03035  policy_version=2399
  throughput env_steps_s=325.8  transitions_s=325.8  transitions_step=1.0  updates_s=80.8  updates_throttled=0
episode=2492
  mode      collector=async  worker=2  epsilon=0.000
  outcome   reward=-7.059200000000068  success=0/1 (0.00%)  steps=mean:792.0 range:[792,792]
  training  completed=2493/2500  queue=0/256 (0%)  replay=200000/200000  updates=597  loss=0.04539  policy_version=2405
  throughput env_steps_s=326.6  transitions_s=326.6  transitions_step=1.0  updates_s=81.7  updates_throttled=0
episode=2494
  mode      collector=async  worker=3  epsilon=0.000
  outcome   reward=-6.049600000000021  success=0/1 (0.00%)  steps=mean:696.0 range:[696,696]
  training  completed=2494/2500  queue=0/256 (0%)  replay=200000/200000  updates=35  loss=0.02042  policy_version=2406
  throughput env_steps_s=317.9  transitions_s=317.9  transitions_step=1.0  updates_s=80.6  updates_throttled=0
episode=2493
  mode      collector=async  worker=0  epsilon=0.000
  outcome   reward=-5.066300000000047  success=0/1 (0.00%)  steps=mean:863.0 range:[863,863]
  training  completed=2495/2500  queue=0/256 (0%)  replay=200000/200000  updates=97  loss=0.03671  policy_version=2407
  throughput env_steps_s=313.1  transitions_s=313.1  transitions_step=1.0  updates_s=78.3  updates_throttled=0
episode=2496
  mode      collector=async  worker=2  epsilon=0.000
  outcome   reward=-5.0497000000000405  success=0/1 (0.00%)  steps=mean:697.0 range:[697,697]
  training  completed=2496/2500  queue=0/256 (0%)  replay=200000/200000  updates=566  loss=0.03775  policy_version=2412
  throughput env_steps_s=323.7  transitions_s=323.7  transitions_step=1.0  updates_s=80.9  updates_throttled=0
episode=2499
  mode      collector=async  worker=2  epsilon=0.000
  outcome   reward=-9.003799999999998  success=0/1 (0.00%)  steps=mean:238.0 range:[238,238]
  training  completed=2497/2500  queue=0/256 (0%)  replay=200000/200000  updates=239  loss=0.03788  policy_version=2415
  throughput env_steps_s=320.6  transitions_s=320.6  transitions_step=1.0  updates_s=80.2  updates_throttled=0
episode=2498
  mode      collector=async  worker=0  epsilon=0.000
  outcome   reward=-2.088299999999908  success=0/1 (0.00%)  steps=mean:1083.0 range:[1083,1083]
  training  completed=2498/2500  queue=0/256 (0%)  replay=200000/200000  updates=212  loss=0.05203  policy_version=2417
  throughput env_steps_s=326.2  transitions_s=326.2  transitions_step=1.0  updates_s=81.5  updates_throttled=0
episode=2497
  mode      collector=async  worker=3  epsilon=0.000
  outcome   reward=3.8621000000001633  success=0/1 (0.00%)  steps=mean:1579.0 range:[1579,1579]
  training  completed=2499/2500  queue=0/256 (0%)  replay=200000/200000  updates=195  loss=0.03984  policy_version=2419
  throughput env_steps_s=306.0  transitions_s=306.0  transitions_step=1.0  updates_s=76.6  updates_throttled=0
episode=2495
  mode      collector=async  worker=1  epsilon=0.000
  outcome   reward=10.77000000000031  success=0/1 (0.00%)  steps=mean:2500.0 range:[2500,2500]
  training  completed=2500/2500  queue=0/256 (0%)  replay=200000/200000  updates=72  loss=0.06756  policy_version=2419
  throughput env_steps_s=204.4  transitions_s=204.4  transitions_step=1.0  updates_s=50.8  updates_throttled=0
Saved checkpoint: checkpoints/breakout_27bricks_v2/ckpt-2500
Scheduled replay buffer save: checkpoints/breakout_27bricks_v2/replay-2500.npz transitions=200000
Evaluating frozen checkpoint episode=2500 episodes=20 metric=auto...
Saved weights: breakout_27bricks_v2.weights.h5
Saved replay buffer: checkpoints/breakout_27bricks_v2/replay-2500.npz transitions=200000
Frozen evaluation episode=2500: success=0/20 (0.00%) reward_mean=0.7223 steps_mean=1456.7
