Using training backend: dqn (train_generic_dqn.py)
WARNING: All log messages before absl::InitializeLog() is called are written to STDERR
I0000 00:00:1784282144.374226   23932 port.cc:153] oneDNN custom operations are on. You may see slightly different numerical results due to floating-point round-off errors from different computation orders. To turn them off, set the environment variable `TF_ENABLE_ONEDNN_OPTS=0`.
I0000 00:00:1784282144.569829   23932 cpu_feature_guard.cc:227] This TensorFlow binary is optimized to use available CPU instructions in performance-critical operations.
To enable the following instructions: AVX2 AVX_VNNI FMA, in other operations, rebuild TensorFlow with the appropriate compiler flags.
WARNING: All log messages before absl::InitializeLog() is called are written to STDERR
I0000 00:00:1784282145.443282   23932 port.cc:153] oneDNN custom operations are on. You may see slightly different numerical results due to floating-point round-off errors from different computation orders. To turn them off, set the environment variable `TF_ENABLE_ONEDNN_OPTS=0`.
TensorFlow GPU devices: [PhysicalDevice(name='/physical_device:GPU:0', device_type='GPU')] memory_growth=enabled
Started Godot instances on ports [6400, 6401, 6402, 6403]
Scenario spec: agent_id=BreakoutPaddle agent_count=1 agents=['BreakoutPaddle'] multi_agent=False teams=[] unassigned=1 obs_dim=5 num_actions=3 actions=['idle', 'move_left', 'move_right']
I0000 00:00:1784282149.939477   23932 gpu_device.cc:2043] Created device /job:localhost/replica:0/task:0/device:GPU:0 with 6158 MB memory:  -> device: 0, name: NVIDIA GeForce RTX 4060 Laptop GPU, pci bus id: 0000:01:00.0, compute capability: 8.9
Epsilon schedule: start=1.000 min=0.000 decay=0.996323 (derived); reaches 0.010 at episode 1250/2500
DQN learner: compiled batched graph
Collector mode: async workers=4 queue=256 policy_sync_steps=100 update_basis=transitions update_every=4 updates_per_interval=1 max_updates_per_env_step=1
episode=0000
  mode      collector=async  worker=2  epsilon=0.996
  outcome   reward=-1.0063  progress=0.0000  success=0/1 (0.00%)  steps=mean:63.0 range:[63,63]
  training  completed=1/2500  queue=0/256 (0%)  replay=129/200000  updates=0  loss=0.00000  policy_version=0
  throughput env_steps_s=2994.7  transitions_s=2994.7  transitions_step=1.0  updates_s=0.0  updates_throttled=0
episode=0002
  mode      collector=async  worker=3  epsilon=0.993
  outcome   reward=-1.0063  progress=0.0000  success=0/1 (0.00%)  steps=mean:63.0 range:[63,63]
  training  completed=2/2500  queue=0/256 (0%)  replay=169/200000  updates=0  loss=0.00000  policy_version=0
  throughput env_steps_s=3282.7  transitions_s=3282.7  transitions_step=1.0  updates_s=0.0  updates_throttled=0
episode=0004
  mode      collector=async  worker=2  epsilon=0.989
  outcome   reward=-1.006  progress=0.0000  success=0/1 (0.00%)  steps=mean:60.0 range:[60,60]
  training  completed=3/2500  queue=0/256 (0%)  replay=291/200000  updates=0  loss=0.00000  policy_version=0
  throughput env_steps_s=1027.1  transitions_s=1027.1  transitions_step=1.0  updates_s=0.0  updates_throttled=0
episode=0005
  mode      collector=async  worker=3  epsilon=0.985
  outcome   reward=-1.0061  progress=0.0000  success=0/1 (0.00%)  steps=mean:61.0 range:[61,61]
  training  completed=4/2500  queue=0/256 (0%)  replay=374/200000  updates=0  loss=0.00000  policy_version=0
  throughput env_steps_s=4221.3  transitions_s=4221.3  transitions_step=1.0  updates_s=0.0  updates_throttled=0
episode=0003
  mode      collector=async  worker=1  epsilon=0.982
  outcome   reward=-1.0064  progress=0.0000  success=0/1 (0.00%)  steps=mean:64.0 range:[64,64]
  training  completed=5/2500  queue=0/256 (0%)  replay=471/200000  updates=0  loss=0.00000  policy_version=0
  throughput env_steps_s=5910.3  transitions_s=5910.3  transitions_step=1.0  updates_s=0.0  updates_throttled=0
episode=0006
  mode      collector=async  worker=2  epsilon=0.978
  outcome   reward=-1.0064  progress=0.0000  success=0/1 (0.00%)  steps=mean:64.0 range:[64,64]
  training  completed=6/2500  queue=0/256 (0%)  replay=562/200000  updates=0  loss=0.00000  policy_version=0
  throughput env_steps_s=5650.2  transitions_s=5650.2  transitions_step=1.0  updates_s=0.0  updates_throttled=0
episode=0007
  mode      collector=async  worker=3  epsilon=0.975
  outcome   reward=-1.0062  progress=0.0000  success=0/1 (0.00%)  steps=mean:62.0 range:[62,62]
  training  completed=7/2500  queue=0/256 (0%)  replay=695/200000  updates=0  loss=0.00000  policy_version=0
  throughput env_steps_s=4521.7  transitions_s=4521.7  transitions_step=1.0  updates_s=0.0  updates_throttled=0
episode=0008
  mode      collector=async  worker=1  epsilon=0.971
  outcome   reward=-1.0065  progress=0.0000  success=0/1 (0.00%)  steps=mean:65.0 range:[65,65]
  training  completed=8/2500  queue=0/256 (0%)  replay=739/200000  updates=0  loss=0.00000  policy_version=0
  throughput env_steps_s=4328.6  transitions_s=4328.6  transitions_step=1.0  updates_s=0.0  updates_throttled=0
episode=0009
  mode      collector=async  worker=2  epsilon=0.967
  outcome   reward=-1.0064  progress=0.0000  success=0/1 (0.00%)  steps=mean:64.0 range:[64,64]
  training  completed=9/2500  queue=0/256 (0%)  replay=832/200000  updates=0  loss=0.00000  policy_version=0
  throughput env_steps_s=3526.1  transitions_s=3526.1  transitions_step=1.0  updates_s=0.0  updates_throttled=0
episode=0010
  mode      collector=async  worker=3  epsilon=0.964
  outcome   reward=-1.0065  progress=0.0000  success=0/1 (0.00%)  steps=mean:65.0 range:[65,65]
  training  completed=10/2500  queue=0/256 (0%)  replay=911/200000  updates=0  loss=0.00000  policy_version=0
  throughput env_steps_s=3175.3  transitions_s=3175.3  transitions_step=1.0  updates_s=0.0  updates_throttled=0
episode=0001
  mode      collector=async  worker=0  epsilon=0.960
  outcome   reward=-0.0036999999999989264  progress=0.0370  success=0/1 (0.00%)  steps=mean:237.0 range:[237,237]
  training  completed=11/2500  queue=0/256 (0%)  replay=922/200000  updates=0  loss=0.00000  policy_version=0
  throughput env_steps_s=3777.1  transitions_s=3777.1  transitions_step=1.0  updates_s=0.0  updates_throttled=0
episode=0011
  mode      collector=async  worker=1  epsilon=0.957
  outcome   reward=-1.006  progress=0.0000  success=0/1 (0.00%)  steps=mean:60.0 range:[60,60]
  training  completed=12/2500  queue=0/256 (0%)  replay=1021/200000  updates=0  loss=0.00000  policy_version=0
  throughput env_steps_s=2443.9  transitions_s=2443.9  transitions_step=1.0  updates_s=0.0  updates_throttled=0
episode=0015
  mode      collector=async  worker=1  epsilon=0.953
  outcome   reward=-1.0062  progress=0.0000  success=0/1 (0.00%)  steps=mean:62.0 range:[62,62]
  training  completed=13/2500  queue=0/256 (0%)  replay=1240/200000  updates=0  loss=0.00000  policy_version=0
  throughput env_steps_s=2826.2  transitions_s=2826.2  transitions_step=1.0  updates_s=0.0  updates_throttled=0
episode=0016
  mode      collector=async  worker=1  epsilon=0.950
  outcome   reward=-1.0061  progress=0.0000  success=0/1 (0.00%)  steps=mean:61.0 range:[61,61]
  training  completed=14/2500  queue=0/256 (0%)  replay=1501/200000  updates=0  loss=0.00000  policy_version=0
  throughput env_steps_s=3092.0  transitions_s=3092.0  transitions_step=1.0  updates_s=0.0  updates_throttled=0
episode=0012
  mode      collector=async  worker=2  epsilon=0.946
  outcome   reward=0.001100000000000767  progress=0.0370  success=0/1 (0.00%)  steps=mean:189.0 range:[189,189]
  training  completed=15/2500  queue=0/256 (0%)  replay=1590/200000  updates=0  loss=0.00000  policy_version=0
  throughput env_steps_s=4274.8  transitions_s=4274.8  transitions_step=1.0  updates_s=0.0  updates_throttled=0
episode=0014
  mode      collector=async  worker=0  epsilon=0.943
  outcome   reward=0.001500000000000945  progress=0.0370  success=0/1 (0.00%)  steps=mean:185.0 range:[185,185]
  training  completed=16/2500  queue=0/256 (0%)  replay=1615/200000  updates=0  loss=0.00000  policy_version=0
  throughput env_steps_s=4935.3  transitions_s=4935.3  transitions_step=1.0  updates_s=0.0  updates_throttled=0
episode=0017
  mode      collector=async  worker=1  epsilon=0.939
  outcome   reward=-1.0062  progress=0.0000  success=0/1 (0.00%)  steps=mean:62.0 range:[62,62]
  training  completed=17/2500  queue=0/256 (0%)  replay=1801/200000  updates=0  loss=0.00000  policy_version=0
  throughput env_steps_s=2615.3  transitions_s=2615.3  transitions_step=1.0  updates_s=0.0  updates_throttled=0
episode=0018
  mode      collector=async  worker=2  epsilon=0.936
  outcome   reward=-1.0067  progress=0.0000  success=0/1 (0.00%)  steps=mean:67.0 range:[67,67]
  training  completed=18/2500  queue=0/256 (0%)  replay=1843/200000  updates=0  loss=0.00000  policy_version=0
  throughput env_steps_s=2831.2  transitions_s=2831.2  transitions_step=1.0  updates_s=0.0  updates_throttled=0
episode=0019
  mode      collector=async  worker=0  epsilon=0.932
  outcome   reward=-1.0062  progress=0.0000  success=0/1 (0.00%)  steps=mean:62.0 range:[62,62]
  training  completed=19/2500  queue=0/256 (0%)  replay=1873/200000  updates=0  loss=0.00000  policy_version=0
  throughput env_steps_s=2490.9  transitions_s=2490.9  transitions_step=1.0  updates_s=0.0  updates_throttled=0
episode=0020
  mode      collector=async  worker=1  epsilon=0.929
  outcome   reward=-1.0065  progress=0.0000  success=0/1 (0.00%)  steps=mean:65.0 range:[65,65]
  training  completed=20/2500  queue=11/256 (4%)  replay=2015/200000  updates=0  loss=0.00000  policy_version=0
  throughput env_steps_s=2522.6  transitions_s=2522.6  transitions_step=1.0  updates_s=0.0  updates_throttled=0
episode=0021
  mode      collector=async  worker=2  epsilon=0.926
  outcome   reward=-1.0063  progress=0.0000  success=0/1 (0.00%)  steps=mean:63.0 range:[63,63]
  training  completed=21/2500  queue=0/256 (0%)  replay=2102/200000  updates=0  loss=0.00000  policy_version=0
  throughput env_steps_s=2492.2  transitions_s=2492.2  transitions_step=1.0  updates_s=0.0  updates_throttled=0
episode=0022
  mode      collector=async  worker=0  epsilon=0.922
  outcome   reward=-1.0061  progress=0.0000  success=0/1 (0.00%)  steps=mean:61.0 range:[61,61]
  training  completed=22/2500  queue=0/256 (0%)  replay=2119/200000  updates=0  loss=0.00000  policy_version=0
  throughput env_steps_s=3222.1  transitions_s=3222.1  transitions_step=1.0  updates_s=0.0  updates_throttled=0
episode=0023
  mode      collector=async  worker=1  epsilon=0.919
  outcome   reward=-1.0067  progress=0.0000  success=0/1 (0.00%)  steps=mean:67.0 range:[67,67]
  training  completed=23/2500  queue=0/256 (0%)  replay=2294/200000  updates=0  loss=0.00000  policy_version=0
  throughput env_steps_s=2295.5  transitions_s=2295.5  transitions_step=1.0  updates_s=0.0  updates_throttled=0
episode=0025
  mode      collector=async  worker=0  epsilon=0.915
  outcome   reward=-1.0066  progress=0.0000  success=0/1 (0.00%)  steps=mean:66.0 range:[66,66]
  training  completed=24/2500  queue=0/256 (0%)  replay=2350/200000  updates=0  loss=0.00000  policy_version=0
  throughput env_steps_s=2766.9  transitions_s=2766.9  transitions_step=1.0  updates_s=0.0  updates_throttled=0
episode=0024
  mode      collector=async  worker=2  epsilon=0.912
  outcome   reward=-1.0065  progress=0.0000  success=0/1 (0.00%)  steps=mean:65.0 range:[65,65]
  training  completed=25/2500  queue=0/256 (0%)  replay=2380/200000  updates=0  loss=0.00000  policy_version=0
  throughput env_steps_s=2072.3  transitions_s=2072.3  transitions_step=1.0  updates_s=0.0  updates_throttled=0
episode=0026
  mode      collector=async  worker=1  epsilon=0.909
  outcome   reward=-1.0065  progress=0.0000  success=0/1 (0.00%)  steps=mean:65.0 range:[65,65]
  training  completed=26/2500  queue=0/256 (0%)  replay=2587/200000  updates=0  loss=0.00000  policy_version=0
  throughput env_steps_s=2542.9  transitions_s=2542.9  transitions_step=1.0  updates_s=0.0  updates_throttled=0
episode=0027
  mode      collector=async  worker=0  epsilon=0.905
  outcome   reward=-1.0063  progress=0.0000  success=0/1 (0.00%)  steps=mean:63.0 range:[63,63]
  training  completed=27/2500  queue=0/256 (0%)  replay=2618/200000  updates=0  loss=0.00000  policy_version=0
  throughput env_steps_s=1737.5  transitions_s=1737.5  transitions_step=1.0  updates_s=0.0  updates_throttled=0
episode=0028
  mode      collector=async  worker=2  epsilon=0.902
  outcome   reward=-1.0065  progress=0.0000  success=0/1 (0.00%)  steps=mean:65.0 range:[65,65]
  training  completed=28/2500  queue=0/256 (0%)  replay=2642/200000  updates=0  loss=0.00000  policy_version=0
  throughput env_steps_s=1569.8  transitions_s=1569.8  transitions_step=1.0  updates_s=0.0  updates_throttled=0
episode=0013
  mode      collector=async  worker=3  epsilon=0.899
  outcome   reward=1.9757999999999838  progress=0.1111  success=0/1 (0.00%)  steps=mean:442.0 range:[442,442]
  training  completed=29/2500  queue=0/256 (0%)  replay=2701/200000  updates=0  loss=0.00000  policy_version=0
  throughput env_steps_s=2668.6  transitions_s=2668.6  transitions_step=1.0  updates_s=0.0  updates_throttled=0
episode=0029
  mode      collector=async  worker=1  epsilon=0.895
  outcome   reward=-1.0061  progress=0.0000  success=0/1 (0.00%)  steps=mean:61.0 range:[61,61]
  training  completed=30/2500  queue=0/256 (0%)  replay=2803/200000  updates=0  loss=0.00000  policy_version=0
  throughput env_steps_s=2170.8  transitions_s=2170.8  transitions_step=1.0  updates_s=0.0  updates_throttled=0
episode=0031
  mode      collector=async  worker=2  epsilon=0.892
  outcome   reward=-1.0061  progress=0.0000  success=0/1 (0.00%)  steps=mean:61.0 range:[61,61]
  training  completed=31/2500  queue=0/256 (0%)  replay=2862/200000  updates=0  loss=0.00000  policy_version=0
  throughput env_steps_s=1515.1  transitions_s=1515.1  transitions_step=1.0  updates_s=0.0  updates_throttled=0
episode=0030
  mode      collector=async  worker=0  epsilon=0.889
  outcome   reward=-1.0065  progress=0.0000  success=0/1 (0.00%)  steps=mean:65.0 range:[65,65]
  training  completed=32/2500  queue=0/256 (0%)  replay=2887/200000  updates=0  loss=0.00000  policy_version=0
  throughput env_steps_s=2086.2  transitions_s=2086.2  transitions_step=1.0  updates_s=0.0  updates_throttled=0
episode=0032
  mode      collector=async  worker=3  epsilon=0.886
  outcome   reward=-1.0063  progress=0.0000  success=0/1 (0.00%)  steps=mean:63.0 range:[63,63]
  training  completed=33/2500  queue=0/256 (0%)  replay=2980/200000  updates=0  loss=0.00000  policy_version=0
  throughput env_steps_s=1878.2  transitions_s=1878.2  transitions_step=1.0  updates_s=0.0  updates_throttled=0
episode=0034
  mode      collector=async  worker=2  epsilon=0.882
  outcome   reward=-1.0064  progress=0.0000  success=0/1 (0.00%)  steps=mean:64.0 range:[64,64]
  training  completed=34/2500  queue=0/256 (0%)  replay=3074/200000  updates=0  loss=0.00000  policy_version=0
  throughput env_steps_s=2656.0  transitions_s=2656.0  transitions_step=1.0  updates_s=0.0  updates_throttled=0
episode=0035
  mode      collector=async  worker=0  epsilon=0.879
  outcome   reward=-1.0064  progress=0.0000  success=0/1 (0.00%)  steps=mean:64.0 range:[64,64]
  training  completed=35/2500  queue=0/256 (0%)  replay=3205/200000  updates=0  loss=0.00000  policy_version=0
  throughput env_steps_s=1845.3  transitions_s=1845.3  transitions_step=1.0  updates_s=0.0  updates_throttled=0
episode=0036
  mode      collector=async  worker=3  epsilon=0.876
  outcome   reward=-1.0064  progress=0.0000  success=0/1 (0.00%)  steps=mean:64.0 range:[64,64]
  training  completed=36/2500  queue=0/256 (0%)  replay=3228/200000  updates=0  loss=0.00000  policy_version=0
  throughput env_steps_s=1690.5  transitions_s=1690.5  transitions_step=1.0  updates_s=0.0  updates_throttled=0
episode=0037
  mode      collector=async  worker=2  epsilon=0.873
  outcome   reward=-1.0063  progress=0.0000  success=0/1 (0.00%)  steps=mean:63.0 range:[63,63]
  training  completed=37/2500  queue=0/256 (0%)  replay=3353/200000  updates=0  loss=0.00000  policy_version=0
  throughput env_steps_s=1733.0  transitions_s=1733.0  transitions_step=1.0  updates_s=0.0  updates_throttled=0
episode=0039
  mode      collector=async  worker=3  epsilon=0.869
  outcome   reward=-1.0061  progress=0.0000  success=0/1 (0.00%)  steps=mean:61.0 range:[61,61]
  training  completed=38/2500  queue=0/256 (0%)  replay=3554/200000  updates=0  loss=0.00000  policy_version=0
  throughput env_steps_s=1938.6  transitions_s=1938.6  transitions_step=1.0  updates_s=0.0  updates_throttled=0
episode=0040
  mode      collector=async  worker=2  epsilon=0.866
  outcome   reward=-1.0064  progress=0.0000  success=0/1 (0.00%)  steps=mean:64.0 range:[64,64]
  training  completed=39/2500  queue=0/256 (0%)  replay=3573/200000  updates=0  loss=0.00000  policy_version=0
  throughput env_steps_s=4113.3  transitions_s=4113.3  transitions_step=1.0  updates_s=0.0  updates_throttled=0
episode=0041
  mode      collector=async  worker=3  epsilon=0.863
  outcome   reward=-1.0061  progress=0.0000  success=0/1 (0.00%)  steps=mean:61.0 range:[61,61]
  training  completed=40/2500  queue=7/256 (3%)  replay=3792/200000  updates=0  loss=0.00000  policy_version=0
  throughput env_steps_s=2430.0  transitions_s=2430.0  transitions_step=1.0  updates_s=0.0  updates_throttled=0
episode=0042
  mode      collector=async  worker=2  epsilon=0.860
  outcome   reward=-1.0067  progress=0.0000  success=0/1 (0.00%)  steps=mean:67.0 range:[67,67]
  training  completed=41/2500  queue=0/256 (0%)  replay=3892/200000  updates=0  loss=0.00000  policy_version=0
  throughput env_steps_s=1447.6  transitions_s=1447.6  transitions_step=1.0  updates_s=0.0  updates_throttled=0
episode=0038
  mode      collector=async  worker=0  epsilon=0.857
  outcome   reward=-0.004399999999998849  progress=0.0370  success=0/1 (0.00%)  steps=mean:244.0 range:[244,244]
  training  completed=42/2500  queue=0/256 (0%)  replay=4076/200000  updates=0  loss=0.00000  policy_version=0
  throughput env_steps_s=1509.8  transitions_s=1509.8  transitions_step=1.0  updates_s=0.0  updates_throttled=0
episode=0045
  mode      collector=async  worker=0  epsilon=0.853
  outcome   reward=-1.0067  progress=0.0000  success=0/1 (0.00%)  steps=mean:67.0 range:[67,67]
  training  completed=43/2500  queue=0/256 (0%)  replay=4371/200000  updates=0  loss=0.00000  policy_version=0
  throughput env_steps_s=1989.6  transitions_s=1989.6  transitions_step=1.0  updates_s=0.0  updates_throttled=0
episode=0044
  mode      collector=async  worker=2  epsilon=0.850
  outcome   reward=0.001800000000000912  progress=0.0370  success=0/1 (0.00%)  steps=mean:182.0 range:[182,182]
  training  completed=44/2500  queue=0/256 (0%)  replay=4577/200000  updates=0  loss=0.00000  policy_version=0
  throughput env_steps_s=1715.2  transitions_s=1715.2  transitions_step=1.0  updates_s=0.0  updates_throttled=0
episode=0046
  mode      collector=async  worker=0  epsilon=0.847
  outcome   reward=-1.0063  progress=0.0000  success=0/1 (0.00%)  steps=mean:63.0 range:[63,63]
  training  completed=45/2500  queue=0/256 (0%)  replay=4601/200000  updates=0  loss=0.00000  policy_version=0
  throughput env_steps_s=1686.7  transitions_s=1686.7  transitions_step=1.0  updates_s=0.0  updates_throttled=0
episode=0048
  mode      collector=async  worker=0  epsilon=0.844
  outcome   reward=-1.0064  progress=0.0000  success=0/1 (0.00%)  steps=mean:64.0 range:[64,64]
  training  completed=46/2500  queue=0/256 (0%)  replay=4808/200000  updates=0  loss=0.00000  policy_version=0
  throughput env_steps_s=2064.2  transitions_s=2064.2  transitions_step=1.0  updates_s=0.0  updates_throttled=0
episode=0047
  mode      collector=async  worker=2  epsilon=0.841
  outcome   reward=-1.0063  progress=0.0000  success=0/1 (0.00%)  steps=mean:63.0 range:[63,63]
  training  completed=47/2500  queue=0/256 (0%)  replay=4910/200000  updates=0  loss=0.00000  policy_version=0
  throughput env_steps_s=1723.4  transitions_s=1723.4  transitions_step=1.0  updates_s=0.0  updates_throttled=0
episode=0049
  mode      collector=async  worker=0  epsilon=0.838
  outcome   reward=-1.0066  progress=0.0000  success=0/1 (0.00%)  steps=mean:66.0 range:[66,66]
  training  completed=48/2500  queue=0/256 (0%)  replay=5061/200000  updates=0  loss=0.00000  policy_version=0
  throughput env_steps_s=1691.6  transitions_s=1691.6  transitions_step=1.0  updates_s=0.0  updates_throttled=0
episode=0043
  mode      collector=async  worker=3  epsilon=0.835
  outcome   reward=0.9873000000000025  progress=0.0741  success=0/1 (0.00%)  steps=mean:327.0 range:[327,327]
  training  completed=49/2500  queue=0/256 (0%)  replay=5146/200000  updates=0  loss=0.00000  policy_version=0
  throughput env_steps_s=2049.1  transitions_s=2049.1  transitions_step=1.0  updates_s=0.0  updates_throttled=0
episode=0033
  mode      collector=async  worker=1  epsilon=0.832
  outcome   reward=2.959599999999959  progress=0.1481  success=0/1 (0.00%)  steps=mean:604.0 range:[604,604]
  training  completed=50/2500  queue=0/256 (0%)  replay=5153/200000  updates=0  loss=0.00000  policy_version=0
  throughput env_steps_s=793.3  transitions_s=793.3  transitions_step=1.0  updates_s=0.0  updates_throttled=0
episode=0050
  mode      collector=async  worker=2  epsilon=0.829
  outcome   reward=-1.0066  progress=0.0000  success=0/1 (0.00%)  steps=mean:66.0 range:[66,66]
  training  completed=51/2500  queue=0/256 (0%)  replay=5195/200000  updates=0  loss=0.00000  policy_version=0
  throughput env_steps_s=1691.0  transitions_s=1691.0  transitions_step=1.0  updates_s=0.0  updates_throttled=0
episode=0054
  mode      collector=async  worker=2  epsilon=0.826
  outcome   reward=-1.006  progress=0.0000  success=0/1 (0.00%)  steps=mean:60.0 range:[60,60]
  training  completed=52/2500  queue=0/256 (0%)  replay=5391/200000  updates=0  loss=0.00000  policy_version=0
  throughput env_steps_s=1587.3  transitions_s=1587.3  transitions_step=1.0  updates_s=0.0  updates_throttled=0
episode=0053
  mode      collector=async  worker=1  epsilon=0.823
  outcome   reward=-1.0064  progress=0.0000  success=0/1 (0.00%)  steps=mean:64.0 range:[64,64]
  training  completed=53/2500  queue=0/256 (0%)  replay=5431/200000  updates=0  loss=0.00000  policy_version=0
  throughput env_steps_s=3049.1  transitions_s=3049.1  transitions_step=1.0  updates_s=0.0  updates_throttled=0
episode=0052
  mode      collector=async  worker=3  epsilon=0.820
  outcome   reward=-1.0061  progress=0.0000  success=0/1 (0.00%)  steps=mean:61.0 range:[61,61]
  training  completed=54/2500  queue=0/256 (0%)  replay=5442/200000  updates=0  loss=0.00000  policy_version=0
  throughput env_steps_s=1175.4  transitions_s=1175.4  transitions_step=1.0  updates_s=0.0  updates_throttled=0
episode=0057
  mode      collector=async  worker=3  epsilon=0.817
  outcome   reward=-1.0062  progress=0.0000  success=0/1 (0.00%)  steps=mean:62.0 range:[62,62]
  training  completed=55/2500  queue=0/256 (0%)  replay=5689/200000  updates=0  loss=0.00000  policy_version=0
  throughput env_steps_s=1575.2  transitions_s=1575.2  transitions_step=1.0  updates_s=0.0  updates_throttled=0
episode=0056
  mode      collector=async  worker=1  epsilon=0.814
  outcome   reward=-1.0064  progress=0.0000  success=0/1 (0.00%)  steps=mean:64.0 range:[64,64]
  training  completed=56/2500  queue=0/256 (0%)  replay=5731/200000  updates=0  loss=0.00000  policy_version=0
  throughput env_steps_s=1411.8  transitions_s=1411.8  transitions_step=1.0  updates_s=0.0  updates_throttled=0
episode=0051
  mode      collector=async  worker=0  epsilon=0.811
  outcome   reward=-0.00039999999999906777  progress=0.0370  success=0/1 (0.00%)  steps=mean:204.0 range:[204,204]
  training  completed=57/2500  queue=0/256 (0%)  replay=5888/200000  updates=0  loss=0.00000  policy_version=0
  throughput env_steps_s=1397.9  transitions_s=1397.9  transitions_step=1.0  updates_s=0.0  updates_throttled=0
episode=0058
  mode      collector=async  worker=3  epsilon=0.808
  outcome   reward=-1.0062  progress=0.0000  success=0/1 (0.00%)  steps=mean:62.0 range:[62,62]
  training  completed=58/2500  queue=0/256 (0%)  replay=5923/200000  updates=0  loss=0.00000  policy_version=0
  throughput env_steps_s=2362.5  transitions_s=2362.5  transitions_step=1.0  updates_s=0.0  updates_throttled=0
episode=0059
  mode      collector=async  worker=1  epsilon=0.805
  outcome   reward=-1.0063  progress=0.0000  success=0/1 (0.00%)  steps=mean:63.0 range:[63,63]
  training  completed=59/2500  queue=0/256 (0%)  replay=5989/200000  updates=0  loss=0.00000  policy_version=0
  throughput env_steps_s=1158.0  transitions_s=1158.0  transitions_step=1.0  updates_s=0.0  updates_throttled=0
episode=0061
  mode      collector=async  worker=3  epsilon=0.802
  outcome   reward=-1.0061  progress=0.0000  success=0/1 (0.00%)  steps=mean:61.0 range:[61,61]
  training  completed=60/2500  queue=5/256 (2%)  replay=6142/200000  updates=0  loss=0.00000  policy_version=0
  throughput env_steps_s=1506.0  transitions_s=1506.0  transitions_step=1.0  updates_s=0.0  updates_throttled=0
episode=0062
  mode      collector=async  worker=1  epsilon=0.799
  outcome   reward=-1.0062  progress=0.0000  success=0/1 (0.00%)  steps=mean:62.0 range:[62,62]
  training  completed=61/2500  queue=0/256 (0%)  replay=6257/200000  updates=0  loss=0.00000  policy_version=0
  throughput env_steps_s=1371.5  transitions_s=1371.5  transitions_step=1.0  updates_s=0.0  updates_throttled=0
episode=0055
  mode      collector=async  worker=2  epsilon=0.796
  outcome   reward=-0.00429999999999886  progress=0.0370  success=0/1 (0.00%)  steps=mean:243.0 range:[243,243]
  training  completed=62/2500  queue=0/256 (0%)  replay=6321/200000  updates=0  loss=0.00000  policy_version=0
  throughput env_steps_s=2022.2  transitions_s=2022.2  transitions_step=1.0  updates_s=0.0  updates_throttled=0
episode=0063
  mode      collector=async  worker=3  epsilon=0.793
  outcome   reward=-1.0067  progress=0.0000  success=0/1 (0.00%)  steps=mean:67.0 range:[67,67]
  training  completed=63/2500  queue=0/256 (0%)  replay=6439/200000  updates=0  loss=0.00000  policy_version=0
  throughput env_steps_s=1342.5  transitions_s=1342.5  transitions_step=1.0  updates_s=0.0  updates_throttled=0
episode=0064
  mode      collector=async  worker=1  epsilon=0.790
  outcome   reward=-1.0061  progress=0.0000  success=0/1 (0.00%)  steps=mean:61.0 range:[61,61]
  training  completed=64/2500  queue=0/256 (0%)  replay=6481/200000  updates=0  loss=0.00000  policy_version=0
  throughput env_steps_s=2762.6  transitions_s=2762.6  transitions_step=1.0  updates_s=0.0  updates_throttled=0
episode=0065
  mode      collector=async  worker=2  epsilon=0.787
  outcome   reward=-1.0065  progress=0.0000  success=0/1 (0.00%)  steps=mean:65.0 range:[65,65]
  training  completed=65/2500  queue=0/256 (0%)  replay=6608/200000  updates=0  loss=0.00000  policy_version=0
  throughput env_steps_s=1310.1  transitions_s=1310.1  transitions_step=1.0  updates_s=0.0  updates_throttled=0
episode=0066
  mode      collector=async  worker=3  epsilon=0.784
  outcome   reward=-1.0065  progress=0.0000  success=0/1 (0.00%)  steps=mean:65.0 range:[65,65]
  training  completed=66/2500  queue=0/256 (0%)  replay=6689/200000  updates=0  loss=0.00000  policy_version=0
  throughput env_steps_s=1076.1  transitions_s=1076.1  transitions_step=1.0  updates_s=0.0  updates_throttled=0
episode=0060
  mode      collector=async  worker=0  epsilon=0.781
  outcome   reward=0.9879000000000022  progress=0.0741  success=0/1 (0.00%)  steps=mean:321.0 range:[321,321]
  training  completed=67/2500  queue=0/256 (0%)  replay=7084/200000  updates=0  loss=0.00000  policy_version=0
  throughput env_steps_s=1313.5  transitions_s=1313.5  transitions_step=1.0  updates_s=0.0  updates_throttled=0
episode=0067
  mode      collector=async  worker=1  epsilon=0.778
  outcome   reward=0.002200000000000868  progress=0.0370  success=0/1 (0.00%)  steps=mean:178.0 range:[178,178]
  training  completed=68/2500  queue=0/256 (0%)  replay=7199/200000  updates=0  loss=0.00000  policy_version=0
  throughput env_steps_s=1504.1  transitions_s=1504.1  transitions_step=1.0  updates_s=0.0  updates_throttled=0
episode=0068
  mode      collector=async  worker=2  epsilon=0.776
  outcome   reward=0.002900000000000791  progress=0.0370  success=0/1 (0.00%)  steps=mean:171.0 range:[171,171]
  training  completed=69/2500  queue=0/256 (0%)  replay=7287/200000  updates=0  loss=0.00000  policy_version=0
  throughput env_steps_s=1006.3  transitions_s=1006.3  transitions_step=1.0  updates_s=0.0  updates_throttled=0
episode=0071
  mode      collector=async  worker=1  epsilon=0.773
  outcome   reward=-1.0062  progress=0.0000  success=0/1 (0.00%)  steps=mean:62.0 range:[62,62]
  training  completed=70/2500  queue=0/256 (0%)  replay=7441/200000  updates=0  loss=0.00000  policy_version=0
  throughput env_steps_s=1154.3  transitions_s=1154.3  transitions_step=1.0  updates_s=0.0  updates_throttled=0
episode=0072
  mode      collector=async  worker=2  epsilon=0.770
  outcome   reward=-1.0065  progress=0.0000  success=0/1 (0.00%)  steps=mean:65.0 range:[65,65]
  training  completed=71/2500  queue=0/256 (0%)  replay=7564/200000  updates=0  loss=0.00000  policy_version=0
  throughput env_steps_s=1205.1  transitions_s=1205.1  transitions_step=1.0  updates_s=0.0  updates_throttled=0
episode=0069
  mode      collector=async  worker=3  epsilon=0.767
  outcome   reward=-0.003999999999998893  progress=0.0370  success=0/1 (0.00%)  steps=mean:240.0 range:[240,240]
  training  completed=72/2500  queue=0/256 (0%)  replay=7687/200000  updates=0  loss=0.00000  policy_version=0
  throughput env_steps_s=1303.6  transitions_s=1303.6  transitions_step=1.0  updates_s=0.0  updates_throttled=0
episode=0073
  mode      collector=async  worker=1  epsilon=0.764
  outcome   reward=-1.0064  progress=0.0000  success=0/1 (0.00%)  steps=mean:64.0 range:[64,64]
  training  completed=73/2500  queue=0/256 (0%)  replay=7724/200000  updates=0  loss=0.00000  policy_version=0
  throughput env_steps_s=1073.9  transitions_s=1073.9  transitions_step=1.0  updates_s=0.0  updates_throttled=0
episode=0074
  mode      collector=async  worker=2  epsilon=0.761
  outcome   reward=-1.0063  progress=0.0000  success=0/1 (0.00%)  steps=mean:63.0 range:[63,63]
  training  completed=74/2500  queue=0/256 (0%)  replay=7769/200000  updates=0  loss=0.00000  policy_version=0
  throughput env_steps_s=1233.2  transitions_s=1233.2  transitions_step=1.0  updates_s=0.0  updates_throttled=0
episode=0070
  mode      collector=async  worker=0  epsilon=0.759
  outcome   reward=0.001500000000000723  progress=0.0370  success=0/1 (0.00%)  steps=mean:185.0 range:[185,185]
  training  completed=75/2500  queue=0/256 (0%)  replay=7818/200000  updates=0  loss=0.00000  policy_version=0
  throughput env_steps_s=1610.0  transitions_s=1610.0  transitions_step=1.0  updates_s=0.0  updates_throttled=0
episode=0076
  mode      collector=async  worker=1  epsilon=0.756
  outcome   reward=-1.0062  progress=0.0000  success=0/1 (0.00%)  steps=mean:62.0 range:[62,62]
  training  completed=76/2500  queue=0/256 (0%)  replay=7961/200000  updates=0  loss=0.00000  policy_version=0
  throughput env_steps_s=1225.1  transitions_s=1225.1  transitions_step=1.0  updates_s=0.0  updates_throttled=0
episode=0075
  mode      collector=async  worker=3  epsilon=0.753
  outcome   reward=-1.0061  progress=0.0000  success=0/1 (0.00%)  steps=mean:61.0 range:[61,61]
  training  completed=77/2500  queue=0/256 (0%)  replay=7973/200000  updates=0  loss=0.00000  policy_version=0
  throughput env_steps_s=1520.9  transitions_s=1520.9  transitions_step=1.0  updates_s=0.0  updates_throttled=0
episode=0077
  mode      collector=async  worker=2  epsilon=0.750
  outcome   reward=-1.0064  progress=0.0000  success=0/1 (0.00%)  steps=mean:64.0 range:[64,64]
  training  completed=78/2500  queue=0/256 (0%)  replay=8041/200000  updates=0  loss=0.00000  policy_version=0
  throughput env_steps_s=900.8  transitions_s=900.8  transitions_step=1.0  updates_s=0.0  updates_throttled=0
episode=0078
  mode      collector=async  worker=0  epsilon=0.747
  outcome   reward=-1.0066  progress=0.0000  success=0/1 (0.00%)  steps=mean:66.0 range:[66,66]
  training  completed=79/2500  queue=0/256 (0%)  replay=8051/200000  updates=0  loss=0.00000  policy_version=0
  throughput env_steps_s=1549.3  transitions_s=1549.3  transitions_step=1.0  updates_s=0.0  updates_throttled=0
episode=0080
  mode      collector=async  worker=3  epsilon=0.745
  outcome   reward=-1.0063  progress=0.0000  success=0/1 (0.00%)  steps=mean:63.0 range:[63,63]
  training  completed=80/2500  queue=16/256 (6%)  replay=8173/200000  updates=0  loss=0.00000  policy_version=0
  throughput env_steps_s=1220.1  transitions_s=1220.1  transitions_step=1.0  updates_s=0.0  updates_throttled=0
episode=0079
  mode      collector=async  worker=1  epsilon=0.742
  outcome   reward=-1.0065  progress=0.0000  success=0/1 (0.00%)  steps=mean:65.0 range:[65,65]
  training  completed=81/2500  queue=0/256 (0%)  replay=8257/200000  updates=0  loss=0.00000  policy_version=0
  throughput env_steps_s=1619.8  transitions_s=1619.8  transitions_step=1.0  updates_s=0.0  updates_throttled=0
episode=0081
  mode      collector=async  worker=2  epsilon=0.739
  outcome   reward=-1.0067  progress=0.0000  success=0/1 (0.00%)  steps=mean:67.0 range:[67,67]
  training  completed=82/2500  queue=0/256 (0%)  replay=8309/200000  updates=0  loss=0.00000  policy_version=0
  throughput env_steps_s=991.6  transitions_s=991.6  transitions_step=1.0  updates_s=0.0  updates_throttled=0
episode=0082
  mode      collector=async  worker=0  epsilon=0.737
  outcome   reward=-1.0061  progress=0.0000  success=0/1 (0.00%)  steps=mean:61.0 range:[61,61]
  training  completed=83/2500  queue=0/256 (0%)  replay=8311/200000  updates=0  loss=0.00000  policy_version=0
  throughput env_steps_s=728.0  transitions_s=728.0  transitions_step=1.0  updates_s=0.0  updates_throttled=0
episode=0083
  mode      collector=async  worker=3  epsilon=0.734
  outcome   reward=-1.0064  progress=0.0000  success=0/1 (0.00%)  steps=mean:64.0 range:[64,64]
  training  completed=84/2500  queue=0/256 (0%)  replay=8405/200000  updates=0  loss=0.00000  policy_version=0
  throughput env_steps_s=1099.0  transitions_s=1099.0  transitions_step=1.0  updates_s=0.0  updates_throttled=0
episode=0086
  mode      collector=async  worker=0  epsilon=0.731
  outcome   reward=-1.006  progress=0.0000  success=0/1 (0.00%)  steps=mean:60.0 range:[60,60]
  training  completed=85/2500  queue=0/256 (0%)  replay=8523/200000  updates=0  loss=0.00000  policy_version=0
  throughput env_steps_s=1005.7  transitions_s=1005.7  transitions_step=1.0  updates_s=0.0  updates_throttled=0
episode=0085
  mode      collector=async  worker=2  epsilon=0.728
  outcome   reward=-1.0065  progress=0.0000  success=0/1 (0.00%)  steps=mean:65.0 range:[65,65]
  training  completed=86/2500  queue=0/256 (0%)  replay=8541/200000  updates=0  loss=0.00000  policy_version=0
  throughput env_steps_s=1219.0  transitions_s=1219.0  transitions_step=1.0  updates_s=0.0  updates_throttled=0
episode=0084
  mode      collector=async  worker=1  epsilon=0.726
  outcome   reward=-1.0067  progress=0.0000  success=0/1 (0.00%)  steps=mean:67.0 range:[67,67]
  training  completed=87/2500  queue=0/256 (0%)  replay=8588/200000  updates=0  loss=0.00000  policy_version=0
  throughput env_steps_s=972.1  transitions_s=972.1  transitions_step=1.0  updates_s=0.0  updates_throttled=0
episode=0088
  mode      collector=async  worker=0  epsilon=0.723
  outcome   reward=-1.0063  progress=0.0000  success=0/1 (0.00%)  steps=mean:63.0 range:[63,63]
  training  completed=88/2500  queue=0/256 (0%)  replay=8779/200000  updates=0  loss=0.00000  policy_version=0
  throughput env_steps_s=944.5  transitions_s=944.5  transitions_step=1.0  updates_s=0.0  updates_throttled=0
episode=0089
  mode      collector=async  worker=2  epsilon=0.720
  outcome   reward=-1.0062  progress=0.0000  success=0/1 (0.00%)  steps=mean:62.0 range:[62,62]
  training  completed=89/2500  queue=0/256 (0%)  replay=8794/200000  updates=0  loss=0.00000  policy_version=0
  throughput env_steps_s=675.1  transitions_s=675.1  transitions_step=1.0  updates_s=0.0  updates_throttled=0
episode=0090
  mode      collector=async  worker=1  epsilon=0.718
  outcome   reward=-1.0064  progress=0.0000  success=0/1 (0.00%)  steps=mean:64.0 range:[64,64]
  training  completed=90/2500  queue=0/256 (0%)  replay=8859/200000  updates=0  loss=0.00000  policy_version=0
  throughput env_steps_s=864.8  transitions_s=864.8  transitions_step=1.0  updates_s=0.0  updates_throttled=0
episode=0092
  mode      collector=async  worker=2  epsilon=0.715
  outcome   reward=-1.0062  progress=0.0000  success=0/1 (0.00%)  steps=mean:62.0 range:[62,62]
  training  completed=91/2500  queue=0/256 (0%)  replay=9037/200000  updates=0  loss=0.00000  policy_version=0
  throughput env_steps_s=1092.1  transitions_s=1092.1  transitions_step=1.0  updates_s=0.0  updates_throttled=0
episode=0091
  mode      collector=async  worker=0  epsilon=0.713
  outcome   reward=-1.0064  progress=0.0000  success=0/1 (0.00%)  steps=mean:64.0 range:[64,64]
  training  completed=92/2500  queue=0/256 (0%)  replay=9039/200000  updates=0  loss=0.00000  policy_version=0
  throughput env_steps_s=1479.7  transitions_s=1479.7  transitions_step=1.0  updates_s=0.0  updates_throttled=0
episode=0093
  mode      collector=async  worker=1  epsilon=0.710
  outcome   reward=-1.0062  progress=0.0000  success=0/1 (0.00%)  steps=mean:62.0 range:[62,62]
  training  completed=93/2500  queue=0/256 (0%)  replay=9121/200000  updates=0  loss=0.00000  policy_version=0
  throughput env_steps_s=863.7  transitions_s=863.7  transitions_step=1.0  updates_s=0.0  updates_throttled=0
episode=0087
  mode      collector=async  worker=3  epsilon=0.707
  outcome   reward=-0.0011999999999989797  progress=0.0370  success=0/1 (0.00%)  steps=mean:212.0 range:[212,212]
  training  completed=94/2500  queue=0/256 (0%)  replay=9230/200000  updates=0  loss=0.00000  policy_version=0
  throughput env_steps_s=907.0  transitions_s=907.0  transitions_step=1.0  updates_s=0.0  updates_throttled=0
episode=0094
  mode      collector=async  worker=2  epsilon=0.705
  outcome   reward=-1.0065  progress=0.0000  success=0/1 (0.00%)  steps=mean:65.0 range:[65,65]
  training  completed=95/2500  queue=0/256 (0%)  replay=9301/200000  updates=0  loss=0.00000  policy_version=0
  throughput env_steps_s=924.8  transitions_s=924.8  transitions_step=1.0  updates_s=0.0  updates_throttled=0
episode=0095
  mode      collector=async  worker=0  epsilon=0.702
  outcome   reward=-1.0064  progress=0.0000  success=0/1 (0.00%)  steps=mean:64.0 range:[64,64]
  training  completed=96/2500  queue=0/256 (0%)  replay=9303/200000  updates=0  loss=0.00000  policy_version=0
  throughput env_steps_s=1037.1  transitions_s=1037.1  transitions_step=1.0  updates_s=0.0  updates_throttled=0
episode=0096
  mode      collector=async  worker=1  epsilon=0.700
  outcome   reward=-1.0061  progress=0.0000  success=0/1 (0.00%)  steps=mean:61.0 range:[61,61]
  training  completed=97/2500  queue=0/256 (0%)  replay=9356/200000  updates=0  loss=0.00000  policy_version=0
  throughput env_steps_s=881.6  transitions_s=881.6  transitions_step=1.0  updates_s=0.0  updates_throttled=0
episode=0097
  mode      collector=async  worker=3  epsilon=0.697
  outcome   reward=-1.0063  progress=0.0000  success=0/1 (0.00%)  steps=mean:63.0 range:[63,63]
  training  completed=98/2500  queue=0/256 (0%)  replay=9450/200000  updates=0  loss=0.00000  policy_version=0
  throughput env_steps_s=1104.9  transitions_s=1104.9  transitions_step=1.0  updates_s=0.0  updates_throttled=0
episode=0099
  mode      collector=async  worker=0  epsilon=0.694
  outcome   reward=-1.006  progress=0.0000  success=0/1 (0.00%)  steps=mean:60.0 range:[60,60]
  training  completed=99/2500  queue=0/256 (0%)  replay=9593/200000  updates=0  loss=0.00000  policy_version=0
  throughput env_steps_s=1058.7  transitions_s=1058.7  transitions_step=1.0  updates_s=0.0  updates_throttled=0
episode=0100
  mode      collector=async  worker=1  epsilon=0.692
  outcome   reward=-1.0066  progress=0.0000  success=0/1 (0.00%)  steps=mean:66.0 range:[66,66]
  training  completed=100/2500  queue=6/256 (2%)  replay=9647/200000  updates=0  loss=0.00000  policy_version=0
  throughput env_steps_s=829.4  transitions_s=829.4  transitions_step=1.0  updates_s=0.0  updates_throttled=0
Saved checkpoint: checkpoints/breakout_s2_rand/ckpt-100
Scheduled replay buffer save: checkpoints/breakout_s2_rand/replay-100.npz transitions=9647
episode=0101
  mode      collector=async  worker=3  epsilon=0.689
  outcome   reward=-1.0064  progress=0.0000  success=0/1 (0.00%)  steps=mean:64.0 range:[64,64]
  training  completed=101/2500  queue=58/256 (23%)  replay=9711/200000  updates=0  loss=0.00000  policy_version=0
  throughput env_steps_s=476.3  transitions_s=476.3  transitions_step=1.0  updates_s=0.0  updates_throttled=0
Evaluating frozen checkpoint episode=100 episodes=20 metric=auto...
Saved replay buffer: checkpoints/breakout_s2_rand/replay-100.npz transitions=9647
episode=0102
  mode      collector=async  worker=0  epsilon=0.687
  outcome   reward=-1.0066  progress=0.0000  success=0/1 (0.00%)  steps=mean:66.0 range:[66,66]
  training  completed=102/2500  queue=0/256 (0%)  replay=9846/200000  updates=0  loss=0.00000  policy_version=0
  throughput env_steps_s=1165.0  transitions_s=1165.0  transitions_step=1.0  updates_s=0.0  updates_throttled=0
episode=0103
  mode      collector=async  worker=1  epsilon=0.684
  outcome   reward=-1.0059  progress=0.0000  success=0/1 (0.00%)  steps=mean:59.0 range:[59,59]
  training  completed=103/2500  queue=0/256 (0%)  replay=9906/200000  updates=0  loss=0.00000  policy_version=0
  throughput env_steps_s=992.7  transitions_s=992.7  transitions_step=1.0  updates_s=0.0  updates_throttled=0
episode=0098
  mode      collector=async  worker=2  epsilon=0.682
  outcome   reward=0.0004000000000008441  progress=0.0370  success=0/1 (0.00%)  steps=mean:196.0 range:[196,196]
  training  completed=104/2500  queue=256/256 (100%)  replay=10064/200000  updates=17  loss=0.01494  policy_version=0
  throughput env_steps_s=105.8  transitions_s=105.8  transitions_step=1.0  updates_s=11.4  updates_throttled=0
episode=0105
  mode      collector=async  worker=0  epsilon=0.679
  outcome   reward=-1.0061  progress=0.0000  success=0/1 (0.00%)  steps=mean:61.0 range:[61,61]
  training  completed=105/2500  queue=213/256 (83%)  replay=10128/200000  updates=16  loss=0.01510  policy_version=0
  throughput env_steps_s=3539.2  transitions_s=3539.2  transitions_step=1.0  updates_s=884.8  updates_throttled=0
episode=0107
  mode      collector=async  worker=2  epsilon=0.677
  outcome   reward=-1.0064  progress=0.0000  success=0/1 (0.00%)  steps=mean:64.0 range:[64,64]
  training  completed=106/2500  queue=60/256 (23%)  replay=10320/200000  updates=48  loss=0.01249  policy_version=0
  throughput env_steps_s=4141.9  transitions_s=4141.9  transitions_step=1.0  updates_s=1035.5  updates_throttled=0
episode=0108
  mode      collector=async  worker=0  epsilon=0.674
  outcome   reward=-1.0063  progress=0.0000  success=0/1 (0.00%)  steps=mean:63.0 range:[63,63]
  training  completed=107/2500  queue=8/256 (3%)  replay=10378/200000  updates=14  loss=0.01465  policy_version=0
  throughput env_steps_s=4368.6  transitions_s=4368.6  transitions_step=1.0  updates_s=1054.5  updates_throttled=0
episode=0104
  mode      collector=async  worker=3  epsilon=0.672
  outcome   reward=0.002400000000000846  progress=0.0370  success=0/1 (0.00%)  steps=mean:176.0 range:[176,176]
  training  completed=108/2500  queue=10/256 (4%)  replay=10378/200000  updates=0  loss=0.00000  policy_version=0
  throughput env_steps_s=4368.6  transitions_s=4368.6  transitions_step=1.0  updates_s=1054.5  updates_throttled=0
episode=0111
  mode      collector=async  worker=3  epsilon=0.669
  outcome   reward=-1.0064  progress=0.0000  success=0/1 (0.00%)  steps=mean:64.0 range:[64,64]
  training  completed=109/2500  queue=0/256 (0%)  replay=10578/200000  updates=50  loss=0.01065  policy_version=1
  throughput env_steps_s=715.8  transitions_s=715.8  transitions_step=1.0  updates_s=179.0  updates_throttled=0
episode=0110
  mode      collector=async  worker=0  epsilon=0.667
  outcome   reward=-1.0063  progress=0.0000  success=0/1 (0.00%)  steps=mean:63.0 range:[63,63]
  training  completed=110/2500  queue=0/256 (0%)  replay=10622/200000  updates=11  loss=0.01228  policy_version=1
  throughput env_steps_s=680.4  transitions_s=680.4  transitions_step=1.0  updates_s=170.1  updates_throttled=0
episode=0106
  mode      collector=async  worker=1  epsilon=0.664
  outcome   reward=0.0004000000000008441  progress=0.0370  success=0/1 (0.00%)  steps=mean:196.0 range:[196,196]
  training  completed=111/2500  queue=0/256 (0%)  replay=10822/200000  updates=50  loss=0.00900  policy_version=2
  throughput env_steps_s=750.1  transitions_s=750.1  transitions_step=1.0  updates_s=187.5  updates_throttled=0
episode=0112
  mode      collector=async  worker=3  epsilon=0.662
  outcome   reward=-1.0065  progress=0.0000  success=0/1 (0.00%)  steps=mean:65.0 range:[65,65]
  training  completed=112/2500  queue=7/256 (3%)  replay=10836/200000  updates=4  loss=0.00561  policy_version=2
  throughput env_steps_s=391.3  transitions_s=391.3  transitions_step=1.0  updates_s=111.8  updates_throttled=0
episode=0113
  mode      collector=async  worker=0  epsilon=0.659
  outcome   reward=-1.006  progress=0.0000  success=0/1 (0.00%)  steps=mean:60.0 range:[60,60]
  training  completed=113/2500  queue=1/256 (0%)  replay=10842/200000  updates=1  loss=0.00093  policy_version=2
  throughput env_steps_s=1193.9  transitions_s=1193.9  transitions_step=1.0  updates_s=199.0  updates_throttled=0
episode=0109
  mode      collector=async  worker=2  epsilon=0.657
  outcome   reward=-0.0004999999999990568  progress=0.0370  success=0/1 (0.00%)  steps=mean:205.0 range:[205,205]
  training  completed=114/2500  queue=0/256 (0%)  replay=11046/200000  updates=51  loss=0.01146  policy_version=2
  throughput env_steps_s=647.4  transitions_s=647.4  transitions_step=1.0  updates_s=161.8  updates_throttled=0
episode=0115
  mode      collector=async  worker=3  epsilon=0.655
  outcome   reward=-1.0062  progress=0.0000  success=0/1 (0.00%)  steps=mean:62.0 range:[62,62]
  training  completed=115/2500  queue=1/256 (0%)  replay=11064/200000  updates=5  loss=0.00755  policy_version=2
  throughput env_steps_s=843.4  transitions_s=843.4  transitions_step=1.0  updates_s=234.3  updates_throttled=0
episode=0116
  mode      collector=async  worker=0  epsilon=0.652
  outcome   reward=-1.0064  progress=0.0000  success=0/1 (0.00%)  steps=mean:64.0 range:[64,64]
  training  completed=116/2500  queue=0/256 (0%)  replay=11079/200000  updates=3  loss=0.00819  policy_version=2
  throughput env_steps_s=1256.7  transitions_s=1256.7  transitions_step=1.0  updates_s=251.3  updates_throttled=0
episode=0114
  mode      collector=async  worker=1  epsilon=0.650
  outcome   reward=-1.0062  progress=0.0000  success=0/1 (0.00%)  steps=mean:62.0 range:[62,62]
  training  completed=117/2500  queue=0/256 (0%)  replay=11111/200000  updates=8  loss=0.00646  policy_version=2
  throughput env_steps_s=535.3  transitions_s=535.3  transitions_step=1.0  updates_s=133.8  updates_throttled=0
episode=0117
  mode      collector=async  worker=2  epsilon=0.647
  outcome   reward=-1.0064  progress=0.0000  success=0/1 (0.00%)  steps=mean:64.0 range:[64,64]
  training  completed=118/2500  queue=0/256 (0%)  replay=11282/200000  updates=43  loss=0.00916  policy_version=3
  throughput env_steps_s=625.0  transitions_s=625.0  transitions_step=1.0  updates_s=157.2  updates_throttled=0
episode=0118
  mode      collector=async  worker=3  epsilon=0.645
  outcome   reward=-1.0064  progress=0.0000  success=0/1 (0.00%)  steps=mean:64.0 range:[64,64]
  training  completed=119/2500  queue=1/256 (0%)  replay=11327/200000  updates=11  loss=0.00860  policy_version=3
  throughput env_steps_s=894.5  transitions_s=894.5  transitions_step=1.0  updates_s=218.7  updates_throttled=0
episode=0119
  mode      collector=async  worker=0  epsilon=0.643
  outcome   reward=-1.0066  progress=0.0000  success=0/1 (0.00%)  steps=mean:66.0 range:[66,66]
  training  completed=120/2500  queue=7/256 (3%)  replay=11345/200000  updates=5  loss=0.01049  policy_version=3
  throughput env_steps_s=384.6  transitions_s=384.6  transitions_step=1.0  updates_s=106.8  updates_throttled=0
episode=0120
  mode      collector=async  worker=1  epsilon=0.640
  outcome   reward=-1.0063  progress=0.0000  success=0/1 (0.00%)  steps=mean:63.0 range:[63,63]
  training  completed=121/2500  queue=4/256 (2%)  replay=11384/200000  updates=10  loss=0.00741  policy_version=3
  throughput env_steps_s=562.6  transitions_s=562.6  transitions_step=1.0  updates_s=144.3  updates_throttled=0
episode=0123
  mode      collector=async  worker=0  epsilon=0.638
  outcome   reward=-1.0063  progress=0.0000  success=0/1 (0.00%)  steps=mean:63.0 range:[63,63]
  training  completed=122/2500  queue=0/256 (0%)  replay=11582/200000  updates=49  loss=0.00503  policy_version=3
  throughput env_steps_s=757.7  transitions_s=757.7  transitions_step=1.0  updates_s=187.5  updates_throttled=0
episode=0122
  mode      collector=async  worker=3  epsilon=0.636
  outcome   reward=-1.0063  progress=0.0000  success=0/1 (0.00%)  steps=mean:63.0 range:[63,63]
  training  completed=123/2500  queue=0/256 (0%)  replay=11590/200000  updates=2  loss=0.00712  policy_version=3
  throughput env_steps_s=772.7  transitions_s=772.7  transitions_step=1.0  updates_s=193.2  updates_throttled=0
episode=0124
  mode      collector=async  worker=1  epsilon=0.633
  outcome   reward=-1.0066  progress=0.0000  success=0/1 (0.00%)  steps=mean:66.0 range:[66,66]
  training  completed=124/2500  queue=1/256 (0%)  replay=11636/200000  updates=12  loss=0.00742  policy_version=4
  throughput env_steps_s=641.5  transitions_s=641.5  transitions_step=1.0  updates_s=167.3  updates_throttled=0
episode=0125
  mode      collector=async  worker=0  epsilon=0.631
  outcome   reward=-1.0065  progress=0.0000  success=0/1 (0.00%)  steps=mean:65.0 range:[65,65]
  training  completed=125/2500  queue=0/256 (0%)  replay=11800/200000  updates=41  loss=0.00536  policy_version=4
  throughput env_steps_s=646.3  transitions_s=646.3  transitions_step=1.0  updates_s=161.6  updates_throttled=0
episode=0126
  mode      collector=async  worker=3  epsilon=0.629
  outcome   reward=-1.0065  progress=0.0000  success=0/1 (0.00%)  steps=mean:65.0 range:[65,65]
  training  completed=126/2500  queue=0/256 (0%)  replay=11866/200000  updates=16  loss=0.00424  policy_version=4
  throughput env_steps_s=718.7  transitions_s=718.7  transitions_step=1.0  updates_s=174.2  updates_throttled=0
episode=0127
  mode      collector=async  worker=1  epsilon=0.626
  outcome   reward=-1.0063  progress=0.0000  success=0/1 (0.00%)  steps=mean:63.0 range:[63,63]
  training  completed=127/2500  queue=0/256 (0%)  replay=11918/200000  updates=13  loss=0.00507  policy_version=4
  throughput env_steps_s=723.7  transitions_s=723.7  transitions_step=1.0  updates_s=180.9  updates_throttled=0
episode=0128
  mode      collector=async  worker=0  epsilon=0.624
  outcome   reward=-1.0064  progress=0.0000  success=0/1 (0.00%)  steps=mean:64.0 range:[64,64]
  training  completed=128/2500  queue=0/256 (0%)  replay=12070/200000  updates=38  loss=0.00349  policy_version=5
  throughput env_steps_s=596.0  transitions_s=596.0  transitions_step=1.0  updates_s=149.0  updates_throttled=0
episode=0130
  mode      collector=async  worker=1  epsilon=0.622
  outcome   reward=-1.0065  progress=0.0000  success=0/1 (0.00%)  steps=mean:65.0 range:[65,65]
  training  completed=129/2500  queue=1/256 (0%)  replay=12182/200000  updates=28  loss=0.00546  policy_version=5
  throughput env_steps_s=607.3  transitions_s=607.3  transitions_step=1.0  updates_s=151.8  updates_throttled=0
episode=0121
  mode      collector=async  worker=2  epsilon=0.619
  outcome   reward=-0.004399999999998849  progress=0.0370  success=0/1 (0.00%)  steps=mean:244.0 range:[244,244]
  training  completed=130/2500  queue=0/256 (0%)  replay=12271/200000  updates=22  loss=0.00474  policy_version=5
  throughput env_steps_s=689.1  transitions_s=689.1  transitions_step=1.0  updates_s=170.3  updates_throttled=0
episode=0131
  mode      collector=async  worker=0  epsilon=0.617
  outcome   reward=-1.0067  progress=0.0000  success=0/1 (0.00%)  steps=mean:67.0 range:[67,67]
  training  completed=131/2500  queue=1/256 (0%)  replay=12348/200000  updates=20  loss=0.00288  policy_version=5
  throughput env_steps_s=653.2  transitions_s=653.2  transitions_step=1.0  updates_s=169.7  updates_throttled=0
episode=0132
  mode      collector=async  worker=1  epsilon=0.615
  outcome   reward=-1.0061  progress=0.0000  success=0/1 (0.00%)  steps=mean:61.0 range:[61,61]
  training  completed=132/2500  queue=2/256 (1%)  replay=12418/200000  updates=17  loss=0.00405  policy_version=6
  throughput env_steps_s=726.1  transitions_s=726.1  transitions_step=1.0  updates_s=176.3  updates_throttled=0
episode=0133
  mode      collector=async  worker=2  epsilon=0.613
  outcome   reward=-1.0062  progress=0.0000  success=0/1 (0.00%)  steps=mean:62.0 range:[62,62]
  training  completed=133/2500  queue=0/256 (0%)  replay=12527/200000  updates=27  loss=0.00567  policy_version=6
  throughput env_steps_s=652.3  transitions_s=652.3  transitions_step=1.0  updates_s=161.6  updates_throttled=0
episode=0134
  mode      collector=async  worker=0  epsilon=0.610
  outcome   reward=-1.0062  progress=0.0000  success=0/1 (0.00%)  steps=mean:62.0 range:[62,62]
  training  completed=134/2500  queue=1/256 (0%)  replay=12604/200000  updates=20  loss=0.00396  policy_version=6
  throughput env_steps_s=653.2  transitions_s=653.2  transitions_step=1.0  updates_s=169.7  updates_throttled=0
episode=0135
  mode      collector=async  worker=1  epsilon=0.608
  outcome   reward=-1.0064  progress=0.0000  success=0/1 (0.00%)  steps=mean:64.0 range:[64,64]
  training  completed=135/2500  queue=1/256 (0%)  replay=12677/200000  updates=18  loss=0.00325  policy_version=6
  throughput env_steps_s=619.1  transitions_s=619.1  transitions_step=1.0  updates_s=152.6  updates_throttled=0
episode=0129
  mode      collector=async  worker=3  epsilon=0.606
  outcome   reward=-0.0017999999999989136  progress=0.0370  success=0/1 (0.00%)  steps=mean:218.0 range:[218,218]
  training  completed=136/2500  queue=2/256 (1%)  replay=12689/200000  updates=3  loss=0.00921  policy_version=6
  throughput env_steps_s=799.0  transitions_s=799.0  transitions_step=1.0  updates_s=199.8  updates_throttled=0
episode=0136
  mode      collector=async  worker=2  epsilon=0.604
  outcome   reward=-1.0064  progress=0.0000  success=0/1 (0.00%)  steps=mean:64.0 range:[64,64]
  training  completed=137/2500  queue=0/256 (0%)  replay=12759/200000  updates=17  loss=0.00463  policy_version=6
  throughput env_steps_s=639.8  transitions_s=639.8  transitions_step=1.0  updates_s=155.4  updates_throttled=0
episode=0138
  mode      collector=async  worker=1  epsilon=0.601
  outcome   reward=-1.0065  progress=0.0000  success=0/1 (0.00%)  steps=mean:65.0 range:[65,65]
  training  completed=138/2500  queue=3/256 (1%)  replay=12953/200000  updates=49  loss=0.00329  policy_version=7
  throughput env_steps_s=683.1  transitions_s=683.1  transitions_step=1.0  updates_s=172.5  updates_throttled=0
episode=0139
  mode      collector=async  worker=3  epsilon=0.599
  outcome   reward=-1.0062  progress=0.0000  success=0/1 (0.00%)  steps=mean:62.0 range:[62,62]
  training  completed=139/2500  queue=4/256 (2%)  replay=12953/200000  updates=0  loss=0.00000  policy_version=7
  throughput env_steps_s=683.1  transitions_s=683.1  transitions_step=1.0  updates_s=172.5  updates_throttled=0
episode=0140
  mode      collector=async  worker=2  epsilon=0.597
  outcome   reward=-1.0061  progress=0.0000  success=0/1 (0.00%)  steps=mean:61.0 range:[61,61]
  training  completed=140/2500  queue=9/256 (4%)  replay=13023/200000  updates=17  loss=0.00219  policy_version=7
  throughput env_steps_s=572.6  transitions_s=572.6  transitions_step=1.0  updates_s=139.0  updates_throttled=0
episode=0142
  mode      collector=async  worker=3  epsilon=0.595
  outcome   reward=-1.0063  progress=0.0000  success=0/1 (0.00%)  steps=mean:63.0 range:[63,63]
  training  completed=141/2500  queue=1/256 (0%)  replay=13232/200000  updates=53  loss=0.00322  policy_version=8
  throughput env_steps_s=651.3  transitions_s=651.3  transitions_step=1.0  updates_s=165.2  updates_throttled=0
episode=0143
  mode      collector=async  worker=2  epsilon=0.593
  outcome   reward=-1.0063  progress=0.0000  success=0/1 (0.00%)  steps=mean:63.0 range:[63,63]
  training  completed=142/2500  queue=6/256 (2%)  replay=13240/200000  updates=2  loss=0.00081  policy_version=8
  throughput env_steps_s=912.6  transitions_s=912.6  transitions_step=1.0  updates_s=228.1  updates_throttled=0
episode=0141
  mode      collector=async  worker=1  epsilon=0.590
  outcome   reward=-1.0062  progress=0.0000  success=0/1 (0.00%)  steps=mean:62.0 range:[62,62]
  training  completed=143/2500  queue=2/256 (1%)  replay=13245/200000  updates=1  loss=0.00030  policy_version=8
  throughput env_steps_s=1836.3  transitions_s=1836.3  transitions_step=1.0  updates_s=367.3  updates_throttled=0
episode=0137
  mode      collector=async  worker=0  epsilon=0.588
  outcome   reward=0.001200000000000756  progress=0.0370  success=0/1 (0.00%)  steps=mean:188.0 range:[188,188]
  training  completed=144/2500  queue=0/256 (0%)  replay=13311/200000  updates=16  loss=0.00387  policy_version=8
  throughput env_steps_s=664.7  transitions_s=664.7  transitions_step=1.0  updates_s=161.1  updates_throttled=0
episode=0146
  mode      collector=async  worker=1  epsilon=0.586
  outcome   reward=-1.0059  progress=0.0000  success=0/1 (0.00%)  steps=mean:59.0 range:[59,59]
  training  completed=145/2500  queue=0/256 (0%)  replay=13467/200000  updates=39  loss=0.00256  policy_version=8
  throughput env_steps_s=662.1  transitions_s=662.1  transitions_step=1.0  updates_s=165.5  updates_throttled=0
episode=0145
  mode      collector=async  worker=2  epsilon=0.584
  outcome   reward=-1.0063  progress=0.0000  success=0/1 (0.00%)  steps=mean:63.0 range:[63,63]
  training  completed=146/2500  queue=0/256 (0%)  replay=13478/200000  updates=3  loss=0.00284  policy_version=8
  throughput env_steps_s=385.7  transitions_s=385.7  transitions_step=1.0  updates_s=105.2  updates_throttled=0
episode=0144
  mode      collector=async  worker=3  epsilon=0.582
  outcome   reward=-1.0063  progress=0.0000  success=0/1 (0.00%)  steps=mean:63.0 range:[63,63]
  training  completed=147/2500  queue=3/256 (1%)  replay=13497/200000  updates=5  loss=0.00173  policy_version=8
  throughput env_steps_s=449.1  transitions_s=449.1  transitions_step=1.0  updates_s=118.2  updates_throttled=0
episode=0147
  mode      collector=async  worker=0  epsilon=0.580
  outcome   reward=-1.0063  progress=0.0000  success=0/1 (0.00%)  steps=mean:63.0 range:[63,63]
  training  completed=148/2500  queue=2/256 (1%)  replay=13552/200000  updates=14  loss=0.00124  policy_version=8
  throughput env_steps_s=629.5  transitions_s=629.5  transitions_step=1.0  updates_s=160.2  updates_throttled=0
episode=0148
  mode      collector=async  worker=1  epsilon=0.578
  outcome   reward=-1.0064  progress=0.0000  success=0/1 (0.00%)  steps=mean:64.0 range:[64,64]
  training  completed=149/2500  queue=0/256 (0%)  replay=13721/200000  updates=42  loss=0.00205  policy_version=9
  throughput env_steps_s=575.9  transitions_s=575.9  transitions_step=1.0  updates_s=143.1  updates_throttled=0
episode=0149
  mode      collector=async  worker=2  epsilon=0.575
  outcome   reward=-1.006  progress=0.0000  success=0/1 (0.00%)  steps=mean:60.0 range:[60,60]
  training  completed=150/2500  queue=1/256 (0%)  replay=13749/200000  updates=7  loss=0.00302  policy_version=9
  throughput env_steps_s=673.8  transitions_s=673.8  transitions_step=1.0  updates_s=168.4  updates_throttled=0
episode=0150
  mode      collector=async  worker=3  epsilon=0.573
  outcome   reward=-1.0062  progress=0.0000  success=0/1 (0.00%)  steps=mean:62.0 range:[62,62]
  training  completed=151/2500  queue=0/256 (0%)  replay=13783/200000  updates=8  loss=0.00211  policy_version=9
  throughput env_steps_s=659.8  transitions_s=659.8  transitions_step=1.0  updates_s=155.2  updates_throttled=0
episode=0151
  mode      collector=async  worker=0  epsilon=0.571
  outcome   reward=-1.0065  progress=0.0000  success=0/1 (0.00%)  steps=mean:65.0 range:[65,65]
  training  completed=152/2500  queue=0/256 (0%)  replay=13785/200000  updates=1  loss=0.00117  policy_version=9
  throughput env_steps_s=250.6  transitions_s=250.6  transitions_step=1.0  updates_s=125.3  updates_throttled=0
episode=0152
  mode      collector=async  worker=1  epsilon=0.569
  outcome   reward=-1.0061  progress=0.0000  success=0/1 (0.00%)  steps=mean:61.0 range:[61,61]
  training  completed=153/2500  queue=0/256 (0%)  replay=13947/200000  updates=40  loss=0.00235  policy_version=9
  throughput env_steps_s=572.2  transitions_s=572.2  transitions_step=1.0  updates_s=141.3  updates_throttled=0
episode=0154
  mode      collector=async  worker=3  epsilon=0.567
  outcome   reward=-1.0063  progress=0.0000  success=0/1 (0.00%)  steps=mean:63.0 range:[63,63]
  training  completed=154/2500  queue=2/256 (1%)  replay=14032/200000  updates=22  loss=0.00406  policy_version=10
  throughput env_steps_s=516.8  transitions_s=516.8  transitions_step=1.0  updates_s=133.8  updates_throttled=0
episode=0155
  mode      collector=async  worker=0  epsilon=0.565
  outcome   reward=-1.006  progress=0.0000  success=0/1 (0.00%)  steps=mean:60.0 range:[60,60]
  training  completed=155/2500  queue=7/256 (3%)  replay=14040/200000  updates=2  loss=0.00420  policy_version=10
  throughput env_steps_s=452.1  transitions_s=452.1  transitions_step=1.0  updates_s=113.0  updates_throttled=0
episode=0156
  mode      collector=async  worker=1  epsilon=0.563
  outcome   reward=-1.0064  progress=0.0000  success=0/1 (0.00%)  steps=mean:64.0 range:[64,64]
  training  completed=156/2500  queue=2/256 (1%)  replay=14233/200000  updates=48  loss=0.00206  policy_version=10
  throughput env_steps_s=563.4  transitions_s=563.4  transitions_step=1.0  updates_s=140.1  updates_throttled=0
episode=0158
  mode      collector=async  worker=0  epsilon=0.561
  outcome   reward=-1.0063  progress=0.0000  success=0/1 (0.00%)  steps=mean:63.0 range:[63,63]
  training  completed=157/2500  queue=6/256 (2%)  replay=14276/200000  updates=11  loss=0.00193  policy_version=10
  throughput env_steps_s=680.3  transitions_s=680.3  transitions_step=1.0  updates_s=174.0  updates_throttled=0
episode=0157
  mode      collector=async  worker=3  epsilon=0.559
  outcome   reward=-1.0064  progress=0.0000  success=0/1 (0.00%)  steps=mean:64.0 range:[64,64]
  training  completed=158/2500  queue=6/256 (2%)  replay=14276/200000  updates=0  loss=0.00000  policy_version=10
  throughput env_steps_s=680.3  transitions_s=680.3  transitions_step=1.0  updates_s=174.0  updates_throttled=0
Frozen evaluation episode=100: success=0/20 (0.00%) reward_mean=-0.7545 steps_mean=84.8
Saved checkpoint: checkpoints/breakout_s2_rand/best/ckpt-158
Best checkpoint applied using live weights at episode=158 (background evaluation was requested for episode=100)
New best checkpoint: checkpoints/breakout_s2_rand/best/ckpt-158 metric=auto success=0.00% reward_mean=-0.7545
episode=0159
  mode      collector=async  worker=1  epsilon=0.557
  outcome   reward=-1.0066  progress=0.0000  success=0/1 (0.00%)  steps=mean:66.0 range:[66,66]
  training  completed=159/2500  queue=1/256 (0%)  replay=14488/200000  updates=53  loss=0.00229  policy_version=11
  throughput env_steps_s=569.2  transitions_s=569.2  transitions_step=1.0  updates_s=142.3  updates_throttled=0
episode=0161
  mode      collector=async  worker=3  epsilon=0.555
  outcome   reward=-1.0061  progress=0.0000  success=0/1 (0.00%)  steps=mean:61.0 range:[61,61]
  training  completed=160/2500  queue=8/256 (3%)  replay=14537/200000  updates=12  loss=0.00071  policy_version=11
  throughput env_steps_s=523.4  transitions_s=523.4  transitions_step=1.0  updates_s=128.2  updates_throttled=0
episode=0160
  mode      collector=async  worker=0  epsilon=0.553
  outcome   reward=-1.0064  progress=0.0000  success=0/1 (0.00%)  steps=mean:64.0 range:[64,64]
  training  completed=161/2500  queue=3/256 (1%)  replay=14561/200000  updates=6  loss=0.00234  policy_version=11
  throughput env_steps_s=908.4  transitions_s=908.4  transitions_step=1.0  updates_s=227.1  updates_throttled=0
episode=0162
  mode      collector=async  worker=1  epsilon=0.551
  outcome   reward=-1.0065  progress=0.0000  success=0/1 (0.00%)  steps=mean:65.0 range:[65,65]
  training  completed=162/2500  queue=2/256 (1%)  replay=14710/200000  updates=37  loss=0.00286  policy_version=11
  throughput env_steps_s=608.0  transitions_s=608.0  transitions_step=1.0  updates_s=151.0  updates_throttled=0
episode=0164
  mode      collector=async  worker=0  epsilon=0.549
  outcome   reward=-1.0064  progress=0.0000  success=0/1 (0.00%)  steps=mean:64.0 range:[64,64]
  training  completed=163/2500  queue=0/256 (0%)  replay=14846/200000  updates=34  loss=0.00290  policy_version=12
  throughput env_steps_s=692.2  transitions_s=692.2  transitions_step=1.0  updates_s=173.0  updates_throttled=0
episode=0165
  mode      collector=async  worker=1  epsilon=0.547
  outcome   reward=-1.0062  progress=0.0000  success=0/1 (0.00%)  steps=mean:62.0 range:[62,62]
  training  completed=164/2500  queue=3/256 (1%)  replay=14932/200000  updates=22  loss=0.00207  policy_version=12
  throughput env_steps_s=621.0  transitions_s=621.0  transitions_step=1.0  updates_s=158.9  updates_throttled=0
episode=0166
  mode      collector=async  worker=0  epsilon=0.545
  outcome   reward=-1.0063  progress=0.0000  success=0/1 (0.00%)  steps=mean:63.0 range:[63,63]
  training  completed=165/2500  queue=3/256 (1%)  replay=15165/200000  updates=58  loss=0.00292  policy_version=12
  throughput env_steps_s=691.1  transitions_s=691.1  transitions_step=1.0  updates_s=172.0  updates_throttled=0
episode=0167
  mode      collector=async  worker=1  epsilon=0.543
  outcome   reward=-1.0065  progress=0.0000  success=0/1 (0.00%)  steps=mean:65.0 range:[65,65]
  training  completed=166/2500  queue=4/256 (2%)  replay=15201/200000  updates=9  loss=0.00168  policy_version=13
  throughput env_steps_s=643.9  transitions_s=643.9  transitions_step=1.0  updates_s=161.0  updates_throttled=0
episode=0163
  mode      collector=async  worker=3  epsilon=0.541
  outcome   reward=0.001400000000000734  progress=0.0370  success=0/1 (0.00%)  steps=mean:186.0 range:[186,186]
  training  completed=167/2500  queue=0/256 (0%)  replay=15250/200000  updates=12  loss=0.00234  policy_version=13
  throughput env_steps_s=632.3  transitions_s=632.3  transitions_step=1.0  updates_s=154.9  updates_throttled=0
episode=0169
  mode      collector=async  worker=1  epsilon=0.539
  outcome   reward=-1.0061  progress=0.0000  success=0/1 (0.00%)  steps=mean:61.0 range:[61,61]
  training  completed=168/2500  queue=0/256 (0%)  replay=15443/200000  updates=48  loss=0.00243  policy_version=13
  throughput env_steps_s=657.7  transitions_s=657.7  transitions_step=1.0  updates_s=163.6  updates_throttled=0
episode=0170
  mode      collector=async  worker=3  epsilon=0.537
  outcome   reward=-1.0067  progress=0.0000  success=0/1 (0.00%)  steps=mean:67.0 range:[67,67]
  training  completed=169/2500  queue=0/256 (0%)  replay=15546/200000  updates=26  loss=0.00175  policy_version=13
  throughput env_steps_s=615.2  transitions_s=615.2  transitions_step=1.0  updates_s=155.3  updates_throttled=0
episode=0153
  mode      collector=async  worker=2  epsilon=0.535
  outcome   reward=2.9710999999999306  progress=0.1481  success=0/1 (0.00%)  steps=mean:489.0 range:[489,489]
  training  completed=170/2500  queue=0/256 (0%)  replay=15599/200000  updates=13  loss=0.00413  policy_version=14
  throughput env_steps_s=551.1  transitions_s=551.1  transitions_step=1.0  updates_s=135.2  updates_throttled=0
episode=0171
  mode      collector=async  worker=1  epsilon=0.533
  outcome   reward=-1.0063  progress=0.0000  success=0/1 (0.00%)  steps=mean:63.0 range:[63,63]
  training  completed=171/2500  queue=1/256 (0%)  replay=15672/200000  updates=19  loss=0.00127  policy_version=14
  throughput env_steps_s=687.4  transitions_s=687.4  transitions_step=1.0  updates_s=178.9  updates_throttled=0
episode=0172
  mode      collector=async  worker=3  epsilon=0.531
  outcome   reward=-1.0065  progress=0.0000  success=0/1 (0.00%)  steps=mean:65.0 range:[65,65]
  training  completed=172/2500  queue=1/256 (0%)  replay=15808/200000  updates=34  loss=0.00361  policy_version=14
  throughput env_steps_s=645.1  transitions_s=645.1  transitions_step=1.0  updates_s=161.3  updates_throttled=0
episode=0173
  mode      collector=async  worker=2  epsilon=0.529
  outcome   reward=-1.0066  progress=0.0000  success=0/1 (0.00%)  steps=mean:66.0 range:[66,66]
  training  completed=173/2500  queue=0/256 (0%)  replay=15859/200000  updates=12  loss=0.00076  policy_version=14
  throughput env_steps_s=664.5  transitions_s=664.5  transitions_step=1.0  updates_s=156.3  updates_throttled=0
episode=0175
  mode      collector=async  worker=3  epsilon=0.527
  outcome   reward=-1.0063  progress=0.0000  success=0/1 (0.00%)  steps=mean:63.0 range:[63,63]
  training  completed=174/2500  queue=2/256 (1%)  replay=16068/200000  updates=53  loss=0.00190  policy_version=15
  throughput env_steps_s=649.0  transitions_s=649.0  transitions_step=1.0  updates_s=164.6  updates_throttled=0
episode=0176
  mode      collector=async  worker=2  epsilon=0.525
  outcome   reward=-1.0064  progress=0.0000  success=0/1 (0.00%)  steps=mean:64.0 range:[64,64]
  training  completed=175/2500  queue=3/256 (1%)  replay=16101/200000  updates=8  loss=0.00388  policy_version=15
  throughput env_steps_s=745.8  transitions_s=745.8  transitions_step=1.0  updates_s=180.8  updates_throttled=0
episode=0177
  mode      collector=async  worker=3  epsilon=0.523
  outcome   reward=-1.006  progress=0.0000  success=0/1 (0.00%)  steps=mean:60.0 range:[60,60]
  training  completed=176/2500  queue=0/256 (0%)  replay=16317/200000  updates=54  loss=0.00219  policy_version=15
  throughput env_steps_s=545.4  transitions_s=545.4  transitions_step=1.0  updates_s=136.4  updates_throttled=0
episode=0178
  mode      collector=async  worker=2  epsilon=0.521
  outcome   reward=-1.0064  progress=0.0000  success=0/1 (0.00%)  steps=mean:64.0 range:[64,64]
  training  completed=177/2500  queue=0/256 (0%)  replay=16387/200000  updates=17  loss=0.00110  policy_version=15
  throughput env_steps_s=703.3  transitions_s=703.3  transitions_step=1.0  updates_s=170.8  updates_throttled=0
episode=0168
  mode      collector=async  worker=0  epsilon=0.519
  outcome   reward=1.988499999999964  progress=0.1111  success=0/1 (0.00%)  steps=mean:315.0 range:[315,315]
  training  completed=178/2500  queue=0/256 (0%)  replay=16399/200000  updates=3  loss=0.00461  policy_version=16
  throughput env_steps_s=503.9  transitions_s=503.9  transitions_step=1.0  updates_s=126.0  updates_throttled=0
episode=0174
  mode      collector=async  worker=1  epsilon=0.517
  outcome   reward=1.0019999999999858  progress=0.0741  success=0/1 (0.00%)  steps=mean:180.0 range:[180,180]
  training  completed=179/2500  queue=0/256 (0%)  replay=16423/200000  updates=6  loss=0.00110  policy_version=16
  throughput env_steps_s=452.6  transitions_s=452.6  transitions_step=1.0  updates_s=113.1  updates_throttled=0
episode=0179
  mode      collector=async  worker=3  epsilon=0.515
  outcome   reward=-1.0068  progress=0.0000  success=0/1 (0.00%)  steps=mean:68.0 range:[68,68]
  training  completed=180/2500  queue=8/256 (3%)  replay=16547/200000  updates=31  loss=0.00205  policy_version=16
  throughput env_steps_s=536.8  transitions_s=536.8  transitions_step=1.0  updates_s=134.2  updates_throttled=0
episode=0180
  mode      collector=async  worker=2  epsilon=0.513
  outcome   reward=-1.0068  progress=0.0000  success=0/1 (0.00%)  steps=mean:68.0 range:[68,68]
  training  completed=181/2500  queue=2/256 (1%)  replay=16656/200000  updates=28  loss=0.00239  policy_version=16
  throughput env_steps_s=661.1  transitions_s=661.1  transitions_step=1.0  updates_s=169.8  updates_throttled=0
episode=0181
  mode      collector=async  worker=0  epsilon=0.511
  outcome   reward=-1.0064  progress=0.0000  success=0/1 (0.00%)  steps=mean:64.0 range:[64,64]
  training  completed=182/2500  queue=1/256 (0%)  replay=16690/200000  updates=8  loss=0.00250  policy_version=16
  throughput env_steps_s=619.9  transitions_s=619.9  transitions_step=1.0  updates_s=145.9  updates_throttled=0
episode=0182
  mode      collector=async  worker=1  epsilon=0.510
  outcome   reward=-1.0068  progress=0.0000  success=0/1 (0.00%)  steps=mean:68.0 range:[68,68]
  training  completed=183/2500  queue=1/256 (0%)  replay=16700/200000  updates=3  loss=0.00043  policy_version=16
  throughput env_steps_s=603.9  transitions_s=603.9  transitions_step=1.0  updates_s=181.2  updates_throttled=0
episode=0183
  mode      collector=async  worker=3  epsilon=0.508
  outcome   reward=-1.0064  progress=0.0000  success=0/1 (0.00%)  steps=mean:64.0 range:[64,64]
  training  completed=184/2500  queue=0/256 (0%)  replay=16798/200000  updates=24  loss=0.00277  policy_version=17
  throughput env_steps_s=555.1  transitions_s=555.1  transitions_step=1.0  updates_s=136.0  updates_throttled=0
episode=0184
  mode      collector=async  worker=2  epsilon=0.506
  outcome   reward=-1.0061  progress=0.0000  success=0/1 (0.00%)  steps=mean:61.0 range:[61,61]
  training  completed=185/2500  queue=2/256 (1%)  replay=16924/200000  updates=32  loss=0.00165  policy_version=17
  throughput env_steps_s=493.2  transitions_s=493.2  transitions_step=1.0  updates_s=125.3  updates_throttled=0
episode=0185
  mode      collector=async  worker=0  epsilon=0.504
  outcome   reward=-1.0062  progress=0.0000  success=0/1 (0.00%)  steps=mean:62.0 range:[62,62]
  training  completed=186/2500  queue=0/256 (0%)  replay=16943/200000  updates=4  loss=0.00147  policy_version=17
  throughput env_steps_s=514.9  transitions_s=514.9  transitions_step=1.0  updates_s=108.4  updates_throttled=0
episode=0186
  mode      collector=async  worker=1  epsilon=0.502
  outcome   reward=-1.0066  progress=0.0000  success=0/1 (0.00%)  steps=mean:66.0 range:[66,66]
  training  completed=187/2500  queue=0/256 (0%)  replay=16972/200000  updates=8  loss=0.00533  policy_version=17
  throughput env_steps_s=620.5  transitions_s=620.5  transitions_step=1.0  updates_s=171.2  updates_throttled=0
episode=0187
  mode      collector=async  worker=3  epsilon=0.500
  outcome   reward=-1.0065  progress=0.0000  success=0/1 (0.00%)  steps=mean:65.0 range:[65,65]
  training  completed=188/2500  queue=0/256 (0%)  replay=17034/200000  updates=15  loss=0.00373  policy_version=17
  throughput env_steps_s=524.5  transitions_s=524.5  transitions_step=1.0  updates_s=126.9  updates_throttled=0
episode=0189
  mode      collector=async  worker=0  epsilon=0.498
  outcome   reward=-1.0064  progress=0.0000  success=0/1 (0.00%)  steps=mean:64.0 range:[64,64]
  training  completed=189/2500  queue=1/256 (0%)  replay=17160/200000  updates=32  loss=0.00258  policy_version=17
  throughput env_steps_s=574.9  transitions_s=574.9  transitions_step=1.0  updates_s=146.0  updates_throttled=0
episode=0188
  mode      collector=async  worker=2  epsilon=0.497
  outcome   reward=-1.0065  progress=0.0000  success=0/1 (0.00%)  steps=mean:65.0 range:[65,65]
  training  completed=190/2500  queue=1/256 (0%)  replay=17192/200000  updates=8  loss=0.00321  policy_version=17
  throughput env_steps_s=507.1  transitions_s=507.1  transitions_step=1.0  updates_s=126.8  updates_throttled=0
episode=0190
  mode      collector=async  worker=1  epsilon=0.495
  outcome   reward=-1.0064  progress=0.0000  success=0/1 (0.00%)  steps=mean:64.0 range:[64,64]
  training  completed=191/2500  queue=3/256 (1%)  replay=17228/200000  updates=9  loss=0.00197  policy_version=18
  throughput env_steps_s=480.7  transitions_s=480.7  transitions_step=1.0  updates_s=120.2  updates_throttled=0
episode=0192
  mode      collector=async  worker=0  epsilon=0.493
  outcome   reward=-1.0064  progress=0.0000  success=0/1 (0.00%)  steps=mean:64.0 range:[64,64]
  training  completed=192/2500  queue=0/256 (0%)  replay=17417/200000  updates=47  loss=0.00380  policy_version=18
  throughput env_steps_s=617.1  transitions_s=617.1  transitions_step=1.0  updates_s=153.5  updates_throttled=0
episode=0193
  mode      collector=async  worker=2  epsilon=0.491
  outcome   reward=-1.0061  progress=0.0000  success=0/1 (0.00%)  steps=mean:61.0 range:[61,61]
  training  completed=193/2500  queue=0/256 (0%)  replay=17452/200000  updates=9  loss=0.00518  policy_version=18
  throughput env_steps_s=507.0  transitions_s=507.0  transitions_step=1.0  updates_s=130.4  updates_throttled=0
episode=0194
  mode      collector=async  worker=1  epsilon=0.489
  outcome   reward=-1.0064  progress=0.0000  success=0/1 (0.00%)  steps=mean:64.0 range:[64,64]
  training  completed=194/2500  queue=3/256 (1%)  replay=17468/200000  updates=4  loss=0.00061  policy_version=18
  throughput env_steps_s=349.9  transitions_s=349.9  transitions_step=1.0  updates_s=87.5  updates_throttled=0
episode=0195
  mode      collector=async  worker=0  epsilon=0.488
  outcome   reward=-1.0061  progress=0.0000  success=0/1 (0.00%)  steps=mean:61.0 range:[61,61]
  training  completed=195/2500  queue=0/256 (0%)  replay=17651/200000  updates=45  loss=0.00308  policy_version=19
  throughput env_steps_s=590.7  transitions_s=590.7  transitions_step=1.0  updates_s=145.2  updates_throttled=0
episode=0196
  mode      collector=async  worker=2  epsilon=0.486
  outcome   reward=-1.0063  progress=0.0000  success=0/1 (0.00%)  steps=mean:63.0 range:[63,63]
  training  completed=196/2500  queue=0/256 (0%)  replay=17727/200000  updates=19  loss=0.00389  policy_version=19
  throughput env_steps_s=593.3  transitions_s=593.3  transitions_step=1.0  updates_s=148.3  updates_throttled=0
episode=0197
  mode      collector=async  worker=1  epsilon=0.484
  outcome   reward=-1.0064  progress=0.0000  success=0/1 (0.00%)  steps=mean:64.0 range:[64,64]
  training  completed=197/2500  queue=0/256 (0%)  replay=17729/200000  updates=1  loss=0.00534  policy_version=19
  throughput env_steps_s=285.1  transitions_s=285.1  transitions_step=1.0  updates_s=142.6  updates_throttled=0
episode=0198
  mode      collector=async  worker=0  epsilon=0.482
  outcome   reward=-1.0064  progress=0.0000  success=0/1 (0.00%)  steps=mean:64.0 range:[64,64]
  training  completed=198/2500  queue=4/256 (2%)  replay=17900/200000  updates=43  loss=0.00249  policy_version=19
  throughput env_steps_s=514.5  transitions_s=514.5  transitions_step=1.0  updates_s=129.4  updates_throttled=0
episode=0199
  mode      collector=async  worker=2  epsilon=0.480
  outcome   reward=-1.0061  progress=0.0000  success=0/1 (0.00%)  steps=mean:61.0 range:[61,61]
  training  completed=199/2500  queue=0/256 (0%)  replay=17969/200000  updates=17  loss=0.00211  policy_version=19
  throughput env_steps_s=592.6  transitions_s=592.6  transitions_step=1.0  updates_s=146.0  updates_throttled=0
episode=0200
  mode      collector=async  worker=1  epsilon=0.479
  outcome   reward=-1.0066  progress=0.0000  success=0/1 (0.00%)  steps=mean:66.0 range:[66,66]
  training  completed=200/2500  queue=6/256 (2%)  replay=17990/200000  updates=5  loss=0.00548  policy_version=19
  throughput env_steps_s=416.1  transitions_s=416.1  transitions_step=1.0  updates_s=99.1  updates_throttled=0
Saved checkpoint: checkpoints/breakout_s2_rand/ckpt-200
Scheduled replay buffer save: checkpoints/breakout_s2_rand/replay-200.npz transitions=17990
Evaluating frozen checkpoint episode=200 episodes=20 metric=auto...
Saved replay buffer: checkpoints/breakout_s2_rand/replay-200.npz transitions=17990
episode=0201
  mode      collector=async  worker=0  epsilon=0.477
  outcome   reward=-1.0065  progress=0.0000  success=0/1 (0.00%)  steps=mean:65.0 range:[65,65]
  training  completed=201/2500  queue=2/256 (1%)  replay=18176/200000  updates=47  loss=0.00240  policy_version=20
  throughput env_steps_s=441.5  transitions_s=441.5  transitions_step=1.0  updates_s=111.6  updates_throttled=0
episode=0203
  mode      collector=async  worker=1  epsilon=0.475
  outcome   reward=-1.0062  progress=0.0000  success=0/1 (0.00%)  steps=mean:62.0 range:[62,62]
  training  completed=202/2500  queue=0/256 (0%)  replay=18232/200000  updates=14  loss=0.00225  policy_version=20
  throughput env_steps_s=422.6  transitions_s=422.6  transitions_step=1.0  updates_s=105.6  updates_throttled=0
episode=0202
  mode      collector=async  worker=2  epsilon=0.473
  outcome   reward=-1.0064  progress=0.0000  success=0/1 (0.00%)  steps=mean:64.0 range:[64,64]
  training  completed=203/2500  queue=3/256 (1%)  replay=18237/200000  updates=1  loss=0.00469  policy_version=20
  throughput env_steps_s=400.4  transitions_s=400.4  transitions_step=1.0  updates_s=80.1  updates_throttled=0
episode=0204
  mode      collector=async  worker=0  epsilon=0.472
  outcome   reward=-1.0062  progress=0.0000  success=0/1 (0.00%)  steps=mean:62.0 range:[62,62]
  training  completed=204/2500  queue=0/256 (0%)  replay=18417/200000  updates=45  loss=0.00166  policy_version=21
  throughput env_steps_s=434.8  transitions_s=434.8  transitions_step=1.0  updates_s=108.7  updates_throttled=0
episode=0191
  mode      collector=async  worker=3  epsilon=0.470
  outcome   reward=0.9831000000000027  progress=0.0741  success=0/1 (0.00%)  steps=mean:369.0 range:[369,369]
  training  completed=205/2500  queue=0/256 (0%)  replay=18502/200000  updates=21  loss=0.00283  policy_version=21
  throughput env_steps_s=406.6  transitions_s=406.6  transitions_step=1.0  updates_s=100.5  updates_throttled=0
episode=0206
  mode      collector=async  worker=2  epsilon=0.468
  outcome   reward=-1.0061  progress=0.0000  success=0/1 (0.00%)  steps=mean:61.0 range:[61,61]
  training  completed=206/2500  queue=0/256 (0%)  replay=18506/200000  updates=1  loss=0.00027  policy_version=21
  throughput env_steps_s=580.0  transitions_s=580.0  transitions_step=1.0  updates_s=145.0  updates_throttled=0
episode=0207
  mode      collector=async  worker=0  epsilon=0.466
  outcome   reward=-1.0066  progress=0.0000  success=0/1 (0.00%)  steps=mean:66.0 range:[66,66]
  training  completed=207/2500  queue=0/256 (0%)  replay=18663/200000  updates=39  loss=0.00162  policy_version=21
  throughput env_steps_s=446.7  transitions_s=446.7  transitions_step=1.0  updates_s=111.0  updates_throttled=0
episode=0209
  mode      collector=async  worker=2  epsilon=0.465
  outcome   reward=-1.0065  progress=0.0000  success=0/1 (0.00%)  steps=mean:65.0 range:[65,65]
  training  completed=208/2500  queue=0/256 (0%)  replay=18751/200000  updates=22  loss=0.00129  policy_version=21
  throughput env_steps_s=506.6  transitions_s=506.6  transitions_step=1.0  updates_s=126.7  updates_throttled=0
episode=0208
  mode      collector=async  worker=3  epsilon=0.463
  outcome   reward=-1.006  progress=0.0000  success=0/1 (0.00%)  steps=mean:60.0 range:[60,60]
  training  completed=209/2500  queue=2/256 (1%)  replay=18764/200000  updates=4  loss=0.00135  policy_version=21
  throughput env_steps_s=679.3  transitions_s=679.3  transitions_step=1.0  updates_s=209.0  updates_throttled=0
episode=0210
  mode      collector=async  worker=0  epsilon=0.461
  outcome   reward=-1.0062  progress=0.0000  success=0/1 (0.00%)  steps=mean:62.0 range:[62,62]
  training  completed=210/2500  queue=0/256 (0%)  replay=18919/200000  updates=38  loss=0.00176  policy_version=22
  throughput env_steps_s=508.9  transitions_s=508.9  transitions_step=1.0  updates_s=124.8  updates_throttled=0
episode=0211
  mode      collector=async  worker=2  epsilon=0.460
  outcome   reward=-1.006  progress=0.0000  success=0/1 (0.00%)  steps=mean:60.0 range:[60,60]
  training  completed=211/2500  queue=0/256 (0%)  replay=18975/200000  updates=14  loss=0.00175  policy_version=22
  throughput env_steps_s=400.7  transitions_s=400.7  transitions_step=1.0  updates_s=100.2  updates_throttled=0
episode=0205
  mode      collector=async  worker=1  epsilon=0.458
  outcome   reward=-9.999999999910081e-05  progress=0.0370  success=0/1 (0.00%)  steps=mean:201.0 range:[201,201]
  training  completed=212/2500  queue=0/256 (0%)  replay=19031/200000  updates=14  loss=0.00133  policy_version=22
  throughput env_steps_s=449.7  transitions_s=449.7  transitions_step=1.0  updates_s=112.4  updates_throttled=0
episode=0214
  mode      collector=async  worker=2  epsilon=0.456
  outcome   reward=-1.0063  progress=0.0000  success=0/1 (0.00%)  steps=mean:63.0 range:[63,63]
  training  completed=213/2500  queue=1/256 (0%)  replay=19206/200000  updates=44  loss=0.00194  policy_version=23
  throughput env_steps_s=489.9  transitions_s=489.9  transitions_step=1.0  updates_s=123.2  updates_throttled=0
episode=0215
  mode      collector=async  worker=1  epsilon=0.455
  outcome   reward=-1.0063  progress=0.0000  success=0/1 (0.00%)  steps=mean:63.0 range:[63,63]
  training  completed=214/2500  queue=4/256 (2%)  replay=19300/200000  updates=24  loss=0.00139  policy_version=23
  throughput env_steps_s=514.8  transitions_s=514.8  transitions_step=1.0  updates_s=131.4  updates_throttled=0
episode=0216
  mode      collector=async  worker=2  epsilon=0.453
  outcome   reward=-1.0064  progress=0.0000  success=0/1 (0.00%)  steps=mean:64.0 range:[64,64]
  training  completed=215/2500  queue=0/256 (0%)  replay=19431/200000  updates=32  loss=0.00222  policy_version=23
  throughput env_steps_s=531.6  transitions_s=531.6  transitions_step=1.0  updates_s=129.8  updates_throttled=0
episode=0217
  mode      collector=async  worker=1  epsilon=0.451
  outcome   reward=-1.0062  progress=0.0000  success=0/1 (0.00%)  steps=mean:62.0 range:[62,62]
  training  completed=216/2500  queue=2/256 (1%)  replay=19600/200000  updates=43  loss=0.00244  policy_version=24
  throughput env_steps_s=442.0  transitions_s=442.0  transitions_step=1.0  updates_s=112.5  updates_throttled=0
episode=0213
  mode      collector=async  worker=0  epsilon=0.450
  outcome   reward=1.001499999999986  progress=0.0741  success=0/1 (0.00%)  steps=mean:185.0 range:[185,185]
  training  completed=217/2500  queue=0/256 (0%)  replay=19646/200000  updates=11  loss=0.00018  policy_version=24
  throughput env_steps_s=401.3  transitions_s=401.3  transitions_step=1.0  updates_s=96.0  updates_throttled=0
episode=0219
  mode      collector=async  worker=1  epsilon=0.448
  outcome   reward=-1.0064  progress=0.0000  success=0/1 (0.00%)  steps=mean:64.0 range:[64,64]
  training  completed=218/2500  queue=0/256 (0%)  replay=19822/200000  updates=44  loss=0.00184  policy_version=24
  throughput env_steps_s=501.7  transitions_s=501.7  transitions_step=1.0  updates_s=125.4  updates_throttled=0
episode=0212
  mode      collector=async  worker=3  epsilon=0.446
  outcome   reward=0.9866000000000026  progress=0.0741  success=0/1 (0.00%)  steps=mean:334.0 range:[334,334]
  training  completed=219/2500  queue=0/256 (0%)  replay=20098/200000  updates=69  loss=0.00283  policy_version=25
  throughput env_steps_s=505.0  transitions_s=505.0  transitions_step=1.0  updates_s=126.3  updates_throttled=0
episode=0218
  mode      collector=async  worker=2  epsilon=0.445
  outcome   reward=-0.0020999999999988805  progress=0.0370  success=0/1 (0.00%)  steps=mean:221.0 range:[221,221]
  training  completed=220/2500  queue=9/256 (4%)  replay=20279/200000  updates=45  loss=0.00196  policy_version=25
  throughput env_steps_s=468.5  transitions_s=468.5  transitions_step=1.0  updates_s=116.5  updates_throttled=0
episode=0222
  mode      collector=async  worker=3  epsilon=0.443
  outcome   reward=-1.0062  progress=0.0000  success=0/1 (0.00%)  steps=mean:62.0 range:[62,62]
  training  completed=221/2500  queue=0/256 (0%)  replay=20343/200000  updates=16  loss=0.00411  policy_version=25
  throughput env_steps_s=554.5  transitions_s=554.5  transitions_step=1.0  updates_s=138.6  updates_throttled=0
episode=0224
  mode      collector=async  worker=3  epsilon=0.441
  outcome   reward=-1.0065  progress=0.0000  success=0/1 (0.00%)  steps=mean:65.0 range:[65,65]
  training  completed=222/2500  queue=0/256 (0%)  replay=20637/200000  updates=74  loss=0.00172  policy_version=26
  throughput env_steps_s=451.5  transitions_s=451.5  transitions_step=1.0  updates_s=113.7  updates_throttled=0
episode=0221
  mode      collector=async  worker=1  epsilon=0.440
  outcome   reward=-0.0001999999999990898  progress=0.0370  success=0/1 (0.00%)  steps=mean:202.0 range:[202,202]
  training  completed=223/2500  queue=3/256 (1%)  replay=20680/200000  updates=11  loss=0.00299  policy_version=26
  throughput env_steps_s=345.1  transitions_s=345.1  transitions_step=1.0  updates_s=88.3  updates_throttled=0
episode=0225
  mode      collector=async  worker=3  epsilon=0.438
  outcome   reward=-1.006  progress=0.0000  success=0/1 (0.00%)  steps=mean:60.0 range:[60,60]
  training  completed=224/2500  queue=3/256 (1%)  replay=20868/200000  updates=47  loss=0.00167  policy_version=27
  throughput env_steps_s=441.6  transitions_s=441.6  transitions_step=1.0  updates_s=110.4  updates_throttled=0
episode=0226
  mode      collector=async  worker=1  epsilon=0.437
  outcome   reward=-1.0066  progress=0.0000  success=0/1 (0.00%)  steps=mean:66.0 range:[66,66]
  training  completed=225/2500  queue=0/256 (0%)  replay=20945/200000  updates=19  loss=0.00195  policy_version=27
  throughput env_steps_s=517.5  transitions_s=517.5  transitions_step=1.0  updates_s=127.7  updates_throttled=0
episode=0223
  mode      collector=async  worker=2  epsilon=0.435
  outcome   reward=0.001500000000000945  progress=0.0370  success=0/1 (0.00%)  steps=mean:185.0 range:[185,185]
  training  completed=226/2500  queue=3/256 (1%)  replay=21040/200000  updates=24  loss=0.00258  policy_version=27
  throughput env_steps_s=490.5  transitions_s=490.5  transitions_step=1.0  updates_s=123.9  updates_throttled=0
episode=0227
  mode      collector=async  worker=3  epsilon=0.433
  outcome   reward=-1.006  progress=0.0000  success=0/1 (0.00%)  steps=mean:60.0 range:[60,60]
  training  completed=227/2500  queue=0/256 (0%)  replay=21082/200000  updates=10  loss=0.00104  policy_version=27
  throughput env_steps_s=475.0  transitions_s=475.0  transitions_step=1.0  updates_s=113.1  updates_throttled=0
episode=0228
  mode      collector=async  worker=1  epsilon=0.432
  outcome   reward=-1.0066  progress=0.0000  success=0/1 (0.00%)  steps=mean:66.0 range:[66,66]
  training  completed=228/2500  queue=0/256 (0%)  replay=21213/200000  updates=33  loss=0.00159  policy_version=28
  throughput env_steps_s=453.6  transitions_s=453.6  transitions_step=1.0  updates_s=114.3  updates_throttled=0
episode=0229
  mode      collector=async  worker=2  epsilon=0.430
  outcome   reward=-1.0064  progress=0.0000  success=0/1 (0.00%)  steps=mean:64.0 range:[64,64]
  training  completed=229/2500  queue=0/256 (0%)  replay=21311/200000  updates=24  loss=0.00346  policy_version=28
  throughput env_steps_s=486.7  transitions_s=486.7  transitions_step=1.0  updates_s=119.2  updates_throttled=0
episode=0220
  mode      collector=async  worker=0  epsilon=0.429
  outcome   reward=1.9727999999999846  progress=0.1111  success=0/1 (0.00%)  steps=mean:472.0 range:[472,472]
  training  completed=230/2500  queue=0/256 (0%)  replay=21531/200000  updates=55  loss=0.00051  policy_version=28
  throughput env_steps_s=451.8  transitions_s=451.8  transitions_step=1.0  updates_s=112.9  updates_throttled=0
episode=0232
  mode      collector=async  worker=2  epsilon=0.427
  outcome   reward=-1.0064  progress=0.0000  success=0/1 (0.00%)  steps=mean:64.0 range:[64,64]
  training  completed=231/2500  queue=0/256 (0%)  replay=21581/200000  updates=13  loss=0.00271  policy_version=28
  throughput env_steps_s=390.0  transitions_s=390.0  transitions_step=1.0  updates_s=101.4  updates_throttled=0
Frozen evaluation episode=200: success=0/20 (0.00%) reward_mean=-0.8553 steps_mean=83.4
episode=0233
  mode      collector=async  worker=0  epsilon=0.425
  outcome   reward=-1.0066  progress=0.0000  success=0/1 (0.00%)  steps=mean:66.0 range:[66,66]
  training  completed=232/2500  queue=0/256 (0%)  replay=21810/200000  updates=57  loss=0.00233  policy_version=29
  throughput env_steps_s=409.7  transitions_s=409.7  transitions_step=1.0  updates_s=102.0  updates_throttled=0
episode=0234
  mode      collector=async  worker=2  epsilon=0.424
  outcome   reward=-1.0062  progress=0.0000  success=0/1 (0.00%)  steps=mean:62.0 range:[62,62]
  training  completed=233/2500  queue=2/256 (1%)  replay=21824/200000  updates=4  loss=0.00188  policy_version=29
  throughput env_steps_s=633.0  transitions_s=633.0  transitions_step=1.0  updates_s=180.9  updates_throttled=0
episode=0230
  mode      collector=async  worker=3  epsilon=0.422
  outcome   reward=-0.0025999999999988255  progress=0.0370  success=0/1 (0.00%)  steps=mean:226.0 range:[226,226]
  training  completed=234/2500  queue=4/256 (2%)  replay=21928/200000  updates=26  loss=0.00142  policy_version=29
  throughput env_steps_s=531.4  transitions_s=531.4  transitions_step=1.0  updates_s=132.8  updates_throttled=0
episode=0236
  mode      collector=async  worker=2  epsilon=0.421
  outcome   reward=-1.006  progress=0.0000  success=0/1 (0.00%)  steps=mean:60.0 range:[60,60]
  training  completed=235/2500  queue=0/256 (0%)  replay=22095/200000  updates=41  loss=0.00303  policy_version=30
  throughput env_steps_s=550.4  transitions_s=550.4  transitions_step=1.0  updates_s=135.1  updates_throttled=0
episode=0237
  mode      collector=async  worker=3  epsilon=0.419
  outcome   reward=-1.0066  progress=0.0000  success=0/1 (0.00%)  steps=mean:66.0 range:[66,66]
  training  completed=236/2500  queue=0/256 (0%)  replay=22168/200000  updates=19  loss=0.00088  policy_version=30
  throughput env_steps_s=543.3  transitions_s=543.3  transitions_step=1.0  updates_s=141.4  updates_throttled=0
episode=0239
  mode      collector=async  worker=3  epsilon=0.418
  outcome   reward=-1.0062  progress=0.0000  success=0/1 (0.00%)  steps=mean:62.0 range:[62,62]
  training  completed=237/2500  queue=0/256 (0%)  replay=22405/200000  updates=59  loss=0.00193  policy_version=31
  throughput env_steps_s=456.5  transitions_s=456.5  transitions_step=1.0  updates_s=113.7  updates_throttled=0
episode=0235
  mode      collector=async  worker=0  epsilon=0.416
  outcome   reward=1.0018999999999856  progress=0.0741  success=0/1 (0.00%)  steps=mean:181.0 range:[181,181]
  training  completed=238/2500  queue=2/256 (1%)  replay=22560/200000  updates=39  loss=0.00110  policy_version=31
  throughput env_steps_s=485.0  transitions_s=485.0  transitions_step=1.0  updates_s=122.0  updates_throttled=0
episode=0241
  mode      collector=async  worker=0  epsilon=0.415
  outcome   reward=-1.0063  progress=0.0000  success=0/1 (0.00%)  steps=mean:63.0 range:[63,63]
  training  completed=239/2500  queue=0/256 (0%)  replay=22806/200000  updates=61  loss=0.00107  policy_version=32
  throughput env_steps_s=524.5  transitions_s=524.5  transitions_step=1.0  updates_s=130.1  updates_throttled=0
episode=0231
  mode      collector=async  worker=1  epsilon=0.413
  outcome   reward=2.976699999999963  progress=0.1481  success=0/1 (0.00%)  steps=mean:433.0 range:[433,433]
  training  completed=240/2500  queue=4/256 (2%)  replay=22936/200000  updates=33  loss=0.00253  policy_version=32
  throughput env_steps_s=481.6  transitions_s=481.6  transitions_step=1.0  updates_s=122.2  updates_throttled=0
episode=0242
  mode      collector=async  worker=0  epsilon=0.412
  outcome   reward=-1.0065  progress=0.0000  success=0/1 (0.00%)  steps=mean:65.0 range:[65,65]
  training  completed=241/2500  queue=0/256 (0%)  replay=23067/200000  updates=32  loss=0.00131  policy_version=32
  throughput env_steps_s=479.1  transitions_s=479.1  transitions_step=1.0  updates_s=117.0  updates_throttled=0
episode=0238
  mode      collector=async  worker=2  epsilon=0.410
  outcome   reward=-0.0037999999999989154  progress=0.0370  success=0/1 (0.00%)  steps=mean:238.0 range:[238,238]
  training  completed=242/2500  queue=0/256 (0%)  replay=23094/200000  updates=7  loss=0.00144  policy_version=32
  throughput env_steps_s=487.6  transitions_s=487.6  transitions_step=1.0  updates_s=126.4  updates_throttled=0
episode=0240
  mode      collector=async  worker=3  epsilon=0.409
  outcome   reward=0.001400000000000734  progress=0.0370  success=0/1 (0.00%)  steps=mean:186.0 range:[186,186]
  training  completed=243/2500  queue=2/256 (1%)  replay=23144/200000  updates=13  loss=0.00075  policy_version=32
  throughput env_steps_s=366.4  transitions_s=366.4  transitions_step=1.0  updates_s=95.3  updates_throttled=0
episode=0243
  mode      collector=async  worker=1  epsilon=0.407
  outcome   reward=-1.0065  progress=0.0000  success=0/1 (0.00%)  steps=mean:65.0 range:[65,65]
  training  completed=244/2500  queue=2/256 (1%)  replay=23160/200000  updates=4  loss=0.00017  policy_version=32
  throughput env_steps_s=324.6  transitions_s=324.6  transitions_step=1.0  updates_s=81.1  updates_throttled=0
episode=0244
  mode      collector=async  worker=0  epsilon=0.406
  outcome   reward=-1.0064  progress=0.0000  success=0/1 (0.00%)  steps=mean:64.0 range:[64,64]
  training  completed=245/2500  queue=2/256 (1%)  replay=23300/200000  updates=35  loss=0.00285  policy_version=33
  throughput env_steps_s=371.3  transitions_s=371.3  transitions_step=1.0  updates_s=92.8  updates_throttled=0
episode=0245
  mode      collector=async  worker=2  epsilon=0.404
  outcome   reward=-1.0068  progress=0.0000  success=0/1 (0.00%)  steps=mean:68.0 range:[68,68]
  training  completed=246/2500  queue=0/256 (0%)  replay=23399/200000  updates=24  loss=0.00082  policy_version=33
  throughput env_steps_s=388.2  transitions_s=388.2  transitions_step=1.0  updates_s=94.1  updates_throttled=0
episode=0246
  mode      collector=async  worker=3  epsilon=0.403
  outcome   reward=-1.0062  progress=0.0000  success=0/1 (0.00%)  steps=mean:62.0 range:[62,62]
  training  completed=247/2500  queue=0/256 (0%)  replay=23403/200000  updates=1  loss=0.02309  policy_version=33
  throughput env_steps_s=273.3  transitions_s=273.3  transitions_step=1.0  updates_s=68.3  updates_throttled=0
episode=0247
  mode      collector=async  worker=1  epsilon=0.401
  outcome   reward=-1.0065  progress=0.0000  success=0/1 (0.00%)  steps=mean:65.0 range:[65,65]
  training  completed=248/2500  queue=1/256 (0%)  replay=23412/200000  updates=3  loss=0.00043  policy_version=33
  throughput env_steps_s=292.6  transitions_s=292.6  transitions_step=1.0  updates_s=97.5  updates_throttled=0
episode=0249
  mode      collector=async  worker=2  epsilon=0.400
  outcome   reward=-1.0067  progress=0.0000  success=0/1 (0.00%)  steps=mean:67.0 range:[67,67]
  training  completed=249/2500  queue=4/256 (2%)  replay=23652/200000  updates=60  loss=0.00242  policy_version=34
  throughput env_steps_s=472.9  transitions_s=472.9  transitions_step=1.0  updates_s=118.2  updates_throttled=0
episode=0250
  mode      collector=async  worker=3  epsilon=0.398
  outcome   reward=-1.0065  progress=0.0000  success=0/1 (0.00%)  steps=mean:65.0 range:[65,65]
  training  completed=250/2500  queue=0/256 (0%)  replay=23655/200000  updates=0  loss=0.00000  policy_version=34
  throughput env_steps_s=11278.8  transitions_s=11278.8  transitions_step=1.0  updates_s=0.0  updates_throttled=0
episode=0251
  mode      collector=async  worker=1  epsilon=0.397
  outcome   reward=-1.0065  progress=0.0000  success=0/1 (0.00%)  steps=mean:65.0 range:[65,65]
  training  completed=251/2500  queue=0/256 (0%)  replay=23738/200000  updates=21  loss=0.00295  policy_version=34
  throughput env_steps_s=405.6  transitions_s=405.6  transitions_step=1.0  updates_s=102.6  updates_throttled=0
episode=0252
  mode      collector=async  worker=2  epsilon=0.395
  outcome   reward=-1.006  progress=0.0000  success=0/1 (0.00%)  steps=mean:60.0 range:[60,60]
  training  completed=252/2500  queue=2/256 (1%)  replay=23879/200000  updates=35  loss=0.00146  policy_version=34
  throughput env_steps_s=495.2  transitions_s=495.2  transitions_step=1.0  updates_s=122.9  updates_throttled=0
episode=0254
  mode      collector=async  worker=1  epsilon=0.394
  outcome   reward=-1.0063  progress=0.0000  success=0/1 (0.00%)  steps=mean:63.0 range:[63,63]
  training  completed=253/2500  queue=0/256 (0%)  replay=23990/200000  updates=28  loss=0.00114  policy_version=34
  throughput env_steps_s=508.7  transitions_s=508.7  transitions_step=1.0  updates_s=128.3  updates_throttled=0
episode=0256
  mode      collector=async  worker=1  epsilon=0.392
  outcome   reward=-1.0064  progress=0.0000  success=0/1 (0.00%)  steps=mean:64.0 range:[64,64]
  training  completed=254/2500  queue=0/256 (0%)  replay=24247/200000  updates=64  loss=0.00082  policy_version=35
  throughput env_steps_s=472.3  transitions_s=472.3  transitions_step=1.0  updates_s=117.6  updates_throttled=0
episode=0257
  mode      collector=async  worker=1  epsilon=0.391
  outcome   reward=-1.0062  progress=0.0000  success=0/1 (0.00%)  steps=mean:62.0 range:[62,62]
  training  completed=255/2500  queue=0/256 (0%)  replay=24494/200000  updates=62  loss=0.00143  policy_version=36
  throughput env_steps_s=377.3  transitions_s=377.3  transitions_step=1.0  updates_s=94.7  updates_throttled=0
episode=0253
  mode      collector=async  worker=3  epsilon=0.389
  outcome   reward=0.999099999999987  progress=0.0741  success=0/1 (0.00%)  steps=mean:209.0 range:[209,209]
  training  completed=256/2500  queue=2/256 (1%)  replay=24524/200000  updates=8  loss=0.00374  policy_version=36
  throughput env_steps_s=384.3  transitions_s=384.3  transitions_step=1.0  updates_s=102.5  updates_throttled=0
episode=0248
  mode      collector=async  worker=0  epsilon=0.388
  outcome   reward=0.9807000000000028  progress=0.0741  success=0/1 (0.00%)  steps=mean:393.0 range:[393,393]
  training  completed=257/2500  queue=1/256 (0%)  replay=24720/200000  updates=49  loss=0.00241  policy_version=36
  throughput env_steps_s=484.1  transitions_s=484.1  transitions_step=1.0  updates_s=121.0  updates_throttled=0
episode=0258
  mode      collector=async  worker=1  epsilon=0.387
  outcome   reward=-1.0062  progress=0.0000  success=0/1 (0.00%)  steps=mean:62.0 range:[62,62]
  training  completed=258/2500  queue=0/256 (0%)  replay=24767/200000  updates=11  loss=0.00056  policy_version=36
  throughput env_steps_s=403.7  transitions_s=403.7  transitions_step=1.0  updates_s=94.5  updates_throttled=0
episode=0259
  mode      collector=async  worker=3  epsilon=0.385
  outcome   reward=-1.0064  progress=0.0000  success=0/1 (0.00%)  steps=mean:64.0 range:[64,64]
  training  completed=259/2500  queue=0/256 (0%)  replay=24793/200000  updates=7  loss=0.00552  policy_version=36
  throughput env_steps_s=374.8  transitions_s=374.8  transitions_step=1.0  updates_s=100.9  updates_throttled=0
episode=0255
  mode      collector=async  worker=2  epsilon=0.384
  outcome   reward=-0.0031999999999989814  progress=0.0370  success=0/1 (0.00%)  steps=mean:232.0 range:[232,232]
  training  completed=260/2500  queue=6/256 (2%)  replay=24857/200000  updates=16  loss=0.00144  policy_version=37
  throughput env_steps_s=430.2  transitions_s=430.2  transitions_step=1.0  updates_s=107.6  updates_throttled=0
episode=0262
  mode      collector=async  worker=3  epsilon=0.382
  outcome   reward=-1.0061  progress=0.0000  success=0/1 (0.00%)  steps=mean:61.0 range:[61,61]
  training  completed=261/2500  queue=0/256 (0%)  replay=25027/200000  updates=42  loss=0.00480  policy_version=37
  throughput env_steps_s=479.8  transitions_s=479.8  transitions_step=1.0  updates_s=118.5  updates_throttled=0
episode=0261
  mode      collector=async  worker=1  epsilon=0.381
  outcome   reward=-1.0065  progress=0.0000  success=0/1 (0.00%)  steps=mean:65.0 range:[65,65]
  training  completed=262/2500  queue=3/256 (1%)  replay=25028/200000  updates=1  loss=0.00047  policy_version=37
  throughput env_steps_s=187.9  transitions_s=187.9  transitions_step=1.0  updates_s=187.9  updates_throttled=0
episode=0265
  mode      collector=async  worker=1  epsilon=0.379
  outcome   reward=-1.0059  progress=0.0000  success=0/1 (0.00%)  steps=mean:59.0 range:[59,59]
  training  completed=263/2500  queue=0/256 (0%)  replay=25290/200000  updates=65  loss=0.00177  policy_version=38
  throughput env_steps_s=480.6  transitions_s=480.6  transitions_step=1.0  updates_s=119.2  updates_throttled=0
episode=0264
  mode      collector=async  worker=3  epsilon=0.378
  outcome   reward=-1.006  progress=0.0000  success=0/1 (0.00%)  steps=mean:60.0 range:[60,60]
  training  completed=264/2500  queue=0/256 (0%)  replay=25295/200000  updates=1  loss=0.00025  policy_version=38
  throughput env_steps_s=593.9  transitions_s=593.9  transitions_step=1.0  updates_s=118.8  updates_throttled=0
episode=0266
  mode      collector=async  worker=1  epsilon=0.377
  outcome   reward=-1.0065  progress=0.0000  success=0/1 (0.00%)  steps=mean:65.0 range:[65,65]
  training  completed=265/2500  queue=3/256 (1%)  replay=25556/200000  updates=66  loss=0.00193  policy_version=38
  throughput env_steps_s=486.2  transitions_s=486.2  transitions_step=1.0  updates_s=123.0  updates_throttled=0
episode=0260
  mode      collector=async  worker=0  epsilon=0.375
  outcome   reward=-0.0026999999999990365  progress=0.0370  success=0/1 (0.00%)  steps=mean:227.0 range:[227,227]
  training  completed=266/2500  queue=0/256 (0%)  replay=25586/200000  updates=7  loss=0.00289  policy_version=38
  throughput env_steps_s=463.1  transitions_s=463.1  transitions_step=1.0  updates_s=108.0  updates_throttled=0
episode=0263
  mode      collector=async  worker=2  epsilon=0.374
  outcome   reward=-0.0030999999999989925  progress=0.0370  success=0/1 (0.00%)  steps=mean:231.0 range:[231,231]
  training  completed=267/2500  queue=2/256 (1%)  replay=25764/200000  updates=45  loss=0.00264  policy_version=39
  throughput env_steps_s=496.8  transitions_s=496.8  transitions_step=1.0  updates_s=125.6  updates_throttled=0
episode=0268
  mode      collector=async  worker=1  epsilon=0.373
  outcome   reward=-1.0065  progress=0.0000  success=0/1 (0.00%)  steps=mean:65.0 range:[65,65]
  training  completed=268/2500  queue=2/256 (1%)  replay=25799/200000  updates=8  loss=0.00122  policy_version=39
  throughput env_steps_s=616.3  transitions_s=616.3  transitions_step=1.0  updates_s=140.9  updates_throttled=0
episode=0271
  mode      collector=async  worker=1  epsilon=0.371
  outcome   reward=-1.0062  progress=0.0000  success=0/1 (0.00%)  steps=mean:62.0 range:[62,62]
  training  completed=269/2500  queue=0/256 (0%)  replay=26067/200000  updates=67  loss=0.00117  policy_version=40
  throughput env_steps_s=476.7  transitions_s=476.7  transitions_step=1.0  updates_s=119.2  updates_throttled=0
episode=0267
  mode      collector=async  worker=3  epsilon=0.370
  outcome   reward=-0.0034999999999989484  progress=0.0370  success=0/1 (0.00%)  steps=mean:235.0 range:[235,235]
  training  completed=270/2500  queue=0/256 (0%)  replay=26263/200000  updates=49  loss=0.00079  policy_version=40
  throughput env_steps_s=535.6  transitions_s=535.6  transitions_step=1.0  updates_s=133.9  updates_throttled=0
episode=0269
  mode      collector=async  worker=0  epsilon=0.368
  outcome   reward=-0.0004999999999990568  progress=0.0370  success=0/1 (0.00%)  steps=mean:205.0 range:[205,205]
  training  completed=271/2500  queue=3/256 (1%)  replay=26412/200000  updates=38  loss=0.00130  policy_version=41
  throughput env_steps_s=485.5  transitions_s=485.5  transitions_step=1.0  updates_s=123.8  updates_throttled=0
episode=0270
  mode      collector=async  worker=2  epsilon=0.367
  outcome   reward=-0.0025999999999990475  progress=0.0370  success=0/1 (0.00%)  steps=mean:226.0 range:[226,226]
  training  completed=272/2500  queue=0/256 (0%)  replay=26593/200000  updates=45  loss=0.00215  policy_version=41
  throughput env_steps_s=493.7  transitions_s=493.7  transitions_step=1.0  updates_s=122.7  updates_throttled=0
episode=0274
  mode      collector=async  worker=0  epsilon=0.366
  outcome   reward=-1.0064  progress=0.0000  success=0/1 (0.00%)  steps=mean:64.0 range:[64,64]
  training  completed=273/2500  queue=0/256 (0%)  replay=26683/200000  updates=22  loss=0.00079  policy_version=41
  throughput env_steps_s=485.3  transitions_s=485.3  transitions_step=1.0  updates_s=118.6  updates_throttled=0
episode=0272
  mode      collector=async  worker=1  epsilon=0.364
  outcome   reward=-0.0010999999999989907  progress=0.0370  success=0/1 (0.00%)  steps=mean:211.0 range:[211,211]
  training  completed=274/2500  queue=0/256 (0%)  replay=26946/200000  updates=66  loss=0.00094  policy_version=42
  throughput env_steps_s=451.5  transitions_s=451.5  transitions_step=1.0  updates_s=113.3  updates_throttled=0
episode=0273
  mode      collector=async  worker=3  epsilon=0.363
  outcome   reward=0.001700000000000923  progress=0.0370  success=0/1 (0.00%)  steps=mean:183.0 range:[183,183]
  training  completed=275/2500  queue=4/256 (2%)  replay=26972/200000  updates=7  loss=0.00185  policy_version=42
  throughput env_steps_s=420.1  transitions_s=420.1  transitions_step=1.0  updates_s=113.1  updates_throttled=0
episode=0277
  mode      collector=async  worker=1  epsilon=0.362
  outcome   reward=-1.006  progress=0.0000  success=0/1 (0.00%)  steps=mean:60.0 range:[60,60]
  training  completed=276/2500  queue=0/256 (0%)  replay=27204/200000  updates=58  loss=0.00154  policy_version=43
  throughput env_steps_s=518.0  transitions_s=518.0  transitions_step=1.0  updates_s=129.5  updates_throttled=0
episode=0278
  mode      collector=async  worker=3  epsilon=0.360
  outcome   reward=-1.0064  progress=0.0000  success=0/1 (0.00%)  steps=mean:64.0 range:[64,64]
  training  completed=277/2500  queue=0/256 (0%)  replay=27246/200000  updates=10  loss=0.00344  policy_version=43
  throughput env_steps_s=370.1  transitions_s=370.1  transitions_step=1.0  updates_s=88.1  updates_throttled=0
episode=0279
  mode      collector=async  worker=1  epsilon=0.359
  outcome   reward=-1.0062  progress=0.0000  success=0/1 (0.00%)  steps=mean:62.0 range:[62,62]
  training  completed=278/2500  queue=0/256 (0%)  replay=27457/200000  updates=53  loss=0.00196  policy_version=43
  throughput env_steps_s=484.5  transitions_s=484.5  transitions_step=1.0  updates_s=121.7  updates_throttled=0
episode=0280
  mode      collector=async  worker=3  epsilon=0.358
  outcome   reward=-1.0061  progress=0.0000  success=0/1 (0.00%)  steps=mean:61.0 range:[61,61]
  training  completed=279/2500  queue=0/256 (0%)  replay=27481/200000  updates=6  loss=0.00193  policy_version=43
  throughput env_steps_s=411.7  transitions_s=411.7  transitions_step=1.0  updates_s=102.9  updates_throttled=0
episode=0281
  mode      collector=async  worker=1  epsilon=0.356
  outcome   reward=-1.0064  progress=0.0000  success=0/1 (0.00%)  steps=mean:64.0 range:[64,64]
  training  completed=280/2500  queue=5/256 (2%)  replay=27676/200000  updates=49  loss=0.00150  policy_version=44
  throughput env_steps_s=460.6  transitions_s=460.6  transitions_step=1.0  updates_s=115.7  updates_throttled=0
episode=0282
  mode      collector=async  worker=3  epsilon=0.355
  outcome   reward=-1.0064  progress=0.0000  success=0/1 (0.00%)  steps=mean:64.0 range:[64,64]
  training  completed=281/2500  queue=0/256 (0%)  replay=27763/200000  updates=21  loss=0.00221  policy_version=44
  throughput env_steps_s=478.3  transitions_s=478.3  transitions_step=1.0  updates_s=115.4  updates_throttled=0
episode=0283
  mode      collector=async  worker=1  epsilon=0.354
  outcome   reward=-1.0061  progress=0.0000  success=0/1 (0.00%)  steps=mean:61.0 range:[61,61]
  training  completed=282/2500  queue=0/256 (0%)  replay=27923/200000  updates=40  loss=0.00272  policy_version=44
  throughput env_steps_s=485.1  transitions_s=485.1  transitions_step=1.0  updates_s=121.3  updates_throttled=0
episode=0284
  mode      collector=async  worker=3  epsilon=0.353
  outcome   reward=-1.0061  progress=0.0000  success=0/1 (0.00%)  steps=mean:61.0 range:[61,61]
  training  completed=283/2500  queue=0/256 (0%)  replay=27994/200000  updates=18  loss=0.00165  policy_version=44
  throughput env_steps_s=500.4  transitions_s=500.4  transitions_step=1.0  updates_s=126.9  updates_throttled=0
episode=0276
  mode      collector=async  worker=0  epsilon=0.351
  outcome   reward=0.9859000000000027  progress=0.0741  success=0/1 (0.00%)  steps=mean:341.0 range:[341,341]
  training  completed=284/2500  queue=0/256 (0%)  replay=28034/200000  updates=10  loss=0.00070  policy_version=45
  throughput env_steps_s=486.7  transitions_s=486.7  transitions_step=1.0  updates_s=121.7  updates_throttled=0
episode=0285
  mode      collector=async  worker=1  epsilon=0.350
  outcome   reward=-1.0063  progress=0.0000  success=0/1 (0.00%)  steps=mean:63.0 range:[63,63]
  training  completed=285/2500  queue=0/256 (0%)  replay=28179/200000  updates=36  loss=0.00223  policy_version=45
  throughput env_steps_s=472.7  transitions_s=472.7  transitions_step=1.0  updates_s=117.4  updates_throttled=0
episode=0287
  mode      collector=async  worker=0  epsilon=0.349
  outcome   reward=-1.0062  progress=0.0000  success=0/1 (0.00%)  steps=mean:62.0 range:[62,62]
  training  completed=286/2500  queue=0/256 (0%)  replay=28299/200000  updates=30  loss=0.00190  policy_version=45
  throughput env_steps_s=466.7  transitions_s=466.7  transitions_step=1.0  updates_s=116.7  updates_throttled=0
episode=0288
  mode      collector=async  worker=1  epsilon=0.347
  outcome   reward=-1.0063  progress=0.0000  success=0/1 (0.00%)  steps=mean:63.0 range:[63,63]
  training  completed=287/2500  queue=0/256 (0%)  replay=28437/200000  updates=35  loss=0.00176  policy_version=46
  throughput env_steps_s=467.3  transitions_s=467.3  transitions_step=1.0  updates_s=118.5  updates_throttled=0
episode=0289
  mode      collector=async  worker=0  epsilon=0.346
  outcome   reward=-1.0061  progress=0.0000  success=0/1 (0.00%)  steps=mean:61.0 range:[61,61]
  training  completed=288/2500  queue=0/256 (0%)  replay=28544/200000  updates=27  loss=0.00136  policy_version=46
  throughput env_steps_s=474.5  transitions_s=474.5  transitions_step=1.0  updates_s=119.7  updates_throttled=0
episode=0286
  mode      collector=async  worker=3  epsilon=0.345
  outcome   reward=1.0019999999999862  progress=0.0741  success=0/1 (0.00%)  steps=mean:180.0 range:[180,180]
  training  completed=289/2500  queue=0/256 (0%)  replay=28695/200000  updates=37  loss=0.00195  policy_version=46
  throughput env_steps_s=485.3  transitions_s=485.3  transitions_step=1.0  updates_s=118.9  updates_throttled=0
episode=0290
  mode      collector=async  worker=1  epsilon=0.344
  outcome   reward=-1.0067  progress=0.0000  success=0/1 (0.00%)  steps=mean:67.0 range:[67,67]
  training  completed=290/2500  queue=0/256 (0%)  replay=28719/200000  updates=6  loss=0.00072  policy_version=46
  throughput env_steps_s=400.3  transitions_s=400.3  transitions_step=1.0  updates_s=100.1  updates_throttled=0
episode=0292
  mode      collector=async  worker=3  epsilon=0.342
  outcome   reward=-1.0062  progress=0.0000  success=0/1 (0.00%)  steps=mean:62.0 range:[62,62]
  training  completed=291/2500  queue=0/256 (0%)  replay=28967/200000  updates=62  loss=0.00132  policy_version=47
  throughput env_steps_s=459.1  transitions_s=459.1  transitions_step=1.0  updates_s=114.8  updates_throttled=0
episode=0275
  mode      collector=async  worker=2  epsilon=0.341
  outcome   reward=2.959399999999963  progress=0.1481  success=0/1 (0.00%)  steps=mean:606.0 range:[606,606]
  training  completed=292/2500  queue=0/256 (0%)  replay=28995/200000  updates=7  loss=0.00252  policy_version=47
  throughput env_steps_s=457.4  transitions_s=457.4  transitions_step=1.0  updates_s=114.4  updates_throttled=0
episode=0295
  mode      collector=async  worker=2  epsilon=0.340
  outcome   reward=-1.0064  progress=0.0000  success=0/1 (0.00%)  steps=mean:64.0 range:[64,64]
  training  completed=293/2500  queue=0/256 (0%)  replay=29249/200000  updates=64  loss=0.00226  policy_version=48
  throughput env_steps_s=456.8  transitions_s=456.8  transitions_step=1.0  updates_s=115.1  updates_throttled=0
episode=0291
  mode      collector=async  worker=0  epsilon=0.339
  outcome   reward=0.001800000000000912  progress=0.0370  success=0/1 (0.00%)  steps=mean:182.0 range:[182,182]
  training  completed=294/2500  queue=0/256 (0%)  replay=29263/200000  updates=3  loss=0.00215  policy_version=48
  throughput env_steps_s=581.1  transitions_s=581.1  transitions_step=1.0  updates_s=124.5  updates_throttled=0
episode=0293
  mode      collector=async  worker=1  epsilon=0.337
  outcome   reward=0.001700000000000701  progress=0.0370  success=0/1 (0.00%)  steps=mean:183.0 range:[183,183]
  training  completed=295/2500  queue=1/256 (0%)  replay=29444/200000  updates=46  loss=0.00195  policy_version=48
  throughput env_steps_s=468.6  transitions_s=468.6  transitions_step=1.0  updates_s=119.1  updates_throttled=0
episode=0296
  mode      collector=async  worker=2  epsilon=0.336
  outcome   reward=-1.0065  progress=0.0000  success=0/1 (0.00%)  steps=mean:65.0 range:[65,65]
  training  completed=296/2500  queue=1/256 (0%)  replay=29496/200000  updates=13  loss=0.00179  policy_version=48
  throughput env_steps_s=453.6  transitions_s=453.6  transitions_step=1.0  updates_s=113.4  updates_throttled=0
episode=0297
  mode      collector=async  worker=0  epsilon=0.335
  outcome   reward=-1.0064  progress=0.0000  success=0/1 (0.00%)  steps=mean:64.0 range:[64,64]
  training  completed=297/2500  queue=1/256 (0%)  replay=29524/200000  updates=7  loss=0.00172  policy_version=48
  throughput env_steps_s=389.8  transitions_s=389.8  transitions_step=1.0  updates_s=97.5  updates_throttled=0
episode=0299
  mode      collector=async  worker=2  epsilon=0.334
  outcome   reward=-1.006  progress=0.0000  success=0/1 (0.00%)  steps=mean:60.0 range:[60,60]
  training  completed=298/2500  queue=0/256 (0%)  replay=29714/200000  updates=47  loss=0.00170  policy_version=49
  throughput env_steps_s=427.7  transitions_s=427.7  transitions_step=1.0  updates_s=105.8  updates_throttled=0
episode=0298
  mode      collector=async  worker=1  epsilon=0.332
  outcome   reward=-1.0062  progress=0.0000  success=0/1 (0.00%)  steps=mean:62.0 range:[62,62]
  training  completed=299/2500  queue=0/256 (0%)  replay=29716/200000  updates=1  loss=0.00530  policy_version=49
  throughput env_steps_s=258.0  transitions_s=258.0  transitions_step=1.0  updates_s=129.0  updates_throttled=0
episode=0300
  mode      collector=async  worker=0  epsilon=0.331
  outcome   reward=-1.0067  progress=0.0000  success=0/1 (0.00%)  steps=mean:67.0 range:[67,67]
  training  completed=300/2500  queue=10/256 (4%)  replay=29800/200000  updates=21  loss=0.00199  policy_version=49
  throughput env_steps_s=423.7  transitions_s=423.7  transitions_step=1.0  updates_s=105.9  updates_throttled=0
Saved checkpoint: checkpoints/breakout_s2_rand/ckpt-300
Scheduled replay buffer save: checkpoints/breakout_s2_rand/replay-300.npz transitions=29800
Evaluating frozen checkpoint episode=300 episodes=20 metric=auto...
episode=0294
  mode      collector=async  worker=3  epsilon=0.330
  outcome   reward=0.9993999999999843  progress=0.0741  success=0/1 (0.00%)  steps=mean:206.0 range:[206,206]
  training  completed=301/2500  queue=10/256 (4%)  replay=29845/200000  updates=11  loss=0.00155  policy_version=49
  throughput env_steps_s=364.2  transitions_s=364.2  transitions_step=1.0  updates_s=89.0  updates_throttled=0
Saved replay buffer: checkpoints/breakout_s2_rand/replay-300.npz transitions=29800
episode=0301
  mode      collector=async  worker=2  epsilon=0.329
  outcome   reward=-1.0065  progress=0.0000  success=0/1 (0.00%)  steps=mean:65.0 range:[65,65]
  training  completed=302/2500  queue=1/256 (0%)  replay=29964/200000  updates=30  loss=0.00183  policy_version=49
  throughput env_steps_s=315.6  transitions_s=315.6  transitions_step=1.0  updates_s=79.6  updates_throttled=0
episode=0302
  mode      collector=async  worker=1  epsilon=0.327
  outcome   reward=-1.0061  progress=0.0000  success=0/1 (0.00%)  steps=mean:61.0 range:[61,61]
  training  completed=303/2500  queue=0/256 (0%)  replay=30002/200000  updates=9  loss=0.00351  policy_version=50
  throughput env_steps_s=300.6  transitions_s=300.6  transitions_step=1.0  updates_s=71.2  updates_throttled=0
episode=0303
  mode      collector=async  worker=0  epsilon=0.326
  outcome   reward=-1.0063  progress=0.0000  success=0/1 (0.00%)  steps=mean:63.0 range:[63,63]
  training  completed=304/2500  queue=2/256 (1%)  replay=30024/200000  updates=6  loss=0.00112  policy_version=50
  throughput env_steps_s=362.0  transitions_s=362.0  transitions_step=1.0  updates_s=98.7  updates_throttled=0
episode=0304
  mode      collector=async  worker=3  epsilon=0.325
  outcome   reward=-1.0064  progress=0.0000  success=0/1 (0.00%)  steps=mean:64.0 range:[64,64]
  training  completed=305/2500  queue=1/256 (0%)  replay=30048/200000  updates=6  loss=0.00374  policy_version=50
  throughput env_steps_s=414.1  transitions_s=414.1  transitions_step=1.0  updates_s=103.5  updates_throttled=0
episode=0305
  mode      collector=async  worker=2  epsilon=0.324
  outcome   reward=-1.0067  progress=0.0000  success=0/1 (0.00%)  steps=mean:67.0 range:[67,67]
  training  completed=306/2500  queue=0/256 (0%)  replay=30239/200000  updates=47  loss=0.00081  policy_version=50
  throughput env_steps_s=367.8  transitions_s=367.8  transitions_step=1.0  updates_s=90.5  updates_throttled=0
episode=0306
  mode      collector=async  worker=1  epsilon=0.323
  outcome   reward=-1.0066  progress=0.0000  success=0/1 (0.00%)  steps=mean:66.0 range:[66,66]
  training  completed=307/2500  queue=0/256 (0%)  replay=30278/200000  updates=10  loss=0.00060  policy_version=50
  throughput env_steps_s=384.5  transitions_s=384.5  transitions_step=1.0  updates_s=98.6  updates_throttled=0
episode=0309
  mode      collector=async  worker=2  epsilon=0.322
  outcome   reward=-1.0062  progress=0.0000  success=0/1 (0.00%)  steps=mean:62.0 range:[62,62]
  training  completed=308/2500  queue=0/256 (0%)  replay=30487/200000  updates=52  loss=0.00201  policy_version=51
  throughput env_steps_s=374.8  transitions_s=374.8  transitions_step=1.0  updates_s=93.3  updates_throttled=0
episode=0311
  mode      collector=async  worker=2  epsilon=0.320
  outcome   reward=-1.0068  progress=0.0000  success=0/1 (0.00%)  steps=mean:68.0 range:[68,68]
  training  completed=309/2500  queue=0/256 (0%)  replay=30718/200000  updates=58  loss=0.00099  policy_version=51
  throughput env_steps_s=405.9  transitions_s=405.9  transitions_step=1.0  updates_s=101.9  updates_throttled=0
episode=0307
  mode      collector=async  worker=0  epsilon=0.319
  outcome   reward=1.002099999999986  progress=0.0741  success=0/1 (0.00%)  steps=mean:179.0 range:[179,179]
  training  completed=310/2500  queue=0/256 (0%)  replay=30785/200000  updates=17  loss=0.00090  policy_version=51
  throughput env_steps_s=344.5  transitions_s=344.5  transitions_step=1.0  updates_s=87.4  updates_throttled=0
episode=0308
  mode      collector=async  worker=3  epsilon=0.318
  outcome   reward=-0.00039999999999906777  progress=0.0370  success=0/1 (0.00%)  steps=mean:204.0 range:[204,204]
  training  completed=311/2500  queue=0/256 (0%)  replay=30827/200000  updates=10  loss=0.00045  policy_version=52
  throughput env_steps_s=342.5  transitions_s=342.5  transitions_step=1.0  updates_s=81.5  updates_throttled=0
episode=0312
  mode      collector=async  worker=2  epsilon=0.317
  outcome   reward=-1.0063  progress=0.0000  success=0/1 (0.00%)  steps=mean:63.0 range:[63,63]
  training  completed=312/2500  queue=0/256 (0%)  replay=30966/200000  updates=35  loss=0.00159  policy_version=52
  throughput env_steps_s=373.5  transitions_s=373.5  transitions_step=1.0  updates_s=94.0  updates_throttled=0
episode=0314
  mode      collector=async  worker=3  epsilon=0.316
  outcome   reward=-1.0064  progress=0.0000  success=0/1 (0.00%)  steps=mean:64.0 range:[64,64]
  training  completed=313/2500  queue=0/256 (0%)  replay=31063/200000  updates=24  loss=0.00083  policy_version=52
  throughput env_steps_s=360.7  transitions_s=360.7  transitions_step=1.0  updates_s=89.2  updates_throttled=0
episode=0310
  mode      collector=async  worker=1  epsilon=0.314
  outcome   reward=1.000499999999984  progress=0.0741  success=0/1 (0.00%)  steps=mean:195.0 range:[195,195]
  training  completed=314/2500  queue=0/256 (0%)  replay=31090/200000  updates=7  loss=0.00599  policy_version=52
  throughput env_steps_s=366.6  transitions_s=366.6  transitions_step=1.0  updates_s=95.1  updates_throttled=0
episode=0315
  mode      collector=async  worker=2  epsilon=0.313
  outcome   reward=-1.0063  progress=0.0000  success=0/1 (0.00%)  steps=mean:63.0 range:[63,63]
  training  completed=315/2500  queue=0/256 (0%)  replay=31230/200000  updates=35  loss=0.00145  policy_version=53
  throughput env_steps_s=351.5  transitions_s=351.5  transitions_step=1.0  updates_s=87.9  updates_throttled=0
episode=0316
  mode      collector=async  worker=3  epsilon=0.312
  outcome   reward=-1.0067  progress=0.0000  success=0/1 (0.00%)  steps=mean:67.0 range:[67,67]
  training  completed=316/2500  queue=0/256 (0%)  replay=31334/200000  updates=26  loss=0.00178  policy_version=53
  throughput env_steps_s=336.8  transitions_s=336.8  transitions_step=1.0  updates_s=84.2  updates_throttled=0
episode=0317
  mode      collector=async  worker=1  epsilon=0.311
  outcome   reward=-1.0065  progress=0.0000  success=0/1 (0.00%)  steps=mean:65.0 range:[65,65]
  training  completed=317/2500  queue=0/256 (0%)  replay=31361/200000  updates=7  loss=0.00186  policy_version=53
  throughput env_steps_s=411.5  transitions_s=411.5  transitions_step=1.0  updates_s=106.7  updates_throttled=0
episode=0318
  mode      collector=async  worker=2  epsilon=0.310
  outcome   reward=-1.0062  progress=0.0000  success=0/1 (0.00%)  steps=mean:62.0 range:[62,62]
  training  completed=318/2500  queue=1/256 (0%)  replay=31436/200000  updates=19  loss=0.00213  policy_version=53
  throughput env_steps_s=375.4  transitions_s=375.4  transitions_step=1.0  updates_s=95.1  updates_throttled=0
episode=0313
  mode      collector=async  worker=0  epsilon=0.309
  outcome   reward=-9.999999999910081e-05  progress=0.0370  success=0/1 (0.00%)  steps=mean:201.0 range:[201,201]
  training  completed=319/2500  queue=4/256 (2%)  replay=31572/200000  updates=34  loss=0.00287  policy_version=53
  throughput env_steps_s=349.9  transitions_s=349.9  transitions_step=1.0  updates_s=87.5  updates_throttled=0
episode=0319
  mode      collector=async  worker=3  epsilon=0.308
  outcome   reward=-1.0063  progress=0.0000  success=0/1 (0.00%)  steps=mean:63.0 range:[63,63]
  training  completed=320/2500  queue=3/256 (1%)  replay=31590/200000  updates=4  loss=0.00168  policy_version=53
  throughput env_steps_s=400.9  transitions_s=400.9  transitions_step=1.0  updates_s=89.1  updates_throttled=0
episode=0320
  mode      collector=async  worker=1  epsilon=0.306
  outcome   reward=-1.0061  progress=0.0000  success=0/1 (0.00%)  steps=mean:61.0 range:[61,61]
  training  completed=321/2500  queue=5/256 (2%)  replay=31640/200000  updates=13  loss=0.00260  policy_version=54
  throughput env_steps_s=344.5  transitions_s=344.5  transitions_step=1.0  updates_s=89.6  updates_throttled=0
episode=0321
  mode      collector=async  worker=2  epsilon=0.305
  outcome   reward=0.001800000000000912  progress=0.0370  success=0/1 (0.00%)  steps=mean:182.0 range:[182,182]
  training  completed=322/2500  queue=0/256 (0%)  replay=32159/200000  updates=129  loss=0.00196  policy_version=55
  throughput env_steps_s=381.3  transitions_s=381.3  transitions_step=1.0  updates_s=94.8  updates_throttled=0
episode=0322
  mode      collector=async  worker=0  epsilon=0.304
  outcome   reward=0.001700000000000923  progress=0.0370  success=0/1 (0.00%)  steps=mean:183.0 range:[183,183]
  training  completed=323/2500  queue=0/256 (0%)  replay=32270/200000  updates=28  loss=0.00241  policy_version=55
  throughput env_steps_s=386.0  transitions_s=386.0  transitions_step=1.0  updates_s=97.4  updates_throttled=0
episode=0325
  mode      collector=async  worker=2  epsilon=0.303
  outcome   reward=-1.0061  progress=0.0000  success=0/1 (0.00%)  steps=mean:61.0 range:[61,61]
  training  completed=324/2500  queue=0/256 (0%)  replay=32391/200000  updates=30  loss=0.00360  policy_version=55
  throughput env_steps_s=373.0  transitions_s=373.0  transitions_step=1.0  updates_s=92.5  updates_throttled=0
episode=0324
  mode      collector=async  worker=1  epsilon=0.302
  outcome   reward=0.002600000000000824  progress=0.0370  success=0/1 (0.00%)  steps=mean:174.0 range:[174,174]
  training  completed=325/2500  queue=1/256 (0%)  replay=32408/200000  updates=5  loss=0.00202  policy_version=56
  throughput env_steps_s=369.1  transitions_s=369.1  transitions_step=1.0  updates_s=108.6  updates_throttled=0
episode=0326
  mode      collector=async  worker=0  epsilon=0.301
  outcome   reward=-1.0061  progress=0.0000  success=0/1 (0.00%)  steps=mean:61.0 range:[61,61]
  training  completed=326/2500  queue=0/256 (0%)  replay=32503/200000  updates=23  loss=0.00121  policy_version=56
  throughput env_steps_s=409.9  transitions_s=409.9  transitions_step=1.0  updates_s=99.2  updates_throttled=0
episode=0327
  mode      collector=async  worker=2  epsilon=0.300
  outcome   reward=-1.0061  progress=0.0000  success=0/1 (0.00%)  steps=mean:61.0 range:[61,61]
  training  completed=327/2500  queue=1/256 (0%)  replay=32640/200000  updates=35  loss=0.00097  policy_version=56
  throughput env_steps_s=354.7  transitions_s=354.7  transitions_step=1.0  updates_s=90.6  updates_throttled=0
episode=0329
  mode      collector=async  worker=0  epsilon=0.299
  outcome   reward=-1.0064  progress=0.0000  success=0/1 (0.00%)  steps=mean:64.0 range:[64,64]
  training  completed=328/2500  queue=0/256 (0%)  replay=32762/200000  updates=30  loss=0.00142  policy_version=56
  throughput env_steps_s=370.9  transitions_s=370.9  transitions_step=1.0  updates_s=91.2  updates_throttled=0
episode=0323
  mode      collector=async  worker=3  epsilon=0.298
  outcome   reward=0.989500000000002  progress=0.0741  success=0/1 (0.00%)  steps=mean:305.0 range:[305,305]
  training  completed=329/2500  queue=4/256 (2%)  replay=32802/200000  updates=10  loss=0.00074  policy_version=57
  throughput env_steps_s=321.6  transitions_s=321.6  transitions_step=1.0  updates_s=80.4  updates_throttled=0
episode=0331
  mode      collector=async  worker=0  epsilon=0.296
  outcome   reward=-1.006  progress=0.0000  success=0/1 (0.00%)  steps=mean:60.0 range:[60,60]
  training  completed=330/2500  queue=0/256 (0%)  replay=32970/200000  updates=42  loss=0.00177  policy_version=57
  throughput env_steps_s=353.4  transitions_s=353.4  transitions_step=1.0  updates_s=88.4  updates_throttled=0
episode=0328
  mode      collector=async  worker=1  epsilon=0.295
  outcome   reward=0.002800000000000802  progress=0.0370  success=0/1 (0.00%)  steps=mean:172.0 range:[172,172]
  training  completed=331/2500  queue=2/256 (1%)  replay=33092/200000  updates=31  loss=0.00333  policy_version=57
  throughput env_steps_s=361.7  transitions_s=361.7  transitions_step=1.0  updates_s=91.9  updates_throttled=0
episode=0333
  mode      collector=async  worker=0  epsilon=0.294
  outcome   reward=-1.0064  progress=0.0000  success=0/1 (0.00%)  steps=mean:64.0 range:[64,64]
  training  completed=332/2500  queue=0/256 (0%)  replay=33251/200000  updates=39  loss=0.00174  policy_version=58
  throughput env_steps_s=365.9  transitions_s=365.9  transitions_step=1.0  updates_s=89.7  updates_throttled=0
episode=0334
  mode      collector=async  worker=1  epsilon=0.293
  outcome   reward=-1.006  progress=0.0000  success=0/1 (0.00%)  steps=mean:60.0 range:[60,60]
  training  completed=333/2500  queue=0/256 (0%)  replay=33338/200000  updates=22  loss=0.00178  policy_version=58
  throughput env_steps_s=357.9  transitions_s=357.9  transitions_step=1.0  updates_s=90.5  updates_throttled=0
Frozen evaluation episode=300: success=0/20 (0.00%) reward_mean=-0.7058 steps_mean=98.2
Saved checkpoint: checkpoints/breakout_s2_rand/best/ckpt-333
Best checkpoint applied using live weights at episode=333 (background evaluation was requested for episode=300)
New best checkpoint: checkpoints/breakout_s2_rand/best/ckpt-333 metric=auto success=0.00% reward_mean=-0.7058
episode=0330
  mode      collector=async  worker=2  epsilon=0.292
  outcome   reward=0.001600000000000934  progress=0.0370  success=0/1 (0.00%)  steps=mean:184.0 range:[184,184]
  training  completed=334/2500  queue=7/256 (3%)  replay=33386/200000  updates=12  loss=0.00182  policy_version=58
  throughput env_steps_s=289.2  transitions_s=289.2  transitions_step=1.0  updates_s=72.3  updates_throttled=0
episode=0332
  mode      collector=async  worker=3  epsilon=0.291
  outcome   reward=0.001200000000000756  progress=0.0370  success=0/1 (0.00%)  steps=mean:188.0 range:[188,188]
  training  completed=335/2500  queue=0/256 (0%)  replay=33578/200000  updates=48  loss=0.00136  policy_version=58
  throughput env_steps_s=481.2  transitions_s=481.2  transitions_step=1.0  updates_s=120.3  updates_throttled=0
episode=0336
  mode      collector=async  worker=1  epsilon=0.290
  outcome   reward=-1.0065  progress=0.0000  success=0/1 (0.00%)  steps=mean:65.0 range:[65,65]
  training  completed=336/2500  queue=0/256 (0%)  replay=33609/200000  updates=8  loss=0.00013  policy_version=59
  throughput env_steps_s=396.2  transitions_s=396.2  transitions_step=1.0  updates_s=102.2  updates_throttled=0
episode=0338
  mode      collector=async  worker=3  epsilon=0.289
  outcome   reward=-1.006  progress=0.0000  success=0/1 (0.00%)  steps=mean:60.0 range:[60,60]
  training  completed=337/2500  queue=2/256 (1%)  replay=33780/200000  updates=43  loss=0.00167  policy_version=59
  throughput env_steps_s=436.9  transitions_s=436.9  transitions_step=1.0  updates_s=109.9  updates_throttled=0
episode=0340
  mode      collector=async  worker=3  epsilon=0.288
  outcome   reward=-1.0063  progress=0.0000  success=0/1 (0.00%)  steps=mean:63.0 range:[63,63]
  training  completed=338/2500  queue=0/256 (0%)  replay=34007/200000  updates=56  loss=0.00164  policy_version=60
  throughput env_steps_s=420.4  transitions_s=420.4  transitions_step=1.0  updates_s=103.7  updates_throttled=0
episode=0337
  mode      collector=async  worker=2  epsilon=0.287
  outcome   reward=0.00030000000000085514  progress=0.0370  success=0/1 (0.00%)  steps=mean:197.0 range:[197,197]
  training  completed=339/2500  queue=0/256 (0%)  replay=34185/200000  updates=45  loss=0.00258  policy_version=60
  throughput env_steps_s=443.0  transitions_s=443.0  transitions_step=1.0  updates_s=112.0  updates_throttled=0
episode=0339
  mode      collector=async  worker=1  epsilon=0.286
  outcome   reward=0.001900000000000901  progress=0.0370  success=0/1 (0.00%)  steps=mean:181.0 range:[181,181]
  training  completed=340/2500  queue=9/256 (4%)  replay=34332/200000  updates=37  loss=0.00208  policy_version=60
  throughput env_steps_s=380.1  transitions_s=380.1  transitions_step=1.0  updates_s=95.7  updates_throttled=0
episode=0342
  mode      collector=async  worker=2  epsilon=0.285
  outcome   reward=-1.0065  progress=0.0000  success=0/1 (0.00%)  steps=mean:65.0 range:[65,65]
  training  completed=341/2500  queue=0/256 (0%)  replay=34414/200000  updates=20  loss=0.00167  policy_version=61
  throughput env_steps_s=413.4  transitions_s=413.4  transitions_step=1.0  updates_s=100.8  updates_throttled=0
episode=0343
  mode      collector=async  worker=1  epsilon=0.284
  outcome   reward=-1.0062  progress=0.0000  success=0/1 (0.00%)  steps=mean:62.0 range:[62,62]
  training  completed=342/2500  queue=1/256 (0%)  replay=34556/200000  updates=36  loss=0.00262  policy_version=61
  throughput env_steps_s=428.7  transitions_s=428.7  transitions_step=1.0  updates_s=108.7  updates_throttled=0
episode=0345
  mode      collector=async  worker=1  epsilon=0.283
  outcome   reward=-1.0062  progress=0.0000  success=0/1 (0.00%)  steps=mean:62.0 range:[62,62]
  training  completed=343/2500  queue=0/256 (0%)  replay=34822/200000  updates=66  loss=0.00236  policy_version=62
  throughput env_steps_s=436.2  transitions_s=436.2  transitions_step=1.0  updates_s=108.2  updates_throttled=0
episode=0341
  mode      collector=async  worker=3  epsilon=0.282
  outcome   reward=-0.0015999999999989356  progress=0.0370  success=0/1 (0.00%)  steps=mean:216.0 range:[216,216]
  training  completed=344/2500  queue=0/256 (0%)  replay=34933/200000  updates=28  loss=0.00340  policy_version=62
  throughput env_steps_s=424.2  transitions_s=424.2  transitions_step=1.0  updates_s=107.0  updates_throttled=0
episode=0346
  mode      collector=async  worker=1  epsilon=0.281
  outcome   reward=-1.0065  progress=0.0000  success=0/1 (0.00%)  steps=mean:65.0 range:[65,65]
  training  completed=345/2500  queue=0/256 (0%)  replay=35084/200000  updates=38  loss=0.00144  policy_version=62
  throughput env_steps_s=403.9  transitions_s=403.9  transitions_step=1.0  updates_s=101.6  updates_throttled=0
episode=0344
  mode      collector=async  worker=2  epsilon=0.280
  outcome   reward=-0.0018999999999989026  progress=0.0370  success=0/1 (0.00%)  steps=mean:219.0 range:[219,219]
  training  completed=346/2500  queue=0/256 (0%)  replay=35281/200000  updates=49  loss=0.00091  policy_version=63
  throughput env_steps_s=416.9  transitions_s=416.9  transitions_step=1.0  updates_s=103.7  updates_throttled=0
episode=0349
  mode      collector=async  worker=2  epsilon=0.278
  outcome   reward=-1.0062  progress=0.0000  success=0/1 (0.00%)  steps=mean:62.0 range:[62,62]
  training  completed=347/2500  queue=2/256 (1%)  replay=35536/200000  updates=64  loss=0.00209  policy_version=63
  throughput env_steps_s=423.0  transitions_s=423.0  transitions_step=1.0  updates_s=106.2  updates_throttled=0
episode=0347
  mode      collector=async  worker=3  epsilon=0.277
  outcome   reward=0.001000000000000778  progress=0.0370  success=0/1 (0.00%)  steps=mean:190.0 range:[190,190]
  training  completed=348/2500  queue=0/256 (0%)  replay=35702/200000  updates=41  loss=0.00248  policy_version=64
  throughput env_steps_s=375.7  transitions_s=375.7  transitions_step=1.0  updates_s=92.8  updates_throttled=0
episode=0335
  mode      collector=async  worker=0  epsilon=0.276
  outcome   reward=0.9561000000000055  progress=0.0741  success=0/1 (0.00%)  steps=mean:639.0 range:[639,639]
  training  completed=349/2500  queue=0/256 (0%)  replay=35762/200000  updates=15  loss=0.00125  policy_version=64
  throughput env_steps_s=439.0  transitions_s=439.0  transitions_step=1.0  updates_s=109.8  updates_throttled=0
episode=0350
  mode      collector=async  worker=2  epsilon=0.275
  outcome   reward=-1.0064  progress=0.0000  success=0/1 (0.00%)  steps=mean:64.0 range:[64,64]
  training  completed=350/2500  queue=0/256 (0%)  replay=35815/200000  updates=13  loss=0.00172  policy_version=64
  throughput env_steps_s=407.5  transitions_s=407.5  transitions_step=1.0  updates_s=99.9  updates_throttled=0
episode=0351
  mode      collector=async  worker=3  epsilon=0.274
  outcome   reward=-1.0062  progress=0.0000  success=0/1 (0.00%)  steps=mean:62.0 range:[62,62]
  training  completed=351/2500  queue=0/256 (0%)  replay=35950/200000  updates=34  loss=0.00347  policy_version=64
  throughput env_steps_s=432.7  transitions_s=432.7  transitions_step=1.0  updates_s=109.0  updates_throttled=0
episode=0348
  mode      collector=async  worker=1  epsilon=0.273
  outcome   reward=-0.0019999999999988916  progress=0.0370  success=0/1 (0.00%)  steps=mean:220.0 range:[220,220]
  training  completed=352/2500  queue=0/256 (0%)  replay=35968/200000  updates=5  loss=0.00148  policy_version=64
  throughput env_steps_s=338.9  transitions_s=338.9  transitions_step=1.0  updates_s=94.1  updates_throttled=0
episode=0353
  mode      collector=async  worker=2  epsilon=0.272
  outcome   reward=-1.0064  progress=0.0000  success=0/1 (0.00%)  steps=mean:64.0 range:[64,64]
  training  completed=353/2500  queue=0/256 (0%)  replay=36066/200000  updates=24  loss=0.00165  policy_version=65
  throughput env_steps_s=415.3  transitions_s=415.3  transitions_step=1.0  updates_s=101.7  updates_throttled=0
episode=0354
  mode      collector=async  worker=3  epsilon=0.271
  outcome   reward=-1.0062  progress=0.0000  success=0/1 (0.00%)  steps=mean:62.0 range:[62,62]
  training  completed=354/2500  queue=0/256 (0%)  replay=36205/200000  updates=35  loss=0.00138  policy_version=65
  throughput env_steps_s=392.7  transitions_s=392.7  transitions_step=1.0  updates_s=98.9  updates_throttled=0
episode=0355
  mode      collector=async  worker=1  epsilon=0.270
  outcome   reward=-1.0063  progress=0.0000  success=0/1 (0.00%)  steps=mean:63.0 range:[63,63]
  training  completed=355/2500  queue=0/256 (0%)  replay=36218/200000  updates=3  loss=0.00621  policy_version=65
  throughput env_steps_s=296.1  transitions_s=296.1  transitions_step=1.0  updates_s=68.3  updates_throttled=0
episode=0357
  mode      collector=async  worker=3  epsilon=0.269
  outcome   reward=-1.0062  progress=0.0000  success=0/1 (0.00%)  steps=mean:62.0 range:[62,62]
  training  completed=356/2500  queue=1/256 (0%)  replay=36456/200000  updates=60  loss=0.00160  policy_version=66
  throughput env_steps_s=428.7  transitions_s=428.7  transitions_step=1.0  updates_s=108.1  updates_throttled=0
episode=0358
  mode      collector=async  worker=1  epsilon=0.268
  outcome   reward=-1.0061  progress=0.0000  success=0/1 (0.00%)  steps=mean:61.0 range:[61,61]
  training  completed=357/2500  queue=0/256 (0%)  replay=36465/200000  updates=2  loss=0.00128  policy_version=66
  throughput env_steps_s=589.5  transitions_s=589.5  transitions_step=1.0  updates_s=131.0  updates_throttled=0
episode=0359
  mode      collector=async  worker=3  epsilon=0.267
  outcome   reward=-1.0062  progress=0.0000  success=0/1 (0.00%)  steps=mean:62.0 range:[62,62]
  training  completed=358/2500  queue=2/256 (1%)  replay=36705/200000  updates=60  loss=0.00231  policy_version=66
  throughput env_steps_s=441.8  transitions_s=441.8  transitions_step=1.0  updates_s=110.4  updates_throttled=0
episode=0360
  mode      collector=async  worker=1  epsilon=0.266
  outcome   reward=-1.0067  progress=0.0000  success=0/1 (0.00%)  steps=mean:67.0 range:[67,67]
  training  completed=359/2500  queue=0/256 (0%)  replay=36737/200000  updates=8  loss=0.00058  policy_version=66
  throughput env_steps_s=399.7  transitions_s=399.7  transitions_step=1.0  updates_s=99.9  updates_throttled=0
episode=0356
  mode      collector=async  worker=2  epsilon=0.265
  outcome   reward=1.0014999999999856  progress=0.0741  success=0/1 (0.00%)  steps=mean:185.0 range:[185,185]
  training  completed=360/2500  queue=3/256 (1%)  replay=36772/200000  updates=9  loss=0.00168  policy_version=66
  throughput env_steps_s=383.7  transitions_s=383.7  transitions_step=1.0  updates_s=98.7  updates_throttled=0
episode=0362
  mode      collector=async  worker=1  epsilon=0.264
  outcome   reward=-1.0066  progress=0.0000  success=0/1 (0.00%)  steps=mean:66.0 range:[66,66]
  training  completed=361/2500  queue=0/256 (0%)  replay=37006/200000  updates=58  loss=0.00240  policy_version=67
  throughput env_steps_s=422.5  transitions_s=422.5  transitions_step=1.0  updates_s=104.7  updates_throttled=0
episode=0364
  mode      collector=async  worker=1  epsilon=0.264
  outcome   reward=-1.0062  progress=0.0000  success=0/1 (0.00%)  steps=mean:62.0 range:[62,62]
  training  completed=362/2500  queue=0/256 (0%)  replay=37252/200000  updates=62  loss=0.00107  policy_version=68
  throughput env_steps_s=412.5  transitions_s=412.5  transitions_step=1.0  updates_s=104.0  updates_throttled=0
episode=0361
  mode      collector=async  worker=3  epsilon=0.263
  outcome   reward=0.001900000000000901  progress=0.0370  success=0/1 (0.00%)  steps=mean:181.0 range:[181,181]
  training  completed=363/2500  queue=0/256 (0%)  replay=37440/200000  updates=47  loss=0.00154  policy_version=68
  throughput env_steps_s=407.2  transitions_s=407.2  transitions_step=1.0  updates_s=101.8  updates_throttled=0
episode=0363
  mode      collector=async  worker=2  epsilon=0.262
  outcome   reward=0.001600000000000712  progress=0.0370  success=0/1 (0.00%)  steps=mean:184.0 range:[184,184]
  training  completed=364/2500  queue=0/256 (0%)  replay=37537/200000  updates=24  loss=0.00089  policy_version=68
  throughput env_steps_s=393.9  transitions_s=393.9  transitions_step=1.0  updates_s=97.5  updates_throttled=0
episode=0366
  mode      collector=async  worker=3  epsilon=0.261
  outcome   reward=1.011899999999985  progress=0.0741  success=0/1 (0.00%)  steps=mean:81.0 range:[81,81]
  training  completed=365/2500  queue=0/256 (0%)  replay=37762/200000  updates=56  loss=0.00192  policy_version=69
  throughput env_steps_s=405.2  transitions_s=405.2  transitions_step=1.0  updates_s=100.8  updates_throttled=0
episode=0367
  mode      collector=async  worker=2  epsilon=0.260
  outcome   reward=-1.0062  progress=0.0000  success=0/1 (0.00%)  steps=mean:62.0 range:[62,62]
  training  completed=366/2500  queue=2/256 (1%)  replay=37796/200000  updates=9  loss=0.00040  policy_version=69
  throughput env_steps_s=386.9  transitions_s=386.9  transitions_step=1.0  updates_s=102.4  updates_throttled=0
episode=0368
  mode      collector=async  worker=3  epsilon=0.259
  outcome   reward=-1.0063  progress=0.0000  success=0/1 (0.00%)  steps=mean:63.0 range:[63,63]
  training  completed=367/2500  queue=0/256 (0%)  replay=37999/200000  updates=50  loss=0.00182  policy_version=70
  throughput env_steps_s=410.3  transitions_s=410.3  transitions_step=1.0  updates_s=101.1  updates_throttled=0
episode=0365
  mode      collector=async  worker=1  epsilon=0.258
  outcome   reward=-0.00039999999999906777  progress=0.0370  success=0/1 (0.00%)  steps=mean:204.0 range:[204,204]
  training  completed=368/2500  queue=0/256 (0%)  replay=38024/200000  updates=7  loss=0.00043  policy_version=70
  throughput env_steps_s=372.2  transitions_s=372.2  transitions_step=1.0  updates_s=104.2  updates_throttled=0
episode=0369
  mode      collector=async  worker=2  epsilon=0.257
  outcome   reward=-1.0065  progress=0.0000  success=0/1 (0.00%)  steps=mean:65.0 range:[65,65]
  training  completed=369/2500  queue=0/256 (0%)  replay=38068/200000  updates=11  loss=0.00095  policy_version=70
  throughput env_steps_s=423.7  transitions_s=423.7  transitions_step=1.0  updates_s=105.9  updates_throttled=0
episode=0370
  mode      collector=async  worker=3  epsilon=0.256
  outcome   reward=-1.0065  progress=0.0000  success=0/1 (0.00%)  steps=mean:65.0 range:[65,65]
  training  completed=370/2500  queue=1/256 (0%)  replay=38264/200000  updates=49  loss=0.00171  policy_version=70
  throughput env_steps_s=393.9  transitions_s=393.9  transitions_step=1.0  updates_s=98.5  updates_throttled=0
episode=0352
  mode      collector=async  worker=0  epsilon=0.255
  outcome   reward=2.957099999999956  progress=0.1481  success=0/1 (0.00%)  steps=mean:629.0 range:[629,629]
  training  completed=371/2500  queue=0/256 (0%)  replay=38276/200000  updates=3  loss=0.00059  policy_version=70
  throughput env_steps_s=384.9  transitions_s=384.9  transitions_step=1.0  updates_s=96.2  updates_throttled=0
episode=0371
  mode      collector=async  worker=1  epsilon=0.254
  outcome   reward=-1.0063  progress=0.0000  success=0/1 (0.00%)  steps=mean:63.0 range:[63,63]
  training  completed=372/2500  queue=0/256 (0%)  replay=38287/200000  updates=2  loss=0.00036  policy_version=70
  throughput env_steps_s=290.9  transitions_s=290.9  transitions_step=1.0  updates_s=52.9  updates_throttled=0
episode=0374
  mode      collector=async  worker=0  epsilon=0.253
  outcome   reward=-1.0065  progress=0.0000  success=0/1 (0.00%)  steps=mean:65.0 range:[65,65]
  training  completed=373/2500  queue=0/256 (0%)  replay=38533/200000  updates=62  loss=0.00182  policy_version=71
  throughput env_steps_s=410.7  transitions_s=410.7  transitions_step=1.0  updates_s=103.5  updates_throttled=0
episode=0375
  mode      collector=async  worker=1  epsilon=0.252
  outcome   reward=-1.0066  progress=0.0000  success=0/1 (0.00%)  steps=mean:66.0 range:[66,66]
  training  completed=374/2500  queue=0/256 (0%)  replay=38546/200000  updates=3  loss=0.00733  policy_version=71
  throughput env_steps_s=350.5  transitions_s=350.5  transitions_step=1.0  updates_s=80.9  updates_throttled=0
episode=0376
  mode      collector=async  worker=0  epsilon=0.251
  outcome   reward=-1.0062  progress=0.0000  success=0/1 (0.00%)  steps=mean:62.0 range:[62,62]
  training  completed=375/2500  queue=0/256 (0%)  replay=38767/200000  updates=55  loss=0.00188  policy_version=71
  throughput env_steps_s=393.0  transitions_s=393.0  transitions_step=1.0  updates_s=97.8  updates_throttled=0
episode=0372
  mode      collector=async  worker=2  epsilon=0.250
  outcome   reward=0.001800000000000912  progress=0.0370  success=0/1 (0.00%)  steps=mean:182.0 range:[182,182]
  training  completed=376/2500  queue=1/256 (0%)  replay=38820/200000  updates=14  loss=0.00244  policy_version=72
  throughput env_steps_s=380.5  transitions_s=380.5  transitions_step=1.0  updates_s=100.5  updates_throttled=0
episode=0379
  mode      collector=async  worker=2  epsilon=0.249
  outcome   reward=-1.0062  progress=0.0000  success=0/1 (0.00%)  steps=mean:62.0 range:[62,62]
  training  completed=377/2500  queue=0/256 (0%)  replay=39099/200000  updates=69  loss=0.00190  policy_version=72
  throughput env_steps_s=419.0  transitions_s=419.0  transitions_step=1.0  updates_s=103.6  updates_throttled=0
episode=0373
  mode      collector=async  worker=3  epsilon=0.248
  outcome   reward=-0.0024999999999990585  progress=0.0370  success=0/1 (0.00%)  steps=mean:225.0 range:[225,225]
  training  completed=378/2500  queue=0/256 (0%)  replay=39123/200000  updates=6  loss=0.00152  policy_version=72
  throughput env_steps_s=344.1  transitions_s=344.1  transitions_step=1.0  updates_s=86.0  updates_throttled=0
episode=0380
  mode      collector=async  worker=2  epsilon=0.248
  outcome   reward=-1.0066  progress=0.0000  success=0/1 (0.00%)  steps=mean:66.0 range:[66,66]
  training  completed=379/2500  queue=0/256 (0%)  replay=39374/200000  updates=63  loss=0.00247  policy_version=73
  throughput env_steps_s=389.0  transitions_s=389.0  transitions_step=1.0  updates_s=97.6  updates_throttled=0
episode=0377
  mode      collector=async  worker=1  epsilon=0.247
  outcome   reward=-0.0023999999999988475  progress=0.0370  success=0/1 (0.00%)  steps=mean:224.0 range:[224,224]
  training  completed=380/2500  queue=2/256 (1%)  replay=39438/200000  updates=16  loss=0.00310  policy_version=73
  throughput env_steps_s=341.6  transitions_s=341.6  transitions_step=1.0  updates_s=85.4  updates_throttled=0
episode=0378
  mode      collector=async  worker=0  epsilon=0.246
  outcome   reward=0.001600000000000712  progress=0.0370  success=0/1 (0.00%)  steps=mean:184.0 range:[184,184]
  training  completed=381/2500  queue=0/256 (0%)  replay=39514/200000  updates=19  loss=0.00150  policy_version=73
  throughput env_steps_s=439.7  transitions_s=439.7  transitions_step=1.0  updates_s=109.9  updates_throttled=0
episode=0382
  mode      collector=async  worker=2  epsilon=0.245
  outcome   reward=-1.0065  progress=0.0000  success=0/1 (0.00%)  steps=mean:65.0 range:[65,65]
  training  completed=382/2500  queue=0/256 (0%)  replay=39656/200000  updates=36  loss=0.00143  policy_version=74
  throughput env_steps_s=381.1  transitions_s=381.1  transitions_step=1.0  updates_s=96.6  updates_throttled=0
episode=0383
  mode      collector=async  worker=1  epsilon=0.244
  outcome   reward=-1.0065  progress=0.0000  success=0/1 (0.00%)  steps=mean:65.0 range:[65,65]
  training  completed=383/2500  queue=0/256 (0%)  replay=39690/200000  updates=8  loss=0.00051  policy_version=74
  throughput env_steps_s=367.8  transitions_s=367.8  transitions_step=1.0  updates_s=86.5  updates_throttled=0
episode=0384
  mode      collector=async  worker=0  epsilon=0.243
  outcome   reward=-1.0065  progress=0.0000  success=0/1 (0.00%)  steps=mean:65.0 range:[65,65]
  training  completed=384/2500  queue=0/256 (0%)  replay=39766/200000  updates=19  loss=0.00176  policy_version=74
  throughput env_steps_s=416.2  transitions_s=416.2  transitions_step=1.0  updates_s=104.1  updates_throttled=0
episode=0385
  mode      collector=async  worker=2  epsilon=0.242
  outcome   reward=-1.0061  progress=0.0000  success=0/1 (0.00%)  steps=mean:61.0 range:[61,61]
  training  completed=385/2500  queue=0/256 (0%)  replay=39919/200000  updates=38  loss=0.00159  policy_version=74
  throughput env_steps_s=422.0  transitions_s=422.0  transitions_step=1.0  updates_s=104.8  updates_throttled=0
episode=0387
  mode      collector=async  worker=0  epsilon=0.241
  outcome   reward=-1.0065  progress=0.0000  success=0/1 (0.00%)  steps=mean:65.0 range:[65,65]
  training  completed=386/2500  queue=1/256 (0%)  replay=40032/200000  updates=29  loss=0.00075  policy_version=75
  throughput env_steps_s=391.5  transitions_s=391.5  transitions_step=1.0  updates_s=100.5  updates_throttled=0
episode=0388
  mode      collector=async  worker=2  epsilon=0.240
  outcome   reward=-1.0065  progress=0.0000  success=0/1 (0.00%)  steps=mean:65.0 range:[65,65]
  training  completed=387/2500  queue=0/256 (0%)  replay=40183/200000  updates=37  loss=0.00194  policy_version=75
  throughput env_steps_s=428.6  transitions_s=428.6  transitions_step=1.0  updates_s=105.0  updates_throttled=0
episode=0386
  mode      collector=async  worker=1  epsilon=0.239
  outcome   reward=-0.0019999999999988916  progress=0.0370  success=0/1 (0.00%)  steps=mean:220.0 range:[220,220]
  training  completed=388/2500  queue=2/256 (1%)  replay=40545/200000  updates=91  loss=0.00096  policy_version=76
  throughput env_steps_s=392.3  transitions_s=392.3  transitions_step=1.0  updates_s=98.6  updates_throttled=0
episode=0381
  mode      collector=async  worker=3  epsilon=0.239
  outcome   reward=0.9829000000000025  progress=0.0741  success=0/1 (0.00%)  steps=mean:371.0 range:[371,371]
  training  completed=389/2500  queue=0/256 (0%)  replay=40631/200000  updates=21  loss=0.00117  policy_version=76
  throughput env_steps_s=458.1  transitions_s=458.1  transitions_step=1.0  updates_s=111.9  updates_throttled=0
episode=0389
  mode      collector=async  worker=0  epsilon=0.238
  outcome   reward=0.002200000000000868  progress=0.0370  success=0/1 (0.00%)  steps=mean:178.0 range:[178,178]
  training  completed=390/2500  queue=0/256 (0%)  replay=40747/200000  updates=29  loss=0.00126  policy_version=76
  throughput env_steps_s=392.6  transitions_s=392.6  transitions_step=1.0  updates_s=98.2  updates_throttled=0
episode=0393
  mode      collector=async  worker=0  epsilon=0.237
  outcome   reward=-1.006  progress=0.0000  success=0/1 (0.00%)  steps=mean:60.0 range:[60,60]
  training  completed=391/2500  queue=0/256 (0%)  replay=41009/200000  updates=66  loss=0.00130  policy_version=77
  throughput env_steps_s=407.8  transitions_s=407.8  transitions_step=1.0  updates_s=102.7  updates_throttled=0
episode=0390
  mode      collector=async  worker=2  epsilon=0.236
  outcome   reward=-0.0026999999999990365  progress=0.0370  success=0/1 (0.00%)  steps=mean:227.0 range:[227,227]
  training  completed=392/2500  queue=0/256 (0%)  replay=41055/200000  updates=11  loss=0.00203  policy_version=77
  throughput env_steps_s=383.4  transitions_s=383.4  transitions_step=1.0  updates_s=91.7  updates_throttled=0
episode=0392
  mode      collector=async  worker=3  epsilon=0.235
  outcome   reward=0.00030000000000085514  progress=0.0370  success=0/1 (0.00%)  steps=mean:197.0 range:[197,197]
  training  completed=393/2500  queue=0/256 (0%)  replay=41406/200000  updates=88  loss=0.00178  policy_version=78
  throughput env_steps_s=402.6  transitions_s=402.6  transitions_step=1.0  updates_s=100.9  updates_throttled=0
episode=0391
  mode      collector=async  worker=1  epsilon=0.234
  outcome   reward=-0.0034999999999989484  progress=0.0370  success=0/1 (0.00%)  steps=mean:235.0 range:[235,235]
  training  completed=394/2500  queue=0/256 (0%)  replay=41434/200000  updates=7  loss=0.00108  policy_version=78
  throughput env_steps_s=366.8  transitions_s=366.8  transitions_step=1.0  updates_s=91.7  updates_throttled=0
episode=0394
  mode      collector=async  worker=0  epsilon=0.233
  outcome   reward=0.002600000000000824  progress=0.0370  success=0/1 (0.00%)  steps=mean:174.0 range:[174,174]
  training  completed=395/2500  queue=0/256 (0%)  replay=41747/200000  updates=78  loss=0.00164  policy_version=79
  throughput env_steps_s=396.0  transitions_s=396.0  transitions_step=1.0  updates_s=98.7  updates_throttled=0
episode=0398
  mode      collector=async  worker=0  epsilon=0.232
  outcome   reward=-1.0063  progress=0.0000  success=0/1 (0.00%)  steps=mean:63.0 range:[63,63]
  training  completed=396/2500  queue=0/256 (0%)  replay=42004/200000  updates=65  loss=0.00185  policy_version=80
  throughput env_steps_s=396.0  transitions_s=396.0  transitions_step=1.0  updates_s=100.2  updates_throttled=0
episode=0397
  mode      collector=async  worker=1  epsilon=0.232
  outcome   reward=0.9996999999999843  progress=0.0741  success=0/1 (0.00%)  steps=mean:203.0 range:[203,203]
  training  completed=397/2500  queue=0/256 (0%)  replay=42231/200000  updates=56  loss=0.00124  policy_version=80
  throughput env_steps_s=415.2  transitions_s=415.2  transitions_step=1.0  updates_s=102.4  updates_throttled=0
episode=0396
  mode      collector=async  worker=3  epsilon=0.231
  outcome   reward=-0.0006999999999990347  progress=0.0370  success=0/1 (0.00%)  steps=mean:207.0 range:[207,207]
  training  completed=398/2500  queue=0/256 (0%)  replay=42234/200000  updates=1  loss=0.00157  policy_version=80
  throughput env_steps_s=388.4  transitions_s=388.4  transitions_step=1.0  updates_s=129.5  updates_throttled=0
episode=0399
  mode      collector=async  worker=0  epsilon=0.230
  outcome   reward=-1.0064  progress=0.0000  success=0/1 (0.00%)  steps=mean:64.0 range:[64,64]
  training  completed=399/2500  queue=0/256 (0%)  replay=42275/200000  updates=10  loss=0.00341  policy_version=80
  throughput env_steps_s=355.7  transitions_s=355.7  transitions_step=1.0  updates_s=86.8  updates_throttled=0
episode=0400
  mode      collector=async  worker=1  epsilon=0.229
  outcome   reward=-1.0065  progress=0.0000  success=0/1 (0.00%)  steps=mean:65.0 range:[65,65]
  training  completed=400/2500  queue=5/256 (2%)  replay=42478/200000  updates=51  loss=0.00145  policy_version=81
  throughput env_steps_s=410.4  transitions_s=410.4  transitions_step=1.0  updates_s=103.1  updates_throttled=0
Saved checkpoint: checkpoints/breakout_s2_rand/ckpt-400
Scheduled replay buffer save: checkpoints/breakout_s2_rand/replay-400.npz transitions=42478
Evaluating frozen checkpoint episode=400 episodes=20 metric=auto...
episode=0401
  mode      collector=async  worker=3  epsilon=0.228
  outcome   reward=-1.0063  progress=0.0000  success=0/1 (0.00%)  steps=mean:63.0 range:[63,63]
  training  completed=401/2500  queue=4/256 (2%)  replay=42511/200000  updates=8  loss=0.00123  policy_version=81
  throughput env_steps_s=312.8  transitions_s=312.8  transitions_step=1.0  updates_s=75.8  updates_throttled=0
Saved replay buffer: checkpoints/breakout_s2_rand/replay-400.npz transitions=42478
episode=0402
  mode      collector=async  worker=0  epsilon=0.227
  outcome   reward=-1.0063  progress=0.0000  success=0/1 (0.00%)  steps=mean:63.0 range:[63,63]
  training  completed=402/2500  queue=0/256 (0%)  replay=42538/200000  updates=7  loss=0.00054  policy_version=81
  throughput env_steps_s=239.7  transitions_s=239.7  transitions_step=1.0  updates_s=62.2  updates_throttled=0
episode=0403
  mode      collector=async  worker=1  epsilon=0.227
  outcome   reward=-1.0067  progress=0.0000  success=0/1 (0.00%)  steps=mean:67.0 range:[67,67]
  training  completed=403/2500  queue=0/256 (0%)  replay=42743/200000  updates=51  loss=0.00107  policy_version=81
  throughput env_steps_s=334.7  transitions_s=334.7  transitions_step=1.0  updates_s=83.3  updates_throttled=0
episode=0395
  mode      collector=async  worker=2  epsilon=0.226
  outcome   reward=1.9751999999999839  progress=0.1111  success=0/1 (0.00%)  steps=mean:448.0 range:[448,448]
  training  completed=404/2500  queue=0/256 (0%)  replay=42823/200000  updates=20  loss=0.00099  policy_version=82
  throughput env_steps_s=309.8  transitions_s=309.8  transitions_step=1.0  updates_s=77.5  updates_throttled=0
episode=0405
  mode      collector=async  worker=0  epsilon=0.225
  outcome   reward=0.009500000000001174  progress=0.0370  success=0/1 (0.00%)  steps=mean:105.0 range:[105,105]
  training  completed=405/2500  queue=0/256 (0%)  replay=42937/200000  updates=29  loss=0.00255  policy_version=82
  throughput env_steps_s=320.7  transitions_s=320.7  transitions_step=1.0  updates_s=81.6  updates_throttled=0
episode=0407
  mode      collector=async  worker=2  epsilon=0.224
  outcome   reward=-1.0067  progress=0.0000  success=0/1 (0.00%)  steps=mean:67.0 range:[67,67]
  training  completed=406/2500  queue=1/256 (0%)  replay=43100/200000  updates=41  loss=0.00164  policy_version=82
  throughput env_steps_s=353.3  transitions_s=353.3  transitions_step=1.0  updates_s=88.9  updates_throttled=0
episode=0408
  mode      collector=async  worker=0  epsilon=0.223
  outcome   reward=-1.0064  progress=0.0000  success=0/1 (0.00%)  steps=mean:64.0 range:[64,64]
  training  completed=407/2500  queue=0/256 (0%)  replay=43196/200000  updates=24  loss=0.00103  policy_version=83
  throughput env_steps_s=370.1  transitions_s=370.1  transitions_step=1.0  updates_s=92.5  updates_throttled=0
episode=0410
  mode      collector=async  worker=0  epsilon=0.222
  outcome   reward=-1.0061  progress=0.0000  success=0/1 (0.00%)  steps=mean:61.0 range:[61,61]
  training  completed=408/2500  queue=0/256 (0%)  replay=43429/200000  updates=58  loss=0.00135  policy_version=83
  throughput env_steps_s=369.7  transitions_s=369.7  transitions_step=1.0  updates_s=92.0  updates_throttled=0
episode=0404
  mode      collector=async  worker=3  epsilon=0.222
  outcome   reward=-0.00429999999999886  progress=0.0370  success=0/1 (0.00%)  steps=mean:243.0 range:[243,243]
  training  completed=409/2500  queue=0/256 (0%)  replay=43452/200000  updates=6  loss=0.00054  policy_version=83
  throughput env_steps_s=415.8  transitions_s=415.8  transitions_step=1.0  updates_s=108.5  updates_throttled=0
episode=0406
  mode      collector=async  worker=1  epsilon=0.221
  outcome   reward=0.001600000000000712  progress=0.0370  success=0/1 (0.00%)  steps=mean:184.0 range:[184,184]
  training  completed=410/2500  queue=0/256 (0%)  replay=43479/200000  updates=6  loss=0.00057  policy_version=83
  throughput env_steps_s=306.4  transitions_s=306.4  transitions_step=1.0  updates_s=68.1  updates_throttled=0
episode=0411
  mode      collector=async  worker=0  epsilon=0.220
  outcome   reward=-1.006  progress=0.0000  success=0/1 (0.00%)  steps=mean:60.0 range:[60,60]
  training  completed=411/2500  queue=0/256 (0%)  replay=43667/200000  updates=47  loss=0.00056  policy_version=84
  throughput env_steps_s=323.4  transitions_s=323.4  transitions_step=1.0  updates_s=80.9  updates_throttled=0
episode=0412
  mode      collector=async  worker=3  epsilon=0.219
  outcome   reward=-1.006  progress=0.0000  success=0/1 (0.00%)  steps=mean:60.0 range:[60,60]
  training  completed=412/2500  queue=0/256 (0%)  replay=43697/200000  updates=8  loss=0.00256  policy_version=84
  throughput env_steps_s=276.1  transitions_s=276.1  transitions_step=1.0  updates_s=73.6  updates_throttled=0
episode=0413
  mode      collector=async  worker=1  epsilon=0.218
  outcome   reward=-1.0064  progress=0.0000  success=0/1 (0.00%)  steps=mean:64.0 range:[64,64]
  training  completed=413/2500  queue=2/256 (1%)  replay=43752/200000  updates=14  loss=0.00188  policy_version=84
  throughput env_steps_s=304.1  transitions_s=304.1  transitions_step=1.0  updates_s=77.4  updates_throttled=0
episode=0409
  mode      collector=async  worker=2  epsilon=0.218
  outcome   reward=0.001800000000000912  progress=0.0370  success=0/1 (0.00%)  steps=mean:182.0 range:[182,182]
  training  completed=414/2500  queue=0/256 (0%)  replay=43843/200000  updates=22  loss=0.00169  policy_version=84
  throughput env_steps_s=334.2  transitions_s=334.2  transitions_step=1.0  updates_s=80.8  updates_throttled=0
episode=0414
  mode      collector=async  worker=0  epsilon=0.217
  outcome   reward=-1.0062  progress=0.0000  success=0/1 (0.00%)  steps=mean:62.0 range:[62,62]
  training  completed=415/2500  queue=0/256 (0%)  replay=43914/200000  updates=18  loss=0.00259  policy_version=84
  throughput env_steps_s=310.6  transitions_s=310.6  transitions_step=1.0  updates_s=78.7  updates_throttled=0
episode=0415
  mode      collector=async  worker=3  epsilon=0.216
  outcome   reward=-1.0065  progress=0.0000  success=0/1 (0.00%)  steps=mean:65.0 range:[65,65]
  training  completed=416/2500  queue=0/256 (0%)  replay=43961/200000  updates=12  loss=0.00073  policy_version=84
  throughput env_steps_s=323.7  transitions_s=323.7  transitions_step=1.0  updates_s=82.6  updates_throttled=0
episode=0416
  mode      collector=async  worker=1  epsilon=0.215
  outcome   reward=-1.006  progress=0.0000  success=0/1 (0.00%)  steps=mean:60.0 range:[60,60]
  training  completed=417/2500  queue=0/256 (0%)  replay=43995/200000  updates=8  loss=0.00027  policy_version=84
  throughput env_steps_s=304.4  transitions_s=304.4  transitions_step=1.0  updates_s=71.6  updates_throttled=0
episode=0417
  mode      collector=async  worker=2  epsilon=0.214
  outcome   reward=-1.0065  progress=0.0000  success=0/1 (0.00%)  steps=mean:65.0 range:[65,65]
  training  completed=418/2500  queue=0/256 (0%)  replay=44107/200000  updates=28  loss=0.00071  policy_version=85
  throughput env_steps_s=331.0  transitions_s=331.0  transitions_step=1.0  updates_s=82.7  updates_throttled=0
episode=0419
  mode      collector=async  worker=3  epsilon=0.214
  outcome   reward=-1.0061  progress=0.0000  success=0/1 (0.00%)  steps=mean:61.0 range:[61,61]
  training  completed=419/2500  queue=0/256 (0%)  replay=44167/200000  updates=15  loss=0.00131  policy_version=85
  throughput env_steps_s=321.3  transitions_s=321.3  transitions_step=1.0  updates_s=80.3  updates_throttled=0
episode=0418
  mode      collector=async  worker=0  epsilon=0.213
  outcome   reward=-1.0068  progress=0.0000  success=0/1 (0.00%)  steps=mean:68.0 range:[68,68]
  training  completed=420/2500  queue=3/256 (1%)  replay=44189/200000  updates=6  loss=0.00049  policy_version=85
  throughput env_steps_s=275.3  transitions_s=275.3  transitions_step=1.0  updates_s=75.1  updates_throttled=0
episode=0421
  mode      collector=async  worker=2  epsilon=0.212
  outcome   reward=-1.0061  progress=0.0000  success=0/1 (0.00%)  steps=mean:61.0 range:[61,61]
  training  completed=421/2500  queue=0/256 (0%)  replay=44371/200000  updates=45  loss=0.00189  policy_version=85
  throughput env_steps_s=331.1  transitions_s=331.1  transitions_step=1.0  updates_s=81.9  updates_throttled=0
episode=0423
  mode      collector=async  worker=0  epsilon=0.211
  outcome   reward=-1.0061  progress=0.0000  success=0/1 (0.00%)  steps=mean:61.0 range:[61,61]
  training  completed=422/2500  queue=0/256 (0%)  replay=44414/200000  updates=11  loss=0.00064  policy_version=86
  throughput env_steps_s=371.0  transitions_s=371.0  transitions_step=1.0  updates_s=94.9  updates_throttled=0
episode=0425
  mode      collector=async  worker=0  epsilon=0.210
  outcome   reward=-1.0066  progress=0.0000  success=0/1 (0.00%)  steps=mean:66.0 range:[66,66]
  training  completed=423/2500  queue=0/256 (0%)  replay=44663/200000  updates=62  loss=0.00144  policy_version=86
  throughput env_steps_s=333.9  transitions_s=333.9  transitions_step=1.0  updates_s=83.1  updates_throttled=0
episode=0420
  mode      collector=async  worker=1  epsilon=0.210
  outcome   reward=0.001000000000000778  progress=0.0370  success=0/1 (0.00%)  steps=mean:190.0 range:[190,190]
  training  completed=424/2500  queue=0/256 (0%)  replay=44757/200000  updates=24  loss=0.00143  policy_version=86
  throughput env_steps_s=308.2  transitions_s=308.2  transitions_step=1.0  updates_s=78.7  updates_throttled=0
episode=0422
  mode      collector=async  worker=3  epsilon=0.209
  outcome   reward=0.001300000000000745  progress=0.0370  success=0/1 (0.00%)  steps=mean:187.0 range:[187,187]
  training  completed=425/2500  queue=0/256 (0%)  replay=44899/200000  updates=35  loss=0.00194  policy_version=87
  throughput env_steps_s=314.3  transitions_s=314.3  transitions_step=1.0  updates_s=77.5  updates_throttled=0
episode=0424
  mode      collector=async  worker=2  epsilon=0.208
  outcome   reward=0.001600000000000934  progress=0.0370  success=0/1 (0.00%)  steps=mean:184.0 range:[184,184]
  training  completed=426/2500  queue=0/256 (0%)  replay=45138/200000  updates=60  loss=0.00102  policy_version=87
  throughput env_steps_s=339.7  transitions_s=339.7  transitions_step=1.0  updates_s=85.3  updates_throttled=0
episode=0428
  mode      collector=async  worker=3  epsilon=0.207
  outcome   reward=-1.006  progress=0.0000  success=0/1 (0.00%)  steps=mean:60.0 range:[60,60]
  training  completed=427/2500  queue=2/256 (1%)  replay=45148/200000  updates=3  loss=0.00020  policy_version=87
  throughput env_steps_s=265.5  transitions_s=265.5  transitions_step=1.0  updates_s=79.7  updates_throttled=0
episode=0426
  mode      collector=async  worker=0  epsilon=0.207
  outcome   reward=0.002200000000000868  progress=0.0370  success=0/1 (0.00%)  steps=mean:178.0 range:[178,178]
  training  completed=428/2500  queue=3/256 (1%)  replay=45380/200000  updates=58  loss=0.00089  policy_version=88
  throughput env_steps_s=328.0  transitions_s=328.0  transitions_step=1.0  updates_s=82.0  updates_throttled=0
episode=0429
  mode      collector=async  worker=2  epsilon=0.206
  outcome   reward=-1.0066  progress=0.0000  success=0/1 (0.00%)  steps=mean:66.0 range:[66,66]
  training  completed=429/2500  queue=0/256 (0%)  replay=45397/200000  updates=4  loss=0.00082  policy_version=88
  throughput env_steps_s=379.4  transitions_s=379.4  transitions_step=1.0  updates_s=89.3  updates_throttled=0
episode=0430
  mode      collector=async  worker=3  epsilon=0.205
  outcome   reward=-1.0066  progress=0.0000  success=0/1 (0.00%)  steps=mean:66.0 range:[66,66]
  training  completed=430/2500  queue=0/256 (0%)  replay=45419/200000  updates=5  loss=0.00079  policy_version=88
  throughput env_steps_s=341.9  transitions_s=341.9  transitions_step=1.0  updates_s=77.7  updates_throttled=0
episode=0427
  mode      collector=async  worker=1  epsilon=0.204
  outcome   reward=-0.0002999999999990788  progress=0.0370  success=0/1 (0.00%)  steps=mean:203.0 range:[203,203]
  training  completed=431/2500  queue=0/256 (0%)  replay=45584/200000  updates=42  loss=0.00136  policy_version=88
  throughput env_steps_s=326.8  transitions_s=326.8  transitions_step=1.0  updates_s=83.2  updates_throttled=0
episode=0432
  mode      collector=async  worker=2  epsilon=0.204
  outcome   reward=-1.0063  progress=0.0000  success=0/1 (0.00%)  steps=mean:63.0 range:[63,63]
  training  completed=432/2500  queue=0/256 (0%)  replay=45661/200000  updates=19  loss=0.00199  policy_version=89
  throughput env_steps_s=320.1  transitions_s=320.1  transitions_step=1.0  updates_s=79.0  updates_throttled=0
episode=0433
  mode      collector=async  worker=3  epsilon=0.203
  outcome   reward=-1.0063  progress=0.0000  success=0/1 (0.00%)  steps=mean:63.0 range:[63,63]
  training  completed=433/2500  queue=0/256 (0%)  replay=45691/200000  updates=7  loss=0.00078  policy_version=89
  throughput env_steps_s=306.6  transitions_s=306.6  transitions_step=1.0  updates_s=71.5  updates_throttled=0
Frozen evaluation episode=400: success=0/20 (0.00%) reward_mean=-0.7066 steps_mean=105.5
episode=0435
  mode      collector=async  worker=2  epsilon=0.202
  outcome   reward=-1.0063  progress=0.0000  success=0/1 (0.00%)  steps=mean:63.0 range:[63,63]
  training  completed=434/2500  queue=0/256 (0%)  replay=45907/200000  updates=54  loss=0.00112  policy_version=89
  throughput env_steps_s=314.6  transitions_s=314.6  transitions_step=1.0  updates_s=78.6  updates_throttled=0
episode=0436
  mode      collector=async  worker=3  epsilon=0.201
  outcome   reward=-1.0061  progress=0.0000  success=0/1 (0.00%)  steps=mean:61.0 range:[61,61]
  training  completed=435/2500  queue=2/256 (1%)  replay=45940/200000  updates=9  loss=0.00063  policy_version=89
  throughput env_steps_s=354.7  transitions_s=354.7  transitions_step=1.0  updates_s=96.7  updates_throttled=0
episode=0437
  mode      collector=async  worker=2  epsilon=0.201
  outcome   reward=-1.006  progress=0.0000  success=0/1 (0.00%)  steps=mean:60.0 range:[60,60]
  training  completed=436/2500  queue=0/256 (0%)  replay=46146/200000  updates=51  loss=0.00106  policy_version=90
  throughput env_steps_s=362.2  transitions_s=362.2  transitions_step=1.0  updates_s=89.7  updates_throttled=0
episode=0431
  mode      collector=async  worker=0  epsilon=0.200
  outcome   reward=-0.0028999999999990145  progress=0.0370  success=0/1 (0.00%)  steps=mean:229.0 range:[229,229]
  training  completed=437/2500  queue=0/256 (0%)  replay=46294/200000  updates=37  loss=0.00060  policy_version=90
  throughput env_steps_s=391.7  transitions_s=391.7  transitions_step=1.0  updates_s=97.9  updates_throttled=0
episode=0434
  mode      collector=async  worker=1  epsilon=0.199
  outcome   reward=0.00030000000000085514  progress=0.0370  success=0/1 (0.00%)  steps=mean:197.0 range:[197,197]
  training  completed=438/2500  queue=0/256 (0%)  replay=46358/200000  updates=16  loss=0.00063  policy_version=90
  throughput env_steps_s=353.2  transitions_s=353.2  transitions_step=1.0  updates_s=88.3  updates_throttled=0
episode=0440
  mode      collector=async  worker=0  epsilon=0.198
  outcome   reward=-1.0067  progress=0.0000  success=0/1 (0.00%)  steps=mean:67.0 range:[67,67]
  training  completed=439/2500  queue=0/256 (0%)  replay=46580/200000  updates=56  loss=0.00107  policy_version=91
  throughput env_steps_s=417.0  transitions_s=417.0  transitions_step=1.0  updates_s=105.2  updates_throttled=0
episode=0441
  mode      collector=async  worker=1  epsilon=0.198
  outcome   reward=-1.0061  progress=0.0000  success=0/1 (0.00%)  steps=mean:61.0 range:[61,61]
  training  completed=440/2500  queue=3/256 (1%)  replay=46599/200000  updates=4  loss=0.00039  policy_version=91
  throughput env_steps_s=321.8  transitions_s=321.8  transitions_step=1.0  updates_s=67.7  updates_throttled=0
episode=0438
  mode      collector=async  worker=3  epsilon=0.197
  outcome   reward=-0.0001999999999990898  progress=0.0370  success=0/1 (0.00%)  steps=mean:202.0 range:[202,202]
  training  completed=441/2500  queue=1/256 (0%)  replay=46744/200000  updates=37  loss=0.00066  policy_version=91
  throughput env_steps_s=408.8  transitions_s=408.8  transitions_step=1.0  updates_s=104.3  updates_throttled=0
episode=0439
  mode      collector=async  worker=2  epsilon=0.196
  outcome   reward=0.001500000000000723  progress=0.0370  success=0/1 (0.00%)  steps=mean:185.0 range:[185,185]
  training  completed=442/2500  queue=1/256 (0%)  replay=46837/200000  updates=23  loss=0.00048  policy_version=92
  throughput env_steps_s=388.4  transitions_s=388.4  transitions_step=1.0  updates_s=96.1  updates_throttled=0
episode=0442
  mode      collector=async  worker=0  epsilon=0.196
  outcome   reward=-1.0065  progress=0.0000  success=0/1 (0.00%)  steps=mean:65.0 range:[65,65]
  training  completed=443/2500  queue=1/256 (0%)  replay=46845/200000  updates=2  loss=0.00005  policy_version=92
  throughput env_steps_s=284.4  transitions_s=284.4  transitions_step=1.0  updates_s=71.1  updates_throttled=0
episode=0443
  mode      collector=async  worker=1  epsilon=0.195
  outcome   reward=-1.0066  progress=0.0000  success=0/1 (0.00%)  steps=mean:66.0 range:[66,66]
  training  completed=444/2500  queue=0/256 (0%)  replay=46866/200000  updates=5  loss=0.00337  policy_version=92
  throughput env_steps_s=431.0  transitions_s=431.0  transitions_step=1.0  updates_s=102.6  updates_throttled=0
episode=0444
  mode      collector=async  worker=3  epsilon=0.194
  outcome   reward=-1.0063  progress=0.0000  success=0/1 (0.00%)  steps=mean:63.0 range:[63,63]
  training  completed=445/2500  queue=0/256 (0%)  replay=47014/200000  updates=37  loss=0.00055  policy_version=92
  throughput env_steps_s=382.7  transitions_s=382.7  transitions_step=1.0  updates_s=95.7  updates_throttled=0
episode=0445
  mode      collector=async  worker=2  epsilon=0.193
  outcome   reward=-1.0059  progress=0.0000  success=0/1 (0.00%)  steps=mean:59.0 range:[59,59]
  training  completed=446/2500  queue=0/256 (0%)  replay=47062/200000  updates=12  loss=0.00091  policy_version=92
  throughput env_steps_s=417.2  transitions_s=417.2  transitions_step=1.0  updates_s=104.3  updates_throttled=0
episode=0446
  mode      collector=async  worker=0  epsilon=0.193
  outcome   reward=-1.0061  progress=0.0000  success=0/1 (0.00%)  steps=mean:61.0 range:[61,61]
  training  completed=447/2500  queue=1/256 (0%)  replay=47076/200000  updates=4  loss=0.00010  policy_version=92
  throughput env_steps_s=361.1  transitions_s=361.1  transitions_step=1.0  updates_s=103.2  updates_throttled=0
episode=0449
  mode      collector=async  worker=2  epsilon=0.192
  outcome   reward=-1.0064  progress=0.0000  success=0/1 (0.00%)  steps=mean:64.0 range:[64,64]
  training  completed=448/2500  queue=0/256 (0%)  replay=47305/200000  updates=57  loss=0.00144  policy_version=93
  throughput env_steps_s=381.3  transitions_s=381.3  transitions_step=1.0  updates_s=94.9  updates_throttled=0
episode=0450
  mode      collector=async  worker=0  epsilon=0.191
  outcome   reward=-1.006  progress=0.0000  success=0/1 (0.00%)  steps=mean:60.0 range:[60,60]
  training  completed=449/2500  queue=2/256 (1%)  replay=47336/200000  updates=8  loss=0.00038  policy_version=93
  throughput env_steps_s=345.5  transitions_s=345.5  transitions_step=1.0  updates_s=89.2  updates_throttled=0
episode=0447
  mode      collector=async  worker=1  epsilon=0.191
  outcome   reward=0.002200000000000868  progress=0.0370  success=0/1 (0.00%)  steps=mean:178.0 range:[178,178]
  training  completed=450/2500  queue=0/256 (0%)  replay=47589/200000  updates=63  loss=0.00121  policy_version=93
  throughput env_steps_s=372.0  transitions_s=372.0  transitions_step=1.0  updates_s=92.6  updates_throttled=0
episode=0451
  mode      collector=async  worker=2  epsilon=0.190
  outcome   reward=-0.0004999999999990568  progress=0.0370  success=0/1 (0.00%)  steps=mean:205.0 range:[205,205]
  training  completed=451/2500  queue=0/256 (0%)  replay=48111/200000  updates=130  loss=0.00105  policy_version=95
  throughput env_steps_s=390.2  transitions_s=390.2  transitions_step=1.0  updates_s=97.2  updates_throttled=0
episode=0452
  mode      collector=async  worker=0  epsilon=0.189
  outcome   reward=0.9983999999999857  progress=0.0741  success=0/1 (0.00%)  steps=mean:216.0 range:[216,216]
  training  completed=452/2500  queue=0/256 (0%)  replay=48233/200000  updates=31  loss=0.00193  policy_version=95
  throughput env_steps_s=396.1  transitions_s=396.1  transitions_step=1.0  updates_s=100.6  updates_throttled=0
episode=0454
  mode      collector=async  worker=2  epsilon=0.188
  outcome   reward=-1.006  progress=0.0000  success=0/1 (0.00%)  steps=mean:60.0 range:[60,60]
  training  completed=453/2500  queue=0/256 (0%)  replay=48361/200000  updates=32  loss=0.00127  policy_version=95
  throughput env_steps_s=369.3  transitions_s=369.3  transitions_step=1.0  updates_s=92.3  updates_throttled=0
episode=0453
  mode      collector=async  worker=1  epsilon=0.188
  outcome   reward=-0.005099999999998772  progress=0.0370  success=0/1 (0.00%)  steps=mean:251.0 range:[251,251]
  training  completed=454/2500  queue=0/256 (0%)  replay=48576/200000  updates=54  loss=0.00108  policy_version=96
  throughput env_steps_s=396.3  transitions_s=396.3  transitions_step=1.0  updates_s=99.5  updates_throttled=0
episode=0456
  mode      collector=async  worker=2  epsilon=0.187
  outcome   reward=-1.0062  progress=0.0000  success=0/1 (0.00%)  steps=mean:62.0 range:[62,62]
  training  completed=455/2500  queue=0/256 (0%)  replay=48587/200000  updates=2  loss=0.00027  policy_version=96
  throughput env_steps_s=254.3  transitions_s=254.3  transitions_step=1.0  updates_s=46.2  updates_throttled=0
episode=0457
  mode      collector=async  worker=1  epsilon=0.186
  outcome   reward=-1.0059  progress=0.0000  success=0/1 (0.00%)  steps=mean:59.0 range:[59,59]
  training  completed=456/2500  queue=0/256 (0%)  replay=48826/200000  updates=60  loss=0.00078  policy_version=97
  throughput env_steps_s=390.5  transitions_s=390.5  transitions_step=1.0  updates_s=98.0  updates_throttled=0
episode=0458
  mode      collector=async  worker=2  epsilon=0.186
  outcome   reward=-1.006  progress=0.0000  success=0/1 (0.00%)  steps=mean:60.0 range:[60,60]
  training  completed=457/2500  queue=0/256 (0%)  replay=48834/200000  updates=2  loss=0.00008  policy_version=97
  throughput env_steps_s=340.6  transitions_s=340.6  transitions_step=1.0  updates_s=85.2  updates_throttled=0
episode=0448
  mode      collector=async  worker=3  epsilon=0.185
  outcome   reward=1.9699999999999835  progress=0.1111  success=0/1 (0.00%)  steps=mean:500.0 range:[500,500]
  training  completed=458/2500  queue=1/256 (0%)  replay=48980/200000  updates=37  loss=0.00058  policy_version=97
  throughput env_steps_s=396.1  transitions_s=396.1  transitions_step=1.0  updates_s=100.4  updates_throttled=0
episode=0461
  mode      collector=async  worker=3  epsilon=0.184
  outcome   reward=-1.0062  progress=0.0000  success=0/1 (0.00%)  steps=mean:62.0 range:[62,62]
  training  completed=459/2500  queue=1/256 (0%)  replay=49212/200000  updates=58  loss=0.00069  policy_version=98
  throughput env_steps_s=400.1  transitions_s=400.1  transitions_step=1.0  updates_s=100.0  updates_throttled=0
episode=0455
  mode      collector=async  worker=0  epsilon=0.184
  outcome   reward=0.9856000000000027  progress=0.0741  success=0/1 (0.00%)  steps=mean:344.0 range:[344,344]
  training  completed=460/2500  queue=4/256 (2%)  replay=49669/200000  updates=114  loss=0.00102  policy_version=99
  throughput env_steps_s=382.8  transitions_s=382.8  transitions_step=1.0  updates_s=95.5  updates_throttled=0
episode=0463
  mode      collector=async  worker=0  epsilon=0.183
  outcome   reward=-1.0065  progress=0.0000  success=0/1 (0.00%)  steps=mean:65.0 range:[65,65]
  training  completed=461/2500  queue=0/256 (0%)  replay=49926/200000  updates=64  loss=0.00174  policy_version=99
  throughput env_steps_s=380.9  transitions_s=380.9  transitions_step=1.0  updates_s=94.9  updates_throttled=0
episode=0459
  mode      collector=async  worker=1  epsilon=0.182
  outcome   reward=0.991800000000002  progress=0.0741  success=0/1 (0.00%)  steps=mean:282.0 range:[282,282]
  training  completed=462/2500  queue=1/256 (0%)  replay=49960/200000  updates=9  loss=0.00081  policy_version=99
  throughput env_steps_s=361.8  transitions_s=361.8  transitions_step=1.0  updates_s=95.8  updates_throttled=0
episode=0462
  mode      collector=async  worker=3  epsilon=0.182
  outcome   reward=-0.0027999999999990255  progress=0.0370  success=0/1 (0.00%)  steps=mean:228.0 range:[228,228]
  training  completed=463/2500  queue=2/256 (1%)  replay=50092/200000  updates=33  loss=0.00117  policy_version=100
  throughput env_steps_s=376.2  transitions_s=376.2  transitions_step=1.0  updates_s=94.1  updates_throttled=0
episode=0464
  mode      collector=async  worker=0  epsilon=0.181
  outcome   reward=-1.0062  progress=0.0000  success=0/1 (0.00%)  steps=mean:62.0 range:[62,62]
  training  completed=464/2500  queue=2/256 (1%)  replay=50168/200000  updates=19  loss=0.00098  policy_version=100
  throughput env_steps_s=347.0  transitions_s=347.0  transitions_step=1.0  updates_s=86.7  updates_throttled=0
episode=0465
  mode      collector=async  worker=1  epsilon=0.180
  outcome   reward=-1.0066  progress=0.0000  success=0/1 (0.00%)  steps=mean:66.0 range:[66,66]
  training  completed=465/2500  queue=1/256 (0%)  replay=50236/200000  updates=17  loss=0.00118  policy_version=100
  throughput env_steps_s=357.8  transitions_s=357.8  transitions_step=1.0  updates_s=89.4  updates_throttled=0
episode=0467
  mode      collector=async  worker=0  epsilon=0.180
  outcome   reward=-1.0063  progress=0.0000  success=0/1 (0.00%)  steps=mean:63.0 range:[63,63]
  training  completed=466/2500  queue=3/256 (1%)  replay=50404/200000  updates=42  loss=0.00060  policy_version=101
  throughput env_steps_s=381.3  transitions_s=381.3  transitions_step=1.0  updates_s=95.3  updates_throttled=0
episode=0469
  mode      collector=async  worker=0  epsilon=0.179
  outcome   reward=-1.0063  progress=0.0000  success=0/1 (0.00%)  steps=mean:63.0 range:[63,63]
  training  completed=467/2500  queue=0/256 (0%)  replay=50646/200000  updates=60  loss=0.00101  policy_version=101
  throughput env_steps_s=399.4  transitions_s=399.4  transitions_step=1.0  updates_s=99.0  updates_throttled=0
episode=0466
  mode      collector=async  worker=3  epsilon=0.178
  outcome   reward=1.0014999999999852  progress=0.0741  success=0/1 (0.00%)  steps=mean:185.0 range:[185,185]
  training  completed=468/2500  queue=2/256 (1%)  replay=50864/200000  updates=55  loss=0.00084  policy_version=102
  throughput env_steps_s=370.7  transitions_s=370.7  transitions_step=1.0  updates_s=93.5  updates_throttled=0
episode=0470
  mode      collector=async  worker=0  epsilon=0.178
  outcome   reward=-1.0063  progress=0.0000  success=0/1 (0.00%)  steps=mean:63.0 range:[63,63]
  training  completed=469/2500  queue=0/256 (0%)  replay=50915/200000  updates=12  loss=0.00166  policy_version=102
  throughput env_steps_s=361.7  transitions_s=361.7  transitions_step=1.0  updates_s=85.1  updates_throttled=0
episode=0468
  mode      collector=async  worker=1  epsilon=0.177
  outcome   reward=-0.0023999999999988475  progress=0.0370  success=0/1 (0.00%)  steps=mean:224.0 range:[224,224]
  training  completed=470/2500  queue=2/256 (1%)  replay=51104/200000  updates=48  loss=0.00133  policy_version=102
  throughput env_steps_s=381.2  transitions_s=381.2  transitions_step=1.0  updates_s=96.8  updates_throttled=0
episode=0471
  mode      collector=async  worker=3  epsilon=0.176
  outcome   reward=-1.0062  progress=0.0000  success=0/1 (0.00%)  steps=mean:62.0 range:[62,62]
  training  completed=471/2500  queue=0/256 (0%)  replay=51126/200000  updates=5  loss=0.00120  policy_version=102
  throughput env_steps_s=401.3  transitions_s=401.3  transitions_step=1.0  updates_s=91.2  updates_throttled=0
episode=0472
  mode      collector=async  worker=0  epsilon=0.176
  outcome   reward=-1.0062  progress=0.0000  success=0/1 (0.00%)  steps=mean:62.0 range:[62,62]
  training  completed=472/2500  queue=1/256 (0%)  replay=51164/200000  updates=10  loss=0.00105  policy_version=102
  throughput env_steps_s=325.4  transitions_s=325.4  transitions_step=1.0  updates_s=85.6  updates_throttled=0
episode=0473
  mode      collector=async  worker=1  epsilon=0.175
  outcome   reward=-1.0062  progress=0.0000  success=0/1 (0.00%)  steps=mean:62.0 range:[62,62]
  training  completed=473/2500  queue=0/256 (0%)  replay=51370/200000  updates=51  loss=0.00098  policy_version=103
  throughput env_steps_s=379.6  transitions_s=379.6  transitions_step=1.0  updates_s=94.0  updates_throttled=0
episode=0476
  mode      collector=async  worker=1  epsilon=0.174
  outcome   reward=-1.0067  progress=0.0000  success=0/1 (0.00%)  steps=mean:67.0 range:[67,67]
  training  completed=474/2500  queue=0/256 (0%)  replay=51648/200000  updates=70  loss=0.00116  policy_version=104
  throughput env_steps_s=363.2  transitions_s=363.2  transitions_step=1.0  updates_s=91.4  updates_throttled=0
episode=0474
  mode      collector=async  worker=3  epsilon=0.174
  outcome   reward=0.0005000000000008331  progress=0.0370  success=0/1 (0.00%)  steps=mean:195.0 range:[195,195]
  training  completed=475/2500  queue=0/256 (0%)  replay=51889/200000  updates=60  loss=0.00121  policy_version=104
  throughput env_steps_s=385.7  transitions_s=385.7  transitions_step=1.0  updates_s=96.0  updates_throttled=0
episode=0460
  mode      collector=async  worker=2  epsilon=0.173
  outcome   reward=6.938300000000047  progress=0.2963  success=0/1 (0.00%)  steps=mean:817.0 range:[817,817]
  training  completed=476/2500  queue=0/256 (0%)  replay=52091/200000  updates=50  loss=0.00143  policy_version=105
  throughput env_steps_s=384.7  transitions_s=384.7  transitions_step=1.0  updates_s=95.2  updates_throttled=0
episode=0478
  mode      collector=async  worker=3  epsilon=0.173
  outcome   reward=-1.0063  progress=0.0000  success=0/1 (0.00%)  steps=mean:63.0 range:[63,63]
  training  completed=477/2500  queue=1/256 (0%)  replay=52137/200000  updates=12  loss=0.00203  policy_version=105
  throughput env_steps_s=364.6  transitions_s=364.6  transitions_step=1.0  updates_s=95.1  updates_throttled=0
episode=0479
  mode      collector=async  worker=2  epsilon=0.172
  outcome   reward=-1.0065  progress=0.0000  success=0/1 (0.00%)  steps=mean:65.0 range:[65,65]
  training  completed=478/2500  queue=0/256 (0%)  replay=52336/200000  updates=50  loss=0.00098  policy_version=105
  throughput env_steps_s=374.3  transitions_s=374.3  transitions_step=1.0  updates_s=94.0  updates_throttled=0
episode=0480
  mode      collector=async  worker=3  epsilon=0.171
  outcome   reward=-1.0062  progress=0.0000  success=0/1 (0.00%)  steps=mean:62.0 range:[62,62]
  training  completed=479/2500  queue=0/256 (0%)  replay=52374/200000  updates=9  loss=0.00257  policy_version=105
  throughput env_steps_s=360.2  transitions_s=360.2  transitions_step=1.0  updates_s=85.3  updates_throttled=0
episode=0477
  mode      collector=async  worker=1  epsilon=0.171
  outcome   reward=0.001800000000000912  progress=0.0370  success=0/1 (0.00%)  steps=mean:182.0 range:[182,182]
  training  completed=480/2500  queue=4/256 (2%)  replay=52406/200000  updates=8  loss=0.00288  policy_version=106
  throughput env_steps_s=288.6  transitions_s=288.6  transitions_step=1.0  updates_s=72.1  updates_throttled=0
episode=0475
  mode      collector=async  worker=0  epsilon=0.170
  outcome   reward=0.9850000000000028  progress=0.0741  success=0/1 (0.00%)  steps=mean:350.0 range:[350,350]
  training  completed=481/2500  queue=0/256 (0%)  replay=52559/200000  updates=38  loss=0.00103  policy_version=106
  throughput env_steps_s=393.9  transitions_s=393.9  transitions_step=1.0  updates_s=97.8  updates_throttled=0
episode=0482
  mode      collector=async  worker=3  epsilon=0.169
  outcome   reward=-1.0064  progress=0.0000  success=0/1 (0.00%)  steps=mean:64.0 range:[64,64]
  training  completed=482/2500  queue=0/256 (0%)  replay=52612/200000  updates=14  loss=0.00020  policy_version=106
  throughput env_steps_s=386.6  transitions_s=386.6  transitions_step=1.0  updates_s=102.1  updates_throttled=0
episode=0483
  mode      collector=async  worker=1  epsilon=0.169
  outcome   reward=-1.0063  progress=0.0000  success=0/1 (0.00%)  steps=mean:63.0 range:[63,63]
  training  completed=483/2500  queue=0/256 (0%)  replay=52659/200000  updates=11  loss=0.00031  policy_version=106
  throughput env_steps_s=342.2  transitions_s=342.2  transitions_step=1.0  updates_s=80.1  updates_throttled=0
episode=0486
  mode      collector=async  worker=1  epsilon=0.168
  outcome   reward=-1.0068  progress=0.0000  success=0/1 (0.00%)  steps=mean:68.0 range:[68,68]
  training  completed=484/2500  queue=0/256 (0%)  replay=52929/200000  updates=68  loss=0.00081  policy_version=107
  throughput env_steps_s=383.7  transitions_s=383.7  transitions_step=1.0  updates_s=96.6  updates_throttled=0
episode=0481
  mode      collector=async  worker=2  epsilon=0.167
  outcome   reward=0.9876000000000023  progress=0.0741  success=0/1 (0.00%)  steps=mean:324.0 range:[324,324]
  training  completed=485/2500  queue=0/256 (0%)  replay=53629/200000  updates=175  loss=0.00060  policy_version=109
  throughput env_steps_s=368.2  transitions_s=368.2  transitions_step=1.0  updates_s=92.1  updates_throttled=0
episode=0487
  mode      collector=async  worker=1  epsilon=0.167
  outcome   reward=8.881784197001252e-16  progress=0.0370  success=0/1 (0.00%)  steps=mean:200.0 range:[200,200]
  training  completed=486/2500  queue=0/256 (0%)  replay=53733/200000  updates=26  loss=0.00083  policy_version=109
  throughput env_steps_s=361.3  transitions_s=361.3  transitions_step=1.0  updates_s=90.3  updates_throttled=0
episode=0488
  mode      collector=async  worker=2  epsilon=0.166
  outcome   reward=-1.0062  progress=0.0000  success=0/1 (0.00%)  steps=mean:62.0 range:[62,62]
  training  completed=487/2500  queue=0/256 (0%)  replay=53875/200000  updates=35  loss=0.00096  policy_version=109
  throughput env_steps_s=379.4  transitions_s=379.4  transitions_step=1.0  updates_s=93.5  updates_throttled=0
episode=0489
  mode      collector=async  worker=1  epsilon=0.166
  outcome   reward=-1.0065  progress=0.0000  success=0/1 (0.00%)  steps=mean:65.0 range:[65,65]
  training  completed=488/2500  queue=1/256 (0%)  replay=53992/200000  updates=30  loss=0.00028  policy_version=109
  throughput env_steps_s=390.2  transitions_s=390.2  transitions_step=1.0  updates_s=100.0  updates_throttled=0
episode=0484
  mode      collector=async  worker=0  epsilon=0.165
  outcome   reward=0.9830000000000025  progress=0.0741  success=0/1 (0.00%)  steps=mean:370.0 range:[370,370]
  training  completed=489/2500  queue=2/256 (1%)  replay=54032/200000  updates=10  loss=0.00042  policy_version=110
  throughput env_steps_s=353.9  transitions_s=353.9  transitions_step=1.0  updates_s=88.5  updates_throttled=0
episode=0490
  mode      collector=async  worker=2  epsilon=0.164
  outcome   reward=-1.0064  progress=0.0000  success=0/1 (0.00%)  steps=mean:64.0 range:[64,64]
  training  completed=490/2500  queue=0/256 (0%)  replay=54132/200000  updates=25  loss=0.00023  policy_version=110
  throughput env_steps_s=366.2  transitions_s=366.2  transitions_step=1.0  updates_s=91.6  updates_throttled=0
episode=0491
  mode      collector=async  worker=1  epsilon=0.164
  outcome   reward=-1.0065  progress=0.0000  success=0/1 (0.00%)  steps=mean:65.0 range:[65,65]
  training  completed=491/2500  queue=0/256 (0%)  replay=54254/200000  updates=30  loss=0.00058  policy_version=110
  throughput env_steps_s=388.4  transitions_s=388.4  transitions_step=1.0  updates_s=95.5  updates_throttled=0
episode=0493
  mode      collector=async  worker=2  epsilon=0.163
  outcome   reward=-0.004099999999998882  progress=0.0370  success=0/1 (0.00%)  steps=mean:241.0 range:[241,241]
  training  completed=492/2500  queue=0/256 (0%)  replay=55135/200000  updates=220  loss=0.00093  policy_version=112
  throughput env_steps_s=372.5  transitions_s=372.5  transitions_step=1.0  updates_s=93.0  updates_throttled=0
episode=0485
  mode      collector=async  worker=3  epsilon=0.163
  outcome   reward=2.947999999999964  progress=0.1481  success=0/1 (0.00%)  steps=mean:720.0 range:[720,720]
  training  completed=493/2500  queue=0/256 (0%)  replay=55489/200000  updates=89  loss=0.00137  policy_version=113
  throughput env_steps_s=357.3  transitions_s=357.3  transitions_step=1.0  updates_s=89.8  updates_throttled=0
episode=0494
  mode      collector=async  worker=1  epsilon=0.162
  outcome   reward=0.9863000000000026  progress=0.0741  success=0/1 (0.00%)  steps=mean:337.0 range:[337,337]
  training  completed=494/2500  queue=0/256 (0%)  replay=55595/200000  updates=26  loss=0.00169  policy_version=113
  throughput env_steps_s=336.5  transitions_s=336.5  transitions_step=1.0  updates_s=82.5  updates_throttled=0
episode=0495
  mode      collector=async  worker=2  epsilon=0.161
  outcome   reward=-0.0001999999999990898  progress=0.0370  success=0/1 (0.00%)  steps=mean:202.0 range:[202,202]
  training  completed=495/2500  queue=3/256 (1%)  replay=55932/200000  updates=85  loss=0.00086  policy_version=114
  throughput env_steps_s=387.2  transitions_s=387.2  transitions_step=1.0  updates_s=97.7  updates_throttled=0
episode=0498
  mode      collector=async  worker=2  epsilon=0.161
  outcome   reward=-1.0067  progress=0.0000  success=0/1 (0.00%)  steps=mean:67.0 range:[67,67]
  training  completed=496/2500  queue=0/256 (0%)  replay=56203/200000  updates=67  loss=0.00071  policy_version=115
  throughput env_steps_s=376.8  transitions_s=376.8  transitions_step=1.0  updates_s=93.1  updates_throttled=0
episode=0496
  mode      collector=async  worker=3  epsilon=0.160
  outcome   reward=1.002099999999986  progress=0.0741  success=0/1 (0.00%)  steps=mean:179.0 range:[179,179]
  training  completed=497/2500  queue=0/256 (0%)  replay=56215/200000  updates=3  loss=0.00420  policy_version=115
  throughput env_steps_s=325.1  transitions_s=325.1  transitions_step=1.0  updates_s=81.3  updates_throttled=0
episode=0499
  mode      collector=async  worker=2  epsilon=0.160
  outcome   reward=-1.0064  progress=0.0000  success=0/1 (0.00%)  steps=mean:64.0 range:[64,64]
  training  completed=498/2500  queue=1/256 (0%)  replay=56456/200000  updates=61  loss=0.00104  policy_version=116
  throughput env_steps_s=378.3  transitions_s=378.3  transitions_step=1.0  updates_s=95.8  updates_throttled=0
episode=0497
  mode      collector=async  worker=1  epsilon=0.159
  outcome   reward=1.9869999999999657  progress=0.1111  success=0/1 (0.00%)  steps=mean:330.0 range:[330,330]
  training  completed=499/2500  queue=0/256 (0%)  replay=56906/200000  updates=112  loss=0.00107  policy_version=117
  throughput env_steps_s=372.3  transitions_s=372.3  transitions_step=1.0  updates_s=92.7  updates_throttled=0
episode=0500
  mode      collector=async  worker=3  epsilon=0.158
  outcome   reward=-0.0008999999999990127  progress=0.0370  success=0/1 (0.00%)  steps=mean:209.0 range:[209,209]
  training  completed=500/2500  queue=3/256 (1%)  replay=57056/200000  updates=38  loss=0.00100  policy_version=117
  throughput env_steps_s=362.3  transitions_s=362.3  transitions_step=1.0  updates_s=91.8  updates_throttled=0
Saved checkpoint: checkpoints/breakout_s2_rand/ckpt-500
Scheduled replay buffer save: checkpoints/breakout_s2_rand/replay-500.npz transitions=57056
Evaluating frozen checkpoint episode=500 episodes=20 metric=auto...
Saved replay buffer: checkpoints/breakout_s2_rand/replay-500.npz transitions=57056
episode=0501
  mode      collector=async  worker=2  epsilon=0.158
  outcome   reward=0.0007000000000008111  progress=0.0370  success=0/1 (0.00%)  steps=mean:193.0 range:[193,193]
  training  completed=501/2500  queue=0/256 (0%)  replay=57238/200000  updates=45  loss=0.00141  policy_version=118
  throughput env_steps_s=272.1  transitions_s=272.1  transitions_step=1.0  updates_s=67.3  updates_throttled=0
episode=0503
  mode      collector=async  worker=3  epsilon=0.157
  outcome   reward=-0.0004999999999990568  progress=0.0370  success=0/1 (0.00%)  steps=mean:205.0 range:[205,205]
  training  completed=502/2500  queue=0/256 (0%)  replay=57887/200000  updates=162  loss=0.00095  policy_version=119
  throughput env_steps_s=314.2  transitions_s=314.2  transitions_step=1.0  updates_s=78.4  updates_throttled=0
episode=0492
  mode      collector=async  worker=0  epsilon=0.157
  outcome   reward=5.920200000000076  progress=0.2593  success=0/1 (0.00%)  steps=mean:998.0 range:[998,998]
  training  completed=503/2500  queue=0/256 (0%)  replay=58020/200000  updates=34  loss=0.00115  policy_version=120
  throughput env_steps_s=305.2  transitions_s=305.2  transitions_step=1.0  updates_s=78.0  updates_throttled=0
episode=0505
  mode      collector=async  worker=3  epsilon=0.156
  outcome   reward=-1.0065  progress=0.0000  success=0/1 (0.00%)  steps=mean:65.0 range:[65,65]
  training  completed=504/2500  queue=0/256 (0%)  replay=58137/200000  updates=29  loss=0.00124  policy_version=120
  throughput env_steps_s=195.4  transitions_s=195.4  transitions_step=1.0  updates_s=48.4  updates_throttled=0
episode=0504
  mode      collector=async  worker=2  epsilon=0.156
  outcome   reward=-0.003999999999998893  progress=0.0370  success=0/1 (0.00%)  steps=mean:240.0 range:[240,240]
  training  completed=505/2500  queue=0/256 (0%)  replay=58182/200000  updates=11  loss=0.00176  policy_version=120
  throughput env_steps_s=182.4  transitions_s=182.4  transitions_step=1.0  updates_s=44.6  updates_throttled=0
episode=0506
  mode      collector=async  worker=0  epsilon=0.155
  outcome   reward=-1.0066  progress=0.0000  success=0/1 (0.00%)  steps=mean:66.0 range:[66,66]
  training  completed=506/2500  queue=0/256 (0%)  replay=58280/200000  updates=25  loss=0.00034  policy_version=120
  throughput env_steps_s=168.8  transitions_s=168.8  transitions_step=1.0  updates_s=43.1  updates_throttled=0
episode=0507
  mode      collector=async  worker=3  epsilon=0.154
  outcome   reward=-1.0062  progress=0.0000  success=0/1 (0.00%)  steps=mean:62.0 range:[62,62]
  training  completed=507/2500  queue=6/256 (2%)  replay=58396/200000  updates=29  loss=0.00139  policy_version=121
  throughput env_steps_s=176.8  transitions_s=176.8  transitions_step=1.0  updates_s=44.2  updates_throttled=0
episode=0508
  mode      collector=async  worker=2  epsilon=0.154
  outcome   reward=-1.0063  progress=0.0000  success=0/1 (0.00%)  steps=mean:63.0 range:[63,63]
  training  completed=508/2500  queue=0/256 (0%)  replay=58423/200000  updates=6  loss=0.00171  policy_version=121
  throughput env_steps_s=189.0  transitions_s=189.0  transitions_step=1.0  updates_s=42.0  updates_throttled=0
episode=0502
  mode      collector=async  worker=1  epsilon=0.153
  outcome   reward=1.977799999999989  progress=0.1111  success=0/1 (0.00%)  steps=mean:422.0 range:[422,422]
  training  completed=509/2500  queue=0/256 (0%)  replay=58583/200000  updates=40  loss=0.00138  policy_version=121
  throughput env_steps_s=171.4  transitions_s=171.4  transitions_step=1.0  updates_s=42.9  updates_throttled=0
episode=0509
  mode      collector=async  worker=0  epsilon=0.153
  outcome   reward=0.001200000000000756  progress=0.0370  success=0/1 (0.00%)  steps=mean:188.0 range:[188,188]
  training  completed=510/2500  queue=0/256 (0%)  replay=59042/200000  updates=115  loss=0.00113  policy_version=122
  throughput env_steps_s=163.0  transitions_s=163.0  transitions_step=1.0  updates_s=40.8  updates_throttled=0
episode=0510
  mode      collector=async  worker=3  epsilon=0.152
  outcome   reward=0.001900000000000901  progress=0.0370  success=0/1 (0.00%)  steps=mean:181.0 range:[181,181]
  training  completed=511/2500  queue=0/256 (0%)  replay=59119/200000  updates=19  loss=0.00054  policy_version=122
  throughput env_steps_s=160.1  transitions_s=160.1  transitions_step=1.0  updates_s=39.5  updates_throttled=0
episode=0511
  mode      collector=async  worker=2  epsilon=0.152
  outcome   reward=-0.0026999999999990365  progress=0.0370  success=0/1 (0.00%)  steps=mean:227.0 range:[227,227]
  training  completed=512/2500  queue=1/256 (0%)  replay=59336/200000  updates=55  loss=0.00040  policy_version=123
  throughput env_steps_s=160.1  transitions_s=160.1  transitions_step=1.0  updates_s=40.6  updates_throttled=0
episode=0514
  mode      collector=async  worker=3  epsilon=0.151
  outcome   reward=-1.0061  progress=0.0000  success=0/1 (0.00%)  steps=mean:61.0 range:[61,61]
  training  completed=513/2500  queue=0/256 (0%)  replay=59370/200000  updates=8  loss=0.00017  policy_version=123
  throughput env_steps_s=129.9  transitions_s=129.9  transitions_step=1.0  updates_s=30.6  updates_throttled=0
episode=0512
  mode      collector=async  worker=1  epsilon=0.151
  outcome   reward=-0.0002999999999990788  progress=0.0370  success=0/1 (0.00%)  steps=mean:203.0 range:[203,203]
  training  completed=514/2500  queue=0/256 (0%)  replay=59396/200000  updates=7  loss=0.00024  policy_version=123
  throughput env_steps_s=169.3  transitions_s=169.3  transitions_step=1.0  updates_s=45.6  updates_throttled=0
episode=0516
  mode      collector=async  worker=3  epsilon=0.150
  outcome   reward=-1.0062  progress=0.0000  success=0/1 (0.00%)  steps=mean:62.0 range:[62,62]
  training  completed=515/2500  queue=0/256 (0%)  replay=59602/200000  updates=51  loss=0.00068  policy_version=124
  throughput env_steps_s=162.3  transitions_s=162.3  transitions_step=1.0  updates_s=40.2  updates_throttled=0
episode=0515
  mode      collector=async  worker=2  epsilon=0.149
  outcome   reward=-1.0064  progress=0.0000  success=0/1 (0.00%)  steps=mean:64.0 range:[64,64]
  training  completed=516/2500  queue=2/256 (1%)  replay=59604/200000  updates=1  loss=0.00134  policy_version=124
  throughput env_steps_s=103.8  transitions_s=103.8  transitions_step=1.0  updates_s=51.9  updates_throttled=0
episode=0517
  mode      collector=async  worker=1  epsilon=0.149
  outcome   reward=-1.0062  progress=0.0000  success=0/1 (0.00%)  steps=mean:62.0 range:[62,62]
  training  completed=517/2500  queue=0/256 (0%)  replay=59653/200000  updates=12  loss=0.00442  policy_version=124
  throughput env_steps_s=177.6  transitions_s=177.6  transitions_step=1.0  updates_s=43.5  updates_throttled=0
episode=0513
  mode      collector=async  worker=0  epsilon=0.148
  outcome   reward=0.001700000000000923  progress=0.0370  success=0/1 (0.00%)  steps=mean:183.0 range:[183,183]
  training  completed=518/2500  queue=1/256 (0%)  replay=59764/200000  updates=28  loss=0.00177  policy_version=124
  throughput env_steps_s=148.7  transitions_s=148.7  transitions_step=1.0  updates_s=37.5  updates_throttled=0
episode=0520
  mode      collector=async  worker=1  epsilon=0.148
  outcome   reward=-1.0062  progress=0.0000  success=0/1 (0.00%)  steps=mean:62.0 range:[62,62]
  training  completed=519/2500  queue=0/256 (0%)  replay=59905/200000  updates=35  loss=0.00120  policy_version=124
  throughput env_steps_s=156.7  transitions_s=156.7  transitions_step=1.0  updates_s=38.9  updates_throttled=0
episode=0518
  mode      collector=async  worker=3  epsilon=0.147
  outcome   reward=0.9871000000000023  progress=0.0741  success=0/1 (0.00%)  steps=mean:329.0 range:[329,329]
  training  completed=520/2500  queue=3/256 (1%)  replay=60941/200000  updates=259  loss=0.00093  policy_version=127
  throughput env_steps_s=162.9  transitions_s=162.9  transitions_step=1.0  updates_s=40.7  updates_throttled=0
episode=0523
  mode      collector=async  worker=3  epsilon=0.147
  outcome   reward=-1.0068  progress=0.0000  success=0/1 (0.00%)  steps=mean:68.0 range:[68,68]
  training  completed=521/2500  queue=0/256 (0%)  replay=61204/200000  updates=66  loss=0.00083  policy_version=128
  throughput env_steps_s=160.9  transitions_s=160.9  transitions_step=1.0  updates_s=40.4  updates_throttled=0
episode=0524
  mode      collector=async  worker=3  epsilon=0.146
  outcome   reward=-1.0061  progress=0.0000  success=0/1 (0.00%)  steps=mean:61.0 range:[61,61]
  training  completed=522/2500  queue=0/256 (0%)  replay=61458/200000  updates=63  loss=0.00059  policy_version=128
  throughput env_steps_s=163.4  transitions_s=163.4  transitions_step=1.0  updates_s=40.5  updates_throttled=0
episode=0521
  mode      collector=async  worker=0  epsilon=0.146
  outcome   reward=1.9736999999999416  progress=0.1111  success=0/1 (0.00%)  steps=mean:463.0 range:[463,463]
  training  completed=523/2500  queue=2/256 (1%)  replay=61560/200000  updates=26  loss=0.00022  policy_version=128
  throughput env_steps_s=160.1  transitions_s=160.1  transitions_step=1.0  updates_s=40.8  updates_throttled=0
episode=0525
  mode      collector=async  worker=3  epsilon=0.145
  outcome   reward=-1.0065  progress=0.0000  success=0/1 (0.00%)  steps=mean:65.0 range:[65,65]
  training  completed=524/2500  queue=0/256 (0%)  replay=61713/200000  updates=38  loss=0.00021  policy_version=129
  throughput env_steps_s=150.7  transitions_s=150.7  transitions_step=1.0  updates_s=37.4  updates_throttled=0
episode=0527
  mode      collector=async  worker=3  epsilon=0.145
  outcome   reward=-1.0066  progress=0.0000  success=0/1 (0.00%)  steps=mean:66.0 range:[66,66]
  training  completed=525/2500  queue=0/256 (0%)  replay=61979/200000  updates=66  loss=0.00133  policy_version=129
  throughput env_steps_s=156.3  transitions_s=156.3  transitions_step=1.0  updates_s=38.8  updates_throttled=0
episode=0522
  mode      collector=async  worker=1  epsilon=0.144
  outcome   reward=2.9634999999999616  progress=0.1481  success=0/1 (0.00%)  steps=mean:565.0 range:[565,565]
  training  completed=526/2500  queue=2/256 (1%)  replay=62184/200000  updates=52  loss=0.00099  policy_version=130
  throughput env_steps_s=159.6  transitions_s=159.6  transitions_step=1.0  updates_s=40.5  updates_throttled=0
episode=0529
  mode      collector=async  worker=1  epsilon=0.143
  outcome   reward=-1.0065  progress=0.0000  success=0/1 (0.00%)  steps=mean:65.0 range:[65,65]
  training  completed=527/2500  queue=0/256 (0%)  replay=62471/200000  updates=71  loss=0.00109  policy_version=131
  throughput env_steps_s=170.8  transitions_s=170.8  transitions_step=1.0  updates_s=42.3  updates_throttled=0
episode=0526
  mode      collector=async  worker=0  epsilon=0.143
  outcome   reward=0.991700000000002  progress=0.0741  success=0/1 (0.00%)  steps=mean:283.0 range:[283,283]
  training  completed=528/2500  queue=0/256 (0%)  replay=62686/200000  updates=54  loss=0.00110  policy_version=131
  throughput env_steps_s=169.7  transitions_s=169.7  transitions_step=1.0  updates_s=42.6  updates_throttled=0
episode=0528
  mode      collector=async  worker=3  epsilon=0.142
  outcome   reward=0.001700000000000701  progress=0.0370  success=0/1 (0.00%)  steps=mean:183.0 range:[183,183]
  training  completed=529/2500  queue=0/256 (0%)  replay=62695/200000  updates=2  loss=0.00039  policy_version=131
  throughput env_steps_s=116.1  transitions_s=116.1  transitions_step=1.0  updates_s=25.8  updates_throttled=0
episode=0531
  mode      collector=async  worker=0  epsilon=0.142
  outcome   reward=-1.0061  progress=0.0000  success=0/1 (0.00%)  steps=mean:61.0 range:[61,61]
  training  completed=530/2500  queue=1/256 (0%)  replay=62948/200000  updates=64  loss=0.00107  policy_version=132
  throughput env_steps_s=158.0  transitions_s=158.0  transitions_step=1.0  updates_s=40.0  updates_throttled=0
episode=0532
  mode      collector=async  worker=3  epsilon=0.141
  outcome   reward=-1.0065  progress=0.0000  success=0/1 (0.00%)  steps=mean:65.0 range:[65,65]
  training  completed=531/2500  queue=0/256 (0%)  replay=62950/200000  updates=0  loss=0.00000  policy_version=132
  throughput env_steps_s=619.0  transitions_s=619.0  transitions_step=1.0  updates_s=0.0  updates_throttled=0
episode=0530
  mode      collector=async  worker=1  epsilon=0.141
  outcome   reward=8.881784197001252e-16  progress=0.0370  success=0/1 (0.00%)  steps=mean:200.0 range:[200,200]
  training  completed=532/2500  queue=0/256 (0%)  replay=63301/200000  updates=88  loss=0.00108  policy_version=133
  throughput env_steps_s=165.0  transitions_s=165.0  transitions_step=1.0  updates_s=41.4  updates_throttled=0
episode=0535
  mode      collector=async  worker=1  epsilon=0.140
  outcome   reward=-1.0061  progress=0.0000  success=0/1 (0.00%)  steps=mean:61.0 range:[61,61]
  training  completed=533/2500  queue=0/256 (0%)  replay=63551/200000  updates=62  loss=0.00128  policy_version=133
  throughput env_steps_s=168.8  transitions_s=168.8  transitions_step=1.0  updates_s=41.9  updates_throttled=0
episode=0534
  mode      collector=async  worker=3  epsilon=0.140
  outcome   reward=0.002700000000000813  progress=0.0370  success=0/1 (0.00%)  steps=mean:173.0 range:[173,173]
  training  completed=534/2500  queue=0/256 (0%)  replay=63659/200000  updates=27  loss=0.00041  policy_version=134
  throughput env_steps_s=163.2  transitions_s=163.2  transitions_step=1.0  updates_s=40.8  updates_throttled=0
episode=0533
  mode      collector=async  worker=0  epsilon=0.139
  outcome   reward=0.001300000000000745  progress=0.0370  success=0/1 (0.00%)  steps=mean:187.0 range:[187,187]
  training  completed=535/2500  queue=0/256 (0%)  replay=63679/200000  updates=5  loss=0.00028  policy_version=134
  throughput env_steps_s=138.3  transitions_s=138.3  transitions_step=1.0  updates_s=34.6  updates_throttled=0
episode=0536
  mode      collector=async  worker=1  epsilon=0.139
  outcome   reward=0.001200000000000756  progress=0.0370  success=0/1 (0.00%)  steps=mean:188.0 range:[188,188]
  training  completed=536/2500  queue=0/256 (0%)  replay=64309/200000  updates=158  loss=0.00055  policy_version=135
  throughput env_steps_s=169.1  transitions_s=169.1  transitions_step=1.0  updates_s=42.4  updates_throttled=0
episode=0519
  mode      collector=async  worker=2  epsilon=0.138
  outcome   reward=9.897300000000083  progress=0.4074  success=0/1 (0.00%)  steps=mean:1227.0 range:[1227,1227]
  training  completed=537/2500  queue=0/256 (0%)  replay=64470/200000  updates=40  loss=0.00120  policy_version=136
  throughput env_steps_s=158.7  transitions_s=158.7  transitions_step=1.0  updates_s=39.4  updates_throttled=0
episode=0539
  mode      collector=async  worker=1  epsilon=0.138
  outcome   reward=-1.0061  progress=0.0000  success=0/1 (0.00%)  steps=mean:61.0 range:[61,61]
  training  completed=538/2500  queue=1/256 (0%)  replay=64544/200000  updates=19  loss=0.00103  policy_version=136
  throughput env_steps_s=134.8  transitions_s=134.8  transitions_step=1.0  updates_s=34.6  updates_throttled=0
episode=0538
  mode      collector=async  worker=0  epsilon=0.137
  outcome   reward=1.9870999999999832  progress=0.1111  success=0/1 (0.00%)  steps=mean:329.0 range:[329,329]
  training  completed=539/2500  queue=0/256 (0%)  replay=64977/200000  updates=108  loss=0.00075  policy_version=137
  throughput env_steps_s=157.0  transitions_s=157.0  transitions_step=1.0  updates_s=39.2  updates_throttled=0
episode=0541
  mode      collector=async  worker=1  epsilon=0.137
  outcome   reward=0.002800000000000802  progress=0.0370  success=0/1 (0.00%)  steps=mean:172.0 range:[172,172]
  training  completed=540/2500  queue=2/256 (1%)  replay=65231/200000  updates=63  loss=0.00098  policy_version=138
  throughput env_steps_s=155.0  transitions_s=155.0  transitions_step=1.0  updates_s=38.4  updates_throttled=0
episode=0542
  mode      collector=async  worker=0  epsilon=0.136
  outcome   reward=-1.006  progress=0.0000  success=0/1 (0.00%)  steps=mean:60.0 range:[60,60]
  training  completed=541/2500  queue=1/256 (0%)  replay=65234/200000  updates=1  loss=0.00067  policy_version=138
  throughput env_steps_s=234.4  transitions_s=234.4  transitions_step=1.0  updates_s=78.1  updates_throttled=0
episode=0537
  mode      collector=async  worker=3  epsilon=0.136
  outcome   reward=2.971399999999937  progress=0.1481  success=0/1 (0.00%)  steps=mean:486.0 range:[486,486]
  training  completed=542/2500  queue=2/256 (1%)  replay=65608/200000  updates=94  loss=0.00095  policy_version=139
  throughput env_steps_s=157.4  transitions_s=157.4  transitions_step=1.0  updates_s=39.6  updates_throttled=0
episode=0545
  mode      collector=async  worker=3  epsilon=0.135
  outcome   reward=-1.0062  progress=0.0000  success=0/1 (0.00%)  steps=mean:62.0 range:[62,62]
  training  completed=543/2500  queue=0/256 (0%)  replay=65865/200000  updates=64  loss=0.00074  policy_version=139
  throughput env_steps_s=164.8  transitions_s=164.8  transitions_step=1.0  updates_s=41.0  updates_throttled=0
episode=0543
  mode      collector=async  worker=1  epsilon=0.135
  outcome   reward=0.002700000000000813  progress=0.0370  success=0/1 (0.00%)  steps=mean:173.0 range:[173,173]
  training  completed=544/2500  queue=2/256 (1%)  replay=65901/200000  updates=9  loss=0.00142  policy_version=139
  throughput env_steps_s=149.6  transitions_s=149.6  transitions_step=1.0  updates_s=37.4  updates_throttled=0
episode=0540
  mode      collector=async  worker=2  epsilon=0.134
  outcome   reward=0.9835000000000027  progress=0.0741  success=0/1 (0.00%)  steps=mean:365.0 range:[365,365]
  training  completed=545/2500  queue=1/256 (0%)  replay=65952/200000  updates=13  loss=0.00058  policy_version=139
  throughput env_steps_s=142.8  transitions_s=142.8  transitions_step=1.0  updates_s=36.4  updates_throttled=0
episode=0546
  mode      collector=async  worker=3  epsilon=0.134
  outcome   reward=-1.0062  progress=0.0000  success=0/1 (0.00%)  steps=mean:62.0 range:[62,62]
  training  completed=546/2500  queue=0/256 (0%)  replay=66091/200000  updates=34  loss=0.00097  policy_version=140
  throughput env_steps_s=159.9  transitions_s=159.9  transitions_step=1.0  updates_s=39.1  updates_throttled=0
episode=0547
  mode      collector=async  worker=1  epsilon=0.133
  outcome   reward=-1.0065  progress=0.0000  success=0/1 (0.00%)  steps=mean:65.0 range:[65,65]
  training  completed=547/2500  queue=0/256 (0%)  replay=66159/200000  updates=17  loss=0.00050  policy_version=140
  throughput env_steps_s=135.3  transitions_s=135.3  transitions_step=1.0  updates_s=33.8  updates_throttled=0
episode=0544
  mode      collector=async  worker=0  epsilon=0.133
  outcome   reward=-0.0029999999999990035  progress=0.0370  success=0/1 (0.00%)  steps=mean:230.0 range:[230,230]
  training  completed=548/2500  queue=0/256 (0%)  replay=66163/200000  updates=1  loss=0.00029  policy_version=140
  throughput env_steps_s=108.4  transitions_s=108.4  transitions_step=1.0  updates_s=27.1  updates_throttled=0
episode=0548
  mode      collector=async  worker=2  epsilon=0.132
  outcome   reward=-1.0061  progress=0.0000  success=0/1 (0.00%)  steps=mean:61.0 range:[61,61]
  training  completed=549/2500  queue=0/256 (0%)  replay=66195/200000  updates=8  loss=0.00052  policy_version=140
  throughput env_steps_s=157.9  transitions_s=157.9  transitions_step=1.0  updates_s=39.5  updates_throttled=0
episode=0551
  mode      collector=async  worker=0  epsilon=0.132
  outcome   reward=-1.0065  progress=0.0000  success=0/1 (0.00%)  steps=mean:65.0 range:[65,65]
  training  completed=550/2500  queue=0/256 (0%)  replay=66427/200000  updates=58  loss=0.00062  policy_version=141
  throughput env_steps_s=159.6  transitions_s=159.6  transitions_step=1.0  updates_s=39.9  updates_throttled=0
episode=0553
  mode      collector=async  worker=0  epsilon=0.131
  outcome   reward=-1.0066  progress=0.0000  success=0/1 (0.00%)  steps=mean:66.0 range:[66,66]
  training  completed=551/2500  queue=0/256 (0%)  replay=66699/200000  updates=68  loss=0.00111  policy_version=141
  throughput env_steps_s=161.6  transitions_s=161.6  transitions_step=1.0  updates_s=40.4  updates_throttled=0
episode=0549
  mode      collector=async  worker=3  epsilon=0.131
  outcome   reward=1.0003999999999842  progress=0.0741  success=0/1 (0.00%)  steps=mean:196.0 range:[196,196]
  training  completed=552/2500  queue=0/256 (0%)  replay=66895/200000  updates=49  loss=0.00137  policy_version=142
  throughput env_steps_s=159.0  transitions_s=159.0  transitions_step=1.0  updates_s=39.7  updates_throttled=0
episode=0554
  mode      collector=async  worker=0  epsilon=0.130
  outcome   reward=-1.0062  progress=0.0000  success=0/1 (0.00%)  steps=mean:62.0 range:[62,62]
  training  completed=553/2500  queue=0/256 (0%)  replay=66959/200000  updates=16  loss=0.00171  policy_version=142
  throughput env_steps_s=152.8  transitions_s=152.8  transitions_step=1.0  updates_s=38.2  updates_throttled=0
episode=0550
  mode      collector=async  worker=1  epsilon=0.130
  outcome   reward=0.9958999999999891  progress=0.0741  success=0/1 (0.00%)  steps=mean:241.0 range:[241,241]
  training  completed=554/2500  queue=0/256 (0%)  replay=67109/200000  updates=38  loss=0.00111  policy_version=142
  throughput env_steps_s=162.5  transitions_s=162.5  transitions_step=1.0  updates_s=41.2  updates_throttled=0
episode=0556
  mode      collector=async  worker=0  epsilon=0.129
  outcome   reward=-1.0065  progress=0.0000  success=0/1 (0.00%)  steps=mean:65.0 range:[65,65]
  training  completed=555/2500  queue=0/256 (0%)  replay=67233/200000  updates=31  loss=0.00115  policy_version=143
  throughput env_steps_s=168.3  transitions_s=168.3  transitions_step=1.0  updates_s=42.1  updates_throttled=0
episode=0557
  mode      collector=async  worker=1  epsilon=0.129
  outcome   reward=-1.0062  progress=0.0000  success=0/1 (0.00%)  steps=mean:62.0 range:[62,62]
  training  completed=556/2500  queue=0/256 (0%)  replay=67366/200000  updates=33  loss=0.00130  policy_version=143
  throughput env_steps_s=162.0  transitions_s=162.0  transitions_step=1.0  updates_s=40.2  updates_throttled=0
Frozen evaluation episode=500: success=0/20 (0.00%) reward_mean=0.8570 steps_mean=520.3
Saved checkpoint: checkpoints/breakout_s2_rand/best/ckpt-556
Best checkpoint applied using live weights at episode=556 (background evaluation was requested for episode=500)
New best checkpoint: checkpoints/breakout_s2_rand/best/ckpt-556 metric=auto success=0.00% reward_mean=0.8570
episode=0559
  mode      collector=async  worker=1  epsilon=0.128
  outcome   reward=-1.0062  progress=0.0000  success=0/1 (0.00%)  steps=mean:62.0 range:[62,62]
  training  completed=557/2500  queue=0/256 (0%)  replay=67613/200000  updates=62  loss=0.00191  policy_version=144
  throughput env_steps_s=159.2  transitions_s=159.2  transitions_step=1.0  updates_s=40.0  updates_throttled=0
episode=0560
  mode      collector=async  worker=1  epsilon=0.128
  outcome   reward=-0.0006999999999990347  progress=0.0370  success=0/1 (0.00%)  steps=mean:207.0 range:[207,207]
  training  completed=558/2500  queue=0/256 (0%)  replay=68426/200000  updates=203  loss=0.00096  policy_version=146
  throughput env_steps_s=186.3  transitions_s=186.3  transitions_step=1.0  updates_s=46.5  updates_throttled=0
episode=0552
  mode      collector=async  worker=2  epsilon=0.128
  outcome   reward=3.962499999999957  progress=0.1852  success=0/1 (0.00%)  steps=mean:575.0 range:[575,575]
  training  completed=559/2500  queue=2/256 (1%)  replay=68476/200000  updates=13  loss=0.00103  policy_version=146
  throughput env_steps_s=211.3  transitions_s=211.3  transitions_step=1.0  updates_s=54.9  updates_throttled=0
episode=0558
  mode      collector=async  worker=0  epsilon=0.127
  outcome   reward=0.9868000000000023  progress=0.0741  success=0/1 (0.00%)  steps=mean:332.0 range:[332,332]
  training  completed=560/2500  queue=5/256 (2%)  replay=68557/200000  updates=20  loss=0.00088  policy_version=146
  throughput env_steps_s=225.8  transitions_s=225.8  transitions_step=1.0  updates_s=55.7  updates_throttled=0
episode=0561
  mode      collector=async  worker=1  epsilon=0.127
  outcome   reward=-1.0062  progress=0.0000  success=0/1 (0.00%)  steps=mean:62.0 range:[62,62]
  training  completed=561/2500  queue=0/256 (0%)  replay=68670/200000  updates=28  loss=0.00124  policy_version=146
  throughput env_steps_s=238.8  transitions_s=238.8  transitions_step=1.0  updates_s=59.2  updates_throttled=0
episode=0562
  mode      collector=async  worker=2  epsilon=0.126
  outcome   reward=-1.0063  progress=0.0000  success=0/1 (0.00%)  steps=mean:63.0 range:[63,63]
  training  completed=562/2500  queue=0/256 (0%)  replay=68731/200000  updates=15  loss=0.00086  policy_version=146
  throughput env_steps_s=201.6  transitions_s=201.6  transitions_step=1.0  updates_s=49.6  updates_throttled=0
episode=0563
  mode      collector=async  worker=0  epsilon=0.126
  outcome   reward=-1.0064  progress=0.0000  success=0/1 (0.00%)  steps=mean:64.0 range:[64,64]
  training  completed=563/2500  queue=0/256 (0%)  replay=68823/200000  updates=23  loss=0.00062  policy_version=147
  throughput env_steps_s=214.3  transitions_s=214.3  transitions_step=1.0  updates_s=53.6  updates_throttled=0
episode=0564
  mode      collector=async  worker=1  epsilon=0.125
  outcome   reward=-1.0066  progress=0.0000  success=0/1 (0.00%)  steps=mean:66.0 range:[66,66]
  training  completed=564/2500  queue=0/256 (0%)  replay=68931/200000  updates=27  loss=0.00127  policy_version=147
  throughput env_steps_s=221.3  transitions_s=221.3  transitions_step=1.0  updates_s=55.3  updates_throttled=0
episode=0555
  mode      collector=async  worker=3  epsilon=0.125
  outcome   reward=1.9680999999999849  progress=0.1111  success=0/1 (0.00%)  steps=mean:519.0 range:[519,519]
  training  completed=565/2500  queue=0/256 (0%)  replay=68961/200000  updates=8  loss=0.00021  policy_version=147
  throughput env_steps_s=225.0  transitions_s=225.0  transitions_step=1.0  updates_s=60.0  updates_throttled=0
episode=0566
  mode      collector=async  worker=0  epsilon=0.124
  outcome   reward=-1.0065  progress=0.0000  success=0/1 (0.00%)  steps=mean:65.0 range:[65,65]
  training  completed=566/2500  queue=1/256 (0%)  replay=69092/200000  updates=33  loss=0.00183  policy_version=147
  throughput env_steps_s=230.7  transitions_s=230.7  transitions_step=1.0  updates_s=58.1  updates_throttled=0
episode=0567
  mode      collector=async  worker=1  epsilon=0.124
  outcome   reward=-1.0065  progress=0.0000  success=0/1 (0.00%)  steps=mean:65.0 range:[65,65]
  training  completed=567/2500  queue=3/256 (1%)  replay=69196/200000  updates=26  loss=0.00059  policy_version=148
  throughput env_steps_s=211.0  transitions_s=211.0  transitions_step=1.0  updates_s=52.8  updates_throttled=0
episode=0565
  mode      collector=async  worker=2  epsilon=0.123
  outcome   reward=0.001800000000000912  progress=0.0370  success=0/1 (0.00%)  steps=mean:182.0 range:[182,182]
  training  completed=568/2500  queue=0/256 (0%)  replay=69438/200000  updates=60  loss=0.00119  policy_version=148
  throughput env_steps_s=227.1  transitions_s=227.1  transitions_step=1.0  updates_s=56.3  updates_throttled=0
episode=0570
  mode      collector=async  worker=1  epsilon=0.123
  outcome   reward=-1.0068  progress=0.0000  success=0/1 (0.00%)  steps=mean:68.0 range:[68,68]
  training  completed=569/2500  queue=0/256 (0%)  replay=69471/200000  updates=8  loss=0.00022  policy_version=148
  throughput env_steps_s=204.7  transitions_s=204.7  transitions_step=1.0  updates_s=49.6  updates_throttled=0
episode=0572
  mode      collector=async  worker=1  epsilon=0.122
  outcome   reward=-1.0064  progress=0.0000  success=0/1 (0.00%)  steps=mean:64.0 range:[64,64]
  training  completed=570/2500  queue=2/256 (1%)  replay=69717/200000  updates=62  loss=0.00136  policy_version=149
  throughput env_steps_s=212.2  transitions_s=212.2  transitions_step=1.0  updates_s=53.5  updates_throttled=0
episode=0568
  mode      collector=async  worker=3  epsilon=0.122
  outcome   reward=-0.0006999999999990347  progress=0.0370  success=0/1 (0.00%)  steps=mean:207.0 range:[207,207]
  training  completed=571/2500  queue=0/256 (0%)  replay=69800/200000  updates=21  loss=0.00078  policy_version=149
  throughput env_steps_s=209.0  transitions_s=209.0  transitions_step=1.0  updates_s=52.9  updates_throttled=0
episode=0569
  mode      collector=async  worker=0  epsilon=0.122
  outcome   reward=-0.00429999999999886  progress=0.0370  success=0/1 (0.00%)  steps=mean:243.0 range:[243,243]
  training  completed=572/2500  queue=0/256 (0%)  replay=70055/200000  updates=63  loss=0.00058  policy_version=150
  throughput env_steps_s=222.6  transitions_s=222.6  transitions_step=1.0  updates_s=55.0  updates_throttled=0
episode=0575
  mode      collector=async  worker=0  epsilon=0.121
  outcome   reward=-1.0067  progress=0.0000  success=0/1 (0.00%)  steps=mean:67.0 range:[67,67]
  training  completed=573/2500  queue=0/256 (0%)  replay=70325/200000  updates=68  loss=0.00086  policy_version=150
  throughput env_steps_s=221.5  transitions_s=221.5  transitions_step=1.0  updates_s=55.8  updates_throttled=0
episode=0571
  mode      collector=async  worker=2  epsilon=0.121
  outcome   reward=-0.0026999999999990365  progress=0.0370  success=0/1 (0.00%)  steps=mean:227.0 range:[227,227]
  training  completed=574/2500  queue=0/256 (0%)  replay=70347/200000  updates=5  loss=0.00034  policy_version=150
  throughput env_steps_s=222.7  transitions_s=222.7  transitions_step=1.0  updates_s=50.6  updates_throttled=0
episode=0576
  mode      collector=async  worker=0  epsilon=0.120
  outcome   reward=-1.0063  progress=0.0000  success=0/1 (0.00%)  steps=mean:63.0 range:[63,63]
  training  completed=575/2500  queue=0/256 (0%)  replay=70585/200000  updates=60  loss=0.00125  policy_version=151
  throughput env_steps_s=215.1  transitions_s=215.1  transitions_step=1.0  updates_s=54.2  updates_throttled=0
episode=0573
  mode      collector=async  worker=1  epsilon=0.120
  outcome   reward=-0.0034999999999989484  progress=0.0370  success=0/1 (0.00%)  steps=mean:235.0 range:[235,235]
  training  completed=576/2500  queue=0/256 (0%)  replay=70665/200000  updates=20  loss=0.00134  policy_version=151
  throughput env_steps_s=318.5  transitions_s=318.5  transitions_step=1.0  updates_s=79.6  updates_throttled=0
episode=0574
  mode      collector=async  worker=3  epsilon=0.119
  outcome   reward=-0.0023999999999988475  progress=0.0370  success=0/1 (0.00%)  steps=mean:224.0 range:[224,224]
  training  completed=577/2500  queue=3/256 (1%)  replay=70680/200000  updates=4  loss=0.00029  policy_version=151
  throughput env_steps_s=272.7  transitions_s=272.7  transitions_step=1.0  updates_s=72.7  updates_throttled=0
episode=0579
  mode      collector=async  worker=1  epsilon=0.119
  outcome   reward=-1.0061  progress=0.0000  success=0/1 (0.00%)  steps=mean:61.0 range:[61,61]
  training  completed=578/2500  queue=0/256 (0%)  replay=70905/200000  updates=56  loss=0.00053  policy_version=152
  throughput env_steps_s=380.4  transitions_s=380.4  transitions_step=1.0  updates_s=94.7  updates_throttled=0
episode=0577
  mode      collector=async  worker=2  epsilon=0.118
  outcome   reward=0.0008000000000008001  progress=0.0370  success=0/1 (0.00%)  steps=mean:192.0 range:[192,192]
  training  completed=579/2500  queue=0/256 (0%)  replay=71158/200000  updates=63  loss=0.00045  policy_version=152
  throughput env_steps_s=376.7  transitions_s=376.7  transitions_step=1.0  updates_s=93.8  updates_throttled=0
episode=0578
  mode      collector=async  worker=0  epsilon=0.118
  outcome   reward=-0.0016999999999989246  progress=0.0370  success=0/1 (0.00%)  steps=mean:217.0 range:[217,217]
  training  completed=580/2500  queue=3/256 (1%)  replay=71394/200000  updates=59  loss=0.00056  policy_version=153
  throughput env_steps_s=385.8  transitions_s=385.8  transitions_step=1.0  updates_s=96.5  updates_throttled=0
episode=0582
  mode      collector=async  worker=2  epsilon=0.118
  outcome   reward=-1.0062  progress=0.0000  success=0/1 (0.00%)  steps=mean:62.0 range:[62,62]
  training  completed=581/2500  queue=2/256 (1%)  replay=71412/200000  updates=5  loss=0.00247  policy_version=153
  throughput env_steps_s=433.8  transitions_s=433.8  transitions_step=1.0  updates_s=120.5  updates_throttled=0
episode=0580
  mode      collector=async  worker=3  epsilon=0.117
  outcome   reward=0.0008000000000008001  progress=0.0370  success=0/1 (0.00%)  steps=mean:192.0 range:[192,192]
  training  completed=582/2500  queue=3/256 (1%)  replay=71476/200000  updates=16  loss=0.00109  policy_version=153
  throughput env_steps_s=363.8  transitions_s=363.8  transitions_step=1.0  updates_s=91.0  updates_throttled=0
episode=0585
  mode      collector=async  worker=3  epsilon=0.117
  outcome   reward=0.001600000000000712  progress=0.0370  success=0/1 (0.00%)  steps=mean:184.0 range:[184,184]
  training  completed=583/2500  queue=0/256 (0%)  replay=72200/200000  updates=181  loss=0.00114  policy_version=155
  throughput env_steps_s=382.3  transitions_s=382.3  transitions_step=1.0  updates_s=95.6  updates_throttled=0
episode=0581
  mode      collector=async  worker=1  epsilon=0.116
  outcome   reward=0.9825000000000024  progress=0.0741  success=0/1 (0.00%)  steps=mean:375.0 range:[375,375]
  training  completed=584/2500  queue=0/256 (0%)  replay=72395/200000  updates=48  loss=0.00170  policy_version=155
  throughput env_steps_s=383.4  transitions_s=383.4  transitions_step=1.0  updates_s=94.4  updates_throttled=0
episode=0587
  mode      collector=async  worker=1  epsilon=0.116
  outcome   reward=-1.0064  progress=0.0000  success=0/1 (0.00%)  steps=mean:64.0 range:[64,64]
  training  completed=585/2500  queue=1/256 (0%)  replay=72653/200000  updates=65  loss=0.00151  policy_version=156
  throughput env_steps_s=356.3  transitions_s=356.3  transitions_step=1.0  updates_s=89.8  updates_throttled=0
episode=0584
  mode      collector=async  worker=2  epsilon=0.115
  outcome   reward=0.9841000000000029  progress=0.0741  success=0/1 (0.00%)  steps=mean:359.0 range:[359,359]
  training  completed=586/2500  queue=0/256 (0%)  replay=72840/200000  updates=47  loss=0.00130  policy_version=157
  throughput env_steps_s=383.1  transitions_s=383.1  transitions_step=1.0  updates_s=96.3  updates_throttled=0
episode=0588
  mode      collector=async  worker=1  epsilon=0.115
  outcome   reward=-1.0062  progress=0.0000  success=0/1 (0.00%)  steps=mean:62.0 range:[62,62]
  training  completed=587/2500  queue=0/256 (0%)  replay=72890/200000  updates=12  loss=0.00104  policy_version=157
  throughput env_steps_s=403.5  transitions_s=403.5  transitions_step=1.0  updates_s=96.8  updates_throttled=0
episode=0586
  mode      collector=async  worker=3  epsilon=0.115
  outcome   reward=0.9997999999999869  progress=0.0741  success=0/1 (0.00%)  steps=mean:202.0 range:[202,202]
  training  completed=588/2500  queue=0/256 (0%)  replay=73023/200000  updates=33  loss=0.00099  policy_version=157
  throughput env_steps_s=365.8  transitions_s=365.8  transitions_step=1.0  updates_s=90.8  updates_throttled=0
episode=0589
  mode      collector=async  worker=2  epsilon=0.114
  outcome   reward=-1.0064  progress=0.0000  success=0/1 (0.00%)  steps=mean:64.0 range:[64,64]
  training  completed=589/2500  queue=0/256 (0%)  replay=73109/200000  updates=22  loss=0.00073  policy_version=157
  throughput env_steps_s=368.1  transitions_s=368.1  transitions_step=1.0  updates_s=94.2  updates_throttled=0
episode=0590
  mode      collector=async  worker=1  epsilon=0.114
  outcome   reward=-1.0063  progress=0.0000  success=0/1 (0.00%)  steps=mean:63.0 range:[63,63]
  training  completed=590/2500  queue=0/256 (0%)  replay=73139/200000  updates=7  loss=0.00032  policy_version=157
  throughput env_steps_s=344.0  transitions_s=344.0  transitions_step=1.0  updates_s=80.3  updates_throttled=0
episode=0591
  mode      collector=async  worker=3  epsilon=0.113
  outcome   reward=-1.0063  progress=0.0000  success=0/1 (0.00%)  steps=mean:63.0 range:[63,63]
  training  completed=591/2500  queue=0/256 (0%)  replay=73291/200000  updates=38  loss=0.00038  policy_version=158
  throughput env_steps_s=379.2  transitions_s=379.2  transitions_step=1.0  updates_s=94.8  updates_throttled=0
episode=0593
  mode      collector=async  worker=1  epsilon=0.113
  outcome   reward=0.9988999999999848  progress=0.0741  success=0/1 (0.00%)  steps=mean:211.0 range:[211,211]
  training  completed=592/2500  queue=0/256 (0%)  replay=73951/200000  updates=165  loss=0.00100  policy_version=159
  throughput env_steps_s=386.1  transitions_s=386.1  transitions_step=1.0  updates_s=96.5  updates_throttled=0
episode=0594
  mode      collector=async  worker=3  epsilon=0.113
  outcome   reward=0.002400000000000846  progress=0.0370  success=0/1 (0.00%)  steps=mean:176.0 range:[176,176]
  training  completed=593/2500  queue=0/256 (0%)  replay=74018/200000  updates=17  loss=0.00077  policy_version=160
  throughput env_steps_s=370.5  transitions_s=370.5  transitions_step=1.0  updates_s=94.0  updates_throttled=0
episode=0595
  mode      collector=async  worker=1  epsilon=0.112
  outcome   reward=-1.0061  progress=0.0000  success=0/1 (0.00%)  steps=mean:61.0 range:[61,61]
  training  completed=594/2500  queue=0/256 (0%)  replay=74193/200000  updates=44  loss=0.00112  policy_version=160
  throughput env_steps_s=373.4  transitions_s=373.4  transitions_step=1.0  updates_s=93.9  updates_throttled=0
episode=0592
  mode      collector=async  worker=2  epsilon=0.112
  outcome   reward=0.9835000000000027  progress=0.0741  success=0/1 (0.00%)  steps=mean:365.0 range:[365,365]
  training  completed=595/2500  queue=2/256 (1%)  replay=74548/200000  updates=89  loss=0.00081  policy_version=161
  throughput env_steps_s=368.4  transitions_s=368.4  transitions_step=1.0  updates_s=92.4  updates_throttled=0
episode=0598
  mode      collector=async  worker=2  epsilon=0.111
  outcome   reward=-1.0063  progress=0.0000  success=0/1 (0.00%)  steps=mean:63.0 range:[63,63]
  training  completed=596/2500  queue=0/256 (0%)  replay=74796/200000  updates=62  loss=0.00113  policy_version=162
  throughput env_steps_s=381.9  transitions_s=381.9  transitions_step=1.0  updates_s=95.5  updates_throttled=0
episode=0597
  mode      collector=async  worker=1  epsilon=0.111
  outcome   reward=0.0007000000000008111  progress=0.0370  success=0/1 (0.00%)  steps=mean:193.0 range:[193,193]
  training  completed=597/2500  queue=0/256 (0%)  replay=74983/200000  updates=46  loss=0.00117  policy_version=162
  throughput env_steps_s=392.5  transitions_s=392.5  transitions_step=1.0  updates_s=96.6  updates_throttled=0
episode=0596
  mode      collector=async  worker=3  epsilon=0.110
  outcome   reward=0.9951999999999892  progress=0.0741  success=0/1 (0.00%)  steps=mean:248.0 range:[248,248]
  training  completed=598/2500  queue=0/256 (0%)  replay=74994/200000  updates=3  loss=0.00039  policy_version=162
  throughput env_steps_s=273.1  transitions_s=273.1  transitions_step=1.0  updates_s=74.5  updates_throttled=0
episode=0599
  mode      collector=async  worker=2  epsilon=0.110
  outcome   reward=-1.0062  progress=0.0000  success=0/1 (0.00%)  steps=mean:62.0 range:[62,62]
  training  completed=599/2500  queue=0/256 (0%)  replay=75058/200000  updates=16  loss=0.00122  policy_version=162
  throughput env_steps_s=358.9  transitions_s=358.9  transitions_step=1.0  updates_s=89.7  updates_throttled=0
episode=0583
  mode      collector=async  worker=0  epsilon=0.110
  outcome   reward=5.926200000000027  progress=0.2593  success=0/1 (0.00%)  steps=mean:938.0 range:[938,938]
  training  completed=600/2500  queue=6/256 (2%)  replay=75144/200000  updates=22  loss=0.00085  policy_version=162
  throughput env_steps_s=329.8  transitions_s=329.8  transitions_step=1.0  updates_s=84.4  updates_throttled=0
Saved checkpoint: checkpoints/breakout_s2_rand/ckpt-600
Scheduled replay buffer save: checkpoints/breakout_s2_rand/replay-600.npz transitions=75144
Evaluating frozen checkpoint episode=600 episodes=20 metric=auto...
Saved replay buffer: checkpoints/breakout_s2_rand/replay-600.npz transitions=75144
episode=0600
  mode      collector=async  worker=1  epsilon=0.109
  outcome   reward=-1.0061  progress=0.0000  success=0/1 (0.00%)  steps=mean:61.0 range:[61,61]
  training  completed=601/2500  queue=1/256 (0%)  replay=75244/200000  updates=25  loss=0.00111  policy_version=163
  throughput env_steps_s=261.3  transitions_s=261.3  transitions_step=1.0  updates_s=65.3  updates_throttled=0
episode=0602
  mode      collector=async  worker=2  epsilon=0.109
  outcome   reward=-1.006  progress=0.0000  success=0/1 (0.00%)  steps=mean:60.0 range:[60,60]
  training  completed=602/2500  queue=0/256 (0%)  replay=75299/200000  updates=13  loss=0.00018  policy_version=163
  throughput env_steps_s=322.8  transitions_s=322.8  transitions_step=1.0  updates_s=76.3  updates_throttled=0
episode=0605
  mode      collector=async  worker=2  epsilon=0.108
  outcome   reward=-1.0066  progress=0.0000  success=0/1 (0.00%)  steps=mean:66.0 range:[66,66]
  training  completed=603/2500  queue=0/256 (0%)  replay=75554/200000  updates=64  loss=0.00119  policy_version=163
  throughput env_steps_s=310.8  transitions_s=310.8  transitions_step=1.0  updates_s=78.0  updates_throttled=0
episode=0601
  mode      collector=async  worker=3  epsilon=0.108
  outcome   reward=8.881784197001252e-16  progress=0.0370  success=0/1 (0.00%)  steps=mean:200.0 range:[200,200]
  training  completed=604/2500  queue=0/256 (0%)  replay=75797/200000  updates=61  loss=0.00068  policy_version=164
  throughput env_steps_s=340.4  transitions_s=340.4  transitions_step=1.0  updates_s=85.4  updates_throttled=0
episode=0607
  mode      collector=async  worker=3  epsilon=0.108
  outcome   reward=-1.0061  progress=0.0000  success=0/1 (0.00%)  steps=mean:61.0 range:[61,61]
  training  completed=605/2500  queue=0/256 (0%)  replay=76042/200000  updates=61  loss=0.00089  policy_version=165
  throughput env_steps_s=315.3  transitions_s=315.3  transitions_step=1.0  updates_s=78.5  updates_throttled=0
episode=0608
  mode      collector=async  worker=3  epsilon=0.107
  outcome   reward=-1.0061  progress=0.0000  success=0/1 (0.00%)  steps=mean:61.0 range:[61,61]
  training  completed=606/2500  queue=0/256 (0%)  replay=76294/200000  updates=63  loss=0.00066  policy_version=165
  throughput env_steps_s=305.3  transitions_s=305.3  transitions_step=1.0  updates_s=76.3  updates_throttled=0
episode=0606
  mode      collector=async  worker=2  epsilon=0.107
  outcome   reward=1.0004999999999844  progress=0.0741  success=0/1 (0.00%)  steps=mean:195.0 range:[195,195]
  training  completed=607/2500  queue=0/256 (0%)  replay=76334/200000  updates=10  loss=0.00026  policy_version=165
  throughput env_steps_s=349.5  transitions_s=349.5  transitions_step=1.0  updates_s=87.4  updates_throttled=0
episode=0604
  mode      collector=async  worker=1  epsilon=0.106
  outcome   reward=0.9908000000000021  progress=0.0741  success=0/1 (0.00%)  steps=mean:292.0 range:[292,292]
  training  completed=608/2500  queue=0/256 (0%)  replay=76388/200000  updates=14  loss=0.00015  policy_version=165
  throughput env_steps_s=329.3  transitions_s=329.3  transitions_step=1.0  updates_s=85.4  updates_throttled=0
episode=0609
  mode      collector=async  worker=3  epsilon=0.106
  outcome   reward=-1.0063  progress=0.0000  success=0/1 (0.00%)  steps=mean:63.0 range:[63,63]
  training  completed=609/2500  queue=0/256 (0%)  replay=76535/200000  updates=36  loss=0.00068  policy_version=166
  throughput env_steps_s=313.4  transitions_s=313.4  transitions_step=1.0  updates_s=76.8  updates_throttled=0
episode=0610
  mode      collector=async  worker=2  epsilon=0.106
  outcome   reward=-1.006  progress=0.0000  success=0/1 (0.00%)  steps=mean:60.0 range:[60,60]
  training  completed=610/2500  queue=0/256 (0%)  replay=76591/200000  updates=14  loss=0.00035  policy_version=166
  throughput env_steps_s=316.0  transitions_s=316.0  transitions_step=1.0  updates_s=79.0  updates_throttled=0
episode=0603
  mode      collector=async  worker=0  epsilon=0.105
  outcome   reward=0.9840000000000027  progress=0.0741  success=0/1 (0.00%)  steps=mean:360.0 range:[360,360]
  training  completed=611/2500  queue=1/256 (0%)  replay=76596/200000  updates=2  loss=0.00026  policy_version=166
  throughput env_steps_s=200.4  transitions_s=200.4  transitions_step=1.0  updates_s=80.2  updates_throttled=0
episode=0611
  mode      collector=async  worker=1  epsilon=0.105
  outcome   reward=-1.0061  progress=0.0000  success=0/1 (0.00%)  steps=mean:61.0 range:[61,61]
  training  completed=612/2500  queue=0/256 (0%)  replay=76623/200000  updates=6  loss=0.00010  policy_version=166
  throughput env_steps_s=311.6  transitions_s=311.6  transitions_step=1.0  updates_s=69.2  updates_throttled=0
episode=0613
  mode      collector=async  worker=2  epsilon=0.105
  outcome   reward=-1.0064  progress=0.0000  success=0/1 (0.00%)  steps=mean:64.0 range:[64,64]
  training  completed=613/2500  queue=0/256 (0%)  replay=76846/200000  updates=56  loss=0.00103  policy_version=167
  throughput env_steps_s=307.1  transitions_s=307.1  transitions_step=1.0  updates_s=77.1  updates_throttled=0
episode=0614
  mode      collector=async  worker=0  epsilon=0.104
  outcome   reward=-1.0064  progress=0.0000  success=0/1 (0.00%)  steps=mean:64.0 range:[64,64]
  training  completed=614/2500  queue=0/256 (0%)  replay=76850/200000  updates=1  loss=0.00032  policy_version=167
  throughput env_steps_s=404.0  transitions_s=404.0  transitions_step=1.0  updates_s=101.0  updates_throttled=0
episode=0615
  mode      collector=async  worker=1  epsilon=0.104
  outcome   reward=-1.0063  progress=0.0000  success=0/1 (0.00%)  steps=mean:63.0 range:[63,63]
  training  completed=615/2500  queue=0/256 (0%)  replay=76878/200000  updates=7  loss=0.00194  policy_version=167
  throughput env_steps_s=337.7  transitions_s=337.7  transitions_step=1.0  updates_s=84.4  updates_throttled=0
episode=0617
  mode      collector=async  worker=0  epsilon=0.103
  outcome   reward=-1.006  progress=0.0000  success=0/1 (0.00%)  steps=mean:60.0 range:[60,60]
  training  completed=616/2500  queue=0/256 (0%)  replay=77085/200000  updates=52  loss=0.00094  policy_version=167
  throughput env_steps_s=317.7  transitions_s=317.7  transitions_step=1.0  updates_s=79.8  updates_throttled=0
episode=0616
  mode      collector=async  worker=2  epsilon=0.103
  outcome   reward=-1.0066  progress=0.0000  success=0/1 (0.00%)  steps=mean:66.0 range:[66,66]
  training  completed=617/2500  queue=0/256 (0%)  replay=77109/200000  updates=6  loss=0.00234  policy_version=167
  throughput env_steps_s=303.7  transitions_s=303.7  transitions_step=1.0  updates_s=75.9  updates_throttled=0
episode=0618
  mode      collector=async  worker=1  epsilon=0.103
  outcome   reward=-1.0064  progress=0.0000  success=0/1 (0.00%)  steps=mean:64.0 range:[64,64]
  training  completed=618/2500  queue=0/256 (0%)  replay=77128/200000  updates=5  loss=0.00250  policy_version=167
  throughput env_steps_s=324.6  transitions_s=324.6  transitions_step=1.0  updates_s=85.4  updates_throttled=0
episode=0619
  mode      collector=async  worker=0  epsilon=0.102
  outcome   reward=-1.0062  progress=0.0000  success=0/1 (0.00%)  steps=mean:62.0 range:[62,62]
  training  completed=619/2500  queue=3/256 (1%)  replay=77340/200000  updates=53  loss=0.00094  policy_version=168
  throughput env_steps_s=319.6  transitions_s=319.6  transitions_step=1.0  updates_s=79.9  updates_throttled=0
episode=0620
  mode      collector=async  worker=2  epsilon=0.102
  outcome   reward=-1.0061  progress=0.0000  success=0/1 (0.00%)  steps=mean:61.0 range:[61,61]
  training  completed=620/2500  queue=3/256 (1%)  replay=77342/200000  updates=0  loss=0.00000  policy_version=168
  throughput env_steps_s=145.4  transitions_s=145.4  transitions_step=1.0  updates_s=0.0  updates_throttled=0
episode=0612
  mode      collector=async  worker=3  epsilon=0.101
  outcome   reward=-0.004799999999998805  progress=0.0370  success=0/1 (0.00%)  steps=mean:248.0 range:[248,248]
  training  completed=621/2500  queue=0/256 (0%)  replay=77545/200000  updates=51  loss=0.00064  policy_version=168
  throughput env_steps_s=310.7  transitions_s=310.7  transitions_step=1.0  updates_s=78.0  updates_throttled=0
episode=0622
  mode      collector=async  worker=0  epsilon=0.101
  outcome   reward=-1.0067  progress=0.0000  success=0/1 (0.00%)  steps=mean:67.0 range:[67,67]
  training  completed=622/2500  queue=2/256 (1%)  replay=77600/200000  updates=14  loss=0.00106  policy_version=169
  throughput env_steps_s=308.2  transitions_s=308.2  transitions_step=1.0  updates_s=78.5  updates_throttled=0
episode=0624
  mode      collector=async  worker=3  epsilon=0.101
  outcome   reward=-1.0065  progress=0.0000  success=0/1 (0.00%)  steps=mean:65.0 range:[65,65]
  training  completed=623/2500  queue=1/256 (0%)  replay=77824/200000  updates=56  loss=0.00060  policy_version=169
  throughput env_steps_s=317.6  transitions_s=317.6  transitions_step=1.0  updates_s=79.4  updates_throttled=0
episode=0621
  mode      collector=async  worker=1  epsilon=0.100
  outcome   reward=0.001100000000000767  progress=0.0370  success=0/1 (0.00%)  steps=mean:189.0 range:[189,189]
  training  completed=624/2500  queue=0/256 (0%)  replay=77883/200000  updates=14  loss=0.00147  policy_version=169
  throughput env_steps_s=338.1  transitions_s=338.1  transitions_step=1.0  updates_s=80.2  updates_throttled=0
episode=0626
  mode      collector=async  worker=3  epsilon=0.100
  outcome   reward=-1.0066  progress=0.0000  success=0/1 (0.00%)  steps=mean:66.0 range:[66,66]
  training  completed=625/2500  queue=0/256 (0%)  replay=78099/200000  updates=54  loss=0.00039  policy_version=170
  throughput env_steps_s=312.9  transitions_s=312.9  transitions_step=1.0  updates_s=78.2  updates_throttled=0
episode=0627
  mode      collector=async  worker=1  epsilon=0.100
  outcome   reward=-1.0067  progress=0.0000  success=0/1 (0.00%)  steps=mean:67.0 range:[67,67]
  training  completed=626/2500  queue=0/256 (0%)  replay=78150/200000  updates=13  loss=0.00278  policy_version=170
  throughput env_steps_s=304.3  transitions_s=304.3  transitions_step=1.0  updates_s=77.6  updates_throttled=0
episode=0628
  mode      collector=async  worker=3  epsilon=0.099
  outcome   reward=-1.006  progress=0.0000  success=0/1 (0.00%)  steps=mean:60.0 range:[60,60]
  training  completed=627/2500  queue=2/256 (1%)  replay=78328/200000  updates=45  loss=0.00100  policy_version=170
  throughput env_steps_s=312.0  transitions_s=312.0  transitions_step=1.0  updates_s=78.9  updates_throttled=0
episode=0625
  mode      collector=async  worker=0  epsilon=0.099
  outcome   reward=0.0005000000000008331  progress=0.0370  success=0/1 (0.00%)  steps=mean:195.0 range:[195,195]
  training  completed=628/2500  queue=2/256 (1%)  replay=78388/200000  updates=15  loss=0.00107  policy_version=170
  throughput env_steps_s=318.6  transitions_s=318.6  transitions_step=1.0  updates_s=79.6  updates_throttled=0
episode=0623
  mode      collector=async  worker=2  epsilon=0.099
  outcome   reward=1.9862999999999824  progress=0.1111  success=0/1 (0.00%)  steps=mean:337.0 range:[337,337]
  training  completed=629/2500  queue=1/256 (0%)  replay=78684/200000  updates=74  loss=0.00101  policy_version=171
  throughput env_steps_s=329.9  transitions_s=329.9  transitions_step=1.0  updates_s=82.5  updates_throttled=0
episode=0629
  mode      collector=async  worker=1  epsilon=0.098
  outcome   reward=0.00010000000000087717  progress=0.0370  success=0/1 (0.00%)  steps=mean:199.0 range:[199,199]
  training  completed=630/2500  queue=2/256 (1%)  replay=78948/200000  updates=66  loss=0.00070  policy_version=172
  throughput env_steps_s=326.7  transitions_s=326.7  transitions_step=1.0  updates_s=81.7  updates_throttled=0
Frozen evaluation episode=600: success=0/20 (0.00%) reward_mean=-0.3062 steps_mean=152.2
episode=0630
  mode      collector=async  worker=3  epsilon=0.098
  outcome   reward=0.9966999999999877  progress=0.0741  success=0/1 (0.00%)  steps=mean:233.0 range:[233,233]
  training  completed=631/2500  queue=2/256 (1%)  replay=79268/200000  updates=80  loss=0.00078  policy_version=173
  throughput env_steps_s=342.1  transitions_s=342.1  transitions_step=1.0  updates_s=85.5  updates_throttled=0
episode=0634
  mode      collector=async  worker=3  epsilon=0.097
  outcome   reward=-1.0065  progress=0.0000  success=0/1 (0.00%)  steps=mean:65.0 range:[65,65]
  training  completed=632/2500  queue=0/256 (0%)  replay=79546/200000  updates=69  loss=0.00068  policy_version=173
  throughput env_steps_s=369.3  transitions_s=369.3  transitions_step=1.0  updates_s=91.7  updates_throttled=0
episode=0635
  mode      collector=async  worker=3  epsilon=0.097
  outcome   reward=-1.0064  progress=0.0000  success=0/1 (0.00%)  steps=mean:64.0 range:[64,64]
  training  completed=633/2500  queue=0/256 (0%)  replay=79814/200000  updates=67  loss=0.00119  policy_version=174
  throughput env_steps_s=369.4  transitions_s=369.4  transitions_step=1.0  updates_s=92.3  updates_throttled=0
episode=0631
  mode      collector=async  worker=0  epsilon=0.097
  outcome   reward=0.9833000000000025  progress=0.0741  success=0/1 (0.00%)  steps=mean:367.0 range:[367,367]
  training  completed=634/2500  queue=0/256 (0%)  replay=79817/200000  updates=1  loss=0.00022  policy_version=174
  throughput env_steps_s=490.7  transitions_s=490.7  transitions_step=1.0  updates_s=163.6  updates_throttled=0
episode=0633
  mode      collector=async  worker=1  epsilon=0.096
  outcome   reward=-0.0015999999999989356  progress=0.0370  success=0/1 (0.00%)  steps=mean:216.0 range:[216,216]
  training  completed=635/2500  queue=0/256 (0%)  replay=79831/200000  updates=3  loss=0.00553  policy_version=174
  throughput env_steps_s=281.8  transitions_s=281.8  transitions_step=1.0  updates_s=60.4  updates_throttled=0
episode=0637
  mode      collector=async  worker=0  epsilon=0.096
  outcome   reward=-1.0065  progress=0.0000  success=0/1 (0.00%)  steps=mean:65.0 range:[65,65]
  training  completed=636/2500  queue=0/256 (0%)  replay=80059/200000  updates=57  loss=0.00101  policy_version=175
  throughput env_steps_s=382.4  transitions_s=382.4  transitions_step=1.0  updates_s=95.6  updates_throttled=0
episode=0636
  mode      collector=async  worker=3  epsilon=0.096
  outcome   reward=-1.0066  progress=0.0000  success=0/1 (0.00%)  steps=mean:66.0 range:[66,66]
  training  completed=637/2500  queue=0/256 (0%)  replay=80084/200000  updates=7  loss=0.00018  policy_version=175
  throughput env_steps_s=330.1  transitions_s=330.1  transitions_step=1.0  updates_s=92.4  updates_throttled=0
episode=0638
  mode      collector=async  worker=1  epsilon=0.095
  outcome   reward=-0.0013999999999989576  progress=0.0370  success=0/1 (0.00%)  steps=mean:214.0 range:[214,214]
  training  completed=638/2500  queue=4/256 (2%)  replay=80676/200000  updates=148  loss=0.00110  policy_version=176
  throughput env_steps_s=371.5  transitions_s=371.5  transitions_step=1.0  updates_s=92.9  updates_throttled=0
episode=0640
  mode      collector=async  worker=3  epsilon=0.095
  outcome   reward=0.001900000000000901  progress=0.0370  success=0/1 (0.00%)  steps=mean:181.0 range:[181,181]
  training  completed=639/2500  queue=0/256 (0%)  replay=80834/200000  updates=39  loss=0.00093  policy_version=177
  throughput env_steps_s=365.6  transitions_s=365.6  transitions_step=1.0  updates_s=90.2  updates_throttled=0
episode=0639
  mode      collector=async  worker=0  epsilon=0.095
  outcome   reward=-0.0030999999999989925  progress=0.0370  success=0/1 (0.00%)  steps=mean:231.0 range:[231,231]
  training  completed=640/2500  queue=4/256 (2%)  replay=80981/200000  updates=37  loss=0.00071  policy_version=177
  throughput env_steps_s=356.4  transitions_s=356.4  transitions_step=1.0  updates_s=89.7  updates_throttled=0
episode=0643
  mode      collector=async  worker=0  epsilon=0.094
  outcome   reward=-1.0061  progress=0.0000  success=0/1 (0.00%)  steps=mean:61.0 range:[61,61]
  training  completed=641/2500  queue=0/256 (0%)  replay=81231/200000  updates=62  loss=0.00074  policy_version=178
  throughput env_steps_s=374.8  transitions_s=374.8  transitions_step=1.0  updates_s=93.0  updates_throttled=0
episode=0644
  mode      collector=async  worker=0  epsilon=0.094
  outcome   reward=-1.0065  progress=0.0000  success=0/1 (0.00%)  steps=mean:65.0 range:[65,65]
  training  completed=642/2500  queue=0/256 (0%)  replay=81505/200000  updates=69  loss=0.00114  policy_version=178
  throughput env_steps_s=357.2  transitions_s=357.2  transitions_step=1.0  updates_s=90.0  updates_throttled=0
episode=0645
  mode      collector=async  worker=0  epsilon=0.094
  outcome   reward=-1.0062  progress=0.0000  success=0/1 (0.00%)  steps=mean:62.0 range:[62,62]
  training  completed=643/2500  queue=1/256 (0%)  replay=81764/200000  updates=65  loss=0.00046  policy_version=179
  throughput env_steps_s=371.2  transitions_s=371.2  transitions_step=1.0  updates_s=93.2  updates_throttled=0
episode=0642
  mode      collector=async  worker=3  epsilon=0.093
  outcome   reward=0.9836000000000027  progress=0.0741  success=0/1 (0.00%)  steps=mean:364.0 range:[364,364]
  training  completed=644/2500  queue=0/256 (0%)  replay=82267/200000  updates=125  loss=0.00076  policy_version=180
  throughput env_steps_s=375.4  transitions_s=375.4  transitions_step=1.0  updates_s=93.3  updates_throttled=0
episode=0641
  mode      collector=async  worker=1  epsilon=0.093
  outcome   reward=1.973999999999984  progress=0.1111  success=0/1 (0.00%)  steps=mean:460.0 range:[460,460]
  training  completed=645/2500  queue=0/256 (0%)  replay=82470/200000  updates=51  loss=0.00211  policy_version=181
  throughput env_steps_s=346.6  transitions_s=346.6  transitions_step=1.0  updates_s=87.1  updates_throttled=0
episode=0646
  mode      collector=async  worker=0  epsilon=0.093
  outcome   reward=0.0006000000000008221  progress=0.0370  success=0/1 (0.00%)  steps=mean:194.0 range:[194,194]
  training  completed=646/2500  queue=0/256 (0%)  replay=82542/200000  updates=18  loss=0.00226  policy_version=181
  throughput env_steps_s=396.9  transitions_s=396.9  transitions_step=1.0  updates_s=99.2  updates_throttled=0
episode=0648
  mode      collector=async  worker=1  epsilon=0.092
  outcome   reward=-1.0062  progress=0.0000  success=0/1 (0.00%)  steps=mean:62.0 range:[62,62]
  training  completed=647/2500  queue=0/256 (0%)  replay=82730/200000  updates=47  loss=0.00079  policy_version=181
  throughput env_steps_s=369.1  transitions_s=369.1  transitions_step=1.0  updates_s=92.3  updates_throttled=0
episode=0650
  mode      collector=async  worker=1  epsilon=0.092
  outcome   reward=-1.0063  progress=0.0000  success=0/1 (0.00%)  steps=mean:63.0 range:[63,63]
  training  completed=648/2500  queue=0/256 (0%)  replay=82982/200000  updates=63  loss=0.00082  policy_version=182
  throughput env_steps_s=372.0  transitions_s=372.0  transitions_step=1.0  updates_s=93.0  updates_throttled=0
episode=0647
  mode      collector=async  worker=3  epsilon=0.092
  outcome   reward=-0.0009999999999990017  progress=0.0370  success=0/1 (0.00%)  steps=mean:210.0 range:[210,210]
  training  completed=649/2500  queue=1/256 (0%)  replay=83088/200000  updates=27  loss=0.00122  policy_version=182
  throughput env_steps_s=352.7  transitions_s=352.7  transitions_step=1.0  updates_s=89.8  updates_throttled=0
episode=0651
  mode      collector=async  worker=1  epsilon=0.091
  outcome   reward=-1.0061  progress=0.0000  success=0/1 (0.00%)  steps=mean:61.0 range:[61,61]
  training  completed=650/2500  queue=1/256 (0%)  replay=83240/200000  updates=38  loss=0.00107  policy_version=183
  throughput env_steps_s=357.4  transitions_s=357.4  transitions_step=1.0  updates_s=89.4  updates_throttled=0
episode=0652
  mode      collector=async  worker=3  epsilon=0.091
  outcome   reward=-1.0062  progress=0.0000  success=0/1 (0.00%)  steps=mean:62.0 range:[62,62]
  training  completed=651/2500  queue=0/256 (0%)  replay=83345/200000  updates=26  loss=0.00087  policy_version=183
  throughput env_steps_s=386.7  transitions_s=386.7  transitions_step=1.0  updates_s=95.8  updates_throttled=0
episode=0649
  mode      collector=async  worker=0  epsilon=0.091
  outcome   reward=-0.0030999999999989925  progress=0.0370  success=0/1 (0.00%)  steps=mean:231.0 range:[231,231]
  training  completed=652/2500  queue=0/256 (0%)  replay=83445/200000  updates=25  loss=0.00143  policy_version=183
  throughput env_steps_s=346.8  transitions_s=346.8  transitions_step=1.0  updates_s=86.7  updates_throttled=0
episode=0653
  mode      collector=async  worker=1  epsilon=0.090
  outcome   reward=-1.0061  progress=0.0000  success=0/1 (0.00%)  steps=mean:61.0 range:[61,61]
  training  completed=653/2500  queue=0/256 (0%)  replay=83487/200000  updates=10  loss=0.00170  policy_version=183
  throughput env_steps_s=354.8  transitions_s=354.8  transitions_step=1.0  updates_s=84.5  updates_throttled=0
episode=0632
  mode      collector=async  worker=2  epsilon=0.090
  outcome   reward=8.898100000000081  progress=0.3704  success=0/1 (0.00%)  steps=mean:1219.0 range:[1219,1219]
  training  completed=654/2500  queue=0/256 (0%)  replay=83558/200000  updates=18  loss=0.00091  policy_version=183
  throughput env_steps_s=349.1  transitions_s=349.1  transitions_step=1.0  updates_s=88.5  updates_throttled=0
episode=0656
  mode      collector=async  worker=1  epsilon=0.090
  outcome   reward=-0.0008999999999990127  progress=0.0370  success=0/1 (0.00%)  steps=mean:209.0 range:[209,209]
  training  completed=655/2500  queue=0/256 (0%)  replay=84351/200000  updates=198  loss=0.00068  policy_version=185
  throughput env_steps_s=368.6  transitions_s=368.6  transitions_step=1.0  updates_s=92.0  updates_throttled=0
episode=0657
  mode      collector=async  worker=2  epsilon=0.089
  outcome   reward=-0.0023999999999988475  progress=0.0370  success=0/1 (0.00%)  steps=mean:224.0 range:[224,224]
  training  completed=656/2500  queue=0/256 (0%)  replay=84454/200000  updates=26  loss=0.00090  policy_version=186
  throughput env_steps_s=362.5  transitions_s=362.5  transitions_step=1.0  updates_s=91.5  updates_throttled=0
episode=0659
  mode      collector=async  worker=2  epsilon=0.089
  outcome   reward=-1.0064  progress=0.0000  success=0/1 (0.00%)  steps=mean:64.0 range:[64,64]
  training  completed=657/2500  queue=0/256 (0%)  replay=84715/200000  updates=65  loss=0.00067  policy_version=186
  throughput env_steps_s=362.9  transitions_s=362.9  transitions_step=1.0  updates_s=90.4  updates_throttled=0
episode=0655
  mode      collector=async  worker=0  epsilon=0.089
  outcome   reward=0.9855000000000023  progress=0.0741  success=0/1 (0.00%)  steps=mean:345.0 range:[345,345]
  training  completed=658/2500  queue=0/256 (0%)  replay=84802/200000  updates=22  loss=0.00078  policy_version=187
  throughput env_steps_s=368.7  transitions_s=368.7  transitions_step=1.0  updates_s=93.2  updates_throttled=0
episode=0660
  mode      collector=async  worker=2  epsilon=0.088
  outcome   reward=-1.0068  progress=0.0000  success=0/1 (0.00%)  steps=mean:68.0 range:[68,68]
  training  completed=659/2500  queue=0/256 (0%)  replay=84986/200000  updates=46  loss=0.00048  policy_version=187
  throughput env_steps_s=381.5  transitions_s=381.5  transitions_step=1.0  updates_s=95.4  updates_throttled=0
episode=0662
  mode      collector=async  worker=2  epsilon=0.088
  outcome   reward=-1.0065  progress=0.0000  success=0/1 (0.00%)  steps=mean:65.0 range:[65,65]
  training  completed=660/2500  queue=3/256 (1%)  replay=85242/200000  updates=64  loss=0.00080  policy_version=188
  throughput env_steps_s=358.9  transitions_s=358.9  transitions_step=1.0  updates_s=89.7  updates_throttled=0
episode=0658
  mode      collector=async  worker=1  epsilon=0.088
  outcome   reward=0.9893000000000023  progress=0.0741  success=0/1 (0.00%)  steps=mean:307.0 range:[307,307]
  training  completed=661/2500  queue=1/256 (0%)  replay=85588/200000  updates=87  loss=0.00104  policy_version=188
  throughput env_steps_s=370.8  transitions_s=370.8  transitions_step=1.0  updates_s=93.2  updates_throttled=0
episode=0663
  mode      collector=async  worker=2  epsilon=0.087
  outcome   reward=0.001900000000000901  progress=0.0370  success=0/1 (0.00%)  steps=mean:181.0 range:[181,181]
  training  completed=662/2500  queue=0/256 (0%)  replay=85970/200000  updates=95  loss=0.00085  policy_version=189
  throughput env_steps_s=366.4  transitions_s=366.4  transitions_step=1.0  updates_s=91.1  updates_throttled=0
episode=0661
  mode      collector=async  worker=0  epsilon=0.087
  outcome   reward=2.972699999999934  progress=0.1481  success=0/1 (0.00%)  steps=mean:473.0 range:[473,473]
  training  completed=663/2500  queue=0/256 (0%)  replay=86690/200000  updates=180  loss=0.00144  policy_version=191
  throughput env_steps_s=368.7  transitions_s=368.7  transitions_step=1.0  updates_s=92.2  updates_throttled=0
episode=0665
  mode      collector=async  worker=2  epsilon=0.087
  outcome   reward=0.001000000000000778  progress=0.0370  success=0/1 (0.00%)  steps=mean:190.0 range:[190,190]
  training  completed=664/2500  queue=0/256 (0%)  replay=86738/200000  updates=12  loss=0.00184  policy_version=191
  throughput env_steps_s=323.8  transitions_s=323.8  transitions_step=1.0  updates_s=81.0  updates_throttled=0
episode=0666
  mode      collector=async  worker=0  epsilon=0.086
  outcome   reward=-1.0065  progress=0.0000  success=0/1 (0.00%)  steps=mean:65.0 range:[65,65]
  training  completed=665/2500  queue=0/256 (0%)  replay=86949/200000  updates=53  loss=0.00069  policy_version=192
  throughput env_steps_s=365.9  transitions_s=365.9  transitions_step=1.0  updates_s=91.9  updates_throttled=0
episode=0664
  mode      collector=async  worker=1  epsilon=0.086
  outcome   reward=0.9840000000000027  progress=0.0741  success=0/1 (0.00%)  steps=mean:360.0 range:[360,360]
  training  completed=666/2500  queue=0/256 (0%)  replay=87075/200000  updates=31  loss=0.00093  policy_version=192
  throughput env_steps_s=380.9  transitions_s=380.9  transitions_step=1.0  updates_s=93.7  updates_throttled=0
episode=0654
  mode      collector=async  worker=3  epsilon=0.086
  outcome   reward=5.925200000000066  progress=0.2593  success=0/1 (0.00%)  steps=mean:948.0 range:[948,948]
  training  completed=667/2500  queue=1/256 (0%)  replay=87088/200000  updates=4  loss=0.00097  policy_version=192
  throughput env_steps_s=300.9  transitions_s=300.9  transitions_step=1.0  updates_s=92.6  updates_throttled=0
episode=0670
  mode      collector=async  worker=3  epsilon=0.085
  outcome   reward=-1.0063  progress=0.0000  success=0/1 (0.00%)  steps=mean:63.0 range:[63,63]
  training  completed=668/2500  queue=0/256 (0%)  replay=87323/200000  updates=58  loss=0.00090  policy_version=193
  throughput env_steps_s=356.4  transitions_s=356.4  transitions_step=1.0  updates_s=88.0  updates_throttled=0
episode=0669
  mode      collector=async  worker=1  epsilon=0.085
  outcome   reward=-1.0062  progress=0.0000  success=0/1 (0.00%)  steps=mean:62.0 range:[62,62]
  training  completed=669/2500  queue=0/256 (0%)  replay=87330/200000  updates=2  loss=0.00020  policy_version=193
  throughput env_steps_s=508.1  transitions_s=508.1  transitions_step=1.0  updates_s=145.2  updates_throttled=0
episode=0667
  mode      collector=async  worker=2  epsilon=0.085
  outcome   reward=-0.0008999999999990127  progress=0.0370  success=0/1 (0.00%)  steps=mean:209.0 range:[209,209]
  training  completed=670/2500  queue=0/256 (0%)  replay=87566/200000  updates=59  loss=0.00121  policy_version=193
  throughput env_steps_s=361.1  transitions_s=361.1  transitions_step=1.0  updates_s=90.3  updates_throttled=0
episode=0672
  mode      collector=async  worker=1  epsilon=0.084
  outcome   reward=0.00030000000000085514  progress=0.0370  success=0/1 (0.00%)  steps=mean:197.0 range:[197,197]
  training  completed=671/2500  queue=0/256 (0%)  replay=88149/200000  updates=146  loss=0.00109  policy_version=195
  throughput env_steps_s=362.6  transitions_s=362.6  transitions_step=1.0  updates_s=90.8  updates_throttled=0
episode=0673
  mode      collector=async  worker=2  epsilon=0.084
  outcome   reward=-0.0006999999999990347  progress=0.0370  success=0/1 (0.00%)  steps=mean:207.0 range:[207,207]
  training  completed=672/2500  queue=3/256 (1%)  replay=88384/200000  updates=59  loss=0.00166  policy_version=195
  throughput env_steps_s=347.1  transitions_s=347.1  transitions_step=1.0  updates_s=87.1  updates_throttled=0
episode=0674
  mode      collector=async  worker=1  epsilon=0.084
  outcome   reward=-1.0065  progress=0.0000  success=0/1 (0.00%)  steps=mean:65.0 range:[65,65]
  training  completed=673/2500  queue=0/256 (0%)  replay=88413/200000  updates=7  loss=0.00066  policy_version=196
  throughput env_steps_s=361.3  transitions_s=361.3  transitions_step=1.0  updates_s=87.2  updates_throttled=0
episode=0668
  mode      collector=async  worker=0  epsilon=0.083
  outcome   reward=0.9808000000000028  progress=0.0741  success=0/1 (0.00%)  steps=mean:392.0 range:[392,392]
  training  completed=674/2500  queue=1/256 (0%)  replay=88505/200000  updates=23  loss=0.00120  policy_version=196
  throughput env_steps_s=343.4  transitions_s=343.4  transitions_step=1.0  updates_s=85.9  updates_throttled=0
episode=0671
  mode      collector=async  worker=3  epsilon=0.083
  outcome   reward=0.989800000000002  progress=0.0741  success=0/1 (0.00%)  steps=mean:302.0 range:[302,302]
  training  completed=675/2500  queue=1/256 (0%)  replay=88528/200000  updates=6  loss=0.00040  policy_version=196
  throughput env_steps_s=336.7  transitions_s=336.7  transitions_step=1.0  updates_s=87.8  updates_throttled=0
episode=0675
  mode      collector=async  worker=2  epsilon=0.083
  outcome   reward=-1.0061  progress=0.0000  success=0/1 (0.00%)  steps=mean:61.0 range:[61,61]
  training  completed=676/2500  queue=0/256 (0%)  replay=88633/200000  updates=26  loss=0.00058  policy_version=196
  throughput env_steps_s=366.0  transitions_s=366.0  transitions_step=1.0  updates_s=90.6  updates_throttled=0
episode=0678
  mode      collector=async  worker=3  epsilon=0.083
  outcome   reward=-1.0064  progress=0.0000  success=0/1 (0.00%)  steps=mean:64.0 range:[64,64]
  training  completed=677/2500  queue=1/256 (0%)  replay=88780/200000  updates=37  loss=0.00095  policy_version=196
  throughput env_steps_s=361.0  transitions_s=361.0  transitions_step=1.0  updates_s=90.9  updates_throttled=0
episode=0679
  mode      collector=async  worker=2  epsilon=0.082
  outcome   reward=0.009600000000001163  progress=0.0370  success=0/1 (0.00%)  steps=mean:104.0 range:[104,104]
  training  completed=678/2500  queue=0/256 (0%)  replay=89038/200000  updates=64  loss=0.00118  policy_version=197
  throughput env_steps_s=363.4  transitions_s=363.4  transitions_step=1.0  updates_s=90.1  updates_throttled=0
episode=0676
  mode      collector=async  worker=1  epsilon=0.082
  outcome   reward=0.0007000000000008111  progress=0.0370  success=0/1 (0.00%)  steps=mean:193.0 range:[193,193]
  training  completed=679/2500  queue=0/256 (0%)  replay=89209/200000  updates=43  loss=0.00074  policy_version=198
  throughput env_steps_s=349.2  transitions_s=349.2  transitions_step=1.0  updates_s=87.8  updates_throttled=0
episode=0677
  mode      collector=async  worker=0  epsilon=0.082
  outcome   reward=0.001400000000000734  progress=0.0370  success=0/1 (0.00%)  steps=mean:186.0 range:[186,186]
  training  completed=680/2500  queue=3/256 (1%)  replay=89220/200000  updates=3  loss=0.00028  policy_version=198
  throughput env_steps_s=176.7  transitions_s=176.7  transitions_step=1.0  updates_s=48.2  updates_throttled=0
episode=0681
  mode      collector=async  worker=2  epsilon=0.081
  outcome   reward=-1.0062  progress=0.0000  success=0/1 (0.00%)  steps=mean:62.0 range:[62,62]
  training  completed=681/2500  queue=0/256 (0%)  replay=89273/200000  updates=13  loss=0.00111  policy_version=198
  throughput env_steps_s=361.2  transitions_s=361.2  transitions_step=1.0  updates_s=88.6  updates_throttled=0
episode=0683
  mode      collector=async  worker=0  epsilon=0.081
  outcome   reward=-1.0064  progress=0.0000  success=0/1 (0.00%)  steps=mean:64.0 range:[64,64]
  training  completed=682/2500  queue=0/256 (0%)  replay=89475/200000  updates=50  loss=0.00091  policy_version=198
  throughput env_steps_s=356.8  transitions_s=356.8  transitions_step=1.0  updates_s=88.3  updates_throttled=0
episode=0680
  mode      collector=async  worker=3  epsilon=0.081
  outcome   reward=0.002400000000000846  progress=0.0370  success=0/1 (0.00%)  steps=mean:176.0 range:[176,176]
  training  completed=683/2500  queue=0/256 (0%)  replay=89507/200000  updates=8  loss=0.00058  policy_version=198
  throughput env_steps_s=358.8  transitions_s=358.8  transitions_step=1.0  updates_s=89.7  updates_throttled=0
episode=0684
  mode      collector=async  worker=2  epsilon=0.080
  outcome   reward=-1.0066  progress=0.0000  success=0/1 (0.00%)  steps=mean:66.0 range:[66,66]
  training  completed=684/2500  queue=0/256 (0%)  replay=89550/200000  updates=11  loss=0.00162  policy_version=198
  throughput env_steps_s=367.7  transitions_s=367.7  transitions_step=1.0  updates_s=94.1  updates_throttled=0
episode=0682
  mode      collector=async  worker=1  epsilon=0.080
  outcome   reward=-0.0002999999999990788  progress=0.0370  success=0/1 (0.00%)  steps=mean:203.0 range:[203,203]
  training  completed=685/2500  queue=0/256 (0%)  replay=90023/200000  updates=118  loss=0.00146  policy_version=200
  throughput env_steps_s=350.0  transitions_s=350.0  transitions_step=1.0  updates_s=87.3  updates_throttled=0
episode=0688
  mode      collector=async  worker=1  epsilon=0.080
  outcome   reward=-1.006  progress=0.0000  success=0/1 (0.00%)  steps=mean:60.0 range:[60,60]
  training  completed=686/2500  queue=0/256 (0%)  replay=90274/200000  updates=63  loss=0.00117  policy_version=200
  throughput env_steps_s=353.8  transitions_s=353.8  transitions_step=1.0  updates_s=88.8  updates_throttled=0
episode=0687
  mode      collector=async  worker=2  epsilon=0.080
  outcome   reward=-0.0002999999999990788  progress=0.0370  success=0/1 (0.00%)  steps=mean:203.0 range:[203,203]
  training  completed=687/2500  queue=1/256 (0%)  replay=90340/200000  updates=17  loss=0.00091  policy_version=200
  throughput env_steps_s=320.2  transitions_s=320.2  transitions_step=1.0  updates_s=82.5  updates_throttled=0
episode=0686
  mode      collector=async  worker=3  epsilon=0.079
  outcome   reward=-0.0035999999999989374  progress=0.0370  success=0/1 (0.00%)  steps=mean:236.0 range:[236,236]
  training  completed=688/2500  queue=2/256 (1%)  replay=90456/200000  updates=29  loss=0.00095  policy_version=201
  throughput env_steps_s=354.4  transitions_s=354.4  transitions_step=1.0  updates_s=88.6  updates_throttled=0
episode=0689
  mode      collector=async  worker=1  epsilon=0.079
  outcome   reward=0.009500000000001174  progress=0.0370  success=0/1 (0.00%)  steps=mean:105.0 range:[105,105]
  training  completed=689/2500  queue=0/256 (0%)  replay=90687/200000  updates=57  loss=0.00036  policy_version=201
  throughput env_steps_s=365.7  transitions_s=365.7  transitions_step=1.0  updates_s=90.2  updates_throttled=0
episode=0685
  mode      collector=async  worker=0  epsilon=0.079
  outcome   reward=0.9897000000000022  progress=0.0741  success=0/1 (0.00%)  steps=mean:303.0 range:[303,303]
  training  completed=690/2500  queue=0/256 (0%)  replay=90696/200000  updates=3  loss=0.00035  policy_version=201
  throughput env_steps_s=228.5  transitions_s=228.5  transitions_step=1.0  updates_s=76.2  updates_throttled=0
episode=0691
  mode      collector=async  worker=3  epsilon=0.078
  outcome   reward=-1.0064  progress=0.0000  success=0/1 (0.00%)  steps=mean:64.0 range:[64,64]
  training  completed=691/2500  queue=0/256 (0%)  replay=90726/200000  updates=7  loss=0.00150  policy_version=201
  throughput env_steps_s=439.7  transitions_s=439.7  transitions_step=1.0  updates_s=102.6  updates_throttled=0
episode=0693
  mode      collector=async  worker=0  epsilon=0.078
  outcome   reward=0.9892000000000021  progress=0.0741  success=0/1 (0.00%)  steps=mean:308.0 range:[308,308]
  training  completed=692/2500  queue=0/256 (0%)  replay=91923/200000  updates=299  loss=0.00116  policy_version=204
  throughput env_steps_s=360.3  transitions_s=360.3  transitions_step=1.0  updates_s=90.0  updates_throttled=0
episode=0694
  mode      collector=async  worker=3  epsilon=0.078
  outcome   reward=0.9840000000000027  progress=0.0741  success=0/1 (0.00%)  steps=mean:360.0 range:[360,360]
  training  completed=693/2500  queue=1/256 (0%)  replay=92177/200000  updates=64  loss=0.00059  policy_version=205
  throughput env_steps_s=359.6  transitions_s=359.6  transitions_step=1.0  updates_s=90.6  updates_throttled=0
episode=0696
  mode      collector=async  worker=3  epsilon=0.078
  outcome   reward=-1.0065  progress=0.0000  success=0/1 (0.00%)  steps=mean:65.0 range:[65,65]
  training  completed=694/2500  queue=0/256 (0%)  replay=92438/200000  updates=65  loss=0.00055  policy_version=206
  throughput env_steps_s=353.8  transitions_s=353.8  transitions_step=1.0  updates_s=88.1  updates_throttled=0
episode=0690
  mode      collector=async  worker=2  epsilon=0.077
  outcome   reward=2.966499999999918  progress=0.1481  success=0/1 (0.00%)  steps=mean:535.0 range:[535,535]
  training  completed=695/2500  queue=0/256 (0%)  replay=92450/200000  updates=3  loss=0.00059  policy_version=206
  throughput env_steps_s=316.4  transitions_s=316.4  transitions_step=1.0  updates_s=79.1  updates_throttled=0
episode=0697
  mode      collector=async  worker=3  epsilon=0.077
  outcome   reward=-1.0065  progress=0.0000  success=0/1 (0.00%)  steps=mean:65.0 range:[65,65]
  training  completed=696/2500  queue=0/256 (0%)  replay=92687/200000  updates=59  loss=0.00106  policy_version=206
  throughput env_steps_s=365.2  transitions_s=365.2  transitions_step=1.0  updates_s=90.9  updates_throttled=0
episode=0692
  mode      collector=async  worker=1  epsilon=0.077
  outcome   reward=1.9684999999999893  progress=0.1111  success=0/1 (0.00%)  steps=mean:515.0 range:[515,515]
  training  completed=697/2500  queue=0/256 (0%)  replay=92759/200000  updates=18  loss=0.00078  policy_version=206
  throughput env_steps_s=317.9  transitions_s=317.9  transitions_step=1.0  updates_s=79.5  updates_throttled=0
episode=0699
  mode      collector=async  worker=3  epsilon=0.076
  outcome   reward=-1.0061  progress=0.0000  success=0/1 (0.00%)  steps=mean:61.0 range:[61,61]
  training  completed=698/2500  queue=0/256 (0%)  replay=92931/200000  updates=43  loss=0.00078  policy_version=207
  throughput env_steps_s=349.3  transitions_s=349.3  transitions_step=1.0  updates_s=87.3  updates_throttled=0
episode=0700
  mode      collector=async  worker=1  epsilon=0.076
  outcome   reward=-1.0063  progress=0.0000  success=0/1 (0.00%)  steps=mean:63.0 range:[63,63]
  training  completed=699/2500  queue=0/256 (0%)  replay=93014/200000  updates=21  loss=0.00229  policy_version=207
  throughput env_steps_s=342.1  transitions_s=342.1  transitions_step=1.0  updates_s=86.5  updates_throttled=0
episode=0702
  mode      collector=async  worker=1  epsilon=0.076
  outcome   reward=-1.006  progress=0.0000  success=0/1 (0.00%)  steps=mean:60.0 range:[60,60]
  training  completed=700/2500  queue=0/256 (0%)  replay=93251/200000  updates=59  loss=0.00037  policy_version=208
  throughput env_steps_s=355.0  transitions_s=355.0  transitions_step=1.0  updates_s=88.4  updates_throttled=0
Saved checkpoint: checkpoints/breakout_s2_rand/ckpt-700
Scheduled replay buffer save: checkpoints/breakout_s2_rand/replay-700.npz transitions=93251
Evaluating frozen checkpoint episode=700 episodes=20 metric=auto...
episode=0698
  mode      collector=async  worker=2  epsilon=0.076
  outcome   reward=0.0005000000000008331  progress=0.0370  success=0/1 (0.00%)  steps=mean:195.0 range:[195,195]
  training  completed=701/2500  queue=5/256 (2%)  replay=93279/200000  updates=7  loss=0.00143  policy_version=208
  throughput env_steps_s=241.2  transitions_s=241.2  transitions_step=1.0  updates_s=60.3  updates_throttled=0
episode=0695
  mode      collector=async  worker=0  epsilon=0.075
  outcome   reward=1.9862999999999869  progress=0.1111  success=0/1 (0.00%)  steps=mean:337.0 range:[337,337]
  training  completed=702/2500  queue=5/256 (2%)  replay=93279/200000  updates=0  loss=0.00000  policy_version=208
  throughput env_steps_s=241.2  transitions_s=241.2  transitions_step=1.0  updates_s=60.3  updates_throttled=0
Saved replay buffer: checkpoints/breakout_s2_rand/replay-700.npz transitions=93251
episode=0704
  mode      collector=async  worker=2  epsilon=0.075
  outcome   reward=-1.006  progress=0.0000  success=0/1 (0.00%)  steps=mean:60.0 range:[60,60]
  training  completed=703/2500  queue=0/256 (0%)  replay=93490/200000  updates=53  loss=0.00083  policy_version=208
  throughput env_steps_s=278.9  transitions_s=278.9  transitions_step=1.0  updates_s=70.1  updates_throttled=0
episode=0703
  mode      collector=async  worker=1  epsilon=0.075
  outcome   reward=-1.0065  progress=0.0000  success=0/1 (0.00%)  steps=mean:65.0 range:[65,65]
  training  completed=704/2500  queue=0/256 (0%)  replay=93506/200000  updates=4  loss=0.00022  policy_version=208
  throughput env_steps_s=271.3  transitions_s=271.3  transitions_step=1.0  updates_s=67.8  updates_throttled=0
episode=0705
  mode      collector=async  worker=0  epsilon=0.074
  outcome   reward=-1.0062  progress=0.0000  success=0/1 (0.00%)  steps=mean:62.0 range:[62,62]
  training  completed=705/2500  queue=0/256 (0%)  replay=93509/200000  updates=1  loss=0.00836  policy_version=208
  throughput env_steps_s=212.9  transitions_s=212.9  transitions_step=1.0  updates_s=71.0  updates_throttled=0
episode=0701
  mode      collector=async  worker=3  epsilon=0.074
  outcome   reward=0.001900000000000901  progress=0.0370  success=0/1 (0.00%)  steps=mean:181.0 range:[181,181]
  training  completed=706/2500  queue=0/256 (0%)  replay=93671/200000  updates=40  loss=0.00073  policy_version=209
  throughput env_steps_s=283.4  transitions_s=283.4  transitions_step=1.0  updates_s=70.0  updates_throttled=0
episode=0708
  mode      collector=async  worker=0  epsilon=0.074
  outcome   reward=-1.0063  progress=0.0000  success=0/1 (0.00%)  steps=mean:63.0 range:[63,63]
  training  completed=707/2500  queue=0/256 (0%)  replay=93750/200000  updates=20  loss=0.00094  policy_version=209
  throughput env_steps_s=289.7  transitions_s=289.7  transitions_step=1.0  updates_s=73.3  updates_throttled=0
episode=0707
  mode      collector=async  worker=1  epsilon=0.074
  outcome   reward=-1.0068  progress=0.0000  success=0/1 (0.00%)  steps=mean:68.0 range:[68,68]
  training  completed=708/2500  queue=1/256 (0%)  replay=93772/200000  updates=6  loss=0.00162  policy_version=209
  throughput env_steps_s=292.6  transitions_s=292.6  transitions_step=1.0  updates_s=79.8  updates_throttled=0
episode=0710
  mode      collector=async  worker=0  epsilon=0.073
  outcome   reward=-1.0063  progress=0.0000  success=0/1 (0.00%)  steps=mean:63.0 range:[63,63]
  training  completed=709/2500  queue=0/256 (0%)  replay=93986/200000  updates=53  loss=0.00140  policy_version=209
  throughput env_steps_s=301.4  transitions_s=301.4  transitions_step=1.0  updates_s=74.6  updates_throttled=0
episode=0712
  mode      collector=async  worker=0  epsilon=0.073
  outcome   reward=-1.0063  progress=0.0000  success=0/1 (0.00%)  steps=mean:63.0 range:[63,63]
  training  completed=710/2500  queue=4/256 (2%)  replay=94240/200000  updates=64  loss=0.00163  policy_version=210
  throughput env_steps_s=295.5  transitions_s=295.5  transitions_step=1.0  updates_s=74.5  updates_throttled=0
episode=0706
  mode      collector=async  worker=2  epsilon=0.073
  outcome   reward=1.0001999999999842  progress=0.0741  success=0/1 (0.00%)  steps=mean:198.0 range:[198,198]
  training  completed=711/2500  queue=0/256 (0%)  replay=94298/200000  updates=14  loss=0.00071  policy_version=210
  throughput env_steps_s=299.5  transitions_s=299.5  transitions_step=1.0  updates_s=72.3  updates_throttled=0
episode=0709
  mode      collector=async  worker=3  epsilon=0.073
  outcome   reward=0.001500000000000945  progress=0.0370  success=0/1 (0.00%)  steps=mean:185.0 range:[185,185]
  training  completed=712/2500  queue=1/256 (0%)  replay=94409/200000  updates=28  loss=0.00085  policy_version=211
  throughput env_steps_s=300.5  transitions_s=300.5  transitions_step=1.0  updates_s=75.8  updates_throttled=0
episode=0711
  mode      collector=async  worker=1  epsilon=0.072
  outcome   reward=0.001400000000000956  progress=0.0370  success=0/1 (0.00%)  steps=mean:186.0 range:[186,186]
  training  completed=713/2500  queue=0/256 (0%)  replay=94514/200000  updates=26  loss=0.00104  policy_version=211
  throughput env_steps_s=305.3  transitions_s=305.3  transitions_step=1.0  updates_s=75.6  updates_throttled=0
episode=0715
  mode      collector=async  worker=3  epsilon=0.072
  outcome   reward=-1.0062  progress=0.0000  success=0/1 (0.00%)  steps=mean:62.0 range:[62,62]
  training  completed=714/2500  queue=0/256 (0%)  replay=94657/200000  updates=36  loss=0.00147  policy_version=211
  throughput env_steps_s=293.7  transitions_s=293.7  transitions_step=1.0  updates_s=73.9  updates_throttled=0
episode=0717
  mode      collector=async  worker=3  epsilon=0.072
  outcome   reward=0.010000000000001119  progress=0.0370  success=0/1 (0.00%)  steps=mean:100.0 range:[100,100]
  training  completed=715/2500  queue=2/256 (1%)  replay=95056/200000  updates=100  loss=0.00100  policy_version=212
  throughput env_steps_s=295.1  transitions_s=295.1  transitions_step=1.0  updates_s=73.9  updates_throttled=0
episode=0713
  mode      collector=async  worker=0  epsilon=0.072
  outcome   reward=-0.0021999999999988695  progress=0.0370  success=0/1 (0.00%)  steps=mean:222.0 range:[222,222]
  training  completed=716/2500  queue=0/256 (0%)  replay=95127/200000  updates=17  loss=0.00104  policy_version=212
  throughput env_steps_s=298.9  transitions_s=298.9  transitions_step=1.0  updates_s=71.6  updates_throttled=0
episode=0718
  mode      collector=async  worker=3  epsilon=0.071
  outcome   reward=-1.0061  progress=0.0000  success=0/1 (0.00%)  steps=mean:61.0 range:[61,61]
  training  completed=717/2500  queue=0/256 (0%)  replay=95302/200000  updates=44  loss=0.00160  policy_version=213
  throughput env_steps_s=285.8  transitions_s=285.8  transitions_step=1.0  updates_s=71.9  updates_throttled=0
episode=0719
  mode      collector=async  worker=0  epsilon=0.071
  outcome   reward=-1.0065  progress=0.0000  success=0/1 (0.00%)  steps=mean:65.0 range:[65,65]
  training  completed=718/2500  queue=0/256 (0%)  replay=95395/200000  updates=23  loss=0.00076  policy_version=213
  throughput env_steps_s=305.7  transitions_s=305.7  transitions_step=1.0  updates_s=75.6  updates_throttled=0
episode=0720
  mode      collector=async  worker=3  epsilon=0.071
  outcome   reward=-1.0062  progress=0.0000  success=0/1 (0.00%)  steps=mean:62.0 range:[62,62]
  training  completed=719/2500  queue=0/256 (0%)  replay=95543/200000  updates=37  loss=0.00142  policy_version=213
  throughput env_steps_s=300.9  transitions_s=300.9  transitions_step=1.0  updates_s=75.2  updates_throttled=0
episode=0714
  mode      collector=async  worker=2  epsilon=0.070
  outcome   reward=1.9757999999999873  progress=0.1111  success=0/1 (0.00%)  steps=mean:442.0 range:[442,442]
  training  completed=720/2500  queue=3/256 (1%)  replay=96059/200000  updates=129  loss=0.00103  policy_version=215
  throughput env_steps_s=297.9  transitions_s=297.9  transitions_step=1.0  updates_s=74.5  updates_throttled=0
episode=0721
  mode      collector=async  worker=0  epsilon=0.070
  outcome   reward=0.00030000000000085514  progress=0.0370  success=0/1 (0.00%)  steps=mean:197.0 range:[197,197]
  training  completed=721/2500  queue=0/256 (0%)  replay=96193/200000  updates=34  loss=0.00049  policy_version=215
  throughput env_steps_s=303.3  transitions_s=303.3  transitions_step=1.0  updates_s=77.0  updates_throttled=0
episode=0723
  mode      collector=async  worker=2  epsilon=0.070
  outcome   reward=-1.0061  progress=0.0000  success=0/1 (0.00%)  steps=mean:61.0 range:[61,61]
  training  completed=722/2500  queue=0/256 (0%)  replay=96297/200000  updates=26  loss=0.00169  policy_version=215
  throughput env_steps_s=291.0  transitions_s=291.0  transitions_step=1.0  updates_s=72.7  updates_throttled=0
episode=0724
  mode      collector=async  worker=0  epsilon=0.070
  outcome   reward=-1.0063  progress=0.0000  success=0/1 (0.00%)  steps=mean:63.0 range:[63,63]
  training  completed=723/2500  queue=0/256 (0%)  replay=96450/200000  updates=38  loss=0.00085  policy_version=216
  throughput env_steps_s=296.2  transitions_s=296.2  transitions_step=1.0  updates_s=73.6  updates_throttled=0
episode=0725
  mode      collector=async  worker=2  epsilon=0.069
  outcome   reward=-1.0062  progress=0.0000  success=0/1 (0.00%)  steps=mean:62.0 range:[62,62]
  training  completed=724/2500  queue=0/256 (0%)  replay=96538/200000  updates=22  loss=0.00093  policy_version=216
  throughput env_steps_s=294.7  transitions_s=294.7  transitions_step=1.0  updates_s=73.7  updates_throttled=0
Frozen evaluation episode=700: success=0/20 (0.00%) reward_mean=-0.4049 steps_mean=138.9
episode=0726
  mode      collector=async  worker=0  epsilon=0.069
  outcome   reward=-0.0036999999999989264  progress=0.0370  success=0/1 (0.00%)  steps=mean:237.0 range:[237,237]
  training  completed=725/2500  queue=0/256 (0%)  replay=97427/200000  updates=222  loss=0.00086  policy_version=218
  throughput env_steps_s=323.0  transitions_s=323.0  transitions_step=1.0  updates_s=80.7  updates_throttled=0
episode=0722
  mode      collector=async  worker=3  epsilon=0.069
  outcome   reward=2.965199999999961  progress=0.1481  success=0/1 (0.00%)  steps=mean:548.0 range:[548,548]
  training  completed=726/2500  queue=2/256 (1%)  replay=97716/200000  updates=73  loss=0.00151  policy_version=219
  throughput env_steps_s=355.4  transitions_s=355.4  transitions_step=1.0  updates_s=89.8  updates_throttled=0
episode=0727
  mode      collector=async  worker=2  epsilon=0.069
  outcome   reward=2.975599999999985  progress=0.1481  success=0/1 (0.00%)  steps=mean:444.0 range:[444,444]
  training  completed=727/2500  queue=0/256 (0%)  replay=98321/200000  updates=151  loss=0.00115  policy_version=220
  throughput env_steps_s=355.4  transitions_s=355.4  transitions_step=1.0  updates_s=88.7  updates_throttled=0
episode=0716
  mode      collector=async  worker=1  epsilon=0.068
  outcome   reward=5.919899999999992  progress=0.2593  success=0/1 (0.00%)  steps=mean:1001.0 range:[1001,1001]
  training  completed=728/2500  queue=0/256 (0%)  replay=98471/200000  updates=37  loss=0.00094  policy_version=221
  throughput env_steps_s=353.9  transitions_s=353.9  transitions_step=1.0  updates_s=87.3  updates_throttled=0
episode=0729
  mode      collector=async  worker=3  epsilon=0.068
  outcome   reward=0.001800000000000912  progress=0.0370  success=0/1 (0.00%)  steps=mean:182.0 range:[182,182]
  training  completed=729/2500  queue=1/256 (0%)  replay=98476/200000  updates=2  loss=0.00032  policy_version=221
  throughput env_steps_s=210.3  transitions_s=210.3  transitions_step=1.0  updates_s=84.1  updates_throttled=0
episode=0730
  mode      collector=async  worker=2  epsilon=0.068
  outcome   reward=-1.006  progress=0.0000  success=0/1 (0.00%)  steps=mean:60.0 range:[60,60]
  training  completed=730/2500  queue=0/256 (0%)  replay=98559/200000  updates=20  loss=0.00064  policy_version=221
  throughput env_steps_s=386.9  transitions_s=386.9  transitions_step=1.0  updates_s=93.2  updates_throttled=0
episode=0732
  mode      collector=async  worker=3  epsilon=0.068
  outcome   reward=-1.0062  progress=0.0000  success=0/1 (0.00%)  steps=mean:62.0 range:[62,62]
  training  completed=731/2500  queue=0/256 (0%)  replay=98714/200000  updates=39  loss=0.00110  policy_version=221
  throughput env_steps_s=343.8  transitions_s=343.8  transitions_step=1.0  updates_s=86.5  updates_throttled=0
episode=0728
  mode      collector=async  worker=0  epsilon=0.067
  outcome   reward=1.9830999999999823  progress=0.1111  success=0/1 (0.00%)  steps=mean:369.0 range:[369,369]
  training  completed=732/2500  queue=0/256 (0%)  replay=98915/200000  updates=50  loss=0.00189  policy_version=222
  throughput env_steps_s=350.0  transitions_s=350.0  transitions_step=1.0  updates_s=87.1  updates_throttled=0
episode=0734
  mode      collector=async  worker=3  epsilon=0.067
  outcome   reward=-1.0065  progress=0.0000  success=0/1 (0.00%)  steps=mean:65.0 range:[65,65]
  training  completed=733/2500  queue=0/256 (0%)  replay=98979/200000  updates=16  loss=0.00160  policy_version=222
  throughput env_steps_s=354.4  transitions_s=354.4  transitions_step=1.0  updates_s=88.6  updates_throttled=0
episode=0733
  mode      collector=async  worker=2  epsilon=0.067
  outcome   reward=-0.004599999999998827  progress=0.0370  success=0/1 (0.00%)  steps=mean:246.0 range:[246,246]
  training  completed=734/2500  queue=3/256 (1%)  replay=99516/200000  updates=135  loss=0.00173  policy_version=223
  throughput env_steps_s=357.8  transitions_s=357.8  transitions_step=1.0  updates_s=89.9  updates_throttled=0
episode=0737
  mode      collector=async  worker=2  epsilon=0.067
  outcome   reward=-1.006  progress=0.0000  success=0/1 (0.00%)  steps=mean:60.0 range:[60,60]
  training  completed=735/2500  queue=3/256 (1%)  replay=99748/200000  updates=58  loss=0.00259  policy_version=224
  throughput env_steps_s=342.3  transitions_s=342.3  transitions_step=1.0  updates_s=85.6  updates_throttled=0
episode=0736
  mode      collector=async  worker=3  epsilon=0.066
  outcome   reward=-0.0030999999999989925  progress=0.0370  success=0/1 (0.00%)  steps=mean:231.0 range:[231,231]
  training  completed=736/2500  queue=0/256 (0%)  replay=99891/200000  updates=35  loss=0.00085  policy_version=224
  throughput env_steps_s=345.7  transitions_s=345.7  transitions_step=1.0  updates_s=84.6  updates_throttled=0
episode=0735
  mode      collector=async  worker=0  epsilon=0.066
  outcome   reward=-0.0037999999999989154  progress=0.0370  success=0/1 (0.00%)  steps=mean:238.0 range:[238,238]
  training  completed=737/2500  queue=0/256 (0%)  replay=99894/200000  updates=1  loss=0.00017  policy_version=224
  throughput env_steps_s=753.3  transitions_s=753.3  transitions_step=1.0  updates_s=251.1  updates_throttled=0
episode=0731
  mode      collector=async  worker=1  epsilon=0.066
  outcome   reward=1.969999999999984  progress=0.1111  success=0/1 (0.00%)  steps=mean:500.0 range:[500,500]
  training  completed=738/2500  queue=0/256 (0%)  replay=100478/200000  updates=146  loss=0.00096  policy_version=226
  throughput env_steps_s=350.0  transitions_s=350.0  transitions_step=1.0  updates_s=87.5  updates_throttled=0
episode=0738
  mode      collector=async  worker=2  epsilon=0.066
  outcome   reward=-0.0031999999999989814  progress=0.0370  success=0/1 (0.00%)  steps=mean:232.0 range:[232,232]
  training  completed=739/2500  queue=0/256 (0%)  replay=100685/200000  updates=52  loss=0.00098  policy_version=226
  throughput env_steps_s=332.3  transitions_s=332.3  transitions_step=1.0  updates_s=83.5  updates_throttled=0
episode=0740
  mode      collector=async  worker=0  epsilon=0.065
  outcome   reward=-0.0032999999999989704  progress=0.0370  success=0/1 (0.00%)  steps=mean:233.0 range:[233,233]
  training  completed=740/2500  queue=2/256 (1%)  replay=100806/200000  updates=30  loss=0.00148  policy_version=227
  throughput env_steps_s=339.9  transitions_s=339.9  transitions_step=1.0  updates_s=84.3  updates_throttled=0
episode=0742
  mode      collector=async  worker=2  epsilon=0.065
  outcome   reward=-1.006  progress=0.0000  success=0/1 (0.00%)  steps=mean:60.0 range:[60,60]
  training  completed=741/2500  queue=0/256 (0%)  replay=100929/200000  updates=31  loss=0.00275  policy_version=227
  throughput env_steps_s=364.6  transitions_s=364.6  transitions_step=1.0  updates_s=91.9  updates_throttled=0
episode=0741
  mode      collector=async  worker=1  epsilon=0.065
  outcome   reward=-0.0010999999999989907  progress=0.0370  success=0/1 (0.00%)  steps=mean:211.0 range:[211,211]
  training  completed=742/2500  queue=0/256 (0%)  replay=101338/200000  updates=102  loss=0.00120  policy_version=228
  throughput env_steps_s=346.8  transitions_s=346.8  transitions_step=1.0  updates_s=86.5  updates_throttled=0
episode=0743
  mode      collector=async  worker=0  epsilon=0.065
  outcome   reward=0.001800000000000912  progress=0.0370  success=0/1 (0.00%)  steps=mean:182.0 range:[182,182]
  training  completed=743/2500  queue=0/256 (0%)  replay=101545/200000  updates=52  loss=0.00051  policy_version=228
  throughput env_steps_s=346.7  transitions_s=346.7  transitions_step=1.0  updates_s=87.1  updates_throttled=0
episode=0745
  mode      collector=async  worker=1  epsilon=0.065
  outcome   reward=-1.0062  progress=0.0000  success=0/1 (0.00%)  steps=mean:62.0 range:[62,62]
  training  completed=744/2500  queue=0/256 (0%)  replay=101582/200000  updates=9  loss=0.00029  policy_version=228
  throughput env_steps_s=343.9  transitions_s=343.9  transitions_step=1.0  updates_s=83.7  updates_throttled=0
episode=0739
  mode      collector=async  worker=3  epsilon=0.064
  outcome   reward=2.9776999999999854  progress=0.1481  success=0/1 (0.00%)  steps=mean:423.0 range:[423,423]
  training  completed=745/2500  queue=0/256 (0%)  replay=101586/200000  updates=1  loss=0.00038  policy_version=228
  throughput env_steps_s=271.5  transitions_s=271.5  transitions_step=1.0  updates_s=67.9  updates_throttled=0
episode=0746
  mode      collector=async  worker=0  epsilon=0.064
  outcome   reward=-1.0062  progress=0.0000  success=0/1 (0.00%)  steps=mean:62.0 range:[62,62]
  training  completed=746/2500  queue=0/256 (0%)  replay=101789/200000  updates=51  loss=0.00079  policy_version=229
  throughput env_steps_s=362.8  transitions_s=362.8  transitions_step=1.0  updates_s=91.1  updates_throttled=0
episode=0748
  mode      collector=async  worker=3  epsilon=0.064
  outcome   reward=-1.006  progress=0.0000  success=0/1 (0.00%)  steps=mean:60.0 range:[60,60]
  training  completed=747/2500  queue=0/256 (0%)  replay=101823/200000  updates=8  loss=0.00069  policy_version=229
  throughput env_steps_s=310.1  transitions_s=310.1  transitions_step=1.0  updates_s=73.0  updates_throttled=0
episode=0747
  mode      collector=async  worker=1  epsilon=0.064
  outcome   reward=-1.0063  progress=0.0000  success=0/1 (0.00%)  steps=mean:63.0 range:[63,63]
  training  completed=748/2500  queue=0/256 (0%)  replay=101834/200000  updates=3  loss=0.00023  policy_version=229
  throughput env_steps_s=285.3  transitions_s=285.3  transitions_step=1.0  updates_s=77.8  updates_throttled=0
episode=0744
  mode      collector=async  worker=2  epsilon=0.063
  outcome   reward=1.982299999999969  progress=0.1111  success=0/1 (0.00%)  steps=mean:377.0 range:[377,377]
  training  completed=749/2500  queue=2/256 (1%)  replay=102436/200000  updates=151  loss=0.00134  policy_version=231
  throughput env_steps_s=350.4  transitions_s=350.4  transitions_step=1.0  updates_s=87.9  updates_throttled=0
episode=0750
  mode      collector=async  worker=3  epsilon=0.063
  outcome   reward=-0.00039999999999906777  progress=0.0370  success=0/1 (0.00%)  steps=mean:204.0 range:[204,204]
  training  completed=750/2500  queue=0/256 (0%)  replay=102639/200000  updates=50  loss=0.00193  policy_version=231
  throughput env_steps_s=345.1  transitions_s=345.1  transitions_step=1.0  updates_s=85.0  updates_throttled=0
episode=0751
  mode      collector=async  worker=1  epsilon=0.063
  outcome   reward=-0.0033999999999989594  progress=0.0370  success=0/1 (0.00%)  steps=mean:234.0 range:[234,234]
  training  completed=751/2500  queue=0/256 (0%)  replay=102748/200000  updates=28  loss=0.00169  policy_version=231
  throughput env_steps_s=343.5  transitions_s=343.5  transitions_step=1.0  updates_s=88.2  updates_throttled=0
episode=0749
  mode      collector=async  worker=0  epsilon=0.063
  outcome   reward=-0.004499999999998838  progress=0.0370  success=0/1 (0.00%)  steps=mean:245.0 range:[245,245]
  training  completed=752/2500  queue=1/256 (0%)  replay=102792/200000  updates=11  loss=0.00116  policy_version=231
  throughput env_steps_s=321.3  transitions_s=321.3  transitions_step=1.0  updates_s=80.3  updates_throttled=0
episode=0753
  mode      collector=async  worker=3  epsilon=0.062
  outcome   reward=-1.006  progress=0.0000  success=0/1 (0.00%)  steps=mean:60.0 range:[60,60]
  training  completed=753/2500  queue=0/256 (0%)  replay=102878/200000  updates=21  loss=0.00112  policy_version=232
  throughput env_steps_s=357.1  transitions_s=357.1  transitions_step=1.0  updates_s=87.2  updates_throttled=0
episode=0754
  mode      collector=async  worker=1  epsilon=0.062
  outcome   reward=-1.0065  progress=0.0000  success=0/1 (0.00%)  steps=mean:65.0 range:[65,65]
  training  completed=754/2500  queue=0/256 (0%)  replay=102997/200000  updates=30  loss=0.00142  policy_version=232
  throughput env_steps_s=369.9  transitions_s=369.9  transitions_step=1.0  updates_s=93.2  updates_throttled=0
episode=0755
  mode      collector=async  worker=0  epsilon=0.062
  outcome   reward=-1.0068  progress=0.0000  success=0/1 (0.00%)  steps=mean:68.0 range:[68,68]
  training  completed=755/2500  queue=0/256 (0%)  replay=103083/200000  updates=21  loss=0.00068  policy_version=232
  throughput env_steps_s=335.3  transitions_s=335.3  transitions_step=1.0  updates_s=81.9  updates_throttled=0
episode=0752
  mode      collector=async  worker=2  epsilon=0.062
  outcome   reward=0.00020000000000086615  progress=0.0370  success=0/1 (0.00%)  steps=mean:198.0 range:[198,198]
  training  completed=756/2500  queue=0/256 (0%)  replay=103243/200000  updates=40  loss=0.00077  policy_version=233
  throughput env_steps_s=330.3  transitions_s=330.3  transitions_step=1.0  updates_s=82.6  updates_throttled=0
episode=0759
  mode      collector=async  worker=2  epsilon=0.061
  outcome   reward=-1.0062  progress=0.0000  success=0/1 (0.00%)  steps=mean:62.0 range:[62,62]
  training  completed=757/2500  queue=0/256 (0%)  replay=103494/200000  updates=63  loss=0.00091  policy_version=233
  throughput env_steps_s=346.2  transitions_s=346.2  transitions_step=1.0  updates_s=86.9  updates_throttled=0
episode=0756
  mode      collector=async  worker=3  epsilon=0.061
  outcome   reward=0.001800000000000912  progress=0.0370  success=0/1 (0.00%)  steps=mean:182.0 range:[182,182]
  training  completed=758/2500  queue=0/256 (0%)  replay=103587/200000  updates=23  loss=0.00064  policy_version=233
  throughput env_steps_s=318.6  transitions_s=318.6  transitions_step=1.0  updates_s=78.8  updates_throttled=0
episode=0760
  mode      collector=async  worker=2  epsilon=0.061
  outcome   reward=-1.0064  progress=0.0000  success=0/1 (0.00%)  steps=mean:64.0 range:[64,64]
  training  completed=759/2500  queue=0/256 (0%)  replay=103763/200000  updates=44  loss=0.00073  policy_version=234
  throughput env_steps_s=350.7  transitions_s=350.7  transitions_step=1.0  updates_s=87.7  updates_throttled=0
episode=0757
  mode      collector=async  worker=1  epsilon=0.061
  outcome   reward=-0.0025999999999988255  progress=0.0370  success=0/1 (0.00%)  steps=mean:226.0 range:[226,226]
  training  completed=760/2500  queue=3/256 (1%)  replay=103906/200000  updates=36  loss=0.00031  policy_version=234
  throughput env_steps_s=342.6  transitions_s=342.6  transitions_step=1.0  updates_s=86.3  updates_throttled=0
episode=0762
  mode      collector=async  worker=2  epsilon=0.061
  outcome   reward=-1.0066  progress=0.0000  success=0/1 (0.00%)  steps=mean:66.0 range:[66,66]
  training  completed=761/2500  queue=0/256 (0%)  replay=104027/200000  updates=30  loss=0.00176  policy_version=235
  throughput env_steps_s=356.1  transitions_s=356.1  transitions_step=1.0  updates_s=88.3  updates_throttled=0
episode=0764
  mode      collector=async  worker=2  epsilon=0.060
  outcome   reward=-1.0061  progress=0.0000  success=0/1 (0.00%)  steps=mean:61.0 range:[61,61]
  training  completed=762/2500  queue=0/256 (0%)  replay=104263/200000  updates=59  loss=0.00070  policy_version=235
  throughput env_steps_s=359.2  transitions_s=359.2  transitions_step=1.0  updates_s=89.8  updates_throttled=0
episode=0758
  mode      collector=async  worker=0  epsilon=0.060
  outcome   reward=0.981200000000003  progress=0.0741  success=0/1 (0.00%)  steps=mean:388.0 range:[388,388]
  training  completed=763/2500  queue=0/256 (0%)  replay=104606/200000  updates=86  loss=0.00109  policy_version=236
  throughput env_steps_s=351.2  transitions_s=351.2  transitions_step=1.0  updates_s=88.1  updates_throttled=0
episode=0761
  mode      collector=async  worker=3  epsilon=0.060
  outcome   reward=0.9846000000000024  progress=0.0741  success=0/1 (0.00%)  steps=mean:354.0 range:[354,354]
  training  completed=764/2500  queue=2/256 (1%)  replay=105024/200000  updates=105  loss=0.00153  policy_version=237
  throughput env_steps_s=346.1  transitions_s=346.1  transitions_step=1.0  updates_s=86.9  updates_throttled=0
episode=0766
  mode      collector=async  worker=0  epsilon=0.060
  outcome   reward=0.001700000000000923  progress=0.0370  success=0/1 (0.00%)  steps=mean:183.0 range:[183,183]
  training  completed=765/2500  queue=2/256 (1%)  replay=105352/200000  updates=82  loss=0.00097  policy_version=238
  throughput env_steps_s=340.5  transitions_s=340.5  transitions_step=1.0  updates_s=85.1  updates_throttled=0
episode=0765
  mode      collector=async  worker=2  epsilon=0.059
  outcome   reward=0.9871000000000025  progress=0.0741  success=0/1 (0.00%)  steps=mean:329.0 range:[329,329]
  training  completed=766/2500  queue=0/256 (0%)  replay=105593/200000  updates=60  loss=0.00113  policy_version=238
  throughput env_steps_s=355.0  transitions_s=355.0  transitions_step=1.0  updates_s=88.4  updates_throttled=0
episode=0763
  mode      collector=async  worker=1  epsilon=0.059
  outcome   reward=1.9748999999999854  progress=0.1111  success=0/1 (0.00%)  steps=mean:451.0 range:[451,451]
  training  completed=767/2500  queue=0/256 (0%)  replay=105686/200000  updates=23  loss=0.00190  policy_version=239
  throughput env_steps_s=338.9  transitions_s=338.9  transitions_step=1.0  updates_s=83.8  updates_throttled=0
episode=0767
  mode      collector=async  worker=3  epsilon=0.059
  outcome   reward=-0.00039999999999906777  progress=0.0370  success=0/1 (0.00%)  steps=mean:204.0 range:[204,204]
  training  completed=768/2500  queue=1/256 (0%)  replay=105828/200000  updates=36  loss=0.00075  policy_version=239
  throughput env_steps_s=348.6  transitions_s=348.6  transitions_step=1.0  updates_s=88.4  updates_throttled=0
episode=0769
  mode      collector=async  worker=2  epsilon=0.059
  outcome   reward=0.010000000000001119  progress=0.0370  success=0/1 (0.00%)  steps=mean:100.0 range:[100,100]
  training  completed=769/2500  queue=1/256 (0%)  replay=106016/200000  updates=47  loss=0.00065  policy_version=240
  throughput env_steps_s=358.8  transitions_s=358.8  transitions_step=1.0  updates_s=89.7  updates_throttled=0
episode=0771
  mode      collector=async  worker=3  epsilon=0.059
  outcome   reward=-1.0063  progress=0.0000  success=0/1 (0.00%)  steps=mean:63.0 range:[63,63]
  training  completed=770/2500  queue=0/256 (0%)  replay=106077/200000  updates=15  loss=0.00105  policy_version=240
  throughput env_steps_s=342.3  transitions_s=342.3  transitions_step=1.0  updates_s=84.2  updates_throttled=0
episode=0768
  mode      collector=async  worker=0  epsilon=0.058
  outcome   reward=0.00030000000000085514  progress=0.0370  success=0/1 (0.00%)  steps=mean:197.0 range:[197,197]
  training  completed=771/2500  queue=0/256 (0%)  replay=106123/200000  updates=11  loss=0.00162  policy_version=240
  throughput env_steps_s=333.7  transitions_s=333.7  transitions_step=1.0  updates_s=79.8  updates_throttled=0
episode=0773
  mode      collector=async  worker=3  epsilon=0.058
  outcome   reward=-1.0065  progress=0.0000  success=0/1 (0.00%)  steps=mean:65.0 range:[65,65]
  training  completed=772/2500  queue=0/256 (0%)  replay=106338/200000  updates=54  loss=0.00083  policy_version=240
  throughput env_steps_s=338.8  transitions_s=338.8  transitions_step=1.0  updates_s=85.1  updates_throttled=0
episode=0770
  mode      collector=async  worker=1  epsilon=0.058
  outcome   reward=0.0005000000000008331  progress=0.0370  success=0/1 (0.00%)  steps=mean:195.0 range:[195,195]
  training  completed=773/2500  queue=0/256 (0%)  replay=106483/200000  updates=36  loss=0.00117  policy_version=241
  throughput env_steps_s=342.9  transitions_s=342.9  transitions_step=1.0  updates_s=85.1  updates_throttled=0
episode=0775
  mode      collector=async  worker=3  epsilon=0.058
  outcome   reward=-1.0064  progress=0.0000  success=0/1 (0.00%)  steps=mean:64.0 range:[64,64]
  training  completed=774/2500  queue=1/256 (0%)  replay=106596/200000  updates=29  loss=0.00255  policy_version=241
  throughput env_steps_s=343.5  transitions_s=343.5  transitions_step=1.0  updates_s=88.1  updates_throttled=0
episode=0774
  mode      collector=async  worker=0  epsilon=0.058
  outcome   reward=-0.0035999999999989374  progress=0.0370  success=0/1 (0.00%)  steps=mean:236.0 range:[236,236]
  training  completed=775/2500  queue=0/256 (0%)  replay=107037/200000  updates=110  loss=0.00104  policy_version=242
  throughput env_steps_s=341.7  transitions_s=341.7  transitions_step=1.0  updates_s=85.2  updates_throttled=0
episode=0778
  mode      collector=async  worker=0  epsilon=0.057
  outcome   reward=-1.0066  progress=0.0000  success=0/1 (0.00%)  steps=mean:66.0 range:[66,66]
  training  completed=776/2500  queue=0/256 (0%)  replay=107314/200000  updates=69  loss=0.00113  policy_version=243
  throughput env_steps_s=341.1  transitions_s=341.1  transitions_step=1.0  updates_s=85.0  updates_throttled=0
episode=0772
  mode      collector=async  worker=2  epsilon=0.057
  outcome   reward=0.9843000000000024  progress=0.0741  success=0/1 (0.00%)  steps=mean:357.0 range:[357,357]
  training  completed=777/2500  queue=0/256 (0%)  replay=107446/200000  updates=33  loss=0.00070  policy_version=243
  throughput env_steps_s=339.2  transitions_s=339.2  transitions_step=1.0  updates_s=84.8  updates_throttled=0
episode=0777
  mode      collector=async  worker=3  epsilon=0.057
  outcome   reward=-0.0023999999999988475  progress=0.0370  success=0/1 (0.00%)  steps=mean:224.0 range:[224,224]
  training  completed=778/2500  queue=0/256 (0%)  replay=107502/200000  updates=14  loss=0.00084  policy_version=243
  throughput env_steps_s=331.2  transitions_s=331.2  transitions_step=1.0  updates_s=82.8  updates_throttled=0
episode=0779
  mode      collector=async  worker=0  epsilon=0.057
  outcome   reward=-1.0062  progress=0.0000  success=0/1 (0.00%)  steps=mean:62.0 range:[62,62]
  training  completed=779/2500  queue=2/256 (1%)  replay=107560/200000  updates=15  loss=0.00141  policy_version=243
  throughput env_steps_s=337.4  transitions_s=337.4  transitions_step=1.0  updates_s=87.2  updates_throttled=0
episode=0780
  mode      collector=async  worker=2  epsilon=0.056
  outcome   reward=-1.0065  progress=0.0000  success=0/1 (0.00%)  steps=mean:65.0 range:[65,65]
  training  completed=780/2500  queue=2/256 (1%)  replay=107710/200000  updates=37  loss=0.00065  policy_version=244
  throughput env_steps_s=352.3  transitions_s=352.3  transitions_step=1.0  updates_s=86.9  updates_throttled=0
episode=0776
  mode      collector=async  worker=1  epsilon=0.056
  outcome   reward=0.9837000000000025  progress=0.0741  success=0/1 (0.00%)  steps=mean:363.0 range:[363,363]
  training  completed=781/2500  queue=0/256 (0%)  replay=107905/200000  updates=49  loss=0.00106  policy_version=244
  throughput env_steps_s=350.0  transitions_s=350.0  transitions_step=1.0  updates_s=88.0  updates_throttled=0
episode=0781
  mode      collector=async  worker=3  epsilon=0.056
  outcome   reward=0.0008000000000008001  progress=0.0370  success=0/1 (0.00%)  steps=mean:192.0 range:[192,192]
  training  completed=782/2500  queue=0/256 (0%)  replay=108287/200000  updates=95  loss=0.00091  policy_version=245
  throughput env_steps_s=346.0  transitions_s=346.0  transitions_step=1.0  updates_s=86.0  updates_throttled=0
episode=0782
  mode      collector=async  worker=0  epsilon=0.056
  outcome   reward=1.0006999999999862  progress=0.0741  success=0/1 (0.00%)  steps=mean:193.0 range:[193,193]
  training  completed=783/2500  queue=1/256 (0%)  replay=108324/200000  updates=10  loss=0.00104  policy_version=245
  throughput env_steps_s=326.1  transitions_s=326.1  transitions_step=1.0  updates_s=88.1  updates_throttled=0
episode=0785
  mode      collector=async  worker=3  epsilon=0.056
  outcome   reward=-1.0064  progress=0.0000  success=0/1 (0.00%)  steps=mean:64.0 range:[64,64]
  training  completed=784/2500  queue=0/256 (0%)  replay=108539/200000  updates=53  loss=0.00100  policy_version=246
  throughput env_steps_s=346.2  transitions_s=346.2  transitions_step=1.0  updates_s=85.4  updates_throttled=0
episode=0787
  mode      collector=async  worker=3  epsilon=0.055
  outcome   reward=-1.0063  progress=0.0000  success=0/1 (0.00%)  steps=mean:63.0 range:[63,63]
  training  completed=785/2500  queue=3/256 (1%)  replay=108796/200000  updates=65  loss=0.00093  policy_version=247
  throughput env_steps_s=334.4  transitions_s=334.4  transitions_step=1.0  updates_s=84.6  updates_throttled=0
episode=0784
  mode      collector=async  worker=1  epsilon=0.055
  outcome   reward=-0.0025999999999990475  progress=0.0370  success=0/1 (0.00%)  steps=mean:226.0 range:[226,226]
  training  completed=786/2500  queue=1/256 (0%)  replay=108821/200000  updates=6  loss=0.00022  policy_version=247
  throughput env_steps_s=295.8  transitions_s=295.8  transitions_step=1.0  updates_s=71.0  updates_throttled=0
episode=0783
  mode      collector=async  worker=2  epsilon=0.055
  outcome   reward=1.9879999999999731  progress=0.1111  success=0/1 (0.00%)  steps=mean:320.0 range:[320,320]
  training  completed=787/2500  queue=0/256 (0%)  replay=108969/200000  updates=37  loss=0.00054  policy_version=247
  throughput env_steps_s=311.9  transitions_s=311.9  transitions_step=1.0  updates_s=78.0  updates_throttled=0
episode=0788
  mode      collector=async  worker=3  epsilon=0.055
  outcome   reward=-1.0067  progress=0.0000  success=0/1 (0.00%)  steps=mean:67.0 range:[67,67]
  training  completed=788/2500  queue=0/256 (0%)  replay=109077/200000  updates=27  loss=0.00164  policy_version=247
  throughput env_steps_s=339.1  transitions_s=339.1  transitions_step=1.0  updates_s=84.8  updates_throttled=0
episode=0790
  mode      collector=async  worker=2  epsilon=0.055
  outcome   reward=-1.0065  progress=0.0000  success=0/1 (0.00%)  steps=mean:65.0 range:[65,65]
  training  completed=789/2500  queue=0/256 (0%)  replay=109230/200000  updates=38  loss=0.00062  policy_version=248
  throughput env_steps_s=343.3  transitions_s=343.3  transitions_step=1.0  updates_s=85.3  updates_throttled=0
episode=0786
  mode      collector=async  worker=0  epsilon=0.054
  outcome   reward=0.9874000000000025  progress=0.0741  success=0/1 (0.00%)  steps=mean:326.0 range:[326,326]
  training  completed=790/2500  queue=1/256 (0%)  replay=109616/200000  updates=97  loss=0.00119  policy_version=249
  throughput env_steps_s=342.6  transitions_s=342.6  transitions_step=1.0  updates_s=86.1  updates_throttled=0
episode=0793
  mode      collector=async  worker=0  epsilon=0.054
  outcome   reward=-1.0062  progress=0.0000  success=0/1 (0.00%)  steps=mean:62.0 range:[62,62]
  training  completed=791/2500  queue=0/256 (0%)  replay=109871/200000  updates=63  loss=0.00092  policy_version=249
  throughput env_steps_s=348.7  transitions_s=348.7  transitions_step=1.0  updates_s=86.2  updates_throttled=0
episode=0791
  mode      collector=async  worker=3  epsilon=0.054
  outcome   reward=-0.00429999999999886  progress=0.0370  success=0/1 (0.00%)  steps=mean:243.0 range:[243,243]
  training  completed=792/2500  queue=0/256 (0%)  replay=110033/200000  updates=41  loss=0.00104  policy_version=250
  throughput env_steps_s=341.2  transitions_s=341.2  transitions_step=1.0  updates_s=86.4  updates_throttled=0
episode=0789
  mode      collector=async  worker=1  epsilon=0.054
  outcome   reward=1.9902999999999873  progress=0.1111  success=0/1 (0.00%)  steps=mean:297.0 range:[297,297]
  training  completed=793/2500  queue=0/256 (0%)  replay=110039/200000  updates=1  loss=0.00033  policy_version=250
  throughput env_steps_s=297.8  transitions_s=297.8  transitions_step=1.0  updates_s=49.6  updates_throttled=0
episode=0794
  mode      collector=async  worker=0  epsilon=0.054
  outcome   reward=-1.0063  progress=0.0000  success=0/1 (0.00%)  steps=mean:63.0 range:[63,63]
  training  completed=794/2500  queue=0/256 (0%)  replay=110139/200000  updates=25  loss=0.00022  policy_version=250
  throughput env_steps_s=335.3  transitions_s=335.3  transitions_step=1.0  updates_s=83.8  updates_throttled=0
episode=0795
  mode      collector=async  worker=3  epsilon=0.053
  outcome   reward=-1.0061  progress=0.0000  success=0/1 (0.00%)  steps=mean:61.0 range:[61,61]
  training  completed=795/2500  queue=0/256 (0%)  replay=110255/200000  updates=29  loss=0.00128  policy_version=250
  throughput env_steps_s=349.6  transitions_s=349.6  transitions_step=1.0  updates_s=87.4  updates_throttled=0
episode=0796
  mode      collector=async  worker=1  epsilon=0.053
  outcome   reward=-1.0061  progress=0.0000  success=0/1 (0.00%)  steps=mean:61.0 range:[61,61]
  training  completed=796/2500  queue=0/256 (0%)  replay=110275/200000  updates=5  loss=0.00027  policy_version=250
  throughput env_steps_s=310.2  transitions_s=310.2  transitions_step=1.0  updates_s=77.6  updates_throttled=0
episode=0797
  mode      collector=async  worker=0  epsilon=0.053
  outcome   reward=-1.0063  progress=0.0000  success=0/1 (0.00%)  steps=mean:63.0 range:[63,63]
  training  completed=797/2500  queue=2/256 (1%)  replay=110412/200000  updates=35  loss=0.00045  policy_version=251
  throughput env_steps_s=338.4  transitions_s=338.4  transitions_step=1.0  updates_s=86.4  updates_throttled=0
episode=0799
  mode      collector=async  worker=1  epsilon=0.053
  outcome   reward=-1.0063  progress=0.0000  success=0/1 (0.00%)  steps=mean:63.0 range:[63,63]
  training  completed=798/2500  queue=0/256 (0%)  replay=110514/200000  updates=25  loss=0.00073  policy_version=251
  throughput env_steps_s=336.8  transitions_s=336.8  transitions_step=1.0  updates_s=82.6  updates_throttled=0
episode=0800
  mode      collector=async  worker=0  epsilon=0.053
  outcome   reward=-1.0061  progress=0.0000  success=0/1 (0.00%)  steps=mean:61.0 range:[61,61]
  training  completed=799/2500  queue=3/256 (1%)  replay=110668/200000  updates=39  loss=0.00102  policy_version=251
  throughput env_steps_s=333.0  transitions_s=333.0  transitions_step=1.0  updates_s=84.3  updates_throttled=0
episode=0798
  mode      collector=async  worker=3  epsilon=0.052
  outcome   reward=1.00939999999998  progress=0.0741  success=0/1 (0.00%)  steps=mean:106.0 range:[106,106]
  training  completed=800/2500  queue=2/256 (1%)  replay=110674/200000  updates=1  loss=0.00044  policy_version=251
  throughput env_steps_s=196.2  transitions_s=196.2  transitions_step=1.0  updates_s=32.7  updates_throttled=0
Saved checkpoint: checkpoints/breakout_s2_rand/ckpt-800
Scheduled replay buffer save: checkpoints/breakout_s2_rand/replay-800.npz transitions=110674
Evaluating frozen checkpoint episode=800 episodes=20 metric=auto...
Saved replay buffer: checkpoints/breakout_s2_rand/replay-800.npz transitions=110674
episode=0802
  mode      collector=async  worker=0  epsilon=0.052
  outcome   reward=0.002100000000000879  progress=0.0370  success=0/1 (0.00%)  steps=mean:179.0 range:[179,179]
  training  completed=801/2500  queue=0/256 (0%)  replay=111373/200000  updates=175  loss=0.00076  policy_version=253
  throughput env_steps_s=275.7  transitions_s=275.7  transitions_step=1.0  updates_s=69.0  updates_throttled=0
episode=0792
  mode      collector=async  worker=2  epsilon=0.052
  outcome   reward=1.9618999999999842  progress=0.1111  success=0/1 (0.00%)  steps=mean:581.0 range:[581,581]
  training  completed=802/2500  queue=0/256 (0%)  replay=111542/200000  updates=42  loss=0.00120  policy_version=253
  throughput env_steps_s=280.7  transitions_s=280.7  transitions_step=1.0  updates_s=69.8  updates_throttled=0
episode=0804
  mode      collector=async  worker=0  epsilon=0.052
  outcome   reward=-1.0063  progress=0.0000  success=0/1 (0.00%)  steps=mean:63.0 range:[63,63]
  training  completed=803/2500  queue=0/256 (0%)  replay=111625/200000  updates=21  loss=0.00022  policy_version=254
  throughput env_steps_s=281.0  transitions_s=281.0  transitions_step=1.0  updates_s=71.1  updates_throttled=0
episode=0801
  mode      collector=async  worker=1  epsilon=0.052
  outcome   reward=1.9753999999999878  progress=0.1111  success=0/1 (0.00%)  steps=mean:446.0 range:[446,446]
  training  completed=804/2500  queue=0/256 (0%)  replay=112295/200000  updates=167  loss=0.00107  policy_version=255
  throughput env_steps_s=291.0  transitions_s=291.0  transitions_step=1.0  updates_s=72.5  updates_throttled=0
episode=0805
  mode      collector=async  worker=2  epsilon=0.052
  outcome   reward=-0.0001999999999990898  progress=0.0370  success=0/1 (0.00%)  steps=mean:202.0 range:[202,202]
  training  completed=805/2500  queue=0/256 (0%)  replay=112365/200000  updates=18  loss=0.00040  policy_version=255
  throughput env_steps_s=286.1  transitions_s=286.1  transitions_step=1.0  updates_s=73.6  updates_throttled=0
episode=0806
  mode      collector=async  worker=0  epsilon=0.051
  outcome   reward=0.9989999999999866  progress=0.0741  success=0/1 (0.00%)  steps=mean:210.0 range:[210,210]
  training  completed=806/2500  queue=1/256 (0%)  replay=112460/200000  updates=24  loss=0.00037  policy_version=256
  throughput env_steps_s=279.7  transitions_s=279.7  transitions_step=1.0  updates_s=70.7  updates_throttled=0
episode=0803
  mode      collector=async  worker=3  epsilon=0.051
  outcome   reward=1.9746999999999872  progress=0.1111  success=0/1 (0.00%)  steps=mean:453.0 range:[453,453]
  training  completed=807/2500  queue=0/256 (0%)  replay=112487/200000  updates=6  loss=0.00086  policy_version=256
  throughput env_steps_s=292.9  transitions_s=292.9  transitions_step=1.0  updates_s=65.1  updates_throttled=0
episode=0807
  mode      collector=async  worker=1  epsilon=0.051
  outcome   reward=-1.0062  progress=0.0000  success=0/1 (0.00%)  steps=mean:62.0 range:[62,62]
  training  completed=808/2500  queue=0/256 (0%)  replay=112546/200000  updates=15  loss=0.00032  policy_version=256
  throughput env_steps_s=281.0  transitions_s=281.0  transitions_step=1.0  updates_s=71.4  updates_throttled=0
episode=0809
  mode      collector=async  worker=0  epsilon=0.051
  outcome   reward=-1.0066  progress=0.0000  success=0/1 (0.00%)  steps=mean:66.0 range:[66,66]
  training  completed=809/2500  queue=0/256 (0%)  replay=112734/200000  updates=47  loss=0.00056  policy_version=256
  throughput env_steps_s=290.0  transitions_s=290.0  transitions_step=1.0  updates_s=72.5  updates_throttled=0
episode=0811
  mode      collector=async  worker=1  epsilon=0.051
  outcome   reward=-1.0061  progress=0.0000  success=0/1 (0.00%)  steps=mean:61.0 range:[61,61]
  training  completed=810/2500  queue=0/256 (0%)  replay=112779/200000  updates=11  loss=0.00126  policy_version=256
  throughput env_steps_s=294.9  transitions_s=294.9  transitions_step=1.0  updates_s=72.1  updates_throttled=0
episode=0812
  mode      collector=async  worker=0  epsilon=0.050
  outcome   reward=-1.0066  progress=0.0000  success=0/1 (0.00%)  steps=mean:66.0 range:[66,66]
  training  completed=811/2500  queue=0/256 (0%)  replay=112994/200000  updates=54  loss=0.00055  policy_version=257
  throughput env_steps_s=291.6  transitions_s=291.6  transitions_step=1.0  updates_s=73.3  updates_throttled=0
episode=0814
  mode      collector=async  worker=0  epsilon=0.050
  outcome   reward=-1.0065  progress=0.0000  success=0/1 (0.00%)  steps=mean:65.0 range:[65,65]
  training  completed=812/2500  queue=0/256 (0%)  replay=113262/200000  updates=67  loss=0.00051  policy_version=258
  throughput env_steps_s=285.2  transitions_s=285.2  transitions_step=1.0  updates_s=71.3  updates_throttled=0
episode=0810
  mode      collector=async  worker=3  epsilon=0.050
  outcome   reward=-0.0036999999999989264  progress=0.0370  success=0/1 (0.00%)  steps=mean:237.0 range:[237,237]
  training  completed=813/2500  queue=0/256 (0%)  replay=113427/200000  updates=41  loss=0.00110  policy_version=258
  throughput env_steps_s=283.6  transitions_s=283.6  transitions_step=1.0  updates_s=70.5  updates_throttled=0
episode=0808
  mode      collector=async  worker=2  epsilon=0.050
  outcome   reward=0.9875000000000025  progress=0.0741  success=0/1 (0.00%)  steps=mean:325.0 range:[325,325]
  training  completed=814/2500  queue=0/256 (0%)  replay=113682/200000  updates=64  loss=0.00132  policy_version=259
  throughput env_steps_s=288.7  transitions_s=288.7  transitions_step=1.0  updates_s=72.5  updates_throttled=0
episode=0817
  mode      collector=async  worker=2  epsilon=0.050
  outcome   reward=-1.0065  progress=0.0000  success=0/1 (0.00%)  steps=mean:65.0 range:[65,65]
  training  completed=815/2500  queue=0/256 (0%)  replay=113938/200000  updates=64  loss=0.00075  policy_version=259
  throughput env_steps_s=287.7  transitions_s=287.7  transitions_step=1.0  updates_s=71.9  updates_throttled=0
episode=0815
  mode      collector=async  worker=0  epsilon=0.049
  outcome   reward=0.0007000000000008111  progress=0.0370  success=0/1 (0.00%)  steps=mean:193.0 range:[193,193]
  training  completed=816/2500  queue=0/256 (0%)  replay=114039/200000  updates=25  loss=0.00084  policy_version=260
  throughput env_steps_s=271.0  transitions_s=271.0  transitions_step=1.0  updates_s=67.1  updates_throttled=0
episode=0818
  mode      collector=async  worker=2  epsilon=0.049
  outcome   reward=-1.0063  progress=0.0000  success=0/1 (0.00%)  steps=mean:63.0 range:[63,63]
  training  completed=817/2500  queue=0/256 (0%)  replay=114190/200000  updates=38  loss=0.00084  policy_version=260
  throughput env_steps_s=290.6  transitions_s=290.6  transitions_step=1.0  updates_s=73.1  updates_throttled=0
episode=0813
  mode      collector=async  worker=1  epsilon=0.049
  outcome   reward=1.9833999999999816  progress=0.1111  success=0/1 (0.00%)  steps=mean:366.0 range:[366,366]
  training  completed=818/2500  queue=0/256 (0%)  replay=114233/200000  updates=11  loss=0.00160  policy_version=260
  throughput env_steps_s=293.4  transitions_s=293.4  transitions_step=1.0  updates_s=75.1  updates_throttled=0
episode=0816
  mode      collector=async  worker=3  epsilon=0.049
  outcome   reward=-0.0008999999999990127  progress=0.0370  success=0/1 (0.00%)  steps=mean:209.0 range:[209,209]
  training  completed=819/2500  queue=0/256 (0%)  replay=114249/200000  updates=4  loss=0.00027  policy_version=260
  throughput env_steps_s=307.3  transitions_s=307.3  transitions_step=1.0  updates_s=76.8  updates_throttled=0
episode=0821
  mode      collector=async  worker=1  epsilon=0.049
  outcome   reward=-1.0065  progress=0.0000  success=0/1 (0.00%)  steps=mean:65.0 range:[65,65]
  training  completed=820/2500  queue=3/256 (1%)  replay=114507/200000  updates=64  loss=0.00088  policy_version=261
  throughput env_steps_s=280.9  transitions_s=280.9  transitions_step=1.0  updates_s=69.7  updates_throttled=0
Frozen evaluation episode=800: success=0/20 (0.00%) reward_mean=-0.1576 steps_mean=166.3
episode=0819
  mode      collector=async  worker=0  epsilon=0.049
  outcome   reward=-0.0035999999999989374  progress=0.0370  success=0/1 (0.00%)  steps=mean:236.0 range:[236,236]
  training  completed=821/2500  queue=0/256 (0%)  replay=114983/200000  updates=119  loss=0.00104  policy_version=262
  throughput env_steps_s=303.9  transitions_s=303.9  transitions_step=1.0  updates_s=76.0  updates_throttled=0
episode=0822
  mode      collector=async  worker=3  epsilon=0.048
  outcome   reward=0.9982999999999884  progress=0.0741  success=0/1 (0.00%)  steps=mean:217.0 range:[217,217]
  training  completed=822/2500  queue=2/256 (1%)  replay=115112/200000  updates=33  loss=0.00151  policy_version=262
  throughput env_steps_s=341.2  transitions_s=341.2  transitions_step=1.0  updates_s=87.3  updates_throttled=0
episode=0820
  mode      collector=async  worker=2  epsilon=0.048
  outcome   reward=0.9820000000000029  progress=0.0741  success=0/1 (0.00%)  steps=mean:380.0 range:[380,380]
  training  completed=823/2500  queue=0/256 (0%)  replay=115685/200000  updates=143  loss=0.00117  policy_version=264
  throughput env_steps_s=342.5  transitions_s=342.5  transitions_step=1.0  updates_s=85.5  updates_throttled=0
episode=0824
  mode      collector=async  worker=0  epsilon=0.048
  outcome   reward=-0.0030999999999989925  progress=0.0370  success=0/1 (0.00%)  steps=mean:231.0 range:[231,231]
  training  completed=824/2500  queue=0/256 (0%)  replay=115902/200000  updates=54  loss=0.00072  policy_version=264
  throughput env_steps_s=342.1  transitions_s=342.1  transitions_step=1.0  updates_s=85.1  updates_throttled=0
episode=0826
  mode      collector=async  worker=2  epsilon=0.048
  outcome   reward=-1.0062  progress=0.0000  success=0/1 (0.00%)  steps=mean:62.0 range:[62,62]
  training  completed=825/2500  queue=0/256 (0%)  replay=115938/200000  updates=9  loss=0.00027  policy_version=264
  throughput env_steps_s=323.1  transitions_s=323.1  transitions_step=1.0  updates_s=80.8  updates_throttled=0
episode=0825
  mode      collector=async  worker=3  epsilon=0.048
  outcome   reward=0.9989999999999843  progress=0.0741  success=0/1 (0.00%)  steps=mean:210.0 range:[210,210]
  training  completed=826/2500  queue=0/256 (0%)  replay=115962/200000  updates=6  loss=0.00185  policy_version=264
  throughput env_steps_s=305.6  transitions_s=305.6  transitions_step=1.0  updates_s=76.4  updates_throttled=0
episode=0827
  mode      collector=async  worker=0  epsilon=0.048
  outcome   reward=-1.0066  progress=0.0000  success=0/1 (0.00%)  steps=mean:66.0 range:[66,66]
  training  completed=827/2500  queue=1/256 (0%)  replay=116165/200000  updates=51  loss=0.00050  policy_version=265
  throughput env_steps_s=341.0  transitions_s=341.0  transitions_step=1.0  updates_s=85.7  updates_throttled=0
episode=0828
  mode      collector=async  worker=2  epsilon=0.047
  outcome   reward=-1.0061  progress=0.0000  success=0/1 (0.00%)  steps=mean:61.0 range:[61,61]
  training  completed=828/2500  queue=0/256 (0%)  replay=116183/200000  updates=4  loss=0.00242  policy_version=265
  throughput env_steps_s=363.8  transitions_s=363.8  transitions_step=1.0  updates_s=80.8  updates_throttled=0
episode=0830
  mode      collector=async  worker=0  epsilon=0.047
  outcome   reward=-1.0063  progress=0.0000  success=0/1 (0.00%)  steps=mean:63.0 range:[63,63]
  training  completed=829/2500  queue=0/256 (0%)  replay=116421/200000  updates=60  loss=0.00085  policy_version=266
  throughput env_steps_s=337.2  transitions_s=337.2  transitions_step=1.0  updates_s=85.0  updates_throttled=0
episode=0831
  mode      collector=async  worker=2  epsilon=0.047
  outcome   reward=-0.0007999999999990237  progress=0.0370  success=0/1 (0.00%)  steps=mean:208.0 range:[208,208]
  training  completed=830/2500  queue=0/256 (0%)  replay=117043/200000  updates=155  loss=0.00132  policy_version=267
  throughput env_steps_s=339.1  transitions_s=339.1  transitions_step=1.0  updates_s=84.5  updates_throttled=0
episode=0833
  mode      collector=async  worker=2  epsilon=0.047
  outcome   reward=-1.006  progress=0.0000  success=0/1 (0.00%)  steps=mean:60.0 range:[60,60]
  training  completed=831/2500  queue=0/256 (0%)  replay=117291/200000  updates=62  loss=0.00057  policy_version=268
  throughput env_steps_s=339.2  transitions_s=339.2  transitions_step=1.0  updates_s=84.8  updates_throttled=0
episode=0823
  mode      collector=async  worker=1  epsilon=0.047
  outcome   reward=4.946000000000021  progress=0.2222  success=0/1 (0.00%)  steps=mean:740.0 range:[740,740]
  training  completed=832/2500  queue=0/256 (0%)  replay=117462/200000  updates=43  loss=0.00036  policy_version=268
  throughput env_steps_s=344.1  transitions_s=344.1  transitions_step=1.0  updates_s=86.5  updates_throttled=0
episode=0832
  mode      collector=async  worker=0  epsilon=0.046
  outcome   reward=1.9893999999999676  progress=0.1111  success=0/1 (0.00%)  steps=mean:306.0 range:[306,306]
  training  completed=833/2500  queue=0/256 (0%)  replay=117626/200000  updates=41  loss=0.00193  policy_version=269
  throughput env_steps_s=343.7  transitions_s=343.7  transitions_step=1.0  updates_s=85.9  updates_throttled=0
episode=0829
  mode      collector=async  worker=3  epsilon=0.046
  outcome   reward=1.9738999999999878  progress=0.1111  success=0/1 (0.00%)  steps=mean:461.0 range:[461,461]
  training  completed=834/2500  queue=0/256 (0%)  replay=117795/200000  updates=42  loss=0.00147  policy_version=269
  throughput env_steps_s=348.4  transitions_s=348.4  transitions_step=1.0  updates_s=86.6  updates_throttled=0
episode=0834
  mode      collector=async  worker=2  epsilon=0.046
  outcome   reward=0.001100000000000767  progress=0.0370  success=0/1 (0.00%)  steps=mean:189.0 range:[189,189]
  training  completed=835/2500  queue=0/256 (0%)  replay=118035/200000  updates=60  loss=0.00096  policy_version=270
  throughput env_steps_s=339.7  transitions_s=339.7  transitions_step=1.0  updates_s=84.9  updates_throttled=0
episode=0837
  mode      collector=async  worker=3  epsilon=0.046
  outcome   reward=-0.0026999999999990365  progress=0.0370  success=0/1 (0.00%)  steps=mean:227.0 range:[227,227]
  training  completed=836/2500  queue=1/256 (0%)  replay=118704/200000  updates=168  loss=0.00103  policy_version=271
  throughput env_steps_s=343.4  transitions_s=343.4  transitions_step=1.0  updates_s=86.2  updates_throttled=0
episode=0835
  mode      collector=async  worker=1  epsilon=0.046
  outcome   reward=0.9871000000000023  progress=0.0741  success=0/1 (0.00%)  steps=mean:329.0 range:[329,329]
  training  completed=837/2500  queue=0/256 (0%)  replay=118783/200000  updates=19  loss=0.00112  policy_version=271
  throughput env_steps_s=345.2  transitions_s=345.2  transitions_step=1.0  updates_s=83.0  updates_throttled=0
episode=0838
  mode      collector=async  worker=2  epsilon=0.046
  outcome   reward=0.9990999999999843  progress=0.0741  success=0/1 (0.00%)  steps=mean:209.0 range:[209,209]
  training  completed=838/2500  queue=0/256 (0%)  replay=118863/200000  updates=20  loss=0.00063  policy_version=272
  throughput env_steps_s=336.6  transitions_s=336.6  transitions_step=1.0  updates_s=84.1  updates_throttled=0
episode=0836
  mode      collector=async  worker=0  epsilon=0.045
  outcome   reward=1.972499999999983  progress=0.1111  success=0/1 (0.00%)  steps=mean:475.0 range:[475,475]
  training  completed=839/2500  queue=0/256 (0%)  replay=119540/200000  updates=170  loss=0.00090  policy_version=273
  throughput env_steps_s=342.0  transitions_s=342.0  transitions_step=1.0  updates_s=85.9  updates_throttled=0
episode=0839
  mode      collector=async  worker=3  epsilon=0.045
  outcome   reward=-0.0026999999999990365  progress=0.0370  success=0/1 (0.00%)  steps=mean:227.0 range:[227,227]
  training  completed=840/2500  queue=2/256 (1%)  replay=119602/200000  updates=15  loss=0.00108  policy_version=274
  throughput env_steps_s=341.3  transitions_s=341.3  transitions_step=1.0  updates_s=82.6  updates_throttled=0
episode=0840
  mode      collector=async  worker=1  epsilon=0.045
  outcome   reward=-0.004499999999998838  progress=0.0370  success=0/1 (0.00%)  steps=mean:245.0 range:[245,245]
  training  completed=841/2500  queue=0/256 (0%)  replay=119786/200000  updates=46  loss=0.00151  policy_version=274
  throughput env_steps_s=355.0  transitions_s=355.0  transitions_step=1.0  updates_s=88.7  updates_throttled=0
episode=0841
  mode      collector=async  worker=2  epsilon=0.045
  outcome   reward=0.9854000000000023  progress=0.0741  success=0/1 (0.00%)  steps=mean:346.0 range:[346,346]
  training  completed=842/2500  queue=0/256 (0%)  replay=120242/200000  updates=114  loss=0.00091  policy_version=275
  throughput env_steps_s=340.9  transitions_s=340.9  transitions_step=1.0  updates_s=85.2  updates_throttled=0
episode=0842
  mode      collector=async  worker=0  epsilon=0.045
  outcome   reward=0.002200000000000868  progress=0.0370  success=0/1 (0.00%)  steps=mean:178.0 range:[178,178]
  training  completed=843/2500  queue=0/256 (0%)  replay=120270/200000  updates=7  loss=0.00154  policy_version=275
  throughput env_steps_s=323.6  transitions_s=323.6  transitions_step=1.0  updates_s=80.9  updates_throttled=0
episode=0845
  mode      collector=async  worker=2  epsilon=0.045
  outcome   reward=-1.0063  progress=0.0000  success=0/1 (0.00%)  steps=mean:63.0 range:[63,63]
  training  completed=844/2500  queue=0/256 (0%)  replay=120485/200000  updates=54  loss=0.00111  policy_version=276
  throughput env_steps_s=336.5  transitions_s=336.5  transitions_step=1.0  updates_s=84.5  updates_throttled=0
episode=0846
  mode      collector=async  worker=0  epsilon=0.044
  outcome   reward=-1.0064  progress=0.0000  success=0/1 (0.00%)  steps=mean:64.0 range:[64,64]
  training  completed=845/2500  queue=0/256 (0%)  replay=120534/200000  updates=12  loss=0.00057  policy_version=276
  throughput env_steps_s=348.7  transitions_s=348.7  transitions_step=1.0  updates_s=85.4  updates_throttled=0
episode=0843
  mode      collector=async  worker=3  epsilon=0.044
  outcome   reward=-0.004099999999998882  progress=0.0370  success=0/1 (0.00%)  steps=mean:241.0 range:[241,241]
  training  completed=846/2500  queue=0/256 (0%)  replay=120550/200000  updates=4  loss=0.00083  policy_version=276
  throughput env_steps_s=290.3  transitions_s=290.3  transitions_step=1.0  updates_s=72.6  updates_throttled=0
episode=0847
  mode      collector=async  worker=2  epsilon=0.044
  outcome   reward=-1.0066  progress=0.0000  success=0/1 (0.00%)  steps=mean:66.0 range:[66,66]
  training  completed=847/2500  queue=0/256 (0%)  replay=120729/200000  updates=45  loss=0.00069  policy_version=276
  throughput env_steps_s=350.0  transitions_s=350.0  transitions_step=1.0  updates_s=88.0  updates_throttled=0
episode=0844
  mode      collector=async  worker=1  epsilon=0.044
  outcome   reward=-0.0035999999999989374  progress=0.0370  success=0/1 (0.00%)  steps=mean:236.0 range:[236,236]
  training  completed=848/2500  queue=0/256 (0%)  replay=120754/200000  updates=6  loss=0.00292  policy_version=276
  throughput env_steps_s=315.6  transitions_s=315.6  transitions_step=1.0  updates_s=75.7  updates_throttled=0
episode=0848
  mode      collector=async  worker=0  epsilon=0.044
  outcome   reward=-1.0062  progress=0.0000  success=0/1 (0.00%)  steps=mean:62.0 range:[62,62]
  training  completed=849/2500  queue=0/256 (0%)  replay=120777/200000  updates=6  loss=0.00020  policy_version=276
  throughput env_steps_s=298.1  transitions_s=298.1  transitions_step=1.0  updates_s=77.8  updates_throttled=0
episode=0849
  mode      collector=async  worker=3  epsilon=0.044
  outcome   reward=-1.006  progress=0.0000  success=0/1 (0.00%)  steps=mean:60.0 range:[60,60]
  training  completed=850/2500  queue=0/256 (0%)  replay=120789/200000  updates=3  loss=0.00025  policy_version=276
  throughput env_steps_s=231.6  transitions_s=231.6  transitions_step=1.0  updates_s=57.9  updates_throttled=0
episode=0852
  mode      collector=async  worker=0  epsilon=0.043
  outcome   reward=-1.0064  progress=0.0000  success=0/1 (0.00%)  steps=mean:64.0 range:[64,64]
  training  completed=851/2500  queue=0/256 (0%)  replay=121031/200000  updates=60  loss=0.00108  policy_version=277
  throughput env_steps_s=357.7  transitions_s=357.7  transitions_step=1.0  updates_s=88.7  updates_throttled=0
episode=0851
  mode      collector=async  worker=1  epsilon=0.043
  outcome   reward=-0.0021999999999988695  progress=0.0370  success=0/1 (0.00%)  steps=mean:222.0 range:[222,222]
  training  completed=852/2500  queue=0/256 (0%)  replay=121646/200000  updates=154  loss=0.00118  policy_version=279
  throughput env_steps_s=337.6  transitions_s=337.6  transitions_step=1.0  updates_s=84.5  updates_throttled=0
episode=0854
  mode      collector=async  worker=0  epsilon=0.043
  outcome   reward=0.001000000000000778  progress=0.0370  success=0/1 (0.00%)  steps=mean:190.0 range:[190,190]
  training  completed=853/2500  queue=0/256 (0%)  replay=121791/200000  updates=36  loss=0.00149  policy_version=279
  throughput env_steps_s=320.0  transitions_s=320.0  transitions_step=1.0  updates_s=79.4  updates_throttled=0
episode=0855
  mode      collector=async  worker=1  epsilon=0.043
  outcome   reward=-1.0066  progress=0.0000  success=0/1 (0.00%)  steps=mean:66.0 range:[66,66]
  training  completed=854/2500  queue=0/256 (0%)  replay=121917/200000  updates=32  loss=0.00019  policy_version=279
  throughput env_steps_s=333.5  transitions_s=333.5  transitions_step=1.0  updates_s=84.7  updates_throttled=0
episode=0857
  mode      collector=async  worker=1  epsilon=0.043
  outcome   reward=-1.0063  progress=0.0000  success=0/1 (0.00%)  steps=mean:63.0 range:[63,63]
  training  completed=855/2500  queue=0/256 (0%)  replay=122172/200000  updates=64  loss=0.00065  policy_version=280
  throughput env_steps_s=352.6  transitions_s=352.6  transitions_step=1.0  updates_s=88.5  updates_throttled=0
episode=0853
  mode      collector=async  worker=3  epsilon=0.043
  outcome   reward=0.9829000000000025  progress=0.0741  success=0/1 (0.00%)  steps=mean:371.0 range:[371,371]
  training  completed=856/2500  queue=0/256 (0%)  replay=122267/200000  updates=23  loss=0.00033  policy_version=280
  throughput env_steps_s=343.2  transitions_s=343.2  transitions_step=1.0  updates_s=83.1  updates_throttled=0
episode=0859
  mode      collector=async  worker=3  epsilon=0.043
  outcome   reward=-1.006  progress=0.0000  success=0/1 (0.00%)  steps=mean:60.0 range:[60,60]
  training  completed=857/2500  queue=0/256 (0%)  replay=122502/200000  updates=59  loss=0.00026  policy_version=281
  throughput env_steps_s=339.5  transitions_s=339.5  transitions_step=1.0  updates_s=85.2  updates_throttled=0
episode=0856
  mode      collector=async  worker=0  epsilon=0.042
  outcome   reward=-0.0011999999999989797  progress=0.0370  success=0/1 (0.00%)  steps=mean:212.0 range:[212,212]
  training  completed=858/2500  queue=2/256 (1%)  replay=122620/200000  updates=30  loss=0.00109  policy_version=281
  throughput env_steps_s=326.9  transitions_s=326.9  transitions_step=1.0  updates_s=83.1  updates_throttled=0
episode=0860
  mode      collector=async  worker=3  epsilon=0.042
  outcome   reward=-1.006  progress=0.0000  success=0/1 (0.00%)  steps=mean:60.0 range:[60,60]
  training  completed=859/2500  queue=3/256 (1%)  replay=122740/200000  updates=30  loss=0.00071  policy_version=281
  throughput env_steps_s=332.0  transitions_s=332.0  transitions_step=1.0  updates_s=83.0  updates_throttled=0
episode=0862
  mode      collector=async  worker=3  epsilon=0.042
  outcome   reward=-1.0059  progress=0.0000  success=0/1 (0.00%)  steps=mean:59.0 range:[59,59]
  training  completed=860/2500  queue=3/256 (1%)  replay=122969/200000  updates=57  loss=0.00095  policy_version=282
  throughput env_steps_s=348.5  transitions_s=348.5  transitions_step=1.0  updates_s=86.7  updates_throttled=0
episode=0863
  mode      collector=async  worker=3  epsilon=0.042
  outcome   reward=-1.0063  progress=0.0000  success=0/1 (0.00%)  steps=mean:63.0 range:[63,63]
  training  completed=861/2500  queue=0/256 (0%)  replay=123219/200000  updates=62  loss=0.00069  policy_version=283
  throughput env_steps_s=346.7  transitions_s=346.7  transitions_step=1.0  updates_s=86.0  updates_throttled=0
episode=0858
  mode      collector=async  worker=1  epsilon=0.042
  outcome   reward=1.9783999999999813  progress=0.1111  success=0/1 (0.00%)  steps=mean:416.0 range:[416,416]
  training  completed=862/2500  queue=0/256 (0%)  replay=123842/200000  updates=156  loss=0.00072  policy_version=284
  throughput env_steps_s=335.7  transitions_s=335.7  transitions_step=1.0  updates_s=84.1  updates_throttled=0
episode=0850
  mode      collector=async  worker=2  epsilon=0.042
  outcome   reward=6.929300000000044  progress=0.2963  success=0/1 (0.00%)  steps=mean:907.0 range:[907,907]
  training  completed=863/2500  queue=1/256 (0%)  replay=124333/200000  updates=123  loss=0.00103  policy_version=285
  throughput env_steps_s=339.3  transitions_s=339.3  transitions_step=1.0  updates_s=85.0  updates_throttled=0
episode=0861
  mode      collector=async  worker=0  epsilon=0.041
  outcome   reward=1.97689999999998  progress=0.1111  success=0/1 (0.00%)  steps=mean:431.0 range:[431,431]
  training  completed=864/2500  queue=2/256 (1%)  replay=124348/200000  updates=4  loss=0.00015  policy_version=285
  throughput env_steps_s=306.7  transitions_s=306.7  transitions_step=1.0  updates_s=81.8  updates_throttled=0
episode=0864
  mode      collector=async  worker=3  epsilon=0.041
  outcome   reward=1.9858999999999651  progress=0.1111  success=0/1 (0.00%)  steps=mean:341.0 range:[341,341]
  training  completed=865/2500  queue=0/256 (0%)  replay=124602/200000  updates=63  loss=0.00089  policy_version=286
  throughput env_steps_s=339.7  transitions_s=339.7  transitions_step=1.0  updates_s=84.3  updates_throttled=0
episode=0867
  mode      collector=async  worker=0  epsilon=0.041
  outcome   reward=-1.0062  progress=0.0000  success=0/1 (0.00%)  steps=mean:62.0 range:[62,62]
  training  completed=866/2500  queue=0/256 (0%)  replay=124605/200000  updates=1  loss=0.00028  policy_version=286
  throughput env_steps_s=273.5  transitions_s=273.5  transitions_step=1.0  updates_s=91.2  updates_throttled=0
episode=0868
  mode      collector=async  worker=3  epsilon=0.041
  outcome   reward=-1.0065  progress=0.0000  success=0/1 (0.00%)  steps=mean:65.0 range:[65,65]
  training  completed=867/2500  queue=1/256 (0%)  replay=124865/200000  updates=65  loss=0.00123  policy_version=287
  throughput env_steps_s=324.8  transitions_s=324.8  transitions_step=1.0  updates_s=81.2  updates_throttled=0
episode=0870
  mode      collector=async  worker=3  epsilon=0.041
  outcome   reward=-1.0065  progress=0.0000  success=0/1 (0.00%)  steps=mean:65.0 range:[65,65]
  training  completed=868/2500  queue=1/256 (0%)  replay=125124/200000  updates=65  loss=0.00090  policy_version=287
  throughput env_steps_s=342.3  transitions_s=342.3  transitions_step=1.0  updates_s=85.9  updates_throttled=0
episode=0871
  mode      collector=async  worker=3  epsilon=0.041
  outcome   reward=-1.0065  progress=0.0000  success=0/1 (0.00%)  steps=mean:65.0 range:[65,65]
  training  completed=869/2500  queue=0/256 (0%)  replay=125378/200000  updates=63  loss=0.00097  policy_version=288
  throughput env_steps_s=332.1  transitions_s=332.1  transitions_step=1.0  updates_s=82.4  updates_throttled=0
episode=0869
  mode      collector=async  worker=0  epsilon=0.041
  outcome   reward=-0.0014999999999989466  progress=0.0370  success=0/1 (0.00%)  steps=mean:215.0 range:[215,215]
  training  completed=870/2500  queue=0/256 (0%)  replay=125461/200000  updates=21  loss=0.00289  policy_version=288
  throughput env_steps_s=323.8  transitions_s=323.8  transitions_step=1.0  updates_s=81.9  updates_throttled=0
episode=0872
  mode      collector=async  worker=3  epsilon=0.040
  outcome   reward=-1.0064  progress=0.0000  success=0/1 (0.00%)  steps=mean:64.0 range:[64,64]
  training  completed=871/2500  queue=0/256 (0%)  replay=125643/200000  updates=45  loss=0.00117  policy_version=289
  throughput env_steps_s=331.4  transitions_s=331.4  transitions_step=1.0  updates_s=81.9  updates_throttled=0
episode=0865
  mode      collector=async  worker=1  epsilon=0.040
  outcome   reward=1.9694999999999838  progress=0.1111  success=0/1 (0.00%)  steps=mean:505.0 range:[505,505]
  training  completed=872/2500  queue=0/256 (0%)  replay=125894/200000  updates=63  loss=0.00055  policy_version=289
  throughput env_steps_s=343.5  transitions_s=343.5  transitions_step=1.0  updates_s=86.2  updates_throttled=0
episode=0874
  mode      collector=async  worker=3  epsilon=0.040
  outcome   reward=-1.0061  progress=0.0000  success=0/1 (0.00%)  steps=mean:61.0 range:[61,61]
  training  completed=873/2500  queue=0/256 (0%)  replay=125897/200000  updates=1  loss=0.00009  policy_version=289
  throughput env_steps_s=287.1  transitions_s=287.1  transitions_step=1.0  updates_s=95.7  updates_throttled=0
episode=0866
  mode      collector=async  worker=2  epsilon=0.040
  outcome   reward=4.937900000000033  progress=0.2222  success=0/1 (0.00%)  steps=mean:821.0 range:[821,821]
  training  completed=874/2500  queue=0/256 (0%)  replay=127593/200000  updates=424  loss=0.00089  policy_version=293
  throughput env_steps_s=343.4  transitions_s=343.4  transitions_step=1.0  updates_s=85.8  updates_throttled=0
episode=0875
  mode      collector=async  worker=1  epsilon=0.040
  outcome   reward=3.958199999999996  progress=0.1852  success=0/1 (0.00%)  steps=mean:618.0 range:[618,618]
  training  completed=875/2500  queue=1/256 (0%)  replay=128372/200000  updates=195  loss=0.00090  policy_version=295
  throughput env_steps_s=344.9  transitions_s=344.9  transitions_step=1.0  updates_s=86.3  updates_throttled=0
episode=0877
  mode      collector=async  worker=2  epsilon=0.040
  outcome   reward=-0.0008999999999990127  progress=0.0370  success=0/1 (0.00%)  steps=mean:209.0 range:[209,209]
  training  completed=876/2500  queue=0/256 (0%)  replay=128429/200000  updates=14  loss=0.00156  policy_version=296
  throughput env_steps_s=328.6  transitions_s=328.6  transitions_step=1.0  updates_s=80.7  updates_throttled=0
episode=0873
  mode      collector=async  worker=0  epsilon=0.040
  outcome   reward=1.9411999999999867  progress=0.1111  success=0/1 (0.00%)  steps=mean:788.0 range:[788,788]
  training  completed=877/2500  queue=2/256 (1%)  replay=128604/200000  updates=44  loss=0.00089  policy_version=296
  throughput env_steps_s=339.5  transitions_s=339.5  transitions_step=1.0  updates_s=85.4  updates_throttled=0
episode=0879
  mode      collector=async  worker=2  epsilon=0.039
  outcome   reward=-1.0061  progress=0.0000  success=0/1 (0.00%)  steps=mean:61.0 range:[61,61]
  training  completed=878/2500  queue=0/256 (0%)  replay=128680/200000  updates=19  loss=0.00115  policy_version=296
  throughput env_steps_s=336.8  transitions_s=336.8  transitions_step=1.0  updates_s=84.2  updates_throttled=0
episode=0876
  mode      collector=async  worker=3  epsilon=0.039
  outcome   reward=4.9461000000000235  progress=0.2222  success=0/1 (0.00%)  steps=mean:739.0 range:[739,739]
  training  completed=879/2500  queue=1/256 (0%)  replay=128836/200000  updates=39  loss=0.00076  policy_version=297
  throughput env_steps_s=336.8  transitions_s=336.8  transitions_step=1.0  updates_s=84.2  updates_throttled=0
episode=0881
  mode      collector=async  worker=2  epsilon=0.039
  outcome   reward=-1.0064  progress=0.0000  success=0/1 (0.00%)  steps=mean:64.0 range:[64,64]
  training  completed=880/2500  queue=4/256 (2%)  replay=128944/200000  updates=27  loss=0.00052  policy_version=297
  throughput env_steps_s=337.0  transitions_s=337.0  transitions_step=1.0  updates_s=84.2  updates_throttled=0
episode=0878
  mode      collector=async  worker=1  epsilon=0.039
  outcome   reward=-0.0033999999999989594  progress=0.0370  success=0/1 (0.00%)  steps=mean:234.0 range:[234,234]
  training  completed=881/2500  queue=1/256 (0%)  replay=129316/200000  updates=93  loss=0.00045  policy_version=298
  throughput env_steps_s=347.2  transitions_s=347.2  transitions_step=1.0  updates_s=86.8  updates_throttled=0
episode=0880
  mode      collector=async  worker=0  epsilon=0.039
  outcome   reward=-0.0025999999999988255  progress=0.0370  success=0/1 (0.00%)  steps=mean:226.0 range:[226,226]
  training  completed=882/2500  queue=0/256 (0%)  replay=129502/200000  updates=46  loss=0.00122  policy_version=298
  throughput env_steps_s=349.1  transitions_s=349.1  transitions_step=1.0  updates_s=86.3  updates_throttled=0
episode=0883
  mode      collector=async  worker=2  epsilon=0.039
  outcome   reward=-0.0029999999999990035  progress=0.0370  success=0/1 (0.00%)  steps=mean:230.0 range:[230,230]
  training  completed=883/2500  queue=0/256 (0%)  replay=129886/200000  updates=96  loss=0.00067  policy_version=299
  throughput env_steps_s=339.6  transitions_s=339.6  transitions_step=1.0  updates_s=84.9  updates_throttled=0
episode=0884
  mode      collector=async  worker=1  epsilon=0.039
  outcome   reward=8.881784197001252e-16  progress=0.0370  success=0/1 (0.00%)  steps=mean:200.0 range:[200,200]
  training  completed=884/2500  queue=0/256 (0%)  replay=130079/200000  updates=48  loss=0.00185  policy_version=300
  throughput env_steps_s=349.2  transitions_s=349.2  transitions_step=1.0  updates_s=86.8  updates_throttled=0
episode=0882
  mode      collector=async  worker=3  epsilon=0.038
  outcome   reward=0.9886000000000024  progress=0.0741  success=0/1 (0.00%)  steps=mean:314.0 range:[314,314]
  training  completed=885/2500  queue=0/256 (0%)  replay=130131/200000  updates=13  loss=0.00134  policy_version=300
  throughput env_steps_s=308.8  transitions_s=308.8  transitions_step=1.0  updates_s=77.2  updates_throttled=0
episode=0886
  mode      collector=async  worker=2  epsilon=0.038
  outcome   reward=-1.0064  progress=0.0000  success=0/1 (0.00%)  steps=mean:64.0 range:[64,64]
  training  completed=886/2500  queue=0/256 (0%)  replay=130142/200000  updates=3  loss=0.00025  policy_version=300
  throughput env_steps_s=286.0  transitions_s=286.0  transitions_step=1.0  updates_s=78.0  updates_throttled=0
episode=0887
  mode      collector=async  worker=1  epsilon=0.038
  outcome   reward=-1.0063  progress=0.0000  success=0/1 (0.00%)  steps=mean:63.0 range:[63,63]
  training  completed=887/2500  queue=1/256 (0%)  replay=130324/200000  updates=46  loss=0.00137  policy_version=300
  throughput env_steps_s=336.1  transitions_s=336.1  transitions_step=1.0  updates_s=84.9  updates_throttled=0
episode=0888
  mode      collector=async  worker=3  epsilon=0.038
  outcome   reward=-1.0065  progress=0.0000  success=0/1 (0.00%)  steps=mean:65.0 range:[65,65]
  training  completed=888/2500  queue=0/256 (0%)  replay=130399/200000  updates=18  loss=0.00177  policy_version=301
  throughput env_steps_s=314.1  transitions_s=314.1  transitions_step=1.0  updates_s=75.4  updates_throttled=0
episode=0885
  mode      collector=async  worker=0  epsilon=0.038
  outcome   reward=-0.004099999999998882  progress=0.0370  success=0/1 (0.00%)  steps=mean:241.0 range:[241,241]
  training  completed=889/2500  queue=0/256 (0%)  replay=130441/200000  updates=11  loss=0.00254  policy_version=301
  throughput env_steps_s=322.4  transitions_s=322.4  transitions_step=1.0  updates_s=84.4  updates_throttled=0
episode=0891
  mode      collector=async  worker=3  epsilon=0.038
  outcome   reward=-1.0062  progress=0.0000  success=0/1 (0.00%)  steps=mean:62.0 range:[62,62]
  training  completed=890/2500  queue=0/256 (0%)  replay=130647/200000  updates=51  loss=0.00154  policy_version=301
  throughput env_steps_s=331.7  transitions_s=331.7  transitions_step=1.0  updates_s=82.1  updates_throttled=0
episode=0892
  mode      collector=async  worker=0  epsilon=0.038
  outcome   reward=-1.0066  progress=0.0000  success=0/1 (0.00%)  steps=mean:66.0 range:[66,66]
  training  completed=891/2500  queue=0/256 (0%)  replay=130724/200000  updates=20  loss=0.00075  policy_version=301
  throughput env_steps_s=329.4  transitions_s=329.4  transitions_step=1.0  updates_s=85.5  updates_throttled=0
episode=0889
  mode      collector=async  worker=2  epsilon=0.037
  outcome   reward=0.002500000000000835  progress=0.0370  success=0/1 (0.00%)  steps=mean:175.0 range:[175,175]
  training  completed=892/2500  queue=0/256 (0%)  replay=130842/200000  updates=29  loss=0.00108  policy_version=302
  throughput env_steps_s=340.0  transitions_s=340.0  transitions_step=1.0  updates_s=83.6  updates_throttled=0
episode=0894
  mode      collector=async  worker=0  epsilon=0.037
  outcome   reward=-1.006  progress=0.0000  success=0/1 (0.00%)  steps=mean:60.0 range:[60,60]
  training  completed=893/2500  queue=0/256 (0%)  replay=130966/200000  updates=31  loss=0.00164  policy_version=302
  throughput env_steps_s=340.6  transitions_s=340.6  transitions_step=1.0  updates_s=85.1  updates_throttled=0
episode=0896
  mode      collector=async  worker=0  epsilon=0.037
  outcome   reward=-1.0063  progress=0.0000  success=0/1 (0.00%)  steps=mean:63.0 range:[63,63]
  training  completed=894/2500  queue=0/256 (0%)  replay=131203/200000  updates=59  loss=0.00140  policy_version=303
  throughput env_steps_s=349.6  transitions_s=349.6  transitions_step=1.0  updates_s=87.0  updates_throttled=0
episode=0890
  mode      collector=async  worker=1  epsilon=0.037
  outcome   reward=-0.0035999999999989374  progress=0.0370  success=0/1 (0.00%)  steps=mean:236.0 range:[236,236]
  training  completed=895/2500  queue=2/256 (1%)  replay=131268/200000  updates=17  loss=0.00015  policy_version=303
  throughput env_steps_s=318.0  transitions_s=318.0  transitions_step=1.0  updates_s=83.2  updates_throttled=0
episode=0893
  mode      collector=async  worker=3  epsilon=0.037
  outcome   reward=0.999499999999987  progress=0.0741  success=0/1 (0.00%)  steps=mean:205.0 range:[205,205]
  training  completed=896/2500  queue=0/256 (0%)  replay=131447/200000  updates=44  loss=0.00104  policy_version=303
  throughput env_steps_s=337.1  transitions_s=337.1  transitions_step=1.0  updates_s=82.9  updates_throttled=0
episode=0899
  mode      collector=async  worker=3  epsilon=0.037
  outcome   reward=-1.0065  progress=0.0000  success=0/1 (0.00%)  steps=mean:65.0 range:[65,65]
  training  completed=897/2500  queue=1/256 (0%)  replay=131716/200000  updates=68  loss=0.00070  policy_version=304
  throughput env_steps_s=334.8  transitions_s=334.8  transitions_step=1.0  updates_s=84.6  updates_throttled=0
episode=0900
  mode      collector=async  worker=3  epsilon=0.037
  outcome   reward=-1.006  progress=0.0000  success=0/1 (0.00%)  steps=mean:60.0 range:[60,60]
  training  completed=898/2500  queue=0/256 (0%)  replay=131951/200000  updates=58  loss=0.00118  policy_version=304
  throughput env_steps_s=335.0  transitions_s=335.0  transitions_step=1.0  updates_s=82.7  updates_throttled=0
episode=0898
  mode      collector=async  worker=1  epsilon=0.036
  outcome   reward=1.0009999999999846  progress=0.0741  success=0/1 (0.00%)  steps=mean:190.0 range:[190,190]
  training  completed=899/2500  queue=0/256 (0%)  replay=132046/200000  updates=24  loss=0.00174  policy_version=305
  throughput env_steps_s=334.1  transitions_s=334.1  transitions_step=1.0  updates_s=84.4  updates_throttled=0
episode=0901
  mode      collector=async  worker=3  epsilon=0.036
  outcome   reward=-1.0064  progress=0.0000  success=0/1 (0.00%)  steps=mean:64.0 range:[64,64]
  training  completed=900/2500  queue=3/256 (1%)  replay=132197/200000  updates=38  loss=0.00075  policy_version=305
  throughput env_steps_s=328.0  transitions_s=328.0  transitions_step=1.0  updates_s=82.5  updates_throttled=0
Saved checkpoint: checkpoints/breakout_s2_rand/ckpt-900
Scheduled replay buffer save: checkpoints/breakout_s2_rand/replay-900.npz transitions=132197
Evaluating frozen checkpoint episode=900 episodes=20 metric=auto...
Saved replay buffer: checkpoints/breakout_s2_rand/replay-900.npz transitions=132197
episode=0902
  mode      collector=async  worker=1  epsilon=0.036
  outcome   reward=-1.0059  progress=0.0000  success=0/1 (0.00%)  steps=mean:59.0 range:[59,59]
  training  completed=901/2500  queue=0/256 (0%)  replay=132287/200000  updates=22  loss=0.00097  policy_version=305
  throughput env_steps_s=224.1  transitions_s=224.1  transitions_step=1.0  updates_s=54.8  updates_throttled=0
episode=0895
  mode      collector=async  worker=2  epsilon=0.036
  outcome   reward=0.9839000000000027  progress=0.0741  success=0/1 (0.00%)  steps=mean:361.0 range:[361,361]
  training  completed=902/2500  queue=0/256 (0%)  replay=132290/200000  updates=1  loss=0.00097  policy_version=305
  throughput env_steps_s=200.4  transitions_s=200.4  transitions_step=1.0  updates_s=66.8  updates_throttled=0
episode=0903
  mode      collector=async  worker=3  epsilon=0.036
  outcome   reward=-1.0063  progress=0.0000  success=0/1 (0.00%)  steps=mean:63.0 range:[63,63]
  training  completed=903/2500  queue=0/256 (0%)  replay=132445/200000  updates=39  loss=0.00168  policy_version=306
  throughput env_steps_s=265.0  transitions_s=265.0  transitions_step=1.0  updates_s=66.7  updates_throttled=0
episode=0897
  mode      collector=async  worker=0  epsilon=0.036
  outcome   reward=1.981799999999953  progress=0.1111  success=0/1 (0.00%)  steps=mean:382.0 range:[382,382]
  training  completed=904/2500  queue=0/256 (0%)  replay=132737/200000  updates=73  loss=0.00155  policy_version=306
  throughput env_steps_s=290.7  transitions_s=290.7  transitions_step=1.0  updates_s=72.7  updates_throttled=0
episode=0905
  mode      collector=async  worker=2  epsilon=0.036
  outcome   reward=2.9675999999999556  progress=0.1481  success=0/1 (0.00%)  steps=mean:524.0 range:[524,524]
  training  completed=905/2500  queue=3/256 (1%)  replay=134384/200000  updates=412  loss=0.00097  policy_version=310
  throughput env_steps_s=285.3  transitions_s=285.3  transitions_step=1.0  updates_s=71.4  updates_throttled=0
episode=0907
  mode      collector=async  worker=0  epsilon=0.036
  outcome   reward=1.9714999999999863  progress=0.1111  success=0/1 (0.00%)  steps=mean:485.0 range:[485,485]
  training  completed=906/2500  queue=0/256 (0%)  replay=134667/200000  updates=70  loss=0.00140  policy_version=311
  throughput env_steps_s=283.6  transitions_s=283.6  transitions_step=1.0  updates_s=70.2  updates_throttled=0
episode=0906
  mode      collector=async  worker=3  epsilon=0.035
  outcome   reward=2.9625999999999406  progress=0.1481  success=0/1 (0.00%)  steps=mean:574.0 range:[574,574]
  training  completed=907/2500  queue=1/256 (0%)  replay=134768/200000  updates=26  loss=0.00020  policy_version=311
  throughput env_steps_s=278.1  transitions_s=278.1  transitions_step=1.0  updates_s=71.6  updates_throttled=0
episode=0908
  mode      collector=async  worker=2  epsilon=0.035
  outcome   reward=-0.0022999999999988585  progress=0.0370  success=0/1 (0.00%)  steps=mean:223.0 range:[223,223]
  training  completed=908/2500  queue=0/256 (0%)  replay=135262/200000  updates=123  loss=0.00106  policy_version=313
  throughput env_steps_s=284.2  transitions_s=284.2  transitions_step=1.0  updates_s=70.8  updates_throttled=0
episode=0904
  mode      collector=async  worker=1  epsilon=0.035
  outcome   reward=3.94449999999995  progress=0.1852  success=0/1 (0.00%)  steps=mean:755.0 range:[755,755]
  training  completed=909/2500  queue=0/256 (0%)  replay=135273/200000  updates=3  loss=0.00016  policy_version=313
  throughput env_steps_s=277.7  transitions_s=277.7  transitions_step=1.0  updates_s=75.7  updates_throttled=0
episode=0911
  mode      collector=async  worker=2  epsilon=0.035
  outcome   reward=-1.006  progress=0.0000  success=0/1 (0.00%)  steps=mean:60.0 range:[60,60]
  training  completed=910/2500  queue=0/256 (0%)  replay=135498/200000  updates=56  loss=0.00098  policy_version=313
  throughput env_steps_s=289.2  transitions_s=289.2  transitions_step=1.0  updates_s=72.0  updates_throttled=0
episode=0909
  mode      collector=async  worker=0  epsilon=0.035
  outcome   reward=-0.0028999999999990145  progress=0.0370  success=0/1 (0.00%)  steps=mean:229.0 range:[229,229]
  training  completed=911/2500  queue=0/256 (0%)  replay=135614/200000  updates=29  loss=0.00040  policy_version=314
  throughput env_steps_s=283.7  transitions_s=283.7  transitions_step=1.0  updates_s=70.9  updates_throttled=0
episode=0913
  mode      collector=async  worker=2  epsilon=0.035
  outcome   reward=-1.0063  progress=0.0000  success=0/1 (0.00%)  steps=mean:63.0 range:[63,63]
  training  completed=912/2500  queue=2/256 (1%)  replay=135748/200000  updates=34  loss=0.00043  policy_version=314
  throughput env_steps_s=277.3  transitions_s=277.3  transitions_step=1.0  updates_s=70.4  updates_throttled=0
Frozen evaluation episode=900: success=0/20 (0.00%) reward_mean=-0.5053 steps_mean=143.0
episode=0912
  mode      collector=async  worker=1  epsilon=0.035
  outcome   reward=0.002200000000000868  progress=0.0370  success=0/1 (0.00%)  steps=mean:178.0 range:[178,178]
  training  completed=913/2500  queue=0/256 (0%)  replay=136002/200000  updates=63  loss=0.00138  policy_version=315
  throughput env_steps_s=330.3  transitions_s=330.3  transitions_step=1.0  updates_s=81.9  updates_throttled=0
episode=0915
  mode      collector=async  worker=2  epsilon=0.034
  outcome   reward=-1.0063  progress=0.0000  success=0/1 (0.00%)  steps=mean:63.0 range:[63,63]
  training  completed=914/2500  queue=0/256 (0%)  replay=136003/200000  updates=0  loss=0.00000  policy_version=315
  throughput env_steps_s=347.0  transitions_s=347.0  transitions_step=1.0  updates_s=0.0  updates_throttled=0
episode=0916
  mode      collector=async  worker=1  epsilon=0.034
  outcome   reward=-1.0063  progress=0.0000  success=0/1 (0.00%)  steps=mean:63.0 range:[63,63]
  training  completed=915/2500  queue=0/256 (0%)  replay=136255/200000  updates=63  loss=0.00095  policy_version=315
  throughput env_steps_s=340.9  transitions_s=340.9  transitions_step=1.0  updates_s=85.2  updates_throttled=0
episode=0914
  mode      collector=async  worker=0  epsilon=0.034
  outcome   reward=0.001200000000000756  progress=0.0370  success=0/1 (0.00%)  steps=mean:188.0 range:[188,188]
  training  completed=916/2500  queue=0/256 (0%)  replay=136337/200000  updates=21  loss=0.00029  policy_version=315
  throughput env_steps_s=332.9  transitions_s=332.9  transitions_step=1.0  updates_s=85.3  updates_throttled=0
episode=0919
  mode      collector=async  worker=0  epsilon=0.034
  outcome   reward=-1.0063  progress=0.0000  success=0/1 (0.00%)  steps=mean:63.0 range:[63,63]
  training  completed=917/2500  queue=0/256 (0%)  replay=136596/200000  updates=65  loss=0.00078  policy_version=316
  throughput env_steps_s=333.4  transitions_s=333.4  transitions_step=1.0  updates_s=83.7  updates_throttled=0
episode=0910
  mode      collector=async  worker=3  epsilon=0.034
  outcome   reward=2.9686999999999344  progress=0.1481  success=0/1 (0.00%)  steps=mean:513.0 range:[513,513]
  training  completed=918/2500  queue=0/256 (0%)  replay=136835/200000  updates=59  loss=0.00143  policy_version=317
  throughput env_steps_s=332.1  transitions_s=332.1  transitions_step=1.0  updates_s=82.0  updates_throttled=0
episode=0918
  mode      collector=async  worker=1  epsilon=0.034
  outcome   reward=-0.0009999999999990017  progress=0.0370  success=0/1 (0.00%)  steps=mean:210.0 range:[210,210]
  training  completed=919/2500  queue=1/256 (0%)  replay=137104/200000  updates=68  loss=0.00076  policy_version=317
  throughput env_steps_s=334.1  transitions_s=334.1  transitions_step=1.0  updates_s=84.5  updates_throttled=0
episode=0917
  mode      collector=async  worker=2  epsilon=0.034
  outcome   reward=0.9860000000000024  progress=0.0741  success=0/1 (0.00%)  steps=mean:340.0 range:[340,340]
  training  completed=920/2500  queue=3/256 (1%)  replay=137362/200000  updates=64  loss=0.00113  policy_version=318
  throughput env_steps_s=335.7  transitions_s=335.7  transitions_step=1.0  updates_s=83.3  updates_throttled=0
episode=0922
  mode      collector=async  worker=1  epsilon=0.034
  outcome   reward=-1.0065  progress=0.0000  success=0/1 (0.00%)  steps=mean:65.0 range:[65,65]
  training  completed=921/2500  queue=2/256 (1%)  replay=137365/200000  updates=1  loss=0.00036  policy_version=318
  throughput env_steps_s=570.1  transitions_s=570.1  transitions_step=1.0  updates_s=190.0  updates_throttled=0
episode=0923
  mode      collector=async  worker=2  epsilon=0.033
  outcome   reward=-1.0061  progress=0.0000  success=0/1 (0.00%)  steps=mean:61.0 range:[61,61]
  training  completed=922/2500  queue=0/256 (0%)  replay=137603/200000  updates=59  loss=0.00090  policy_version=319
  throughput env_steps_s=342.1  transitions_s=342.1  transitions_step=1.0  updates_s=84.8  updates_throttled=0
episode=0924
  mode      collector=async  worker=1  epsilon=0.033
  outcome   reward=-1.0066  progress=0.0000  success=0/1 (0.00%)  steps=mean:66.0 range:[66,66]
  training  completed=923/2500  queue=0/256 (0%)  replay=137620/200000  updates=5  loss=0.00044  policy_version=319
  throughput env_steps_s=292.8  transitions_s=292.8  transitions_step=1.0  updates_s=86.1  updates_throttled=0
episode=0921
  mode      collector=async  worker=3  epsilon=0.033
  outcome   reward=-0.0004999999999990568  progress=0.0370  success=0/1 (0.00%)  steps=mean:205.0 range:[205,205]
  training  completed=924/2500  queue=2/256 (1%)  replay=137660/200000  updates=10  loss=0.00059  policy_version=319
  throughput env_steps_s=311.4  transitions_s=311.4  transitions_step=1.0  updates_s=77.8  updates_throttled=0
episode=0925
  mode      collector=async  worker=2  epsilon=0.033
  outcome   reward=-1.0062  progress=0.0000  success=0/1 (0.00%)  steps=mean:62.0 range:[62,62]
  training  completed=925/2500  queue=0/256 (0%)  replay=137845/200000  updates=46  loss=0.00073  policy_version=319
  throughput env_steps_s=338.6  transitions_s=338.6  transitions_step=1.0  updates_s=84.2  updates_throttled=0
episode=0926
  mode      collector=async  worker=1  epsilon=0.033
  outcome   reward=-1.0064  progress=0.0000  success=0/1 (0.00%)  steps=mean:64.0 range:[64,64]
  training  completed=926/2500  queue=1/256 (0%)  replay=137876/200000  updates=8  loss=0.00024  policy_version=319
  throughput env_steps_s=345.8  transitions_s=345.8  transitions_step=1.0  updates_s=89.2  updates_throttled=0
episode=0920
  mode      collector=async  worker=0  epsilon=0.033
  outcome   reward=1.9867999999999635  progress=0.1111  success=0/1 (0.00%)  steps=mean:332.0 range:[332,332]
  training  completed=927/2500  queue=0/256 (0%)  replay=137914/200000  updates=9  loss=0.00123  policy_version=319
  throughput env_steps_s=324.5  transitions_s=324.5  transitions_step=1.0  updates_s=76.9  updates_throttled=0
episode=0930
  mode      collector=async  worker=0  epsilon=0.033
  outcome   reward=-1.0066  progress=0.0000  success=0/1 (0.00%)  steps=mean:66.0 range:[66,66]
  training  completed=928/2500  queue=0/256 (0%)  replay=138191/200000  updates=69  loss=0.00111  policy_version=320
  throughput env_steps_s=336.4  transitions_s=336.4  transitions_step=1.0  updates_s=83.8  updates_throttled=0
episode=0931
  mode      collector=async  worker=0  epsilon=0.033
  outcome   reward=-1.0066  progress=0.0000  success=0/1 (0.00%)  steps=mean:66.0 range:[66,66]
  training  completed=929/2500  queue=0/256 (0%)  replay=138455/200000  updates=66  loss=0.00096  policy_version=321
  throughput env_steps_s=343.3  transitions_s=343.3  transitions_step=1.0  updates_s=85.8  updates_throttled=0
episode=0928
  mode      collector=async  worker=2  epsilon=0.033
  outcome   reward=-0.0014999999999989466  progress=0.0370  success=0/1 (0.00%)  steps=mean:215.0 range:[215,215]
  training  completed=930/2500  queue=0/256 (0%)  replay=138704/200000  updates=63  loss=0.00085  policy_version=321
  throughput env_steps_s=341.5  transitions_s=341.5  transitions_step=1.0  updates_s=86.4  updates_throttled=0
episode=0927
  mode      collector=async  worker=3  epsilon=0.032
  outcome   reward=0.9845000000000028  progress=0.0741  success=0/1 (0.00%)  steps=mean:355.0 range:[355,355]
  training  completed=931/2500  queue=0/256 (0%)  replay=139057/200000  updates=88  loss=0.00122  policy_version=322
  throughput env_steps_s=336.4  transitions_s=336.4  transitions_step=1.0  updates_s=83.9  updates_throttled=0
episode=0932
  mode      collector=async  worker=0  epsilon=0.032
  outcome   reward=0.0005000000000008331  progress=0.0370  success=0/1 (0.00%)  steps=mean:195.0 range:[195,195]
  training  completed=932/2500  queue=1/256 (0%)  replay=139241/200000  updates=46  loss=0.00073  policy_version=323
  throughput env_steps_s=330.1  transitions_s=330.1  transitions_step=1.0  updates_s=82.5  updates_throttled=0
episode=0933
  mode      collector=async  worker=2  epsilon=0.032
  outcome   reward=-0.0029999999999990035  progress=0.0370  success=0/1 (0.00%)  steps=mean:230.0 range:[230,230]
  training  completed=933/2500  queue=0/256 (0%)  replay=139656/200000  updates=104  loss=0.00097  policy_version=324
  throughput env_steps_s=336.9  transitions_s=336.9  transitions_step=1.0  updates_s=84.4  updates_throttled=0
episode=0929
  mode      collector=async  worker=1  epsilon=0.032
  outcome   reward=4.962899999999989  progress=0.2222  success=0/1 (0.00%)  steps=mean:571.0 range:[571,571]
  training  completed=934/2500  queue=0/256 (0%)  replay=140147/200000  updates=122  loss=0.00121  policy_version=325
  throughput env_steps_s=344.5  transitions_s=344.5  transitions_step=1.0  updates_s=85.6  updates_throttled=0
episode=0934
  mode      collector=async  worker=3  epsilon=0.032
  outcome   reward=0.9865000000000026  progress=0.0741  success=0/1 (0.00%)  steps=mean:335.0 range:[335,335]
  training  completed=935/2500  queue=1/256 (0%)  replay=140377/200000  updates=58  loss=0.00107  policy_version=325
  throughput env_steps_s=329.5  transitions_s=329.5  transitions_step=1.0  updates_s=83.1  updates_throttled=0
episode=0938
  mode      collector=async  worker=3  epsilon=0.032
  outcome   reward=-0.0008999999999990127  progress=0.0370  success=0/1 (0.00%)  steps=mean:209.0 range:[209,209]
  training  completed=936/2500  queue=2/256 (1%)  replay=141228/200000  updates=213  loss=0.00121  policy_version=328
  throughput env_steps_s=331.8  transitions_s=331.8  transitions_step=1.0  updates_s=83.1  updates_throttled=0
episode=0935
  mode      collector=async  worker=0  epsilon=0.032
  outcome   reward=3.968199999999986  progress=0.1852  success=0/1 (0.00%)  steps=mean:518.0 range:[518,518]
  training  completed=937/2500  queue=0/256 (0%)  replay=141329/200000  updates=25  loss=0.00090  policy_version=328
  throughput env_steps_s=346.9  transitions_s=346.9  transitions_step=1.0  updates_s=85.9  updates_throttled=0
episode=0939
  mode      collector=async  worker=3  epsilon=0.032
  outcome   reward=-0.0013999999999989576  progress=0.0370  success=0/1 (0.00%)  steps=mean:214.0 range:[214,214]
  training  completed=938/2500  queue=0/256 (0%)  replay=142091/200000  updates=190  loss=0.00078  policy_version=330
  throughput env_steps_s=338.2  transitions_s=338.2  transitions_step=1.0  updates_s=84.3  updates_throttled=0
episode=0936
  mode      collector=async  worker=2  epsilon=0.031
  outcome   reward=2.9535999999999554  progress=0.1481  success=0/1 (0.00%)  steps=mean:664.0 range:[664,664]
  training  completed=939/2500  queue=0/256 (0%)  replay=142283/200000  updates=48  loss=0.00065  policy_version=330
  throughput env_steps_s=332.6  transitions_s=332.6  transitions_step=1.0  updates_s=83.2  updates_throttled=0
episode=0942
  mode      collector=async  worker=2  epsilon=0.031
  outcome   reward=-1.0065  progress=0.0000  success=0/1 (0.00%)  steps=mean:65.0 range:[65,65]
  training  completed=940/2500  queue=5/256 (2%)  replay=142528/200000  updates=62  loss=0.00096  policy_version=331
  throughput env_steps_s=321.6  transitions_s=321.6  transitions_step=1.0  updates_s=81.4  updates_throttled=0
episode=0940
  mode      collector=async  worker=0  epsilon=0.031
  outcome   reward=0.9879000000000022  progress=0.0741  success=0/1 (0.00%)  steps=mean:321.0 range:[321,321]
  training  completed=941/2500  queue=0/256 (0%)  replay=142626/200000  updates=24  loss=0.00092  policy_version=331
  throughput env_steps_s=345.9  transitions_s=345.9  transitions_step=1.0  updates_s=84.7  updates_throttled=0
episode=0943
  mode      collector=async  worker=2  epsilon=0.031
  outcome   reward=-1.0062  progress=0.0000  success=0/1 (0.00%)  steps=mean:62.0 range:[62,62]
  training  completed=942/2500  queue=0/256 (0%)  replay=142778/200000  updates=38  loss=0.00059  policy_version=331
  throughput env_steps_s=331.4  transitions_s=331.4  transitions_step=1.0  updates_s=82.9  updates_throttled=0
episode=0941
  mode      collector=async  worker=3  epsilon=0.031
  outcome   reward=0.9991999999999865  progress=0.0741  success=0/1 (0.00%)  steps=mean:208.0 range:[208,208]
  training  completed=943/2500  queue=0/256 (0%)  replay=142908/200000  updates=33  loss=0.00082  policy_version=332
  throughput env_steps_s=318.0  transitions_s=318.0  transitions_step=1.0  updates_s=80.7  updates_throttled=0
episode=0945
  mode      collector=async  worker=2  epsilon=0.031
  outcome   reward=-1.0063  progress=0.0000  success=0/1 (0.00%)  steps=mean:63.0 range:[63,63]
  training  completed=944/2500  queue=1/256 (0%)  replay=143036/200000  updates=32  loss=0.00195  policy_version=332
  throughput env_steps_s=352.3  transitions_s=352.3  transitions_step=1.0  updates_s=88.1  updates_throttled=0
episode=0944
  mode      collector=async  worker=0  epsilon=0.031
  outcome   reward=1.987199999999983  progress=0.1111  success=0/1 (0.00%)  steps=mean:328.0 range:[328,328]
  training  completed=945/2500  queue=0/256 (0%)  replay=143942/200000  updates=226  loss=0.00114  policy_version=334
  throughput env_steps_s=339.8  transitions_s=339.8  transitions_step=1.0  updates_s=84.8  updates_throttled=0
episode=0946
  mode      collector=async  worker=3  epsilon=0.031
  outcome   reward=2.973499999999958  progress=0.1481  success=0/1 (0.00%)  steps=mean:465.0 range:[465,465]
  training  completed=946/2500  queue=0/256 (0%)  replay=144757/200000  updates=204  loss=0.00126  policy_version=336
  throughput env_steps_s=335.8  transitions_s=335.8  transitions_step=1.0  updates_s=84.0  updates_throttled=0
episode=0948
  mode      collector=async  worker=0  epsilon=0.031
  outcome   reward=-0.0015999999999989356  progress=0.0370  success=0/1 (0.00%)  steps=mean:216.0 range:[216,216]
  training  completed=947/2500  queue=0/256 (0%)  replay=144802/200000  updates=11  loss=0.00263  policy_version=337
  throughput env_steps_s=344.8  transitions_s=344.8  transitions_step=1.0  updates_s=84.3  updates_throttled=0
episode=0950
  mode      collector=async  worker=0  epsilon=0.030
  outcome   reward=-1.0062  progress=0.0000  success=0/1 (0.00%)  steps=mean:62.0 range:[62,62]
  training  completed=948/2500  queue=0/256 (0%)  replay=145051/200000  updates=62  loss=0.00060  policy_version=337
  throughput env_steps_s=338.1  transitions_s=338.1  transitions_step=1.0  updates_s=84.2  updates_throttled=0
episode=0947
  mode      collector=async  worker=2  epsilon=0.030
  outcome   reward=1.9689999999999832  progress=0.1111  success=0/1 (0.00%)  steps=mean:510.0 range:[510,510]
  training  completed=949/2500  queue=0/256 (0%)  replay=145103/200000  updates=13  loss=0.00025  policy_version=337
  throughput env_steps_s=325.3  transitions_s=325.3  transitions_step=1.0  updates_s=81.3  updates_throttled=0
episode=0937
  mode      collector=async  worker=1  epsilon=0.030
  outcome   reward=9.891200000000156  progress=0.4074  success=0/1 (0.00%)  steps=mean:1288.0 range:[1288,1288]
  training  completed=950/2500  queue=0/256 (0%)  replay=145278/200000  updates=44  loss=0.00126  policy_version=338
  throughput env_steps_s=342.4  transitions_s=342.4  transitions_step=1.0  updates_s=86.1  updates_throttled=0
episode=0951
  mode      collector=async  worker=0  epsilon=0.030
  outcome   reward=-1.0064  progress=0.0000  success=0/1 (0.00%)  steps=mean:64.0 range:[64,64]
  training  completed=951/2500  queue=0/256 (0%)  replay=145314/200000  updates=9  loss=0.00046  policy_version=338
  throughput env_steps_s=298.5  transitions_s=298.5  transitions_step=1.0  updates_s=74.6  updates_throttled=0
episode=0952
  mode      collector=async  worker=2  epsilon=0.030
  outcome   reward=-1.0065  progress=0.0000  success=0/1 (0.00%)  steps=mean:65.0 range:[65,65]
  training  completed=952/2500  queue=0/256 (0%)  replay=145372/200000  updates=15  loss=0.00074  policy_version=338
  throughput env_steps_s=326.2  transitions_s=326.2  transitions_step=1.0  updates_s=84.4  updates_throttled=0
episode=0954
  mode      collector=async  worker=0  epsilon=0.030
  outcome   reward=-1.0064  progress=0.0000  success=0/1 (0.00%)  steps=mean:64.0 range:[64,64]
  training  completed=953/2500  queue=0/256 (0%)  replay=145555/200000  updates=45  loss=0.00090  policy_version=338
  throughput env_steps_s=338.7  transitions_s=338.7  transitions_step=1.0  updates_s=83.3  updates_throttled=0
episode=0955
  mode      collector=async  worker=2  epsilon=0.030
  outcome   reward=-1.0061  progress=0.0000  success=0/1 (0.00%)  steps=mean:61.0 range:[61,61]
  training  completed=954/2500  queue=0/256 (0%)  replay=145622/200000  updates=17  loss=0.00054  policy_version=339
  throughput env_steps_s=318.3  transitions_s=318.3  transitions_step=1.0  updates_s=80.8  updates_throttled=0
episode=0949
  mode      collector=async  worker=3  epsilon=0.030
  outcome   reward=-0.004099999999998882  progress=0.0370  success=0/1 (0.00%)  steps=mean:241.0 range:[241,241]
  training  completed=955/2500  queue=0/256 (0%)  replay=145727/200000  updates=26  loss=0.00092  policy_version=339
  throughput env_steps_s=337.1  transitions_s=337.1  transitions_step=1.0  updates_s=83.5  updates_throttled=0
episode=0956
  mode      collector=async  worker=0  epsilon=0.030
  outcome   reward=-1.0064  progress=0.0000  success=0/1 (0.00%)  steps=mean:64.0 range:[64,64]
  training  completed=956/2500  queue=0/256 (0%)  replay=145802/200000  updates=19  loss=0.00105  policy_version=339
  throughput env_steps_s=339.6  transitions_s=339.6  transitions_step=1.0  updates_s=86.0  updates_throttled=0
episode=0959
  mode      collector=async  worker=0  epsilon=0.029
  outcome   reward=-1.0063  progress=0.0000  success=0/1 (0.00%)  steps=mean:63.0 range:[63,63]
  training  completed=957/2500  queue=1/256 (0%)  replay=146057/200000  updates=64  loss=0.00104  policy_version=340
  throughput env_steps_s=328.2  transitions_s=328.2  transitions_step=1.0  updates_s=82.4  updates_throttled=0
episode=0957
  mode      collector=async  worker=2  epsilon=0.029
  outcome   reward=-0.0013999999999989576  progress=0.0370  success=0/1 (0.00%)  steps=mean:214.0 range:[214,214]
  training  completed=958/2500  queue=0/256 (0%)  replay=146470/200000  updates=103  loss=0.00109  policy_version=341
  throughput env_steps_s=334.8  transitions_s=334.8  transitions_step=1.0  updates_s=83.5  updates_throttled=0
episode=0961
  mode      collector=async  worker=2  epsilon=0.029
  outcome   reward=-1.0064  progress=0.0000  success=0/1 (0.00%)  steps=mean:64.0 range:[64,64]
  training  completed=959/2500  queue=0/256 (0%)  replay=146726/200000  updates=64  loss=0.00096  policy_version=341
  throughput env_steps_s=334.0  transitions_s=334.0  transitions_step=1.0  updates_s=83.5  updates_throttled=0
episode=0958
  mode      collector=async  worker=3  epsilon=0.029
  outcome   reward=0.9821000000000029  progress=0.0741  success=0/1 (0.00%)  steps=mean:379.0 range:[379,379]
  training  completed=960/2500  queue=2/256 (1%)  replay=147258/200000  updates=133  loss=0.00085  policy_version=343
  throughput env_steps_s=334.8  transitions_s=334.8  transitions_step=1.0  updates_s=83.7  updates_throttled=0
episode=0960
  mode      collector=async  worker=0  epsilon=0.029
  outcome   reward=0.9843000000000026  progress=0.0741  success=0/1 (0.00%)  steps=mean:357.0 range:[357,357]
  training  completed=961/2500  queue=3/256 (1%)  replay=147472/200000  updates=54  loss=0.00074  policy_version=343
  throughput env_steps_s=337.5  transitions_s=337.5  transitions_step=1.0  updates_s=85.2  updates_throttled=0
episode=0963
  mode      collector=async  worker=3  epsilon=0.029
  outcome   reward=-1.0062  progress=0.0000  success=0/1 (0.00%)  steps=mean:62.0 range:[62,62]
  training  completed=962/2500  queue=1/256 (0%)  replay=147508/200000  updates=9  loss=0.00209  policy_version=343
  throughput env_steps_s=322.4  transitions_s=322.4  transitions_step=1.0  updates_s=80.6  updates_throttled=0
episode=0962
  mode      collector=async  worker=2  epsilon=0.029
  outcome   reward=-0.0012999999999989686  progress=0.0370  success=0/1 (0.00%)  steps=mean:213.0 range:[213,213]
  training  completed=963/2500  queue=0/256 (0%)  replay=147593/200000  updates=21  loss=0.00266  policy_version=343
  throughput env_steps_s=334.1  transitions_s=334.1  transitions_step=1.0  updates_s=82.6  updates_throttled=0
episode=0953
  mode      collector=async  worker=1  epsilon=0.029
  outcome   reward=3.9587999999999868  progress=0.1852  success=0/1 (0.00%)  steps=mean:612.0 range:[612,612]
  training  completed=964/2500  queue=0/256 (0%)  replay=147722/200000  updates=32  loss=0.00106  policy_version=344
  throughput env_steps_s=330.6  transitions_s=330.6  transitions_step=1.0  updates_s=82.0  updates_throttled=0
episode=0964
  mode      collector=async  worker=0  epsilon=0.029
  outcome   reward=-1.0061  progress=0.0000  success=0/1 (0.00%)  steps=mean:61.0 range:[61,61]
  training  completed=965/2500  queue=0/256 (0%)  replay=147732/200000  updates=3  loss=0.00024  policy_version=344
  throughput env_steps_s=281.0  transitions_s=281.0  transitions_step=1.0  updates_s=84.3  updates_throttled=0
episode=0965
  mode      collector=async  worker=3  epsilon=0.028
  outcome   reward=-1.0063  progress=0.0000  success=0/1 (0.00%)  steps=mean:63.0 range:[63,63]
  training  completed=966/2500  queue=1/256 (0%)  replay=147744/200000  updates=3  loss=0.00020  policy_version=344
  throughput env_steps_s=264.3  transitions_s=264.3  transitions_step=1.0  updates_s=66.1  updates_throttled=0
episode=0966
  mode      collector=async  worker=2  epsilon=0.028
  outcome   reward=-1.0068  progress=0.0000  success=0/1 (0.00%)  steps=mean:68.0 range:[68,68]
  training  completed=967/2500  queue=1/256 (0%)  replay=147864/200000  updates=30  loss=0.00084  policy_version=344
  throughput env_steps_s=331.4  transitions_s=331.4  transitions_step=1.0  updates_s=82.9  updates_throttled=0
episode=0968
  mode      collector=async  worker=0  epsilon=0.028
  outcome   reward=-0.0030999999999989925  progress=0.0370  success=0/1 (0.00%)  steps=mean:231.0 range:[231,231]
  training  completed=968/2500  queue=0/256 (0%)  replay=148663/200000  updates=199  loss=0.00110  policy_version=346
  throughput env_steps_s=339.8  transitions_s=339.8  transitions_step=1.0  updates_s=84.6  updates_throttled=0
episode=0971
  mode      collector=async  worker=0  epsilon=0.028
  outcome   reward=-0.0038999999999989043  progress=0.0370  success=0/1 (0.00%)  steps=mean:239.0 range:[239,239]
  training  completed=969/2500  queue=0/256 (0%)  replay=149648/200000  updates=247  loss=0.00089  policy_version=349
  throughput env_steps_s=333.2  transitions_s=333.2  transitions_step=1.0  updates_s=83.6  updates_throttled=0
episode=0969
  mode      collector=async  worker=3  epsilon=0.028
  outcome   reward=2.967999999999927  progress=0.1481  success=0/1 (0.00%)  steps=mean:520.0 range:[520,520]
  training  completed=970/2500  queue=0/256 (0%)  replay=149787/200000  updates=34  loss=0.00055  policy_version=349
  throughput env_steps_s=331.6  transitions_s=331.6  transitions_step=1.0  updates_s=81.1  updates_throttled=0
episode=0970
  mode      collector=async  worker=2  epsilon=0.028
  outcome   reward=1.970999999999986  progress=0.1111  success=0/1 (0.00%)  steps=mean:490.0 range:[490,490]
  training  completed=971/2500  queue=0/256 (0%)  replay=149816/200000  updates=8  loss=0.00131  policy_version=349
  throughput env_steps_s=321.8  transitions_s=321.8  transitions_step=1.0  updates_s=88.8  updates_throttled=0
episode=0972
  mode      collector=async  worker=0  epsilon=0.028
  outcome   reward=-1.0065  progress=0.0000  success=0/1 (0.00%)  steps=mean:65.0 range:[65,65]
  training  completed=972/2500  queue=0/256 (0%)  replay=149906/200000  updates=22  loss=0.00113  policy_version=349
  throughput env_steps_s=331.1  transitions_s=331.1  transitions_step=1.0  updates_s=80.9  updates_throttled=0
episode=0967
  mode      collector=async  worker=1  epsilon=0.028
  outcome   reward=2.9573999999999527  progress=0.1481  success=0/1 (0.00%)  steps=mean:626.0 range:[626,626]
  training  completed=973/2500  queue=0/256 (0%)  replay=150238/200000  updates=83  loss=0.00220  policy_version=350
  throughput env_steps_s=346.6  transitions_s=346.6  transitions_step=1.0  updates_s=86.7  updates_throttled=0
episode=0973
  mode      collector=async  worker=3  epsilon=0.028
  outcome   reward=0.00010000000000087717  progress=0.0370  success=0/1 (0.00%)  steps=mean:199.0 range:[199,199]
  training  completed=974/2500  queue=0/256 (0%)  replay=150584/200000  updates=87  loss=0.00099  policy_version=351
  throughput env_steps_s=334.3  transitions_s=334.3  transitions_step=1.0  updates_s=84.1  updates_throttled=0
episode=0974
  mode      collector=async  worker=2  epsilon=0.028
  outcome   reward=-0.0001999999999990898  progress=0.0370  success=0/1 (0.00%)  steps=mean:202.0 range:[202,202]
  training  completed=975/2500  queue=0/256 (0%)  replay=150614/200000  updates=7  loss=0.00100  policy_version=351
  throughput env_steps_s=315.7  transitions_s=315.7  transitions_step=1.0  updates_s=73.7  updates_throttled=0
episode=0975
  mode      collector=async  worker=0  epsilon=0.027
  outcome   reward=0.0005000000000008331  progress=0.0370  success=0/1 (0.00%)  steps=mean:195.0 range:[195,195]
  training  completed=976/2500  queue=1/256 (0%)  replay=150696/200000  updates=21  loss=0.00096  policy_version=351
  throughput env_steps_s=316.7  transitions_s=316.7  transitions_step=1.0  updates_s=81.1  updates_throttled=0
episode=0977
  mode      collector=async  worker=3  epsilon=0.027
  outcome   reward=-1.0067  progress=0.0000  success=0/1 (0.00%)  steps=mean:67.0 range:[67,67]
  training  completed=977/2500  queue=0/256 (0%)  replay=150855/200000  updates=39  loss=0.00108  policy_version=352
  throughput env_steps_s=334.8  transitions_s=334.8  transitions_step=1.0  updates_s=82.1  updates_throttled=0
episode=0976
  mode      collector=async  worker=1  epsilon=0.027
  outcome   reward=0.9859000000000024  progress=0.0741  success=0/1 (0.00%)  steps=mean:341.0 range:[341,341]
  training  completed=978/2500  queue=0/256 (0%)  replay=151582/200000  updates=182  loss=0.00123  policy_version=353
  throughput env_steps_s=335.2  transitions_s=335.2  transitions_step=1.0  updates_s=83.9  updates_throttled=0
episode=0979
  mode      collector=async  worker=0  epsilon=0.027
  outcome   reward=1.9826999999999801  progress=0.1111  success=0/1 (0.00%)  steps=mean:373.0 range:[373,373]
  training  completed=979/2500  queue=0/256 (0%)  replay=152189/200000  updates=152  loss=0.00114  policy_version=355
  throughput env_steps_s=336.4  transitions_s=336.4  transitions_step=1.0  updates_s=84.3  updates_throttled=0
episode=0982
  mode      collector=async  worker=0  epsilon=0.027
  outcome   reward=-1.0067  progress=0.0000  success=0/1 (0.00%)  steps=mean:67.0 range:[67,67]
  training  completed=980/2500  queue=3/256 (1%)  replay=152477/200000  updates=72  loss=0.00109  policy_version=356
  throughput env_steps_s=329.0  transitions_s=329.0  transitions_step=1.0  updates_s=82.3  updates_throttled=0
episode=0978
  mode      collector=async  worker=2  epsilon=0.027
  outcome   reward=3.970599999999978  progress=0.1852  success=0/1 (0.00%)  steps=mean:494.0 range:[494,494]
  training  completed=981/2500  queue=0/256 (0%)  replay=152567/200000  updates=22  loss=0.00075  policy_version=356
  throughput env_steps_s=335.6  transitions_s=335.6  transitions_step=1.0  updates_s=82.0  updates_throttled=0
episode=0984
  mode      collector=async  worker=2  epsilon=0.027
  outcome   reward=-1.0062  progress=0.0000  success=0/1 (0.00%)  steps=mean:62.0 range:[62,62]
  training  completed=982/2500  queue=0/256 (0%)  replay=152819/200000  updates=63  loss=0.00077  policy_version=357
  throughput env_steps_s=336.2  transitions_s=336.2  transitions_step=1.0  updates_s=84.1  updates_throttled=0
episode=0980
  mode      collector=async  worker=3  epsilon=0.027
  outcome   reward=2.9709999999999566  progress=0.1481  success=0/1 (0.00%)  steps=mean:490.0 range:[490,490]
  training  completed=983/2500  queue=1/256 (0%)  replay=152824/200000  updates=2  loss=0.00010  policy_version=357
  throughput env_steps_s=214.0  transitions_s=214.0  transitions_step=1.0  updates_s=85.6  updates_throttled=0
episode=0981
  mode      collector=async  worker=1  epsilon=0.027
  outcome   reward=0.9863000000000024  progress=0.0741  success=0/1 (0.00%)  steps=mean:337.0 range:[337,337]
  training  completed=984/2500  queue=0/256 (0%)  replay=152928/200000  updates=26  loss=0.00132  policy_version=357
  throughput env_steps_s=317.7  transitions_s=317.7  transitions_step=1.0  updates_s=79.4  updates_throttled=0
episode=0985
  mode      collector=async  worker=2  epsilon=0.027
  outcome   reward=-1.0062  progress=0.0000  success=0/1 (0.00%)  steps=mean:62.0 range:[62,62]
  training  completed=985/2500  queue=0/256 (0%)  replay=153067/200000  updates=34  loss=0.00077  policy_version=357
  throughput env_steps_s=341.6  transitions_s=341.6  transitions_step=1.0  updates_s=83.6  updates_throttled=0
episode=0983
  mode      collector=async  worker=0  epsilon=0.026
  outcome   reward=1.0004999999999853  progress=0.0741  success=0/1 (0.00%)  steps=mean:195.0 range:[195,195]
  training  completed=986/2500  queue=0/256 (0%)  replay=153264/200000  updates=50  loss=0.00097  policy_version=358
  throughput env_steps_s=330.0  transitions_s=330.0  transitions_step=1.0  updates_s=83.7  updates_throttled=0
episode=0989
  mode      collector=async  worker=0  epsilon=0.026
  outcome   reward=-1.0068  progress=0.0000  success=0/1 (0.00%)  steps=mean:68.0 range:[68,68]
  training  completed=987/2500  queue=0/256 (0%)  replay=153530/200000  updates=66  loss=0.00067  policy_version=358
  throughput env_steps_s=338.9  transitions_s=338.9  transitions_step=1.0  updates_s=84.1  updates_throttled=0
episode=0987
  mode      collector=async  worker=1  epsilon=0.026
  outcome   reward=-0.0035999999999989374  progress=0.0370  success=0/1 (0.00%)  steps=mean:236.0 range:[236,236]
  training  completed=988/2500  queue=0/256 (0%)  replay=153903/200000  updates=93  loss=0.00056  policy_version=359
  throughput env_steps_s=337.4  transitions_s=337.4  transitions_step=1.0  updates_s=84.1  updates_throttled=0
episode=0988
  mode      collector=async  worker=2  epsilon=0.026
  outcome   reward=-0.00429999999999886  progress=0.0370  success=0/1 (0.00%)  steps=mean:243.0 range:[243,243]
  training  completed=989/2500  queue=0/256 (0%)  replay=154035/200000  updates=33  loss=0.00141  policy_version=360
  throughput env_steps_s=330.4  transitions_s=330.4  transitions_step=1.0  updates_s=82.6  updates_throttled=0
episode=0991
  mode      collector=async  worker=1  epsilon=0.026
  outcome   reward=-0.0023999999999990695  progress=0.0370  success=0/1 (0.00%)  steps=mean:224.0 range:[224,224]
  training  completed=990/2500  queue=0/256 (0%)  replay=154799/200000  updates=191  loss=0.00124  policy_version=362
  throughput env_steps_s=328.9  transitions_s=328.9  transitions_step=1.0  updates_s=82.2  updates_throttled=0
episode=0990
  mode      collector=async  worker=0  epsilon=0.026
  outcome   reward=0.9879000000000022  progress=0.0741  success=0/1 (0.00%)  steps=mean:321.0 range:[321,321]
  training  completed=991/2500  queue=1/256 (0%)  replay=154820/200000  updates=6  loss=0.00010  policy_version=362
  throughput env_steps_s=276.2  transitions_s=276.2  transitions_step=1.0  updates_s=78.9  updates_throttled=0
episode=0992
  mode      collector=async  worker=2  epsilon=0.026
  outcome   reward=-0.0024999999999988365  progress=0.0370  success=0/1 (0.00%)  steps=mean:225.0 range:[225,225]
  training  completed=992/2500  queue=0/256 (0%)  replay=154939/200000  updates=29  loss=0.00074  policy_version=362
  throughput env_steps_s=342.0  transitions_s=342.0  transitions_step=1.0  updates_s=83.4  updates_throttled=0
episode=0993
  mode      collector=async  worker=1  epsilon=0.026
  outcome   reward=-1.0065  progress=0.0000  success=0/1 (0.00%)  steps=mean:65.0 range:[65,65]
  training  completed=993/2500  queue=0/256 (0%)  replay=155065/200000  updates=32  loss=0.00187  policy_version=362
  throughput env_steps_s=329.0  transitions_s=329.0  transitions_step=1.0  updates_s=83.6  updates_throttled=0
episode=0994
  mode      collector=async  worker=0  epsilon=0.026
  outcome   reward=-1.0064  progress=0.0000  success=0/1 (0.00%)  steps=mean:64.0 range:[64,64]
  training  completed=994/2500  queue=0/256 (0%)  replay=155077/200000  updates=3  loss=0.00254  policy_version=362
  throughput env_steps_s=251.2  transitions_s=251.2  transitions_step=1.0  updates_s=62.8  updates_throttled=0
episode=0995
  mode      collector=async  worker=2  epsilon=0.026
  outcome   reward=-1.0061  progress=0.0000  success=0/1 (0.00%)  steps=mean:61.0 range:[61,61]
  training  completed=995/2500  queue=0/256 (0%)  replay=155178/200000  updates=25  loss=0.00038  policy_version=362
  throughput env_steps_s=343.4  transitions_s=343.4  transitions_step=1.0  updates_s=85.0  updates_throttled=0
episode=0996
  mode      collector=async  worker=1  epsilon=0.025
  outcome   reward=-1.0063  progress=0.0000  success=0/1 (0.00%)  steps=mean:63.0 range:[63,63]
  training  completed=996/2500  queue=0/256 (0%)  replay=155323/200000  updates=36  loss=0.00032  policy_version=363
  throughput env_steps_s=329.8  transitions_s=329.8  transitions_step=1.0  updates_s=81.9  updates_throttled=0
episode=0986
  mode      collector=async  worker=3  epsilon=0.025
  outcome   reward=3.954399999999996  progress=0.1852  success=0/1 (0.00%)  steps=mean:656.0 range:[656,656]
  training  completed=997/2500  queue=0/256 (0%)  replay=155413/200000  updates=23  loss=0.00172  policy_version=363
  throughput env_steps_s=314.6  transitions_s=314.6  transitions_step=1.0  updates_s=80.4  updates_throttled=0
episode=1000
  mode      collector=async  worker=3  epsilon=0.025
  outcome   reward=-1.0066  progress=0.0000  success=0/1 (0.00%)  steps=mean:66.0 range:[66,66]
  training  completed=998/2500  queue=0/256 (0%)  replay=155674/200000  updates=65  loss=0.00099  policy_version=364
  throughput env_steps_s=333.0  transitions_s=333.0  transitions_step=1.0  updates_s=82.9  updates_throttled=0
episode=0998
  mode      collector=async  worker=2  epsilon=0.025
  outcome   reward=-0.0021999999999988695  progress=0.0370  success=0/1 (0.00%)  steps=mean:222.0 range:[222,222]
  training  completed=999/2500  queue=1/256 (0%)  replay=156056/200000  updates=96  loss=0.00104  policy_version=365
  throughput env_steps_s=329.6  transitions_s=329.6  transitions_step=1.0  updates_s=82.8  updates_throttled=0
episode=0999
  mode      collector=async  worker=1  epsilon=0.025
  outcome   reward=-0.0007999999999990237  progress=0.0370  success=0/1 (0.00%)  steps=mean:208.0 range:[208,208]
  training  completed=1000/2500  queue=3/256 (1%)  replay=156182/200000  updates=31  loss=0.00142  policy_version=365
  throughput env_steps_s=322.6  transitions_s=322.6  transitions_step=1.0  updates_s=79.4  updates_throttled=0
Saved checkpoint: checkpoints/breakout_s2_rand/ckpt-1000
Scheduled replay buffer save: checkpoints/breakout_s2_rand/replay-1000.npz transitions=156182
Evaluating frozen checkpoint episode=1000 episodes=20 metric=auto...
Saved replay buffer: checkpoints/breakout_s2_rand/replay-1000.npz transitions=156182
episode=1003
  mode      collector=async  worker=1  epsilon=0.025
  outcome   reward=0.002500000000000835  progress=0.0370  success=0/1 (0.00%)  steps=mean:175.0 range:[175,175]
  training  completed=1001/2500  queue=0/256 (0%)  replay=156882/200000  updates=175  loss=0.00105  policy_version=367
  throughput env_steps_s=275.9  transitions_s=275.9  transitions_step=1.0  updates_s=69.0  updates_throttled=0
episode=0997
  mode      collector=async  worker=0  epsilon=0.025
  outcome   reward=2.9725999999999884  progress=0.1481  success=0/1 (0.00%)  steps=mean:474.0 range:[474,474]
  training  completed=1002/2500  queue=0/256 (0%)  replay=156973/200000  updates=23  loss=0.00019  policy_version=367
  throughput env_steps_s=279.6  transitions_s=279.6  transitions_step=1.0  updates_s=70.7  updates_throttled=0
episode=1001
  mode      collector=async  worker=3  epsilon=0.025
  outcome   reward=0.9797000000000029  progress=0.0741  success=0/1 (0.00%)  steps=mean:403.0 range:[403,403]
  training  completed=1003/2500  queue=0/256 (0%)  replay=157267/200000  updates=73  loss=0.00095  policy_version=368
  throughput env_steps_s=274.1  transitions_s=274.1  transitions_step=1.0  updates_s=68.1  updates_throttled=0
episode=1002
  mode      collector=async  worker=2  epsilon=0.025
  outcome   reward=0.9856000000000027  progress=0.0741  success=0/1 (0.00%)  steps=mean:344.0 range:[344,344]
  training  completed=1004/2500  queue=0/256 (0%)  replay=157447/200000  updates=45  loss=0.00094  policy_version=368
  throughput env_steps_s=269.1  transitions_s=269.1  transitions_step=1.0  updates_s=67.3  updates_throttled=0
episode=1005
  mode      collector=async  worker=0  epsilon=0.025
  outcome   reward=-0.0019999999999988916  progress=0.0370  success=0/1 (0.00%)  steps=mean:220.0 range:[220,220]
  training  completed=1005/2500  queue=1/256 (0%)  replay=157856/200000  updates=103  loss=0.00116  policy_version=369
  throughput env_steps_s=273.1  transitions_s=273.1  transitions_step=1.0  updates_s=68.8  updates_throttled=0
episode=1008
  mode      collector=async  worker=0  epsilon=0.025
  outcome   reward=-1.0062  progress=0.0000  success=0/1 (0.00%)  steps=mean:62.0 range:[62,62]
  training  completed=1006/2500  queue=0/256 (0%)  replay=158103/200000  updates=61  loss=0.00056  policy_version=370
  throughput env_steps_s=282.2  transitions_s=282.2  transitions_step=1.0  updates_s=69.7  updates_throttled=0
episode=1009
  mode      collector=async  worker=0  epsilon=0.024
  outcome   reward=-1.0065  progress=0.0000  success=0/1 (0.00%)  steps=mean:65.0 range:[65,65]
  training  completed=1007/2500  queue=0/256 (0%)  replay=158359/200000  updates=64  loss=0.00060  policy_version=370
  throughput env_steps_s=274.9  transitions_s=274.9  transitions_step=1.0  updates_s=68.7  updates_throttled=0
episode=1010
  mode      collector=async  worker=0  epsilon=0.024
  outcome   reward=-1.0066  progress=0.0000  success=0/1 (0.00%)  steps=mean:66.0 range:[66,66]
  training  completed=1008/2500  queue=0/256 (0%)  replay=158631/200000  updates=68  loss=0.00071  policy_version=371
  throughput env_steps_s=283.5  transitions_s=283.5  transitions_step=1.0  updates_s=70.9  updates_throttled=0
episode=1004
  mode      collector=async  worker=1  epsilon=0.024
  outcome   reward=1.973999999999984  progress=0.1111  success=0/1 (0.00%)  steps=mean:460.0 range:[460,460]
  training  completed=1009/2500  queue=0/256 (0%)  replay=158727/200000  updates=24  loss=0.00081  policy_version=371
  throughput env_steps_s=266.0  transitions_s=266.0  transitions_step=1.0  updates_s=66.5  updates_throttled=0
episode=1011
  mode      collector=async  worker=0  epsilon=0.024
  outcome   reward=-1.006  progress=0.0000  success=0/1 (0.00%)  steps=mean:60.0 range:[60,60]
  training  completed=1010/2500  queue=0/256 (0%)  replay=158873/200000  updates=37  loss=0.00091  policy_version=372
  throughput env_steps_s=271.0  transitions_s=271.0  transitions_step=1.0  updates_s=68.7  updates_throttled=0
episode=1012
  mode      collector=async  worker=1  epsilon=0.024
  outcome   reward=-1.0062  progress=0.0000  success=0/1 (0.00%)  steps=mean:62.0 range:[62,62]
  training  completed=1011/2500  queue=0/256 (0%)  replay=158979/200000  updates=26  loss=0.00266  policy_version=372
  throughput env_steps_s=261.0  transitions_s=261.0  transitions_step=1.0  updates_s=64.0  updates_throttled=0
episode=1007
  mode      collector=async  worker=2  epsilon=0.024
  outcome   reward=0.9811000000000027  progress=0.0741  success=0/1 (0.00%)  steps=mean:389.0 range:[389,389]
  training  completed=1012/2500  queue=0/256 (0%)  replay=158982/200000  updates=1  loss=0.00077  policy_version=372
  throughput env_steps_s=293.8  transitions_s=293.8  transitions_step=1.0  updates_s=97.9  updates_throttled=0
episode=1013
  mode      collector=async  worker=0  epsilon=0.024
  outcome   reward=-1.0066  progress=0.0000  success=0/1 (0.00%)  steps=mean:66.0 range:[66,66]
  training  completed=1013/2500  queue=0/256 (0%)  replay=159139/200000  updates=39  loss=0.00087  policy_version=372
  throughput env_steps_s=276.7  transitions_s=276.7  transitions_step=1.0  updates_s=68.7  updates_throttled=0
episode=1014
  mode      collector=async  worker=1  epsilon=0.024
  outcome   reward=0.002700000000000813  progress=0.0370  success=0/1 (0.00%)  steps=mean:173.0 range:[173,173]
  training  completed=1014/2500  queue=0/256 (0%)  replay=159684/200000  updates=137  loss=0.00095  policy_version=374
  throughput env_steps_s=276.0  transitions_s=276.0  transitions_step=1.0  updates_s=69.4  updates_throttled=0
episode=1016
  mode      collector=async  worker=0  epsilon=0.024
  outcome   reward=-0.0011999999999989797  progress=0.0370  success=0/1 (0.00%)  steps=mean:212.0 range:[212,212]
  training  completed=1015/2500  queue=0/256 (0%)  replay=159975/200000  updates=72  loss=0.00103  policy_version=374
  throughput env_steps_s=276.7  transitions_s=276.7  transitions_step=1.0  updates_s=68.5  updates_throttled=0
episode=1018
  mode      collector=async  worker=0  epsilon=0.024
  outcome   reward=-1.0066  progress=0.0000  success=0/1 (0.00%)  steps=mean:66.0 range:[66,66]
  training  completed=1016/2500  queue=0/256 (0%)  replay=160245/200000  updates=68  loss=0.00144  policy_version=375
  throughput env_steps_s=274.2  transitions_s=274.2  transitions_step=1.0  updates_s=69.1  updates_throttled=0
episode=1006
  mode      collector=async  worker=3  epsilon=0.024
  outcome   reward=3.9411999999999248  progress=0.1852  success=0/1 (0.00%)  steps=mean:788.0 range:[788,788]
  training  completed=1017/2500  queue=0/256 (0%)  replay=160402/200000  updates=39  loss=0.00151  policy_version=376
  throughput env_steps_s=277.4  transitions_s=277.4  transitions_step=1.0  updates_s=68.9  updates_throttled=0
episode=1017
  mode      collector=async  worker=1  epsilon=0.024
  outcome   reward=0.00200000000000089  progress=0.0370  success=0/1 (0.00%)  steps=mean:180.0 range:[180,180]
  training  completed=1018/2500  queue=1/256 (0%)  replay=160416/200000  updates=4  loss=0.00034  policy_version=376
  throughput env_steps_s=237.6  transitions_s=237.6  transitions_step=1.0  updates_s=67.9  updates_throttled=0
episode=1019
  mode      collector=async  worker=0  epsilon=0.023
  outcome   reward=-0.0021999999999988695  progress=0.0370  success=0/1 (0.00%)  steps=mean:222.0 range:[222,222]
  training  completed=1019/2500  queue=0/256 (0%)  replay=161133/200000  updates=179  loss=0.00129  policy_version=377
  throughput env_steps_s=280.2  transitions_s=280.2  transitions_step=1.0  updates_s=70.0  updates_throttled=0
episode=1020
  mode      collector=async  worker=3  epsilon=0.023
  outcome   reward=-0.0028999999999990145  progress=0.0370  success=0/1 (0.00%)  steps=mean:229.0 range:[229,229]
  training  completed=1020/2500  queue=3/256 (1%)  replay=161331/200000  updates=49  loss=0.00108  policy_version=378
  throughput env_steps_s=273.5  transitions_s=273.5  transitions_step=1.0  updates_s=67.7  updates_throttled=0
episode=1022
  mode      collector=async  worker=0  epsilon=0.023
  outcome   reward=0.002200000000000868  progress=0.0370  success=0/1 (0.00%)  steps=mean:178.0 range:[178,178]
  training  completed=1021/2500  queue=2/256 (1%)  replay=161860/200000  updates=133  loss=0.00109  policy_version=379
  throughput env_steps_s=276.5  transitions_s=276.5  transitions_step=1.0  updates_s=69.5  updates_throttled=0
episode=1015
  mode      collector=async  worker=2  epsilon=0.023
  outcome   reward=3.9443999999999555  progress=0.1852  success=0/1 (0.00%)  steps=mean:756.0 range:[756,756]
  training  completed=1022/2500  queue=0/256 (0%)  replay=161959/200000  updates=24  loss=0.00131  policy_version=379
  throughput env_steps_s=281.7  transitions_s=281.7  transitions_step=1.0  updates_s=68.3  updates_throttled=0
episode=1021
  mode      collector=async  worker=1  epsilon=0.023
  outcome   reward=2.973599999999937  progress=0.1481  success=0/1 (0.00%)  steps=mean:464.0 range:[464,464]
  training  completed=1023/2500  queue=0/256 (0%)  replay=162277/200000  updates=80  loss=0.00095  policy_version=380
  throughput env_steps_s=278.0  transitions_s=278.0  transitions_step=1.0  updates_s=69.9  updates_throttled=0
Frozen evaluation episode=1000: success=0/20 (0.00%) reward_mean=0.4853 steps_mean=266.9
episode=1025
  mode      collector=async  worker=2  epsilon=0.023
  outcome   reward=-0.0026999999999990365  progress=0.0370  success=0/1 (0.00%)  steps=mean:227.0 range:[227,227]
  training  completed=1024/2500  queue=0/256 (0%)  replay=162878/200000  updates=150  loss=0.00066  policy_version=382
  throughput env_steps_s=317.5  transitions_s=317.5  transitions_step=1.0  updates_s=79.2  updates_throttled=0
episode=1024
  mode      collector=async  worker=0  epsilon=0.023
  outcome   reward=0.9876000000000025  progress=0.0741  success=0/1 (0.00%)  steps=mean:324.0 range:[324,324]
  training  completed=1025/2500  queue=0/256 (0%)  replay=163133/200000  updates=64  loss=0.00094  policy_version=382
  throughput env_steps_s=325.7  transitions_s=325.7  transitions_step=1.0  updates_s=81.8  updates_throttled=0
episode=1023
  mode      collector=async  worker=3  epsilon=0.023
  outcome   reward=0.9595000000000053  progress=0.0741  success=0/1 (0.00%)  steps=mean:605.0 range:[605,605]
  training  completed=1026/2500  queue=0/256 (0%)  replay=163758/200000  updates=156  loss=0.00138  policy_version=384
  throughput env_steps_s=329.7  transitions_s=329.7  transitions_step=1.0  updates_s=82.3  updates_throttled=0
episode=1028
  mode      collector=async  worker=0  epsilon=0.023
  outcome   reward=8.881784197001252e-16  progress=0.0370  success=0/1 (0.00%)  steps=mean:200.0 range:[200,200]
  training  completed=1027/2500  queue=1/256 (0%)  replay=163921/200000  updates=41  loss=0.00139  policy_version=384
  throughput env_steps_s=341.3  transitions_s=341.3  transitions_step=1.0  updates_s=85.9  updates_throttled=0
episode=1029
  mode      collector=async  worker=3  epsilon=0.023
  outcome   reward=-1.0066  progress=0.0000  success=0/1 (0.00%)  steps=mean:66.0 range:[66,66]
  training  completed=1028/2500  queue=0/256 (0%)  replay=164035/200000  updates=28  loss=0.00164  policy_version=385
  throughput env_steps_s=332.5  transitions_s=332.5  transitions_step=1.0  updates_s=81.7  updates_throttled=0
episode=1031
  mode      collector=async  worker=3  epsilon=0.023
  outcome   reward=-1.0062  progress=0.0000  success=0/1 (0.00%)  steps=mean:62.0 range:[62,62]
  training  completed=1029/2500  queue=1/256 (0%)  replay=164280/200000  updates=62  loss=0.00161  policy_version=385
  throughput env_steps_s=324.4  transitions_s=324.4  transitions_step=1.0  updates_s=82.1  updates_throttled=0
episode=1032
  mode      collector=async  worker=3  epsilon=0.022
  outcome   reward=-1.0065  progress=0.0000  success=0/1 (0.00%)  steps=mean:65.0 range:[65,65]
  training  completed=1030/2500  queue=0/256 (0%)  replay=164518/200000  updates=59  loss=0.00076  policy_version=386
  throughput env_steps_s=341.0  transitions_s=341.0  transitions_step=1.0  updates_s=84.5  updates_throttled=0
episode=1030
  mode      collector=async  worker=0  epsilon=0.022
  outcome   reward=-0.0004999999999990568  progress=0.0370  success=0/1 (0.00%)  steps=mean:205.0 range:[205,205]
  training  completed=1031/2500  queue=0/256 (0%)  replay=164759/200000  updates=60  loss=0.00192  policy_version=386
  throughput env_steps_s=324.0  transitions_s=324.0  transitions_step=1.0  updates_s=80.7  updates_throttled=0
episode=1026
  mode      collector=async  worker=1  epsilon=0.022
  outcome   reward=2.95519999999995  progress=0.1481  success=0/1 (0.00%)  steps=mean:648.0 range:[648,648]
  training  completed=1032/2500  queue=3/256 (1%)  replay=164852/200000  updates=24  loss=0.00092  policy_version=387
  throughput env_steps_s=310.8  transitions_s=310.8  transitions_step=1.0  updates_s=80.2  updates_throttled=0
episode=1033
  mode      collector=async  worker=3  epsilon=0.022
  outcome   reward=0.001500000000000945  progress=0.0370  success=0/1 (0.00%)  steps=mean:185.0 range:[185,185]
  training  completed=1033/2500  queue=0/256 (0%)  replay=165255/200000  updates=100  loss=0.00097  policy_version=388
  throughput env_steps_s=331.3  transitions_s=331.3  transitions_step=1.0  updates_s=82.2  updates_throttled=0
episode=1034
  mode      collector=async  worker=0  epsilon=0.022
  outcome   reward=0.00030000000000085514  progress=0.0370  success=0/1 (0.00%)  steps=mean:197.0 range:[197,197]
  training  completed=1034/2500  queue=0/256 (0%)  replay=165573/200000  updates=80  loss=0.00112  policy_version=388
  throughput env_steps_s=336.5  transitions_s=336.5  transitions_step=1.0  updates_s=84.7  updates_throttled=0
episode=1027
  mode      collector=async  worker=2  epsilon=0.022
  outcome   reward=3.9504999999999484  progress=0.1852  success=0/1 (0.00%)  steps=mean:695.0 range:[695,695]
  training  completed=1035/2500  queue=0/256 (0%)  replay=165663/200000  updates=22  loss=0.00068  policy_version=389
  throughput env_steps_s=298.9  transitions_s=298.9  transitions_step=1.0  updates_s=73.1  updates_throttled=0
episode=1035
  mode      collector=async  worker=1  epsilon=0.022
  outcome   reward=-0.0038999999999989043  progress=0.0370  success=0/1 (0.00%)  steps=mean:239.0 range:[239,239]
  training  completed=1036/2500  queue=0/256 (0%)  replay=165807/200000  updates=36  loss=0.00043  policy_version=389
  throughput env_steps_s=306.0  transitions_s=306.0  transitions_step=1.0  updates_s=76.5  updates_throttled=0
episode=1037
  mode      collector=async  worker=0  epsilon=0.022
  outcome   reward=-1.0066  progress=0.0000  success=0/1 (0.00%)  steps=mean:66.0 range:[66,66]
  training  completed=1037/2500  queue=0/256 (0%)  replay=165838/200000  updates=8  loss=0.00018  policy_version=389
  throughput env_steps_s=324.9  transitions_s=324.9  transitions_step=1.0  updates_s=83.8  updates_throttled=0
episode=1038
  mode      collector=async  worker=2  epsilon=0.022
  outcome   reward=-1.0062  progress=0.0000  success=0/1 (0.00%)  steps=mean:62.0 range:[62,62]
  training  completed=1038/2500  queue=0/256 (0%)  replay=165919/200000  updates=20  loss=0.00064  policy_version=389
  throughput env_steps_s=323.5  transitions_s=323.5  transitions_step=1.0  updates_s=79.9  updates_throttled=0
episode=1036
  mode      collector=async  worker=3  epsilon=0.022
  outcome   reward=-0.0024999999999990585  progress=0.0370  success=0/1 (0.00%)  steps=mean:225.0 range:[225,225]
  training  completed=1039/2500  queue=0/256 (0%)  replay=166133/200000  updates=54  loss=0.00088  policy_version=390
  throughput env_steps_s=332.1  transitions_s=332.1  transitions_step=1.0  updates_s=83.8  updates_throttled=0
episode=1042
  mode      collector=async  worker=3  epsilon=0.022
  outcome   reward=-1.0062  progress=0.0000  success=0/1 (0.00%)  steps=mean:62.0 range:[62,62]
  training  completed=1040/2500  queue=3/256 (1%)  replay=166375/200000  updates=60  loss=0.00125  policy_version=390
  throughput env_steps_s=323.2  transitions_s=323.2  transitions_step=1.0  updates_s=80.1  updates_throttled=0
episode=1041
  mode      collector=async  worker=2  epsilon=0.022
  outcome   reward=-9.999999999910081e-05  progress=0.0370  success=0/1 (0.00%)  steps=mean:201.0 range:[201,201]
  training  completed=1041/2500  queue=0/256 (0%)  replay=166729/200000  updates=89  loss=0.00085  policy_version=391
  throughput env_steps_s=336.5  transitions_s=336.5  transitions_step=1.0  updates_s=84.6  updates_throttled=0
episode=1044
  mode      collector=async  worker=2  epsilon=0.022
  outcome   reward=-0.0002999999999990788  progress=0.0370  success=0/1 (0.00%)  steps=mean:203.0 range:[203,203]
  training  completed=1042/2500  queue=0/256 (0%)  replay=167548/200000  updates=205  loss=0.00093  policy_version=393
  throughput env_steps_s=332.8  transitions_s=332.8  transitions_step=1.0  updates_s=83.3  updates_throttled=0
episode=1039
  mode      collector=async  worker=1  epsilon=0.021
  outcome   reward=1.9703999999999853  progress=0.1111  success=0/1 (0.00%)  steps=mean:496.0 range:[496,496]
  training  completed=1043/2500  queue=0/256 (0%)  replay=167788/200000  updates=60  loss=0.00145  policy_version=394
  throughput env_steps_s=334.0  transitions_s=334.0  transitions_step=1.0  updates_s=83.5  updates_throttled=0
episode=1046
  mode      collector=async  worker=1  epsilon=0.021
  outcome   reward=-1.0064  progress=0.0000  success=0/1 (0.00%)  steps=mean:64.0 range:[64,64]
  training  completed=1044/2500  queue=0/256 (0%)  replay=168058/200000  updates=67  loss=0.00085  policy_version=395
  throughput env_steps_s=333.4  transitions_s=333.4  transitions_step=1.0  updates_s=82.7  updates_throttled=0
episode=1040
  mode      collector=async  worker=0  epsilon=0.021
  outcome   reward=2.954999999999952  progress=0.1481  success=0/1 (0.00%)  steps=mean:650.0 range:[650,650]
  training  completed=1045/2500  queue=0/256 (0%)  replay=168441/200000  updates=96  loss=0.00087  policy_version=396
  throughput env_steps_s=318.7  transitions_s=318.7  transitions_step=1.0  updates_s=79.9  updates_throttled=0
episode=1043
  mode      collector=async  worker=3  epsilon=0.021
  outcome   reward=2.963299999999962  progress=0.1481  success=0/1 (0.00%)  steps=mean:567.0 range:[567,567]
  training  completed=1046/2500  queue=0/256 (0%)  replay=168645/200000  updates=51  loss=0.00081  policy_version=396
  throughput env_steps_s=317.0  transitions_s=317.0  transitions_step=1.0  updates_s=79.3  updates_throttled=0
episode=1049
  mode      collector=async  worker=3  epsilon=0.021
  outcome   reward=-1.0063  progress=0.0000  success=0/1 (0.00%)  steps=mean:63.0 range:[63,63]
  training  completed=1047/2500  queue=1/256 (0%)  replay=168901/200000  updates=64  loss=0.00071  policy_version=397
  throughput env_steps_s=318.9  transitions_s=318.9  transitions_step=1.0  updates_s=79.7  updates_throttled=0
episode=1047
  mode      collector=async  worker=1  epsilon=0.021
  outcome   reward=-0.0027999999999990255  progress=0.0370  success=0/1 (0.00%)  steps=mean:228.0 range:[228,228]
  training  completed=1048/2500  queue=2/256 (1%)  replay=168960/200000  updates=15  loss=0.00142  policy_version=397
  throughput env_steps_s=312.4  transitions_s=312.4  transitions_step=1.0  updates_s=79.4  updates_throttled=0
episode=1048
  mode      collector=async  worker=0  epsilon=0.021
  outcome   reward=-9.999999999910081e-05  progress=0.0370  success=0/1 (0.00%)  steps=mean:201.0 range:[201,201]
  training  completed=1049/2500  queue=0/256 (0%)  replay=169243/200000  updates=70  loss=0.00123  policy_version=398
  throughput env_steps_s=341.5  transitions_s=341.5  transitions_step=1.0  updates_s=84.5  updates_throttled=0
episode=1050
  mode      collector=async  worker=3  epsilon=0.021
  outcome   reward=3.970299999999974  progress=0.1852  success=0/1 (0.00%)  steps=mean:497.0 range:[497,497]
  training  completed=1050/2500  queue=0/256 (0%)  replay=170898/200000  updates=414  loss=0.00104  policy_version=402
  throughput env_steps_s=329.7  transitions_s=329.7  transitions_step=1.0  updates_s=82.5  updates_throttled=0
episode=1045
  mode      collector=async  worker=2  epsilon=0.021
  outcome   reward=4.9318000000000115  progress=0.2222  success=0/1 (0.00%)  steps=mean:882.0 range:[882,882]
  training  completed=1051/2500  queue=0/256 (0%)  replay=171067/200000  updates=42  loss=0.00068  policy_version=402
  throughput env_steps_s=327.3  transitions_s=327.3  transitions_step=1.0  updates_s=81.3  updates_throttled=0
episode=1053
  mode      collector=async  worker=3  epsilon=0.021
  outcome   reward=-0.0002999999999990788  progress=0.0370  success=0/1 (0.00%)  steps=mean:203.0 range:[203,203]
  training  completed=1052/2500  queue=0/256 (0%)  replay=171718/200000  updates=163  loss=0.00115  policy_version=404
  throughput env_steps_s=322.9  transitions_s=322.9  transitions_step=1.0  updates_s=80.9  updates_throttled=0
episode=1055
  mode      collector=async  worker=3  epsilon=0.021
  outcome   reward=-1.0064  progress=0.0000  success=0/1 (0.00%)  steps=mean:64.0 range:[64,64]
  training  completed=1053/2500  queue=0/256 (0%)  replay=171970/200000  updates=63  loss=0.00162  policy_version=404
  throughput env_steps_s=326.7  transitions_s=326.7  transitions_step=1.0  updates_s=81.7  updates_throttled=0
episode=1056
  mode      collector=async  worker=3  epsilon=0.021
  outcome   reward=-1.0065  progress=0.0000  success=0/1 (0.00%)  steps=mean:65.0 range:[65,65]
  training  completed=1054/2500  queue=2/256 (1%)  replay=172228/200000  updates=65  loss=0.00090  policy_version=405
  throughput env_steps_s=324.3  transitions_s=324.3  transitions_step=1.0  updates_s=81.7  updates_throttled=0
episode=1054
  mode      collector=async  worker=2  epsilon=0.021
  outcome   reward=1.9896999999999678  progress=0.1111  success=0/1 (0.00%)  steps=mean:303.0 range:[303,303]
  training  completed=1055/2500  queue=0/256 (0%)  replay=172266/200000  updates=9  loss=0.00020  policy_version=405
  throughput env_steps_s=327.4  transitions_s=327.4  transitions_step=1.0  updates_s=77.5  updates_throttled=0
episode=1057
  mode      collector=async  worker=3  epsilon=0.020
  outcome   reward=-1.0063  progress=0.0000  success=0/1 (0.00%)  steps=mean:63.0 range:[63,63]
  training  completed=1056/2500  queue=0/256 (0%)  replay=172492/200000  updates=57  loss=0.00134  policy_version=406
  throughput env_steps_s=328.0  transitions_s=328.0  transitions_step=1.0  updates_s=82.7  updates_throttled=0
episode=1052
  mode      collector=async  worker=0  epsilon=0.020
  outcome   reward=3.9332999999999574  progress=0.1852  success=0/1 (0.00%)  steps=mean:867.0 range:[867,867]
  training  completed=1057/2500  queue=0/256 (0%)  replay=172698/200000  updates=51  loss=0.00128  policy_version=406
  throughput env_steps_s=324.1  transitions_s=324.1  transitions_step=1.0  updates_s=80.2  updates_throttled=0
episode=1059
  mode      collector=async  worker=3  epsilon=0.020
  outcome   reward=-1.0062  progress=0.0000  success=0/1 (0.00%)  steps=mean:62.0 range:[62,62]
  training  completed=1058/2500  queue=0/256 (0%)  replay=172730/200000  updates=8  loss=0.00032  policy_version=406
  throughput env_steps_s=323.2  transitions_s=323.2  transitions_step=1.0  updates_s=80.8  updates_throttled=0
episode=1051
  mode      collector=async  worker=1  epsilon=0.020
  outcome   reward=4.917700000000117  progress=0.2222  success=0/1 (0.00%)  steps=mean:1023.0 range:[1023,1023]
  training  completed=1059/2500  queue=1/256 (0%)  replay=173064/200000  updates=84  loss=0.00131  policy_version=407
  throughput env_steps_s=331.1  transitions_s=331.1  transitions_step=1.0  updates_s=83.3  updates_throttled=0
episode=1058
  mode      collector=async  worker=2  epsilon=0.020
  outcome   reward=-0.0025999999999990475  progress=0.0370  success=0/1 (0.00%)  steps=mean:226.0 range:[226,226]
  training  completed=1060/2500  queue=3/256 (1%)  replay=173185/200000  updates=30  loss=0.00241  policy_version=407
  throughput env_steps_s=307.5  transitions_s=307.5  transitions_step=1.0  updates_s=76.2  updates_throttled=0
episode=1061
  mode      collector=async  worker=3  epsilon=0.020
  outcome   reward=0.0005000000000008331  progress=0.0370  success=0/1 (0.00%)  steps=mean:195.0 range:[195,195]
  training  completed=1061/2500  queue=0/256 (0%)  replay=173498/200000  updates=78  loss=0.00109  policy_version=408
  throughput env_steps_s=332.9  transitions_s=332.9  transitions_step=1.0  updates_s=83.0  updates_throttled=0
episode=1064
  mode      collector=async  worker=3  epsilon=0.020
  outcome   reward=-1.0063  progress=0.0000  success=0/1 (0.00%)  steps=mean:63.0 range:[63,63]
  training  completed=1062/2500  queue=0/256 (0%)  replay=173742/200000  updates=61  loss=0.00104  policy_version=409
  throughput env_steps_s=315.0  transitions_s=315.0  transitions_step=1.0  updates_s=78.8  updates_throttled=0
episode=1062
  mode      collector=async  worker=1  epsilon=0.020
  outcome   reward=-0.0012999999999989686  progress=0.0370  success=0/1 (0.00%)  steps=mean:213.0 range:[213,213]
  training  completed=1063/2500  queue=3/256 (1%)  replay=173908/200000  updates=42  loss=0.00118  policy_version=409
  throughput env_steps_s=316.1  transitions_s=316.1  transitions_step=1.0  updates_s=80.0  updates_throttled=0
episode=1065
  mode      collector=async  worker=3  epsilon=0.020
  outcome   reward=-1.0065  progress=0.0000  success=0/1 (0.00%)  steps=mean:65.0 range:[65,65]
  training  completed=1064/2500  queue=1/256 (0%)  replay=174004/200000  updates=24  loss=0.00089  policy_version=410
  throughput env_steps_s=318.9  transitions_s=318.9  transitions_step=1.0  updates_s=79.7  updates_throttled=0
episode=1060
  mode      collector=async  worker=0  epsilon=0.020
  outcome   reward=0.9867000000000026  progress=0.0741  success=0/1 (0.00%)  steps=mean:333.0 range:[333,333]
  training  completed=1065/2500  queue=0/256 (0%)  replay=174034/200000  updates=7  loss=0.00021  policy_version=410
  throughput env_steps_s=301.2  transitions_s=301.2  transitions_step=1.0  updates_s=70.3  updates_throttled=0
episode=1066
  mode      collector=async  worker=1  epsilon=0.020
  outcome   reward=-1.0063  progress=0.0000  success=0/1 (0.00%)  steps=mean:63.0 range:[63,63]
  training  completed=1066/2500  queue=0/256 (0%)  replay=174163/200000  updates=32  loss=0.00108  policy_version=410
  throughput env_steps_s=336.2  transitions_s=336.2  transitions_step=1.0  updates_s=83.4  updates_throttled=0
episode=1067
  mode      collector=async  worker=3  epsilon=0.020
  outcome   reward=-1.006  progress=0.0000  success=0/1 (0.00%)  steps=mean:60.0 range:[60,60]
  training  completed=1067/2500  queue=0/256 (0%)  replay=174238/200000  updates=19  loss=0.00177  policy_version=410
  throughput env_steps_s=316.0  transitions_s=316.0  transitions_step=1.0  updates_s=80.1  updates_throttled=0
episode=1068
  mode      collector=async  worker=0  epsilon=0.020
  outcome   reward=0.00010000000000087717  progress=0.0370  success=0/1 (0.00%)  steps=mean:199.0 range:[199,199]
  training  completed=1068/2500  queue=0/256 (0%)  replay=174835/200000  updates=149  loss=0.00110  policy_version=412
  throughput env_steps_s=326.5  transitions_s=326.5  transitions_step=1.0  updates_s=81.5  updates_throttled=0
episode=1069
  mode      collector=async  worker=1  epsilon=0.019
  outcome   reward=0.001000000000000778  progress=0.0370  success=0/1 (0.00%)  steps=mean:190.0 range:[190,190]
  training  completed=1069/2500  queue=0/256 (0%)  replay=174943/200000  updates=27  loss=0.00154  policy_version=412
  throughput env_steps_s=320.2  transitions_s=320.2  transitions_step=1.0  updates_s=80.0  updates_throttled=0
episode=1072
  mode      collector=async  worker=1  epsilon=0.019
  outcome   reward=-1.0063  progress=0.0000  success=0/1 (0.00%)  steps=mean:63.0 range:[63,63]
  training  completed=1070/2500  queue=0/256 (0%)  replay=175199/200000  updates=64  loss=0.00112  policy_version=413
  throughput env_steps_s=330.6  transitions_s=330.6  transitions_step=1.0  updates_s=82.7  updates_throttled=0
episode=1071
  mode      collector=async  worker=0  epsilon=0.019
  outcome   reward=1.0015999999999858  progress=0.0741  success=0/1 (0.00%)  steps=mean:184.0 range:[184,184]
  training  completed=1071/2500  queue=0/256 (0%)  replay=175559/200000  updates=90  loss=0.00163  policy_version=413
  throughput env_steps_s=332.0  transitions_s=332.0  transitions_step=1.0  updates_s=83.0  updates_throttled=0
episode=1074
  mode      collector=async  worker=0  epsilon=0.019
  outcome   reward=-1.0062  progress=0.0000  success=0/1 (0.00%)  steps=mean:62.0 range:[62,62]
  training  completed=1072/2500  queue=0/256 (0%)  replay=175805/200000  updates=62  loss=0.00146  policy_version=414
  throughput env_steps_s=322.8  transitions_s=322.8  transitions_step=1.0  updates_s=81.4  updates_throttled=0
episode=1073
  mode      collector=async  worker=1  epsilon=0.019
  outcome   reward=0.0008000000000008001  progress=0.0370  success=0/1 (0.00%)  steps=mean:192.0 range:[192,192]
  training  completed=1073/2500  queue=0/256 (0%)  replay=175977/200000  updates=43  loss=0.00120  policy_version=414
  throughput env_steps_s=326.5  transitions_s=326.5  transitions_step=1.0  updates_s=81.6  updates_throttled=0
episode=1063
  mode      collector=async  worker=2  epsilon=0.019
  outcome   reward=4.946299999999957  progress=0.2222  success=0/1 (0.00%)  steps=mean:737.0 range:[737,737]
  training  completed=1074/2500  queue=0/256 (0%)  replay=176122/200000  updates=36  loss=0.00090  policy_version=415
  throughput env_steps_s=328.4  transitions_s=328.4  transitions_step=1.0  updates_s=81.5  updates_throttled=0
episode=1076
  mode      collector=async  worker=1  epsilon=0.019
  outcome   reward=-1.0062  progress=0.0000  success=0/1 (0.00%)  steps=mean:62.0 range:[62,62]
  training  completed=1075/2500  queue=1/256 (0%)  replay=176224/200000  updates=26  loss=0.00103  policy_version=415
  throughput env_steps_s=330.0  transitions_s=330.0  transitions_step=1.0  updates_s=84.1  updates_throttled=0
episode=1075
  mode      collector=async  worker=0  epsilon=0.019
  outcome   reward=1.0026999999999864  progress=0.0741  success=0/1 (0.00%)  steps=mean:173.0 range:[173,173]
  training  completed=1076/2500  queue=0/256 (0%)  replay=176515/200000  updates=72  loss=0.00117  policy_version=416
  throughput env_steps_s=321.3  transitions_s=321.3  transitions_step=1.0  updates_s=79.5  updates_throttled=0
episode=1078
  mode      collector=async  worker=1  epsilon=0.019
  outcome   reward=0.9894000000000023  progress=0.0741  success=0/1 (0.00%)  steps=mean:306.0 range:[306,306]
  training  completed=1077/2500  queue=0/256 (0%)  replay=177439/200000  updates=231  loss=0.00103  policy_version=418
  throughput env_steps_s=330.4  transitions_s=330.4  transitions_step=1.0  updates_s=82.6  updates_throttled=0
episode=1070
  mode      collector=async  worker=3  epsilon=0.019
  outcome   reward=6.919200000000062  progress=0.2963  success=0/1 (0.00%)  steps=mean:1008.0 range:[1008,1008]
  training  completed=1078/2500  queue=0/256 (0%)  replay=178235/200000  updates=199  loss=0.00120  policy_version=420
  throughput env_steps_s=330.4  transitions_s=330.4  transitions_step=1.0  updates_s=82.6  updates_throttled=0
episode=1079
  mode      collector=async  worker=0  epsilon=0.019
  outcome   reward=1.9758999999999884  progress=0.1111  success=0/1 (0.00%)  steps=mean:441.0 range:[441,441]
  training  completed=1079/2500  queue=0/256 (0%)  replay=178275/200000  updates=10  loss=0.00086  policy_version=420
  throughput env_steps_s=321.5  transitions_s=321.5  transitions_step=1.0  updates_s=80.4  updates_throttled=0
episode=1081
  mode      collector=async  worker=3  epsilon=0.019
  outcome   reward=-0.004199999999998871  progress=0.0370  success=0/1 (0.00%)  steps=mean:242.0 range:[242,242]
  training  completed=1080/2500  queue=5/256 (2%)  replay=179201/200000  updates=232  loss=0.00110  policy_version=423
  throughput env_steps_s=333.8  transitions_s=333.8  transitions_step=1.0  updates_s=83.6  updates_throttled=0
episode=1083
  mode      collector=async  worker=3  epsilon=0.019
  outcome   reward=-1.0061  progress=0.0000  success=0/1 (0.00%)  steps=mean:61.0 range:[61,61]
  training  completed=1081/2500  queue=3/256 (1%)  replay=179452/200000  updates=63  loss=0.00088  policy_version=423
  throughput env_steps_s=335.9  transitions_s=335.9  transitions_step=1.0  updates_s=84.3  updates_throttled=0
episode=1077
  mode      collector=async  worker=2  epsilon=0.019
  outcome   reward=5.929500000000002  progress=0.2593  success=0/1 (0.00%)  steps=mean:905.0 range:[905,905]
  training  completed=1082/2500  queue=0/256 (0%)  replay=179761/200000  updates=77  loss=0.00107  policy_version=424
  throughput env_steps_s=334.6  transitions_s=334.6  transitions_step=1.0  updates_s=83.4  updates_throttled=0
episode=1085
  mode      collector=async  worker=2  epsilon=0.019
  outcome   reward=-1.0065  progress=0.0000  success=0/1 (0.00%)  steps=mean:65.0 range:[65,65]
  training  completed=1083/2500  queue=0/256 (0%)  replay=180032/200000  updates=68  loss=0.00125  policy_version=425
  throughput env_steps_s=331.4  transitions_s=331.4  transitions_step=1.0  updates_s=83.2  updates_throttled=0
episode=1080
  mode      collector=async  worker=1  epsilon=0.018
  outcome   reward=4.9375000000001235  progress=0.2222  success=0/1 (0.00%)  steps=mean:825.0 range:[825,825]
  training  completed=1084/2500  queue=0/256 (0%)  replay=180751/200000  updates=179  loss=0.00083  policy_version=426
  throughput env_steps_s=328.1  transitions_s=328.1  transitions_step=1.0  updates_s=81.7  updates_throttled=0
episode=1086
  mode      collector=async  worker=2  epsilon=0.018
  outcome   reward=0.001000000000000778  progress=0.0370  success=0/1 (0.00%)  steps=mean:190.0 range:[190,190]
  training  completed=1085/2500  queue=0/256 (0%)  replay=180771/200000  updates=5  loss=0.00181  policy_version=426
  throughput env_steps_s=268.2  transitions_s=268.2  transitions_step=1.0  updates_s=67.1  updates_throttled=0
episode=1087
  mode      collector=async  worker=1  epsilon=0.018
  outcome   reward=-1.0063  progress=0.0000  success=0/1 (0.00%)  steps=mean:63.0 range:[63,63]
  training  completed=1086/2500  queue=0/256 (0%)  replay=181008/200000  updates=60  loss=0.00066  policy_version=427
  throughput env_steps_s=328.0  transitions_s=328.0  transitions_step=1.0  updates_s=83.0  updates_throttled=0
episode=1088
  mode      collector=async  worker=2  epsilon=0.018
  outcome   reward=-1.0068  progress=0.0000  success=0/1 (0.00%)  steps=mean:68.0 range:[68,68]
  training  completed=1087/2500  queue=0/256 (0%)  replay=181055/200000  updates=11  loss=0.00023  policy_version=427
  throughput env_steps_s=324.7  transitions_s=324.7  transitions_step=1.0  updates_s=76.0  updates_throttled=0
episode=1089
  mode      collector=async  worker=1  epsilon=0.018
  outcome   reward=-1.0064  progress=0.0000  success=0/1 (0.00%)  steps=mean:64.0 range:[64,64]
  training  completed=1088/2500  queue=0/256 (0%)  replay=181275/200000  updates=55  loss=0.00142  policy_version=428
  throughput env_steps_s=326.2  transitions_s=326.2  transitions_step=1.0  updates_s=81.6  updates_throttled=0
episode=1082
  mode      collector=async  worker=0  epsilon=0.018
  outcome   reward=4.92479999999999  progress=0.2222  success=0/1 (0.00%)  steps=mean:952.0 range:[952,952]
  training  completed=1089/2500  queue=3/256 (1%)  replay=182088/200000  updates=204  loss=0.00115  policy_version=430
  throughput env_steps_s=330.6  transitions_s=330.6  transitions_step=1.0  updates_s=82.9  updates_throttled=0
episode=1092
  mode      collector=async  worker=0  epsilon=0.018
  outcome   reward=-1.0066  progress=0.0000  success=0/1 (0.00%)  steps=mean:66.0 range:[66,66]
  training  completed=1090/2500  queue=0/256 (0%)  replay=182359/200000  updates=67  loss=0.00116  policy_version=430
  throughput env_steps_s=329.7  transitions_s=329.7  transitions_step=1.0  updates_s=81.5  updates_throttled=0
episode=1090
  mode      collector=async  worker=2  epsilon=0.018
  outcome   reward=1.986899999999985  progress=0.1111  success=0/1 (0.00%)  steps=mean:331.0 range:[331,331]
  training  completed=1091/2500  queue=0/256 (0%)  replay=182374/200000  updates=4  loss=0.00239  policy_version=430
  throughput env_steps_s=292.4  transitions_s=292.4  transitions_step=1.0  updates_s=78.0  updates_throttled=0
episode=1093
  mode      collector=async  worker=0  epsilon=0.018
  outcome   reward=-1.0065  progress=0.0000  success=0/1 (0.00%)  steps=mean:65.0 range:[65,65]
  training  completed=1092/2500  queue=0/256 (0%)  replay=182618/200000  updates=61  loss=0.00090  policy_version=431
  throughput env_steps_s=339.0  transitions_s=339.0  transitions_step=1.0  updates_s=84.7  updates_throttled=0
episode=1095
  mode      collector=async  worker=0  epsilon=0.018
  outcome   reward=-1.006  progress=0.0000  success=0/1 (0.00%)  steps=mean:60.0 range:[60,60]
  training  completed=1093/2500  queue=0/256 (0%)  replay=182851/200000  updates=58  loss=0.00129  policy_version=432
  throughput env_steps_s=323.5  transitions_s=323.5  transitions_step=1.0  updates_s=80.5  updates_throttled=0
episode=1096
  mode      collector=async  worker=0  epsilon=0.018
  outcome   reward=0.9981999999999875  progress=0.0741  success=0/1 (0.00%)  steps=mean:218.0 range:[218,218]
  training  completed=1094/2500  queue=0/256 (0%)  replay=183750/200000  updates=225  loss=0.00085  policy_version=434
  throughput env_steps_s=328.9  transitions_s=328.9  transitions_step=1.0  updates_s=82.3  updates_throttled=0
episode=1091
  mode      collector=async  worker=1  epsilon=0.018
  outcome   reward=3.951499999999988  progress=0.1852  success=0/1 (0.00%)  steps=mean:685.0 range:[685,685]
  training  completed=1095/2500  queue=0/256 (0%)  replay=184014/200000  updates=66  loss=0.00101  policy_version=435
  throughput env_steps_s=342.5  transitions_s=342.5  transitions_step=1.0  updates_s=85.6  updates_throttled=0
episode=1098
  mode      collector=async  worker=1  epsilon=0.018
  outcome   reward=-1.0062  progress=0.0000  success=0/1 (0.00%)  steps=mean:62.0 range:[62,62]
  training  completed=1096/2500  queue=1/256 (0%)  replay=184268/200000  updates=64  loss=0.00110  policy_version=435
  throughput env_steps_s=319.6  transitions_s=319.6  transitions_step=1.0  updates_s=80.5  updates_throttled=0
episode=1084
  mode      collector=async  worker=3  epsilon=0.018
  outcome   reward=8.897000000000139  progress=0.3704  success=0/1 (0.00%)  steps=mean:1230.0 range:[1230,1230]
  training  completed=1097/2500  queue=2/256 (1%)  replay=184344/200000  updates=19  loss=0.00059  policy_version=435
  throughput env_steps_s=317.2  transitions_s=317.2  transitions_step=1.0  updates_s=79.3  updates_throttled=0
episode=1097
  mode      collector=async  worker=0  epsilon=0.018
  outcome   reward=-0.0010999999999989907  progress=0.0370  success=0/1 (0.00%)  steps=mean:211.0 range:[211,211]
  training  completed=1098/2500  queue=1/256 (0%)  replay=184584/200000  updates=60  loss=0.00138  policy_version=436
  throughput env_steps_s=318.4  transitions_s=318.4  transitions_step=1.0  updates_s=79.6  updates_throttled=0
episode=1100
  mode      collector=async  worker=3  epsilon=0.017
  outcome   reward=-1.0064  progress=0.0000  success=0/1 (0.00%)  steps=mean:64.0 range:[64,64]
  training  completed=1099/2500  queue=1/256 (0%)  replay=184600/200000  updates=4  loss=0.00163  policy_version=436
  throughput env_steps_s=258.8  transitions_s=258.8  transitions_step=1.0  updates_s=64.7  updates_throttled=0
episode=1102
  mode      collector=async  worker=3  epsilon=0.017
  outcome   reward=-1.0059  progress=0.0000  success=0/1 (0.00%)  steps=mean:59.0 range:[59,59]
  training  completed=1100/2500  queue=4/256 (2%)  replay=184832/200000  updates=58  loss=0.00076  policy_version=437
  throughput env_steps_s=308.4  transitions_s=308.4  transitions_step=1.0  updates_s=77.1  updates_throttled=0
Saved checkpoint: checkpoints/breakout_s2_rand/ckpt-1100
Scheduled replay buffer save: checkpoints/breakout_s2_rand/replay-1100.npz transitions=184832
Evaluating frozen checkpoint episode=1100 episodes=20 metric=auto...
episode=1101
  mode      collector=async  worker=0  epsilon=0.017
  outcome   reward=-1.0064  progress=0.0000  success=0/1 (0.00%)  steps=mean:64.0 range:[64,64]
  training  completed=1101/2500  queue=5/256 (2%)  replay=184868/200000  updates=9  loss=0.00191  policy_version=437
  throughput env_steps_s=245.1  transitions_s=245.1  transitions_step=1.0  updates_s=61.3  updates_throttled=0
Saved replay buffer: checkpoints/breakout_s2_rand/replay-1100.npz transitions=184832
episode=1103
  mode      collector=async  worker=3  epsilon=0.017
  outcome   reward=0.0005000000000008331  progress=0.0370  success=0/1 (0.00%)  steps=mean:195.0 range:[195,195]
  training  completed=1102/2500  queue=0/256 (0%)  replay=185587/200000  updates=179  loss=0.00115  policy_version=438
  throughput env_steps_s=276.6  transitions_s=276.6  transitions_step=1.0  updates_s=68.9  updates_throttled=0
episode=1094
  mode      collector=async  worker=2  epsilon=0.017
  outcome   reward=4.9376  progress=0.2222  success=0/1 (0.00%)  steps=mean:824.0 range:[824,824]
  training  completed=1103/2500  queue=0/256 (0%)  replay=185651/200000  updates=16  loss=0.00010  policy_version=439
  throughput env_steps_s=273.2  transitions_s=273.2  transitions_step=1.0  updates_s=68.3  updates_throttled=0
episode=1099
  mode      collector=async  worker=1  epsilon=0.017
  outcome   reward=0.9832000000000027  progress=0.0741  success=0/1 (0.00%)  steps=mean:368.0 range:[368,368]
  training  completed=1104/2500  queue=0/256 (0%)  replay=185751/200000  updates=25  loss=0.00103  policy_version=439
  throughput env_steps_s=273.3  transitions_s=273.3  transitions_step=1.0  updates_s=68.3  updates_throttled=0
episode=1105
  mode      collector=async  worker=3  epsilon=0.017
  outcome   reward=-1.0063  progress=0.0000  success=0/1 (0.00%)  steps=mean:63.0 range:[63,63]
  training  completed=1105/2500  queue=2/256 (1%)  replay=185848/200000  updates=25  loss=0.00072  policy_version=439
  throughput env_steps_s=269.3  transitions_s=269.3  transitions_step=1.0  updates_s=69.4  updates_throttled=0
episode=1106
  mode      collector=async  worker=2  epsilon=0.017
  outcome   reward=-1.0062  progress=0.0000  success=0/1 (0.00%)  steps=mean:62.0 range:[62,62]
  training  completed=1106/2500  queue=0/256 (0%)  replay=185897/200000  updates=12  loss=0.00085  policy_version=439
  throughput env_steps_s=277.7  transitions_s=277.7  transitions_step=1.0  updates_s=68.0  updates_throttled=0
episode=1107
  mode      collector=async  worker=1  epsilon=0.017
  outcome   reward=-1.0062  progress=0.0000  success=0/1 (0.00%)  steps=mean:62.0 range:[62,62]
  training  completed=1107/2500  queue=0/256 (0%)  replay=185991/200000  updates=23  loss=0.00017  policy_version=439
  throughput env_steps_s=280.1  transitions_s=280.1  transitions_step=1.0  updates_s=68.5  updates_throttled=0
episode=1108
  mode      collector=async  worker=3  epsilon=0.017
  outcome   reward=-1.0065  progress=0.0000  success=0/1 (0.00%)  steps=mean:65.0 range:[65,65]
  training  completed=1108/2500  queue=1/256 (0%)  replay=186108/200000  updates=30  loss=0.00143  policy_version=440
  throughput env_steps_s=269.9  transitions_s=269.9  transitions_step=1.0  updates_s=69.2  updates_throttled=0
episode=1109
  mode      collector=async  worker=2  epsilon=0.017
  outcome   reward=-1.0061  progress=0.0000  success=0/1 (0.00%)  steps=mean:61.0 range:[61,61]
  training  completed=1109/2500  queue=0/256 (0%)  replay=186140/200000  updates=8  loss=0.00136  policy_version=440
  throughput env_steps_s=260.7  transitions_s=260.7  transitions_step=1.0  updates_s=65.2  updates_throttled=0
episode=1111
  mode      collector=async  worker=3  epsilon=0.017
  outcome   reward=-1.0061  progress=0.0000  success=0/1 (0.00%)  steps=mean:61.0 range:[61,61]
  training  completed=1110/2500  queue=0/256 (0%)  replay=186355/200000  updates=53  loss=0.00088  policy_version=440
  throughput env_steps_s=282.9  transitions_s=282.9  transitions_step=1.0  updates_s=69.7  updates_throttled=0
episode=1104
  mode      collector=async  worker=0  epsilon=0.017
  outcome   reward=1.9758999999999876  progress=0.1111  success=0/1 (0.00%)  steps=mean:441.0 range:[441,441]
  training  completed=1111/2500  queue=0/256 (0%)  replay=186629/200000  updates=69  loss=0.00160  policy_version=441
  throughput env_steps_s=277.9  transitions_s=277.9  transitions_step=1.0  updates_s=70.0  updates_throttled=0
episode=1114
  mode      collector=async  worker=0  epsilon=0.017
  outcome   reward=-1.0059  progress=0.0000  success=0/1 (0.00%)  steps=mean:59.0 range:[59,59]
  training  completed=1112/2500  queue=0/256 (0%)  replay=186863/200000  updates=58  loss=0.00131  policy_version=442
  throughput env_steps_s=281.0  transitions_s=281.0  transitions_step=1.0  updates_s=69.7  updates_throttled=0
episode=1113
  mode      collector=async  worker=3  epsilon=0.017
  outcome   reward=0.001400000000000956  progress=0.0370  success=0/1 (0.00%)  steps=mean:186.0 range:[186,186]
  training  completed=1113/2500  queue=0/256 (0%)  replay=187121/200000  updates=65  loss=0.00122  policy_version=442
  throughput env_steps_s=281.4  transitions_s=281.4  transitions_step=1.0  updates_s=70.9  updates_throttled=0
episode=1110
  mode      collector=async  worker=1  epsilon=0.017
  outcome   reward=0.9866000000000026  progress=0.0741  success=0/1 (0.00%)  steps=mean:334.0 range:[334,334]
  training  completed=1114/2500  queue=0/256 (0%)  replay=187331/200000  updates=52  loss=0.00076  policy_version=443
  throughput env_steps_s=284.3  transitions_s=284.3  transitions_step=1.0  updates_s=70.4  updates_throttled=0
episode=1112
  mode      collector=async  worker=2  epsilon=0.016
  outcome   reward=0.9836000000000027  progress=0.0741  success=0/1 (0.00%)  steps=mean:364.0 range:[364,364]
  training  completed=1115/2500  queue=0/256 (0%)  replay=187570/200000  updates=60  loss=0.00099  policy_version=443
  throughput env_steps_s=276.8  transitions_s=276.8  transitions_step=1.0  updates_s=69.5  updates_throttled=0
episode=1116
  mode      collector=async  worker=3  epsilon=0.016
  outcome   reward=0.0007000000000008111  progress=0.0370  success=0/1 (0.00%)  steps=mean:193.0 range:[193,193]
  training  completed=1116/2500  queue=0/256 (0%)  replay=187901/200000  updates=83  loss=0.00089  policy_version=444
  throughput env_steps_s=274.8  transitions_s=274.8  transitions_step=1.0  updates_s=68.9  updates_throttled=0
episode=1117
  mode      collector=async  worker=1  epsilon=0.016
  outcome   reward=-0.0010999999999989907  progress=0.0370  success=0/1 (0.00%)  steps=mean:211.0 range:[211,211]
  training  completed=1117/2500  queue=0/256 (0%)  replay=188185/200000  updates=71  loss=0.00089  policy_version=445
  throughput env_steps_s=282.8  transitions_s=282.8  transitions_step=1.0  updates_s=70.7  updates_throttled=0
episode=1119
  mode      collector=async  worker=3  epsilon=0.016
  outcome   reward=0.002100000000000879  progress=0.0370  success=0/1 (0.00%)  steps=mean:179.0 range:[179,179]
  training  completed=1118/2500  queue=0/256 (0%)  replay=188593/200000  updates=102  loss=0.00106  policy_version=446
  throughput env_steps_s=279.7  transitions_s=279.7  transitions_step=1.0  updates_s=69.9  updates_throttled=0
episode=1120
  mode      collector=async  worker=1  epsilon=0.016
  outcome   reward=0.001800000000000912  progress=0.0370  success=0/1 (0.00%)  steps=mean:182.0 range:[182,182]
  training  completed=1119/2500  queue=0/256 (0%)  replay=188926/200000  updates=83  loss=0.00106  policy_version=447
  throughput env_steps_s=267.8  transitions_s=267.8  transitions_step=1.0  updates_s=66.8  updates_throttled=0
episode=1118
  mode      collector=async  worker=2  epsilon=0.016
  outcome   reward=0.9863000000000024  progress=0.0741  success=0/1 (0.00%)  steps=mean:337.0 range:[337,337]
  training  completed=1120/2500  queue=3/256 (1%)  replay=188927/200000  updates=0  loss=0.00000  policy_version=447
  throughput env_steps_s=48.4  transitions_s=48.4  transitions_step=1.0  updates_s=0.0  updates_throttled=0
episode=1121
  mode      collector=async  worker=3  epsilon=0.016
  outcome   reward=0.9995999999999847  progress=0.0741  success=0/1 (0.00%)  steps=mean:204.0 range:[204,204]
  training  completed=1121/2500  queue=1/256 (0%)  replay=189416/200000  updates=123  loss=0.00108  policy_version=448
  throughput env_steps_s=271.8  transitions_s=271.8  transitions_step=1.0  updates_s=68.4  updates_throttled=0
episode=1124
  mode      collector=async  worker=3  epsilon=0.016
  outcome   reward=-1.006  progress=0.0000  success=0/1 (0.00%)  steps=mean:60.0 range:[60,60]
  training  completed=1122/2500  queue=0/256 (0%)  replay=189654/200000  updates=59  loss=0.00112  policy_version=449
  throughput env_steps_s=282.9  transitions_s=282.9  transitions_step=1.0  updates_s=70.1  updates_throttled=0
episode=1115
  mode      collector=async  worker=0  epsilon=0.016
  outcome   reward=2.947699999999899  progress=0.1481  success=0/1 (0.00%)  steps=mean:723.0 range:[723,723]
  training  completed=1123/2500  queue=2/256 (1%)  replay=189716/200000  updates=16  loss=0.00093  policy_version=449
  throughput env_steps_s=277.9  transitions_s=277.9  transitions_step=1.0  updates_s=71.7  updates_throttled=0
episode=1126
  mode      collector=async  worker=0  epsilon=0.016
  outcome   reward=-1.0068  progress=0.0000  success=0/1 (0.00%)  steps=mean:68.0 range:[68,68]
  training  completed=1124/2500  queue=0/256 (0%)  replay=189994/200000  updates=69  loss=0.00082  policy_version=449
  throughput env_steps_s=285.0  transitions_s=285.0  transitions_step=1.0  updates_s=70.7  updates_throttled=0
episode=1122
  mode      collector=async  worker=1  epsilon=0.016
  outcome   reward=0.9874000000000023  progress=0.0741  success=0/1 (0.00%)  steps=mean:326.0 range:[326,326]
  training  completed=1125/2500  queue=0/256 (0%)  replay=190253/200000  updates=65  loss=0.00114  policy_version=450
  throughput env_steps_s=263.9  transitions_s=263.9  transitions_step=1.0  updates_s=66.2  updates_throttled=0
episode=1125
  mode      collector=async  worker=3  epsilon=0.016
  outcome   reward=0.9991999999999857  progress=0.0741  success=0/1 (0.00%)  steps=mean:208.0 range:[208,208]
  training  completed=1126/2500  queue=0/256 (0%)  replay=190473/200000  updates=55  loss=0.00170  policy_version=451
  throughput env_steps_s=286.9  transitions_s=286.9  transitions_step=1.0  updates_s=71.7  updates_throttled=0
episode=1123
  mode      collector=async  worker=2  epsilon=0.016
  outcome   reward=1.9648999999999825  progress=0.1111  success=0/1 (0.00%)  steps=mean:551.0 range:[551,551]
  training  completed=1127/2500  queue=0/256 (0%)  replay=191133/200000  updates=165  loss=0.00080  policy_version=452
  throughput env_steps_s=280.0  transitions_s=280.0  transitions_step=1.0  updates_s=70.0  updates_throttled=0
episode=1128
  mode      collector=async  worker=1  epsilon=0.016
  outcome   reward=-0.0038999999999989043  progress=0.0370  success=0/1 (0.00%)  steps=mean:239.0 range:[239,239]
  training  completed=1128/2500  queue=0/256 (0%)  replay=191210/200000  updates=19  loss=0.00072  policy_version=453
  throughput env_steps_s=287.8  transitions_s=287.8  transitions_step=1.0  updates_s=71.0  updates_throttled=0
episode=1131
  mode      collector=async  worker=1  epsilon=0.016
  outcome   reward=-1.006  progress=0.0000  success=0/1 (0.00%)  steps=mean:60.0 range:[60,60]
  training  completed=1129/2500  queue=0/256 (0%)  replay=191459/200000  updates=62  loss=0.00055  policy_version=453
  throughput env_steps_s=284.0  transitions_s=284.0  transitions_step=1.0  updates_s=70.7  updates_throttled=0
episode=1127
  mode      collector=async  worker=0  epsilon=0.016
  outcome   reward=0.9818000000000029  progress=0.0741  success=0/1 (0.00%)  steps=mean:382.0 range:[382,382]
  training  completed=1130/2500  queue=0/256 (0%)  replay=191518/200000  updates=15  loss=0.00107  policy_version=453
  throughput env_steps_s=281.6  transitions_s=281.6  transitions_step=1.0  updates_s=71.6  updates_throttled=0
episode=1129
  mode      collector=async  worker=3  epsilon=0.016
  outcome   reward=1.9788999999999881  progress=0.1111  success=0/1 (0.00%)  steps=mean:411.0 range:[411,411]
  training  completed=1131/2500  queue=0/256 (0%)  replay=192107/200000  updates=147  loss=0.00113  policy_version=455
  throughput env_steps_s=280.3  transitions_s=280.3  transitions_step=1.0  updates_s=69.9  updates_throttled=0
episode=1133
  mode      collector=async  worker=0  epsilon=0.015
  outcome   reward=0.0005000000000008331  progress=0.0370  success=0/1 (0.00%)  steps=mean:195.0 range:[195,195]
  training  completed=1132/2500  queue=4/256 (2%)  replay=192288/200000  updates=46  loss=0.00109  policy_version=455
  throughput env_steps_s=272.6  transitions_s=272.6  transitions_step=1.0  updates_s=69.3  updates_throttled=0
episode=1132
  mode      collector=async  worker=1  epsilon=0.015
  outcome   reward=-0.0001999999999990898  progress=0.0370  success=0/1 (0.00%)  steps=mean:202.0 range:[202,202]
  training  completed=1133/2500  queue=0/256 (0%)  replay=192291/200000  updates=0  loss=0.00000  policy_version=455
  throughput env_steps_s=1144.3  transitions_s=1144.3  transitions_step=1.0  updates_s=0.0  updates_throttled=0
episode=1135
  mode      collector=async  worker=0  epsilon=0.015
  outcome   reward=-1.0062  progress=0.0000  success=0/1 (0.00%)  steps=mean:62.0 range:[62,62]
  training  completed=1134/2500  queue=0/256 (0%)  replay=192544/200000  updates=64  loss=0.00115  policy_version=456
  throughput env_steps_s=282.5  transitions_s=282.5  transitions_step=1.0  updates_s=71.5  updates_throttled=0
episode=1137
  mode      collector=async  worker=0  epsilon=0.015
  outcome   reward=-1.0061  progress=0.0000  success=0/1 (0.00%)  steps=mean:61.0 range:[61,61]
  training  completed=1135/2500  queue=1/256 (0%)  replay=192781/200000  updates=59  loss=0.00083  policy_version=456
  throughput env_steps_s=287.7  transitions_s=287.7  transitions_step=1.0  updates_s=71.6  updates_throttled=0
episode=1136
  mode      collector=async  worker=1  epsilon=0.015
  outcome   reward=-0.0038999999999989043  progress=0.0370  success=0/1 (0.00%)  steps=mean:239.0 range:[239,239]
  training  completed=1136/2500  queue=0/256 (0%)  replay=193249/200000  updates=117  loss=0.00113  policy_version=458
  throughput env_steps_s=285.3  transitions_s=285.3  transitions_step=1.0  updates_s=71.3  updates_throttled=0
episode=1139
  mode      collector=async  worker=1  epsilon=0.015
  outcome   reward=-1.0063  progress=0.0000  success=0/1 (0.00%)  steps=mean:63.0 range:[63,63]
  training  completed=1137/2500  queue=0/256 (0%)  replay=193513/200000  updates=66  loss=0.00085  policy_version=458
  throughput env_steps_s=281.6  transitions_s=281.6  transitions_step=1.0  updates_s=70.4  updates_throttled=0
episode=1138
  mode      collector=async  worker=0  epsilon=0.015
  outcome   reward=0.001100000000000767  progress=0.0370  success=0/1 (0.00%)  steps=mean:189.0 range:[189,189]
  training  completed=1138/2500  queue=0/256 (0%)  replay=193524/200000  updates=3  loss=0.00271  policy_version=458
  throughput env_steps_s=306.5  transitions_s=306.5  transitions_step=1.0  updates_s=83.6  updates_throttled=0
Frozen evaluation episode=1100: success=0/20 (0.00%) reward_mean=1.0717 steps_mean=392.9
Saved checkpoint: checkpoints/breakout_s2_rand/best/ckpt-1138
Best checkpoint applied using live weights at episode=1138 (background evaluation was requested for episode=1100)
New best checkpoint: checkpoints/breakout_s2_rand/best/ckpt-1138 metric=auto success=0.00% reward_mean=1.0717
episode=1140
  mode      collector=async  worker=1  epsilon=0.015
  outcome   reward=-1.006  progress=0.0000  success=0/1 (0.00%)  steps=mean:60.0 range:[60,60]
  training  completed=1139/2500  queue=0/256 (0%)  replay=193756/200000  updates=58  loss=0.00079  policy_version=459
  throughput env_steps_s=299.4  transitions_s=299.4  transitions_step=1.0  updates_s=74.8  updates_throttled=0
episode=1141
  mode      collector=async  worker=0  epsilon=0.015
  outcome   reward=-1.0064  progress=0.0000  success=0/1 (0.00%)  steps=mean:64.0 range:[64,64]
  training  completed=1140/2500  queue=3/256 (1%)  replay=193766/200000  updates=2  loss=0.00012  policy_version=459
  throughput env_steps_s=202.1  transitions_s=202.1  transitions_step=1.0  updates_s=40.4  updates_throttled=0
episode=1134
  mode      collector=async  worker=3  epsilon=0.015
  outcome   reward=1.9687999999999846  progress=0.1111  success=0/1 (0.00%)  steps=mean:512.0 range:[512,512]
  training  completed=1141/2500  queue=0/256 (0%)  replay=194154/200000  updates=97  loss=0.00080  policy_version=460
  throughput env_steps_s=319.0  transitions_s=319.0  transitions_step=1.0  updates_s=79.8  updates_throttled=0
episode=1130
  mode      collector=async  worker=2  epsilon=0.015
  outcome   reward=4.9427000000000305  progress=0.2222  success=0/1 (0.00%)  steps=mean:773.0 range:[773,773]
  training  completed=1142/2500  queue=0/256 (0%)  replay=194211/200000  updates=14  loss=0.00129  policy_version=460
  throughput env_steps_s=345.3  transitions_s=345.3  transitions_step=1.0  updates_s=84.8  updates_throttled=0
episode=1142
  mode      collector=async  worker=1  epsilon=0.015
  outcome   reward=1.0013999999999867  progress=0.0741  success=0/1 (0.00%)  steps=mean:186.0 range:[186,186]
  training  completed=1143/2500  queue=0/256 (0%)  replay=194502/200000  updates=73  loss=0.00094  policy_version=461
  throughput env_steps_s=329.2  transitions_s=329.2  transitions_step=1.0  updates_s=82.6  updates_throttled=0
episode=1144
  mode      collector=async  worker=3  epsilon=0.015
  outcome   reward=0.001300000000000967  progress=0.0370  success=0/1 (0.00%)  steps=mean:187.0 range:[187,187]
  training  completed=1144/2500  queue=0/256 (0%)  replay=194902/200000  updates=100  loss=0.00138  policy_version=462
  throughput env_steps_s=339.5  transitions_s=339.5  transitions_step=1.0  updates_s=84.9  updates_throttled=0
episode=1145
  mode      collector=async  worker=2  epsilon=0.015
  outcome   reward=0.9839000000000027  progress=0.0741  success=0/1 (0.00%)  steps=mean:361.0 range:[361,361]
  training  completed=1145/2500  queue=0/256 (0%)  replay=195659/200000  updates=189  loss=0.00081  policy_version=464
  throughput env_steps_s=342.3  transitions_s=342.3  transitions_step=1.0  updates_s=85.5  updates_throttled=0
episode=1143
  mode      collector=async  worker=0  epsilon=0.015
  outcome   reward=1.9710999999999885  progress=0.1111  success=0/1 (0.00%)  steps=mean:489.0 range:[489,489]
  training  completed=1146/2500  queue=1/256 (0%)  replay=195752/200000  updates=24  loss=0.00011  policy_version=464
  throughput env_steps_s=317.8  transitions_s=317.8  transitions_step=1.0  updates_s=82.0  updates_throttled=0
episode=1146
  mode      collector=async  worker=1  epsilon=0.015
  outcome   reward=0.9885000000000024  progress=0.0741  success=0/1 (0.00%)  steps=mean:315.0 range:[315,315]
  training  completed=1147/2500  queue=1/256 (0%)  replay=195757/200000  updates=1  loss=0.00016  policy_version=464
  throughput env_steps_s=383.7  transitions_s=383.7  transitions_step=1.0  updates_s=76.7  updates_throttled=0
episode=1150
  mode      collector=async  worker=1  epsilon=0.015
  outcome   reward=-1.0062  progress=0.0000  success=0/1 (0.00%)  steps=mean:62.0 range:[62,62]
  training  completed=1148/2500  queue=2/256 (1%)  replay=196001/200000  updates=61  loss=0.00105  policy_version=465
  throughput env_steps_s=342.2  transitions_s=342.2  transitions_step=1.0  updates_s=85.6  updates_throttled=0
episode=1149
  mode      collector=async  worker=0  epsilon=0.015
  outcome   reward=-1.0065  progress=0.0000  success=0/1 (0.00%)  steps=mean:65.0 range:[65,65]
  training  completed=1149/2500  queue=0/256 (0%)  replay=196016/200000  updates=4  loss=0.00009  policy_version=465
  throughput env_steps_s=333.1  transitions_s=333.1  transitions_step=1.0  updates_s=88.8  updates_throttled=0
episode=1151
  mode      collector=async  worker=1  epsilon=0.014
  outcome   reward=-1.006  progress=0.0000  success=0/1 (0.00%)  steps=mean:60.0 range:[60,60]
  training  completed=1150/2500  queue=0/256 (0%)  replay=196243/200000  updates=56  loss=0.00083  policy_version=465
  throughput env_steps_s=347.1  transitions_s=347.1  transitions_step=1.0  updates_s=85.6  updates_throttled=0
episode=1148
  mode      collector=async  worker=2  epsilon=0.014
  outcome   reward=-0.0001999999999990898  progress=0.0370  success=0/1 (0.00%)  steps=mean:202.0 range:[202,202]
  training  completed=1151/2500  queue=0/256 (0%)  replay=196441/200000  updates=50  loss=0.00072  policy_version=466
  throughput env_steps_s=341.4  transitions_s=341.4  transitions_step=1.0  updates_s=86.2  updates_throttled=0
episode=1154
  mode      collector=async  worker=2  epsilon=0.014
  outcome   reward=-1.0065  progress=0.0000  success=0/1 (0.00%)  steps=mean:65.0 range:[65,65]
  training  completed=1152/2500  queue=0/256 (0%)  replay=196707/200000  updates=66  loss=0.00079  policy_version=466
  throughput env_steps_s=341.8  transitions_s=341.8  transitions_step=1.0  updates_s=84.8  updates_throttled=0
episode=1152
  mode      collector=async  worker=0  epsilon=0.014
  outcome   reward=-0.0037999999999989154  progress=0.0370  success=0/1 (0.00%)  steps=mean:238.0 range:[238,238]
  training  completed=1153/2500  queue=0/256 (0%)  replay=196945/200000  updates=60  loss=0.00113  policy_version=467
  throughput env_steps_s=343.5  transitions_s=343.5  transitions_step=1.0  updates_s=86.6  updates_throttled=0
episode=1155
  mode      collector=async  worker=2  epsilon=0.014
  outcome   reward=-1.0061  progress=0.0000  success=0/1 (0.00%)  steps=mean:61.0 range:[61,61]
  training  completed=1154/2500  queue=3/256 (1%)  replay=196952/200000  updates=2  loss=0.00010  policy_version=467
  throughput env_steps_s=245.7  transitions_s=245.7  transitions_step=1.0  updates_s=70.2  updates_throttled=0
episode=1156
  mode      collector=async  worker=0  epsilon=0.014
  outcome   reward=-1.0063  progress=0.0000  success=0/1 (0.00%)  steps=mean:63.0 range:[63,63]
  training  completed=1155/2500  queue=0/256 (0%)  replay=197201/200000  updates=62  loss=0.00088  policy_version=468
  throughput env_steps_s=355.6  transitions_s=355.6  transitions_step=1.0  updates_s=88.5  updates_throttled=0
episode=1147
  mode      collector=async  worker=3  epsilon=0.014
  outcome   reward=4.9575  progress=0.2222  success=0/1 (0.00%)  steps=mean:625.0 range:[625,625]
  training  completed=1156/2500  queue=0/256 (0%)  replay=197431/200000  updates=57  loss=0.00170  policy_version=468
  throughput env_steps_s=353.6  transitions_s=353.6  transitions_step=1.0  updates_s=87.6  updates_throttled=0
episode=1159
  mode      collector=async  worker=3  epsilon=0.014
  outcome   reward=-1.0065  progress=0.0000  success=0/1 (0.00%)  steps=mean:65.0 range:[65,65]
  training  completed=1157/2500  queue=0/256 (0%)  replay=197682/200000  updates=63  loss=0.00200  policy_version=469
  throughput env_steps_s=331.5  transitions_s=331.5  transitions_step=1.0  updates_s=83.2  updates_throttled=0
episode=1157
  mode      collector=async  worker=2  epsilon=0.014
  outcome   reward=0.001300000000000745  progress=0.0370  success=0/1 (0.00%)  steps=mean:187.0 range:[187,187]
  training  completed=1158/2500  queue=1/256 (0%)  replay=197700/200000  updates=5  loss=0.00028  policy_version=469
  throughput env_steps_s=304.6  transitions_s=304.6  transitions_step=1.0  updates_s=84.6  updates_throttled=0
episode=1153
  mode      collector=async  worker=1  epsilon=0.014
  outcome   reward=2.969099999999947  progress=0.1481  success=0/1 (0.00%)  steps=mean:509.0 range:[509,509]
  training  completed=1159/2500  queue=0/256 (0%)  replay=198278/200000  updates=144  loss=0.00067  policy_version=470
  throughput env_steps_s=340.7  transitions_s=340.7  transitions_step=1.0  updates_s=84.9  updates_throttled=0
episode=1162
  mode      collector=async  worker=1  epsilon=0.014
  outcome   reward=-1.0064  progress=0.0000  success=0/1 (0.00%)  steps=mean:64.0 range:[64,64]
  training  completed=1160/2500  queue=3/256 (1%)  replay=198534/200000  updates=64  loss=0.00075  policy_version=471
  throughput env_steps_s=329.4  transitions_s=329.4  transitions_step=1.0  updates_s=82.4  updates_throttled=0
episode=1158
  mode      collector=async  worker=0  epsilon=0.014
  outcome   reward=0.9844000000000026  progress=0.0741  success=0/1 (0.00%)  steps=mean:356.0 range:[356,356]
  training  completed=1161/2500  queue=2/256 (1%)  replay=198640/200000  updates=27  loss=0.00073  policy_version=471
  throughput env_steps_s=335.2  transitions_s=335.2  transitions_step=1.0  updates_s=85.4  updates_throttled=0
episode=1161
  mode      collector=async  worker=2  epsilon=0.014
  outcome   reward=0.992000000000002  progress=0.0741  success=0/1 (0.00%)  steps=mean:280.0 range:[280,280]
  training  completed=1162/2500  queue=0/256 (0%)  replay=198804/200000  updates=41  loss=0.00176  policy_version=472
  throughput env_steps_s=346.9  transitions_s=346.9  transitions_step=1.0  updates_s=86.7  updates_throttled=0
episode=1164
  mode      collector=async  worker=0  epsilon=0.014
  outcome   reward=-1.0065  progress=0.0000  success=0/1 (0.00%)  steps=mean:65.0 range:[65,65]
  training  completed=1163/2500  queue=0/256 (0%)  replay=198903/200000  updates=24  loss=0.00071  policy_version=472
  throughput env_steps_s=351.1  transitions_s=351.1  transitions_step=1.0  updates_s=85.1  updates_throttled=0
episode=1166
  mode      collector=async  worker=0  epsilon=0.014
  outcome   reward=-1.0066  progress=0.0000  success=0/1 (0.00%)  steps=mean:66.0 range:[66,66]
  training  completed=1164/2500  queue=0/256 (0%)  replay=199183/200000  updates=70  loss=0.00092  policy_version=472
  throughput env_steps_s=322.5  transitions_s=322.5  transitions_step=1.0  updates_s=80.6  updates_throttled=0
episode=1167
  mode      collector=async  worker=0  epsilon=0.014
  outcome   reward=-1.0065  progress=0.0000  success=0/1 (0.00%)  steps=mean:65.0 range:[65,65]
  training  completed=1165/2500  queue=0/256 (0%)  replay=199435/200000  updates=63  loss=0.00080  policy_version=473
  throughput env_steps_s=336.8  transitions_s=336.8  transitions_step=1.0  updates_s=84.2  updates_throttled=0
episode=1160
  mode      collector=async  worker=3  epsilon=0.014
  outcome   reward=1.9741999999999804  progress=0.1111  success=0/1 (0.00%)  steps=mean:458.0 range:[458,458]
  training  completed=1166/2500  queue=0/256 (0%)  replay=199485/200000  updates=13  loss=0.00022  policy_version=473
  throughput env_steps_s=312.8  transitions_s=312.8  transitions_step=1.0  updates_s=81.3  updates_throttled=0
episode=1168
  mode      collector=async  worker=0  epsilon=0.014
  outcome   reward=-1.0062  progress=0.0000  success=0/1 (0.00%)  steps=mean:62.0 range:[62,62]
  training  completed=1167/2500  queue=0/256 (0%)  replay=199687/200000  updates=50  loss=0.00066  policy_version=474
  throughput env_steps_s=327.4  transitions_s=327.4  transitions_step=1.0  updates_s=81.0  updates_throttled=0
episode=1165
  mode      collector=async  worker=2  epsilon=0.014
  outcome   reward=-0.0033999999999989594  progress=0.0370  success=0/1 (0.00%)  steps=mean:234.0 range:[234,234]
  training  completed=1168/2500  queue=0/256 (0%)  replay=199731/200000  updates=11  loss=0.00014  policy_version=474
  throughput env_steps_s=327.0  transitions_s=327.0  transitions_step=1.0  updates_s=81.7  updates_throttled=0
episode=1169
  mode      collector=async  worker=3  epsilon=0.013
  outcome   reward=-0.0019999999999988916  progress=0.0370  success=0/1 (0.00%)  steps=mean:220.0 range:[220,220]
  training  completed=1169/2500  queue=1/256 (0%)  replay=200000/200000  updates=161  loss=0.00115  policy_version=475
  throughput env_steps_s=330.6  transitions_s=330.6  transitions_step=1.0  updates_s=82.8  updates_throttled=0
episode=1163
  mode      collector=async  worker=1  epsilon=0.013
  outcome   reward=3.943999999999927  progress=0.1852  success=0/1 (0.00%)  steps=mean:760.0 range:[760,760]
  training  completed=1170/2500  queue=0/256 (0%)  replay=200000/200000  updates=305  loss=0.00107  policy_version=478
  throughput env_steps_s=335.7  transitions_s=335.7  transitions_step=1.0  updates_s=83.9  updates_throttled=0
episode=1171
  mode      collector=async  worker=2  epsilon=0.013
  outcome   reward=1.970899999999989  progress=0.1111  success=0/1 (0.00%)  steps=mean:491.0 range:[491,491]
  training  completed=1171/2500  queue=0/256 (0%)  replay=200000/200000  updates=29  loss=0.00108  policy_version=479
  throughput env_steps_s=328.8  transitions_s=328.8  transitions_step=1.0  updates_s=81.5  updates_throttled=0
episode=1172
  mode      collector=async  worker=3  epsilon=0.013
  outcome   reward=2.9593999999999516  progress=0.1481  success=0/1 (0.00%)  steps=mean:606.0 range:[606,606]
  training  completed=1172/2500  queue=0/256 (0%)  replay=200000/200000  updates=269  loss=0.00119  policy_version=481
  throughput env_steps_s=336.0  transitions_s=336.0  transitions_step=1.0  updates_s=84.2  updates_throttled=0
episode=1174
  mode      collector=async  worker=2  epsilon=0.013
  outcome   reward=0.9909000000000021  progress=0.0741  success=0/1 (0.00%)  steps=mean:291.0 range:[291,291]
  training  completed=1173/2500  queue=1/256 (0%)  replay=200000/200000  updates=23  loss=0.00021  policy_version=482
  throughput env_steps_s=339.9  transitions_s=339.9  transitions_step=1.0  updates_s=85.0  updates_throttled=0
episode=1170
  mode      collector=async  worker=0  epsilon=0.013
  outcome   reward=5.93250000000002  progress=0.2593  success=0/1 (0.00%)  steps=mean:875.0 range:[875,875]
  training  completed=1174/2500  queue=1/256 (0%)  replay=200000/200000  updates=83  loss=0.00102  policy_version=483
  throughput env_steps_s=339.8  transitions_s=339.8  transitions_step=1.0  updates_s=85.2  updates_throttled=0
episode=1177
  mode      collector=async  worker=0  epsilon=0.013
  outcome   reward=-1.0061  progress=0.0000  success=0/1 (0.00%)  steps=mean:61.0 range:[61,61]
  training  completed=1175/2500  queue=0/256 (0%)  replay=200000/200000  updates=62  loss=0.00119  policy_version=483
  throughput env_steps_s=342.3  transitions_s=342.3  transitions_step=1.0  updates_s=84.6  updates_throttled=0
episode=1173
  mode      collector=async  worker=1  epsilon=0.013
  outcome   reward=2.968799999999984  progress=0.1481  success=0/1 (0.00%)  steps=mean:512.0 range:[512,512]
  training  completed=1176/2500  queue=1/256 (0%)  replay=200000/200000  updates=46  loss=0.00116  policy_version=484
  throughput env_steps_s=328.4  transitions_s=328.4  transitions_step=1.0  updates_s=83.5  updates_throttled=0
episode=1175
  mode      collector=async  worker=3  epsilon=0.013
  outcome   reward=0.9865000000000026  progress=0.0741  success=0/1 (0.00%)  steps=mean:335.0 range:[335,335]
  training  completed=1177/2500  queue=0/256 (0%)  replay=200000/200000  updates=121  loss=0.00074  policy_version=485
  throughput env_steps_s=336.1  transitions_s=336.1  transitions_step=1.0  updates_s=83.5  updates_throttled=0
episode=1178
  mode      collector=async  worker=0  epsilon=0.013
  outcome   reward=0.002200000000000868  progress=0.0370  success=0/1 (0.00%)  steps=mean:178.0 range:[178,178]
  training  completed=1178/2500  queue=0/256 (0%)  replay=200000/200000  updates=9  loss=0.00169  policy_version=485
  throughput env_steps_s=298.3  transitions_s=298.3  transitions_step=1.0  updates_s=79.0  updates_throttled=0
episode=1179
  mode      collector=async  worker=1  epsilon=0.013
  outcome   reward=0.002200000000000868  progress=0.0370  success=0/1 (0.00%)  steps=mean:178.0 range:[178,178]
  training  completed=1179/2500  queue=0/256 (0%)  replay=200000/200000  updates=44  loss=0.00043  policy_version=485
  throughput env_steps_s=336.1  transitions_s=336.1  transitions_step=1.0  updates_s=84.0  updates_throttled=0
episode=1180
  mode      collector=async  worker=3  epsilon=0.013
  outcome   reward=-1.0063  progress=0.0000  success=0/1 (0.00%)  steps=mean:63.0 range:[63,63]
  training  completed=1180/2500  queue=2/256 (1%)  replay=200000/200000  updates=11  loss=0.00192  policy_version=485
  throughput env_steps_s=302.7  transitions_s=302.7  transitions_step=1.0  updates_s=75.7  updates_throttled=0
episode=1181
  mode      collector=async  worker=0  epsilon=0.013
  outcome   reward=-1.0065  progress=0.0000  success=0/1 (0.00%)  steps=mean:65.0 range:[65,65]
  training  completed=1181/2500  queue=2/256 (1%)  replay=200000/200000  updates=9  loss=0.00210  policy_version=486
  throughput env_steps_s=355.6  transitions_s=355.6  transitions_step=1.0  updates_s=91.4  updates_throttled=0
episode=1182
  mode      collector=async  worker=1  epsilon=0.013
  outcome   reward=-1.0059  progress=0.0000  success=0/1 (0.00%)  steps=mean:59.0 range:[59,59]
  training  completed=1182/2500  queue=0/256 (0%)  replay=200000/200000  updates=34  loss=0.00099  policy_version=486
  throughput env_steps_s=333.6  transitions_s=333.6  transitions_step=1.0  updates_s=81.6  updates_throttled=0
episode=1183
  mode      collector=async  worker=3  epsilon=0.013
  outcome   reward=-1.0062  progress=0.0000  success=0/1 (0.00%)  steps=mean:62.0 range:[62,62]
  training  completed=1183/2500  queue=1/256 (0%)  replay=200000/200000  updates=22  loss=0.00122  policy_version=486
  throughput env_steps_s=320.3  transitions_s=320.3  transitions_step=1.0  updates_s=81.9  updates_throttled=0
episode=1184
  mode      collector=async  worker=0  epsilon=0.013
  outcome   reward=-1.0063  progress=0.0000  success=0/1 (0.00%)  steps=mean:63.0 range:[63,63]
  training  completed=1184/2500  queue=0/256 (0%)  replay=200000/200000  updates=8  loss=0.00107  policy_version=486
  throughput env_steps_s=350.5  transitions_s=350.5  transitions_step=1.0  updates_s=82.5  updates_throttled=0
episode=1185
  mode      collector=async  worker=1  epsilon=0.013
  outcome   reward=-1.0062  progress=0.0000  success=0/1 (0.00%)  steps=mean:62.0 range:[62,62]
  training  completed=1185/2500  queue=0/256 (0%)  replay=200000/200000  updates=30  loss=0.00138  policy_version=486
  throughput env_steps_s=334.2  transitions_s=334.2  transitions_step=1.0  updates_s=83.6  updates_throttled=0
episode=1186
  mode      collector=async  worker=3  epsilon=0.013
  outcome   reward=-1.0066  progress=0.0000  success=0/1 (0.00%)  steps=mean:66.0 range:[66,66]
  training  completed=1186/2500  queue=1/256 (0%)  replay=200000/200000  updates=28  loss=0.00063  policy_version=487
  throughput env_steps_s=307.7  transitions_s=307.7  transitions_step=1.0  updates_s=79.0  updates_throttled=0
episode=1187
  mode      collector=async  worker=0  epsilon=0.013
  outcome   reward=-1.0062  progress=0.0000  success=0/1 (0.00%)  steps=mean:62.0 range:[62,62]
  training  completed=1187/2500  queue=0/256 (0%)  replay=200000/200000  updates=5  loss=0.00012  policy_version=487
  throughput env_steps_s=294.3  transitions_s=294.3  transitions_step=1.0  updates_s=73.6  updates_throttled=0
episode=1176
  mode      collector=async  worker=2  epsilon=0.013
  outcome   reward=2.957099999999955  progress=0.1481  success=0/1 (0.00%)  steps=mean:629.0 range:[629,629]
  training  completed=1188/2500  queue=2/256 (1%)  replay=200000/200000  updates=114  loss=0.00055  policy_version=488
  throughput env_steps_s=323.7  transitions_s=323.7  transitions_step=1.0  updates_s=80.9  updates_throttled=0
episode=1188
  mode      collector=async  worker=1  epsilon=0.013
  outcome   reward=-0.0035999999999989374  progress=0.0370  success=0/1 (0.00%)  steps=mean:236.0 range:[236,236]
  training  completed=1189/2500  queue=0/256 (0%)  replay=200000/200000  updates=87  loss=0.00118  policy_version=489
  throughput env_steps_s=338.0  transitions_s=338.0  transitions_step=1.0  updates_s=84.0  updates_throttled=0
episode=1190
  mode      collector=async  worker=0  epsilon=0.012
  outcome   reward=0.9842000000000026  progress=0.0741  success=0/1 (0.00%)  steps=mean:358.0 range:[358,358]
  training  completed=1190/2500  queue=3/256 (1%)  replay=200000/200000  updates=158  loss=0.00103  policy_version=490
  throughput env_steps_s=332.9  transitions_s=332.9  transitions_step=1.0  updates_s=83.5  updates_throttled=0
episode=1192
  mode      collector=async  worker=1  epsilon=0.012
  outcome   reward=0.001800000000000912  progress=0.0370  success=0/1 (0.00%)  steps=mean:182.0 range:[182,182]
  training  completed=1191/2500  queue=0/256 (0%)  replay=200000/200000  updates=23  loss=0.00221  policy_version=491
  throughput env_steps_s=346.1  transitions_s=346.1  transitions_step=1.0  updates_s=83.8  updates_throttled=0
episode=1191
  mode      collector=async  worker=2  epsilon=0.012
  outcome   reward=1.9755999999999891  progress=0.1111  success=0/1 (0.00%)  steps=mean:444.0 range:[444,444]
  training  completed=1192/2500  queue=1/256 (0%)  replay=200000/200000  updates=171  loss=0.00076  policy_version=492
  throughput env_steps_s=341.0  transitions_s=341.0  transitions_step=1.0  updates_s=85.6  updates_throttled=0
episode=1189
  mode      collector=async  worker=3  epsilon=0.012
  outcome   reward=3.95319999999999  progress=0.1852  success=0/1 (0.00%)  steps=mean:668.0 range:[668,668]
  training  completed=1193/2500  queue=0/256 (0%)  replay=200000/200000  updates=115  loss=0.00098  policy_version=494
  throughput env_steps_s=331.9  transitions_s=331.9  transitions_step=1.0  updates_s=82.4  updates_throttled=0
episode=1194
  mode      collector=async  worker=1  epsilon=0.012
  outcome   reward=1.9879999999999678  progress=0.1111  success=0/1 (0.00%)  steps=mean:320.0 range:[320,320]
  training  completed=1194/2500  queue=2/256 (1%)  replay=200000/200000  updates=34  loss=0.00130  policy_version=494
  throughput env_steps_s=324.5  transitions_s=324.5  transitions_step=1.0  updates_s=83.0  updates_throttled=0
episode=1193
  mode      collector=async  worker=0  epsilon=0.012
  outcome   reward=1.9834999999999827  progress=0.1111  success=0/1 (0.00%)  steps=mean:365.0 range:[365,365]
  training  completed=1195/2500  queue=0/256 (0%)  replay=200000/200000  updates=25  loss=0.00097  policy_version=494
  throughput env_steps_s=358.7  transitions_s=358.7  transitions_step=1.0  updates_s=87.1  updates_throttled=0
episode=1195
  mode      collector=async  worker=2  epsilon=0.012
  outcome   reward=0.0009000000000007891  progress=0.0370  success=0/1 (0.00%)  steps=mean:191.0 range:[191,191]
  training  completed=1196/2500  queue=0/256 (0%)  replay=200000/200000  updates=19  loss=0.00142  policy_version=494
  throughput env_steps_s=324.8  transitions_s=324.8  transitions_step=1.0  updates_s=83.4  updates_throttled=0
episode=1197
  mode      collector=async  worker=1  epsilon=0.012
  outcome   reward=-1.0064  progress=0.0000  success=0/1 (0.00%)  steps=mean:64.0 range:[64,64]
  training  completed=1197/2500  queue=0/256 (0%)  replay=200000/200000  updates=19  loss=0.00069  policy_version=494
  throughput env_steps_s=292.0  transitions_s=292.0  transitions_step=1.0  updates_s=73.0  updates_throttled=0
episode=1196
  mode      collector=async  worker=3  epsilon=0.012
  outcome   reward=0.001900000000000901  progress=0.0370  success=0/1 (0.00%)  steps=mean:181.0 range:[181,181]
  training  completed=1198/2500  queue=0/256 (0%)  replay=200000/200000  updates=83  loss=0.00116  policy_version=495
  throughput env_steps_s=344.0  transitions_s=344.0  transitions_step=1.0  updates_s=85.8  updates_throttled=0
episode=1199
  mode      collector=async  worker=2  epsilon=0.012
  outcome   reward=-0.0036999999999989264  progress=0.0370  success=0/1 (0.00%)  steps=mean:237.0 range:[237,237]
  training  completed=1199/2500  queue=2/256 (1%)  replay=200000/200000  updates=138  loss=0.00104  policy_version=497
  throughput env_steps_s=339.2  transitions_s=339.2  transitions_step=1.0  updates_s=85.1  updates_throttled=0
episode=1201
  mode      collector=async  worker=3  epsilon=0.012
  outcome   reward=0.001800000000000912  progress=0.0370  success=0/1 (0.00%)  steps=mean:182.0 range:[182,182]
  training  completed=1200/2500  queue=6/256 (2%)  replay=200000/200000  updates=45  loss=0.00081  policy_version=497
  throughput env_steps_s=324.2  transitions_s=324.2  transitions_step=1.0  updates_s=81.0  updates_throttled=0
Saved checkpoint: checkpoints/breakout_s2_rand/ckpt-1200
Scheduled replay buffer save: checkpoints/breakout_s2_rand/replay-1200.npz transitions=200000
Evaluating frozen checkpoint episode=1200 episodes=20 metric=auto...
Saved replay buffer: checkpoints/breakout_s2_rand/replay-1200.npz transitions=200000
episode=1198
  mode      collector=async  worker=0  epsilon=0.012
  outcome   reward=1.9685999999999788  progress=0.1111  success=0/1 (0.00%)  steps=mean:514.0 range:[514,514]
  training  completed=1201/2500  queue=2/256 (1%)  replay=200000/200000  updates=200  loss=0.00112  policy_version=499
  throughput env_steps_s=288.8  transitions_s=288.8  transitions_step=1.0  updates_s=72.2  updates_throttled=0
episode=1203
  mode      collector=async  worker=3  epsilon=0.012
  outcome   reward=-0.0011999999999989797  progress=0.0370  success=0/1 (0.00%)  steps=mean:212.0 range:[212,212]
  training  completed=1202/2500  queue=0/256 (0%)  replay=200000/200000  updates=15  loss=0.00025  policy_version=499
  throughput env_steps_s=304.1  transitions_s=304.1  transitions_step=1.0  updates_s=72.4  updates_throttled=0
episode=1202
  mode      collector=async  worker=2  epsilon=0.012
  outcome   reward=1.9857999999999654  progress=0.1111  success=0/1 (0.00%)  steps=mean:342.0 range:[342,342]
  training  completed=1203/2500  queue=0/256 (0%)  replay=200000/200000  updates=86  loss=0.00134  policy_version=500
  throughput env_steps_s=295.8  transitions_s=295.8  transitions_step=1.0  updates_s=74.0  updates_throttled=0
episode=1205
  mode      collector=async  worker=3  epsilon=0.012
  outcome   reward=0.00010000000000087717  progress=0.0370  success=0/1 (0.00%)  steps=mean:199.0 range:[199,199]
  training  completed=1204/2500  queue=0/256 (0%)  replay=200000/200000  updates=115  loss=0.00093  policy_version=501
  throughput env_steps_s=292.5  transitions_s=292.5  transitions_step=1.0  updates_s=73.3  updates_throttled=0
episode=1207
  mode      collector=async  worker=3  epsilon=0.012
  outcome   reward=-1.0065  progress=0.0000  success=0/1 (0.00%)  steps=mean:65.0 range:[65,65]
  training  completed=1205/2500  queue=1/256 (0%)  replay=200000/200000  updates=68  loss=0.00135  policy_version=502
  throughput env_steps_s=296.1  transitions_s=296.1  transitions_step=1.0  updates_s=74.3  updates_throttled=0
episode=1206
  mode      collector=async  worker=2  epsilon=0.012
  outcome   reward=1.9824999999999815  progress=0.1111  success=0/1 (0.00%)  steps=mean:375.0 range:[375,375]
  training  completed=1206/2500  queue=0/256 (0%)  replay=200000/200000  updates=188  loss=0.00095  policy_version=504
  throughput env_steps_s=295.8  transitions_s=295.8  transitions_step=1.0  updates_s=73.7  updates_throttled=0
episode=1208
  mode      collector=async  worker=3  epsilon=0.012
  outcome   reward=-0.0009999999999990017  progress=0.0370  success=0/1 (0.00%)  steps=mean:210.0 range:[210,210]
  training  completed=1207/2500  queue=0/256 (0%)  replay=200000/200000  updates=26  loss=0.00062  policy_version=504
  throughput env_steps_s=284.9  transitions_s=284.9  transitions_step=1.0  updates_s=73.3  updates_throttled=0
episode=1204
  mode      collector=async  worker=0  epsilon=0.012
  outcome   reward=4.953999999999969  progress=0.2222  success=0/1 (0.00%)  steps=mean:660.0 range:[660,660]
  training  completed=1208/2500  queue=0/256 (0%)  replay=200000/200000  updates=161  loss=0.00117  policy_version=506
  throughput env_steps_s=290.8  transitions_s=290.8  transitions_step=1.0  updates_s=72.5  updates_throttled=0
episode=1210
  mode      collector=async  worker=3  epsilon=0.012
  outcome   reward=1.001599999999985  progress=0.0741  success=0/1 (0.00%)  steps=mean:184.0 range:[184,184]
  training  completed=1209/2500  queue=0/256 (0%)  replay=200000/200000  updates=19  loss=0.00039  policy_version=506
  throughput env_steps_s=277.4  transitions_s=277.4  transitions_step=1.0  updates_s=69.4  updates_throttled=0
episode=1212
  mode      collector=async  worker=3  epsilon=0.012
  outcome   reward=-1.0061  progress=0.0000  success=0/1 (0.00%)  steps=mean:61.0 range:[61,61]
  training  completed=1210/2500  queue=0/256 (0%)  replay=200000/200000  updates=62  loss=0.00100  policy_version=507
  throughput env_steps_s=286.2  transitions_s=286.2  transitions_step=1.0  updates_s=72.1  updates_throttled=0
episode=1213
  mode      collector=async  worker=3  epsilon=0.012
  outcome   reward=1.9732999999999865  progress=0.1111  success=0/1 (0.00%)  steps=mean:467.0 range:[467,467]
  training  completed=1211/2500  queue=1/256 (0%)  replay=200000/200000  updates=463  loss=0.00113  policy_version=511
  throughput env_steps_s=294.3  transitions_s=294.3  transitions_step=1.0  updates_s=73.6  updates_throttled=0
episode=1209
  mode      collector=async  worker=2  epsilon=0.012
  outcome   reward=7.916600000000097  progress=0.3333  success=0/1 (0.00%)  steps=mean:1034.0 range:[1034,1034]
  training  completed=1212/2500  queue=1/256 (0%)  replay=200000/200000  updates=300  loss=0.00073  policy_version=514
  throughput env_steps_s=296.5  transitions_s=296.5  transitions_step=1.0  updates_s=74.1  updates_throttled=0
episode=1215
  mode      collector=async  worker=2  epsilon=0.011
  outcome   reward=-1.0061  progress=0.0000  success=0/1 (0.00%)  steps=mean:61.0 range:[61,61]
  training  completed=1213/2500  queue=1/256 (0%)  replay=200000/200000  updates=62  loss=0.00122  policy_version=515
  throughput env_steps_s=288.0  transitions_s=288.0  transitions_step=1.0  updates_s=72.0  updates_throttled=0
episode=1211
  mode      collector=async  worker=0  epsilon=0.011
  outcome   reward=3.9220999999999897  progress=0.1852  success=0/1 (0.00%)  steps=mean:979.0 range:[979,979]
  training  completed=1214/2500  queue=0/256 (0%)  replay=200000/200000  updates=70  loss=0.00120  policy_version=515
  throughput env_steps_s=298.3  transitions_s=298.3  transitions_step=1.0  updates_s=74.0  updates_throttled=0
episode=1216
  mode      collector=async  worker=2  epsilon=0.011
  outcome   reward=0.9868000000000023  progress=0.0741  success=0/1 (0.00%)  steps=mean:332.0 range:[332,332]
  training  completed=1215/2500  queue=0/256 (0%)  replay=200000/200000  updates=256  loss=0.00101  policy_version=518
  throughput env_steps_s=299.2  transitions_s=299.2  transitions_step=1.0  updates_s=74.8  updates_throttled=0
episode=1200
  mode      collector=async  worker=1  epsilon=0.011
  outcome   reward=13.781100000000412  progress=0.5556  success=0/1 (0.00%)  steps=mean:2389.0 range:[2389,2389]
  training  completed=1216/2500  queue=0/256 (0%)  replay=200000/200000  updates=41  loss=0.00170  policy_version=518
  throughput env_steps_s=294.3  transitions_s=294.3  transitions_step=1.0  updates_s=73.1  updates_throttled=0
episode=1218
  mode      collector=async  worker=2  epsilon=0.011
  outcome   reward=-1.0061  progress=0.0000  success=0/1 (0.00%)  steps=mean:61.0 range:[61,61]
  training  completed=1217/2500  queue=0/256 (0%)  replay=200000/200000  updates=20  loss=0.00131  policy_version=519
  throughput env_steps_s=288.0  transitions_s=288.0  transitions_step=1.0  updates_s=72.9  updates_throttled=0
Frozen evaluation episode=1200: success=0/20 (0.00%) reward_mean=2.4568 steps_mean=542.3
Saved checkpoint: checkpoints/breakout_s2_rand/best/ckpt-1217
Best checkpoint applied using live weights at episode=1217 (background evaluation was requested for episode=1200)
New best checkpoint: checkpoints/breakout_s2_rand/best/ckpt-1217 metric=auto success=0.00% reward_mean=2.4568
episode=1219
  mode      collector=async  worker=1  epsilon=0.011
  outcome   reward=5.942500000000012  progress=0.2593  success=0/1 (0.00%)  steps=mean:775.0 range:[775,775]
  training  completed=1218/2500  queue=1/256 (0%)  replay=200000/200000  updates=748  loss=0.00100  policy_version=526
  throughput env_steps_s=301.4  transitions_s=301.4  transitions_step=1.0  updates_s=75.4  updates_throttled=0
episode=1214
  mode      collector=async  worker=3  epsilon=0.011
  outcome   reward=9.856200000000232  progress=0.4074  success=0/1 (0.00%)  steps=mean:1638.0 range:[1638,1638]
  training  completed=1219/2500  queue=0/256 (0%)  replay=200000/200000  updates=148  loss=0.00155  policy_version=528
  throughput env_steps_s=341.6  transitions_s=341.6  transitions_step=1.0  updates_s=85.1  updates_throttled=0
episode=1221
  mode      collector=async  worker=1  epsilon=0.011
  outcome   reward=-0.0004999999999990568  progress=0.0370  success=0/1 (0.00%)  steps=mean:205.0 range:[205,205]
  training  completed=1220/2500  queue=2/256 (1%)  replay=200000/200000  updates=57  loss=0.00081  policy_version=528
  throughput env_steps_s=338.4  transitions_s=338.4  transitions_step=1.0  updates_s=85.7  updates_throttled=0
episode=1222
  mode      collector=async  worker=3  epsilon=0.011
  outcome   reward=-1.0064  progress=0.0000  success=0/1 (0.00%)  steps=mean:64.0 range:[64,64]
  training  completed=1221/2500  queue=0/256 (0%)  replay=200000/200000  updates=12  loss=0.00133  policy_version=528
  throughput env_steps_s=330.3  transitions_s=330.3  transitions_step=1.0  updates_s=80.9  updates_throttled=0
episode=1217
  mode      collector=async  worker=0  epsilon=0.011
  outcome   reward=8.889000000000076  progress=0.3704  success=0/1 (0.00%)  steps=mean:1310.0 range:[1310,1310]
  training  completed=1222/2500  queue=0/256 (0%)  replay=200000/200000  updates=37  loss=0.00157  policy_version=529
  throughput env_steps_s=333.8  transitions_s=333.8  transitions_step=1.0  updates_s=84.0  updates_throttled=0
episode=1225
  mode      collector=async  worker=0  epsilon=0.011
  outcome   reward=-1.006  progress=0.0000  success=0/1 (0.00%)  steps=mean:60.0 range:[60,60]
  training  completed=1223/2500  queue=0/256 (0%)  replay=200000/200000  updates=62  loss=0.00142  policy_version=529
  throughput env_steps_s=350.1  transitions_s=350.1  transitions_step=1.0  updates_s=86.8  updates_throttled=0
episode=1226
  mode      collector=async  worker=0  epsilon=0.011
  outcome   reward=-1.0061  progress=0.0000  success=0/1 (0.00%)  steps=mean:61.0 range:[61,61]
  training  completed=1224/2500  queue=0/256 (0%)  replay=200000/200000  updates=61  loss=0.00134  policy_version=530
  throughput env_steps_s=344.5  transitions_s=344.5  transitions_step=1.0  updates_s=86.1  updates_throttled=0
episode=1220
  mode      collector=async  worker=2  epsilon=0.011
  outcome   reward=6.90620000000005  progress=0.2963  success=0/1 (0.00%)  steps=mean:1138.0 range:[1138,1138]
  training  completed=1225/2500  queue=0/256 (0%)  replay=200000/200000  updates=4  loss=0.00259  policy_version=530
  throughput env_steps_s=324.4  transitions_s=324.4  transitions_step=1.0  updates_s=76.3  updates_throttled=0
episode=1223
  mode      collector=async  worker=1  epsilon=0.011
  outcome   reward=0.00020000000000086615  progress=0.0370  success=0/1 (0.00%)  steps=mean:198.0 range:[198,198]
  training  completed=1226/2500  queue=0/256 (0%)  replay=200000/200000  updates=22  loss=0.00110  policy_version=530
  throughput env_steps_s=351.6  transitions_s=351.6  transitions_step=1.0  updates_s=88.9  updates_throttled=0
episode=1224
  mode      collector=async  worker=3  epsilon=0.011
  outcome   reward=0.00030000000000085514  progress=0.0370  success=0/1 (0.00%)  steps=mean:197.0 range:[197,197]
  training  completed=1227/2500  queue=0/256 (0%)  replay=200000/200000  updates=8  loss=0.00116  policy_version=530
  throughput env_steps_s=312.0  transitions_s=312.0  transitions_step=1.0  updates_s=83.2  updates_throttled=0
episode=1228
  mode      collector=async  worker=2  epsilon=0.011
  outcome   reward=-1.0061  progress=0.0000  success=0/1 (0.00%)  steps=mean:61.0 range:[61,61]
  training  completed=1228/2500  queue=0/256 (0%)  replay=200000/200000  updates=31  loss=0.00145  policy_version=531
  throughput env_steps_s=340.0  transitions_s=340.0  transitions_step=1.0  updates_s=83.6  updates_throttled=0
episode=1229
  mode      collector=async  worker=1  epsilon=0.011
  outcome   reward=-1.0065  progress=0.0000  success=0/1 (0.00%)  steps=mean:65.0 range:[65,65]
  training  completed=1229/2500  queue=0/256 (0%)  replay=200000/200000  updates=28  loss=0.00045  policy_version=531
  throughput env_steps_s=334.2  transitions_s=334.2  transitions_step=1.0  updates_s=85.1  updates_throttled=0
episode=1230
  mode      collector=async  worker=3  epsilon=0.011
  outcome   reward=1.0023999999999862  progress=0.0741  success=0/1 (0.00%)  steps=mean:176.0 range:[176,176]
  training  completed=1230/2500  queue=1/256 (0%)  replay=200000/200000  updates=113  loss=0.00094  policy_version=532
  throughput env_steps_s=344.9  transitions_s=344.9  transitions_step=1.0  updates_s=86.2  updates_throttled=0
episode=1233
  mode      collector=async  worker=3  epsilon=0.011
  outcome   reward=-1.0064  progress=0.0000  success=0/1 (0.00%)  steps=mean:64.0 range:[64,64]
  training  completed=1231/2500  queue=0/256 (0%)  replay=200000/200000  updates=67  loss=0.00078  policy_version=533
  throughput env_steps_s=347.5  transitions_s=347.5  transitions_step=1.0  updates_s=86.2  updates_throttled=0
episode=1231
  mode      collector=async  worker=2  epsilon=0.011
  outcome   reward=0.9905000000000022  progress=0.0741  success=0/1 (0.00%)  steps=mean:295.0 range:[295,295]
  training  completed=1232/2500  queue=0/256 (0%)  replay=200000/200000  updates=90  loss=0.00143  policy_version=534
  throughput env_steps_s=343.6  transitions_s=343.6  transitions_step=1.0  updates_s=86.1  updates_throttled=0
episode=1227
  mode      collector=async  worker=0  epsilon=0.011
  outcome   reward=1.974299999999986  progress=0.1111  success=0/1 (0.00%)  steps=mean:457.0 range:[457,457]
  training  completed=1233/2500  queue=0/256 (0%)  replay=200000/200000  updates=90  loss=0.00072  policy_version=534
  throughput env_steps_s=335.4  transitions_s=335.4  transitions_step=1.0  updates_s=83.6  updates_throttled=0
episode=1234
  mode      collector=async  worker=3  epsilon=0.011
  outcome   reward=-0.0010999999999989907  progress=0.0370  success=0/1 (0.00%)  steps=mean:211.0 range:[211,211]
  training  completed=1234/2500  queue=2/256 (1%)  replay=200000/200000  updates=27  loss=0.00113  policy_version=535
  throughput env_steps_s=324.1  transitions_s=324.1  transitions_step=1.0  updates_s=82.6  updates_throttled=0
episode=1232
  mode      collector=async  worker=1  epsilon=0.011
  outcome   reward=2.9668999999999626  progress=0.1481  success=0/1 (0.00%)  steps=mean:531.0 range:[531,531]
  training  completed=1235/2500  queue=0/256 (0%)  replay=200000/200000  updates=145  loss=0.00100  policy_version=536
  throughput env_steps_s=342.4  transitions_s=342.4  transitions_step=1.0  updates_s=85.3  updates_throttled=0
episode=1238
  mode      collector=async  worker=1  epsilon=0.011
  outcome   reward=-1.0064  progress=0.0000  success=0/1 (0.00%)  steps=mean:64.0 range:[64,64]
  training  completed=1236/2500  queue=0/256 (0%)  replay=200000/200000  updates=68  loss=0.00077  policy_version=537
  throughput env_steps_s=340.7  transitions_s=340.7  transitions_step=1.0  updates_s=85.2  updates_throttled=0
episode=1237
  mode      collector=async  worker=3  epsilon=0.010
  outcome   reward=0.9837000000000029  progress=0.0741  success=0/1 (0.00%)  steps=mean:363.0 range:[363,363]
  training  completed=1237/2500  queue=0/256 (0%)  replay=200000/200000  updates=152  loss=0.00154  policy_version=538
  throughput env_steps_s=336.8  transitions_s=336.8  transitions_step=1.0  updates_s=84.3  updates_throttled=0
episode=1235
  mode      collector=async  worker=2  epsilon=0.010
  outcome   reward=2.9655999999999523  progress=0.1481  success=0/1 (0.00%)  steps=mean:544.0 range:[544,544]
  training  completed=1238/2500  queue=1/256 (0%)  replay=200000/200000  updates=62  loss=0.00109  policy_version=539
  throughput env_steps_s=336.4  transitions_s=336.4  transitions_step=1.0  updates_s=84.4  updates_throttled=0
episode=1241
  mode      collector=async  worker=2  epsilon=0.010
  outcome   reward=-1.0064  progress=0.0000  success=0/1 (0.00%)  steps=mean:64.0 range:[64,64]
  training  completed=1239/2500  queue=1/256 (0%)  replay=200000/200000  updates=62  loss=0.00079  policy_version=540
  throughput env_steps_s=337.2  transitions_s=337.2  transitions_step=1.0  updates_s=84.3  updates_throttled=0
episode=1240
  mode      collector=async  worker=3  epsilon=0.010
  outcome   reward=-0.0030999999999989925  progress=0.0370  success=0/1 (0.00%)  steps=mean:231.0 range:[231,231]
  training  completed=1240/2500  queue=3/256 (1%)  replay=200000/200000  updates=111  loss=0.00104  policy_version=541
  throughput env_steps_s=328.8  transitions_s=328.8  transitions_step=1.0  updates_s=82.0  updates_throttled=0
episode=1236
  mode      collector=async  worker=0  epsilon=0.010
  outcome   reward=3.954799999999951  progress=0.1852  success=0/1 (0.00%)  steps=mean:652.0 range:[652,652]
  training  completed=1241/2500  queue=0/256 (0%)  replay=200000/200000  updates=24  loss=0.00253  policy_version=541
  throughput env_steps_s=346.7  transitions_s=346.7  transitions_step=1.0  updates_s=86.7  updates_throttled=0
episode=1243
  mode      collector=async  worker=3  epsilon=0.010
  outcome   reward=-1.0067  progress=0.0000  success=0/1 (0.00%)  steps=mean:67.0 range:[67,67]
  training  completed=1242/2500  queue=0/256 (0%)  replay=200000/200000  updates=43  loss=0.00106  policy_version=541
  throughput env_steps_s=341.3  transitions_s=341.3  transitions_step=1.0  updates_s=84.8  updates_throttled=0
episode=1239
  mode      collector=async  worker=1  epsilon=0.010
  outcome   reward=2.9630999999999608  progress=0.1481  success=0/1 (0.00%)  steps=mean:569.0 range:[569,569]
  training  completed=1243/2500  queue=0/256 (0%)  replay=200000/200000  updates=114  loss=0.00132  policy_version=543
  throughput env_steps_s=342.5  transitions_s=342.5  transitions_step=1.0  updates_s=85.4  updates_throttled=0
episode=1245
  mode      collector=async  worker=3  epsilon=0.010
  outcome   reward=0.0008000000000008001  progress=0.0370  success=0/1 (0.00%)  steps=mean:192.0 range:[192,192]
  training  completed=1244/2500  queue=0/256 (0%)  replay=200000/200000  updates=82  loss=0.00113  policy_version=543
  throughput env_steps_s=346.5  transitions_s=346.5  transitions_step=1.0  updates_s=86.9  updates_throttled=0
episode=1242
  mode      collector=async  worker=2  epsilon=0.010
  outcome   reward=1.9776999999999443  progress=0.1111  success=0/1 (0.00%)  steps=mean:423.0 range:[423,423]
  training  completed=1245/2500  queue=2/256 (1%)  replay=200000/200000  updates=46  loss=0.00095  policy_version=544
  throughput env_steps_s=319.5  transitions_s=319.5  transitions_step=1.0  updates_s=80.8  updates_throttled=0
episode=1247
  mode      collector=async  worker=3  epsilon=0.010
  outcome   reward=-1.006  progress=0.0000  success=0/1 (0.00%)  steps=mean:60.0 range:[60,60]
  training  completed=1246/2500  queue=0/256 (0%)  replay=200000/200000  updates=14  loss=0.00251  policy_version=544
  throughput env_steps_s=326.6  transitions_s=326.6  transitions_step=1.0  updates_s=81.7  updates_throttled=0
episode=1246
  mode      collector=async  worker=1  epsilon=0.010
  outcome   reward=1.9886999999999875  progress=0.1111  success=0/1 (0.00%)  steps=mean:313.0 range:[313,313]
  training  completed=1247/2500  queue=0/256 (0%)  replay=200000/200000  updates=173  loss=0.00108  policy_version=546
  throughput env_steps_s=338.2  transitions_s=338.2  transitions_step=1.0  updates_s=84.3  updates_throttled=0
episode=1248
  mode      collector=async  worker=2  epsilon=0.010
  outcome   reward=-0.0008999999999990127  progress=0.0370  success=0/1 (0.00%)  steps=mean:209.0 range:[209,209]
  training  completed=1248/2500  queue=0/256 (0%)  replay=200000/200000  updates=19  loss=0.00158  policy_version=546
  throughput env_steps_s=339.2  transitions_s=339.2  transitions_step=1.0  updates_s=83.7  updates_throttled=0
episode=1249
  mode      collector=async  worker=3  epsilon=0.010
  outcome   reward=-0.0006999999999990347  progress=0.0370  success=0/1 (0.00%)  steps=mean:207.0 range:[207,207]
  training  completed=1249/2500  queue=0/256 (0%)  replay=200000/200000  updates=10  loss=0.00063  policy_version=546
  throughput env_steps_s=337.3  transitions_s=337.3  transitions_step=1.0  updates_s=88.8  updates_throttled=0
episode=1252
  mode      collector=async  worker=3  epsilon=0.010
  outcome   reward=-1.0064  progress=0.0000  success=0/1 (0.00%)  steps=mean:64.0 range:[64,64]
  training  completed=1250/2500  queue=0/256 (0%)  replay=200000/200000  updates=62  loss=0.00188  policy_version=547
  throughput env_steps_s=341.1  transitions_s=341.1  transitions_step=1.0  updates_s=84.9  updates_throttled=0
episode=1250
  mode      collector=async  worker=1  epsilon=0.010
  outcome   reward=1.9858999999999656  progress=0.1111  success=0/1 (0.00%)  steps=mean:341.0 range:[341,341]
  training  completed=1251/2500  queue=0/256 (0%)  replay=200000/200000  updates=254  loss=0.00101  policy_version=549
  throughput env_steps_s=350.7  transitions_s=350.7  transitions_step=1.0  updates_s=87.7  updates_throttled=0
episode=1254
  mode      collector=async  worker=1  epsilon=0.010
  outcome   reward=0.9906000000000021  progress=0.0741  success=0/1 (0.00%)  steps=mean:294.0 range:[294,294]
  training  completed=1252/2500  queue=0/256 (0%)  replay=200000/200000  updates=295  loss=0.00130  policy_version=552
  throughput env_steps_s=349.5  transitions_s=349.5  transitions_step=1.0  updates_s=87.3  updates_throttled=0
episode=1244
  mode      collector=async  worker=0  epsilon=0.010
  outcome   reward=6.9052000000000575  progress=0.2963  success=0/1 (0.00%)  steps=mean:1148.0 range:[1148,1148]
  training  completed=1253/2500  queue=0/256 (0%)  replay=200000/200000  updates=30  loss=0.00110  policy_version=552
  throughput env_steps_s=356.5  transitions_s=356.5  transitions_step=1.0  updates_s=90.6  updates_throttled=0
episode=1253
  mode      collector=async  worker=3  epsilon=0.010
  outcome   reward=2.9575999999999523  progress=0.1481  success=0/1 (0.00%)  steps=mean:624.0 range:[624,624]
  training  completed=1254/2500  queue=0/256 (0%)  replay=200000/200000  updates=43  loss=0.00132  policy_version=553
  throughput env_steps_s=345.1  transitions_s=345.1  transitions_step=1.0  updates_s=85.8  updates_throttled=0
episode=1256
  mode      collector=async  worker=0  epsilon=0.010
  outcome   reward=-1.0064  progress=0.0000  success=0/1 (0.00%)  steps=mean:64.0 range:[64,64]
  training  completed=1255/2500  queue=0/256 (0%)  replay=200000/200000  updates=22  loss=0.00187  policy_version=553
  throughput env_steps_s=341.5  transitions_s=341.5  transitions_step=1.0  updates_s=85.4  updates_throttled=0
episode=1258
  mode      collector=async  worker=0  epsilon=0.010
  outcome   reward=-0.0018999999999989026  progress=0.0370  success=0/1 (0.00%)  steps=mean:219.0 range:[219,219]
  training  completed=1256/2500  queue=2/256 (1%)  replay=200000/200000  updates=223  loss=0.00089  policy_version=555
  throughput env_steps_s=343.4  transitions_s=343.4  transitions_step=1.0  updates_s=85.9  updates_throttled=0
episode=1251
  mode      collector=async  worker=2  epsilon=0.010
  outcome   reward=7.908000000000088  progress=0.3333  success=0/1 (0.00%)  steps=mean:1120.0 range:[1120,1120]
  training  completed=1257/2500  queue=0/256 (0%)  replay=200000/200000  updates=190  loss=0.00098  policy_version=557
  throughput env_steps_s=338.4  transitions_s=338.4  transitions_step=1.0  updates_s=84.6  updates_throttled=0
episode=1255
  mode      collector=async  worker=1  epsilon=0.010
  outcome   reward=2.9660999999999538  progress=0.1481  success=0/1 (0.00%)  steps=mean:539.0 range:[539,539]
  training  completed=1258/2500  queue=0/256 (0%)  replay=200000/200000  updates=29  loss=0.00043  policy_version=557
  throughput env_steps_s=345.6  transitions_s=345.6  transitions_step=1.0  updates_s=87.2  updates_throttled=0
episode=1257
  mode      collector=async  worker=3  epsilon=0.010
  outcome   reward=2.962599999999987  progress=0.1481  success=0/1 (0.00%)  steps=mean:574.0 range:[574,574]
  training  completed=1259/2500  queue=0/256 (0%)  replay=200000/200000  updates=100  loss=0.00109  policy_version=558
  throughput env_steps_s=329.9  transitions_s=329.9  transitions_step=1.0  updates_s=82.1  updates_throttled=0
episode=1261
  mode      collector=async  worker=1  epsilon=0.010
  outcome   reward=-0.0001999999999990898  progress=0.0370  success=0/1 (0.00%)  steps=mean:202.0 range:[202,202]
  training  completed=1260/2500  queue=3/256 (1%)  replay=200000/200000  updates=100  loss=0.00150  policy_version=559
  throughput env_steps_s=327.6  transitions_s=327.6  transitions_step=1.0  updates_s=81.7  updates_throttled=0
episode=1263
  mode      collector=async  worker=1  epsilon=0.010
  outcome   reward=0.9883000000000022  progress=0.0741  success=0/1 (0.00%)  steps=mean:317.0 range:[317,317]
  training  completed=1261/2500  queue=1/256 (0%)  replay=200000/200000  updates=316  loss=0.00117  policy_version=563
  throughput env_steps_s=345.0  transitions_s=345.0  transitions_step=1.0  updates_s=86.4  updates_throttled=0
episode=1260
  mode      collector=async  worker=2  epsilon=0.010
  outcome   reward=2.9603999999999573  progress=0.1481  success=0/1 (0.00%)  steps=mean:596.0 range:[596,596]
  training  completed=1262/2500  queue=1/256 (0%)  replay=200000/200000  updates=45  loss=0.00176  policy_version=563
  throughput env_steps_s=340.5  transitions_s=340.5  transitions_step=1.0  updates_s=85.1  updates_throttled=0
episode=1262
  mode      collector=async  worker=3  epsilon=0.010
  outcome   reward=1.967599999999983  progress=0.1111  success=0/1 (0.00%)  steps=mean:524.0 range:[524,524]
  training  completed=1263/2500  queue=1/256 (0%)  replay=200000/200000  updates=73  loss=0.00177  policy_version=564
  throughput env_steps_s=347.1  transitions_s=347.1  transitions_step=1.0  updates_s=86.8  updates_throttled=0
episode=1265
  mode      collector=async  worker=2  epsilon=0.009
  outcome   reward=0.9973999999999863  progress=0.0741  success=0/1 (0.00%)  steps=mean:226.0 range:[226,226]
  training  completed=1264/2500  queue=0/256 (0%)  replay=200000/200000  updates=154  loss=0.00111  policy_version=565
  throughput env_steps_s=342.4  transitions_s=342.4  transitions_step=1.0  updates_s=85.5  updates_throttled=0
episode=1266
  mode      collector=async  worker=3  epsilon=0.009
  outcome   reward=-9.999999999910081e-05  progress=0.0370  success=0/1 (0.00%)  steps=mean:201.0 range:[201,201]
  training  completed=1265/2500  queue=0/256 (0%)  replay=200000/200000  updates=41  loss=0.00102  policy_version=566
  throughput env_steps_s=348.2  transitions_s=348.2  transitions_step=1.0  updates_s=86.0  updates_throttled=0
episode=1268
  mode      collector=async  worker=3  epsilon=0.009
  outcome   reward=-1.0063  progress=0.0000  success=0/1 (0.00%)  steps=mean:63.0 range:[63,63]
  training  completed=1266/2500  queue=0/256 (0%)  replay=200000/200000  updates=63  loss=0.00100  policy_version=566
  throughput env_steps_s=343.5  transitions_s=343.5  transitions_step=1.0  updates_s=86.2  updates_throttled=0
episode=1267
  mode      collector=async  worker=2  epsilon=0.009
  outcome   reward=0.9898000000000022  progress=0.0741  success=0/1 (0.00%)  steps=mean:302.0 range:[302,302]
  training  completed=1267/2500  queue=0/256 (0%)  replay=200000/200000  updates=198  loss=0.00127  policy_version=568
  throughput env_steps_s=348.6  transitions_s=348.6  transitions_step=1.0  updates_s=87.2  updates_throttled=0
episode=1270
  mode      collector=async  worker=2  epsilon=0.009
  outcome   reward=-0.0023999999999988475  progress=0.0370  success=0/1 (0.00%)  steps=mean:224.0 range:[224,224]
  training  completed=1268/2500  queue=3/256 (1%)  replay=200000/200000  updates=234  loss=0.00106  policy_version=571
  throughput env_steps_s=340.2  transitions_s=340.2  transitions_step=1.0  updates_s=85.2  updates_throttled=0
episode=1264
  mode      collector=async  worker=1  epsilon=0.009
  outcome   reward=3.929099999999936  progress=0.1852  success=0/1 (0.00%)  steps=mean:909.0 range:[909,909]
  training  completed=1269/2500  queue=1/256 (0%)  replay=200000/200000  updates=105  loss=0.00141  policy_version=572
  throughput env_steps_s=348.3  transitions_s=348.3  transitions_step=1.0  updates_s=87.1  updates_throttled=0
episode=1269
  mode      collector=async  worker=3  epsilon=0.009
  outcome   reward=3.956799999999971  progress=0.1852  success=0/1 (0.00%)  steps=mean:632.0 range:[632,632]
  training  completed=1270/2500  queue=0/256 (0%)  replay=200000/200000  updates=86  loss=0.00121  policy_version=573
  throughput env_steps_s=346.3  transitions_s=346.3  transitions_step=1.0  updates_s=85.8  updates_throttled=0
episode=1259
  mode      collector=async  worker=0  epsilon=0.009
  outcome   reward=12.832000000000253  progress=0.5185  success=0/1 (0.00%)  steps=mean:1880.0 range:[1880,1880]
  training  completed=1271/2500  queue=0/256 (0%)  replay=200000/200000  updates=141  loss=0.00085  policy_version=574
  throughput env_steps_s=345.6  transitions_s=345.6  transitions_step=1.0  updates_s=86.6  updates_throttled=0
episode=1273
  mode      collector=async  worker=3  epsilon=0.009
  outcome   reward=0.0009000000000007891  progress=0.0370  success=0/1 (0.00%)  steps=mean:191.0 range:[191,191]
  training  completed=1272/2500  queue=0/256 (0%)  replay=200000/200000  updates=53  loss=0.00081  policy_version=575
  throughput env_steps_s=350.5  transitions_s=350.5  transitions_step=1.0  updates_s=87.6  updates_throttled=0
episode=1274
  mode      collector=async  worker=0  epsilon=0.009
  outcome   reward=-1.0066  progress=0.0000  success=0/1 (0.00%)  steps=mean:66.0 range:[66,66]
  training  completed=1273/2500  queue=0/256 (0%)  replay=200000/200000  updates=13  loss=0.00219  policy_version=575
  throughput env_steps_s=334.5  transitions_s=334.5  transitions_step=1.0  updates_s=83.6  updates_throttled=0
episode=1271
  mode      collector=async  worker=2  epsilon=0.009
  outcome   reward=1.9786999999999877  progress=0.1111  success=0/1 (0.00%)  steps=mean:413.0 range:[413,413]
  training  completed=1274/2500  queue=0/256 (0%)  replay=200000/200000  updates=20  loss=0.00132  policy_version=575
  throughput env_steps_s=337.4  transitions_s=337.4  transitions_step=1.0  updates_s=84.3  updates_throttled=0
episode=1272
  mode      collector=async  worker=1  epsilon=0.009
  outcome   reward=0.9833000000000025  progress=0.0741  success=0/1 (0.00%)  steps=mean:367.0 range:[367,367]
  training  completed=1275/2500  queue=0/256 (0%)  replay=200000/200000  updates=57  loss=0.00129  policy_version=575
  throughput env_steps_s=330.2  transitions_s=330.2  transitions_step=1.0  updates_s=82.9  updates_throttled=0
episode=1278
  mode      collector=async  worker=1  epsilon=0.009
  outcome   reward=-1.0065  progress=0.0000  success=0/1 (0.00%)  steps=mean:65.0 range:[65,65]
  training  completed=1276/2500  queue=0/256 (0%)  replay=200000/200000  updates=67  loss=0.00147  policy_version=576
  throughput env_steps_s=342.0  transitions_s=342.0  transitions_step=1.0  updates_s=84.9  updates_throttled=0
episode=1275
  mode      collector=async  worker=3  epsilon=0.009
  outcome   reward=-0.0002999999999990788  progress=0.0370  success=0/1 (0.00%)  steps=mean:203.0 range:[203,203]
  training  completed=1277/2500  queue=0/256 (0%)  replay=200000/200000  updates=45  loss=0.00065  policy_version=577
  throughput env_steps_s=356.7  transitions_s=356.7  transitions_step=1.0  updates_s=90.2  updates_throttled=0
episode=1277
  mode      collector=async  worker=2  epsilon=0.009
  outcome   reward=-0.00039999999999906777  progress=0.0370  success=0/1 (0.00%)  steps=mean:204.0 range:[204,204]
  training  completed=1278/2500  queue=0/256 (0%)  replay=200000/200000  updates=34  loss=0.00143  policy_version=577
  throughput env_steps_s=340.4  transitions_s=340.4  transitions_step=1.0  updates_s=85.1  updates_throttled=0
episode=1281
  mode      collector=async  worker=2  epsilon=0.009
  outcome   reward=0.9889000000000021  progress=0.0741  success=0/1 (0.00%)  steps=mean:311.0 range:[311,311]
  training  completed=1279/2500  queue=1/256 (0%)  replay=200000/200000  updates=307  loss=0.00098  policy_version=580
  throughput env_steps_s=348.1  transitions_s=348.1  transitions_step=1.0  updates_s=87.1  updates_throttled=0
episode=1276
  mode      collector=async  worker=0  epsilon=0.009
  outcome   reward=3.933300000000054  progress=0.1852  success=0/1 (0.00%)  steps=mean:867.0 range:[867,867]
  training  completed=1280/2500  queue=2/256 (1%)  replay=200000/200000  updates=342  loss=0.00135  policy_version=583
  throughput env_steps_s=340.1  transitions_s=340.1  transitions_step=1.0  updates_s=85.0  updates_throttled=0
episode=1279
  mode      collector=async  worker=1  epsilon=0.009
  outcome   reward=3.942799999999963  progress=0.1852  success=0/1 (0.00%)  steps=mean:772.0 range:[772,772]
  training  completed=1281/2500  queue=2/256 (1%)  replay=200000/200000  updates=39  loss=0.00192  policy_version=584
  throughput env_steps_s=344.1  transitions_s=344.1  transitions_step=1.0  updates_s=86.6  updates_throttled=0
episode=1280
  mode      collector=async  worker=3  epsilon=0.009
  outcome   reward=6.936800000000007  progress=0.2963  success=0/1 (0.00%)  steps=mean:832.0 range:[832,832]
  training  completed=1282/2500  queue=1/256 (0%)  replay=200000/200000  updates=113  loss=0.00095  policy_version=585
  throughput env_steps_s=341.5  transitions_s=341.5  transitions_step=1.0  updates_s=85.4  updates_throttled=0
episode=1285
  mode      collector=async  worker=3  epsilon=0.009
  outcome   reward=-1.0065  progress=0.0000  success=0/1 (0.00%)  steps=mean:65.0 range:[65,65]
  training  completed=1283/2500  queue=1/256 (0%)  replay=200000/200000  updates=63  loss=0.00111  policy_version=586
  throughput env_steps_s=350.7  transitions_s=350.7  transitions_step=1.0  updates_s=87.3  updates_throttled=0
episode=1284
  mode      collector=async  worker=1  epsilon=0.009
  outcome   reward=0.0006000000000008221  progress=0.0370  success=0/1 (0.00%)  steps=mean:194.0 range:[194,194]
  training  completed=1284/2500  queue=0/256 (0%)  replay=200000/200000  updates=19  loss=0.00098  policy_version=586
  throughput env_steps_s=340.7  transitions_s=340.7  transitions_step=1.0  updates_s=85.2  updates_throttled=0
episode=1282
  mode      collector=async  worker=2  epsilon=0.009
  outcome   reward=7.9143000000001  progress=0.3333  success=0/1 (0.00%)  steps=mean:1057.0 range:[1057,1057]
  training  completed=1285/2500  queue=0/256 (0%)  replay=200000/200000  updates=485  loss=0.00108  policy_version=591
  throughput env_steps_s=342.1  transitions_s=342.1  transitions_step=1.0  updates_s=85.4  updates_throttled=0
episode=1283
  mode      collector=async  worker=0  epsilon=0.009
  outcome   reward=3.9440999999999677  progress=0.1852  success=0/1 (0.00%)  steps=mean:759.0 range:[759,759]
  training  completed=1286/2500  queue=0/256 (0%)  replay=200000/200000  updates=33  loss=0.00106  policy_version=591
  throughput env_steps_s=345.6  transitions_s=345.6  transitions_step=1.0  updates_s=86.4  updates_throttled=0
episode=1288
  mode      collector=async  worker=2  epsilon=0.009
  outcome   reward=-0.003999999999998893  progress=0.0370  success=0/1 (0.00%)  steps=mean:240.0 range:[240,240]
  training  completed=1287/2500  queue=0/256 (0%)  replay=200000/200000  updates=211  loss=0.00089  policy_version=593
  throughput env_steps_s=343.5  transitions_s=343.5  transitions_step=1.0  updates_s=86.0  updates_throttled=0
episode=1286
  mode      collector=async  worker=3  epsilon=0.009
  outcome   reward=5.929100000000055  progress=0.2593  success=0/1 (0.00%)  steps=mean:909.0 range:[909,909]
  training  completed=1288/2500  queue=0/256 (0%)  replay=200000/200000  updates=161  loss=0.00134  policy_version=595
  throughput env_steps_s=339.9  transitions_s=339.9  transitions_step=1.0  updates_s=85.0  updates_throttled=0
episode=1290
  mode      collector=async  worker=2  epsilon=0.009
  outcome   reward=0.9888000000000023  progress=0.0741  success=0/1 (0.00%)  steps=mean:312.0 range:[312,312]
  training  completed=1289/2500  queue=1/256 (0%)  replay=200000/200000  updates=150  loss=0.00138  policy_version=596
  throughput env_steps_s=336.2  transitions_s=336.2  transitions_step=1.0  updates_s=84.3  updates_throttled=0
episode=1291
  mode      collector=async  worker=3  epsilon=0.009
  outcome   reward=0.0006000000000008221  progress=0.0370  success=0/1 (0.00%)  steps=mean:194.0 range:[194,194]
  training  completed=1290/2500  queue=0/256 (0%)  replay=200000/200000  updates=44  loss=0.00063  policy_version=597
  throughput env_steps_s=335.2  transitions_s=335.2  transitions_step=1.0  updates_s=82.4  updates_throttled=0
episode=1287
  mode      collector=async  worker=1  epsilon=0.009
  outcome   reward=10.9026000000001  progress=0.4444  success=0/1 (0.00%)  steps=mean:1174.0 range:[1174,1174]
  training  completed=1291/2500  queue=0/256 (0%)  replay=200000/200000  updates=83  loss=0.00181  policy_version=597
  throughput env_steps_s=325.0  transitions_s=325.0  transitions_step=1.0  updates_s=81.7  updates_throttled=0
episode=1292
  mode      collector=async  worker=2  epsilon=0.009
  outcome   reward=-0.0010999999999989907  progress=0.0370  success=0/1 (0.00%)  steps=mean:211.0 range:[211,211]
  training  completed=1292/2500  queue=1/256 (0%)  replay=200000/200000  updates=93  loss=0.00116  policy_version=598
  throughput env_steps_s=329.6  transitions_s=329.6  transitions_step=1.0  updates_s=82.6  updates_throttled=0
episode=1289
  mode      collector=async  worker=0  epsilon=0.009
  outcome   reward=7.91690000000008  progress=0.3333  success=0/1 (0.00%)  steps=mean:1031.0 range:[1031,1031]
  training  completed=1293/2500  queue=2/256 (1%)  replay=200000/200000  updates=285  loss=0.00098  policy_version=601
  throughput env_steps_s=342.0  transitions_s=342.0  transitions_step=1.0  updates_s=85.5  updates_throttled=0
episode=1296
  mode      collector=async  worker=0  epsilon=0.009
  outcome   reward=-1.0063  progress=0.0000  success=0/1 (0.00%)  steps=mean:63.0 range:[63,63]
  training  completed=1294/2500  queue=1/256 (0%)  replay=200000/200000  updates=63  loss=0.00060  policy_version=602
  throughput env_steps_s=347.6  transitions_s=347.6  transitions_step=1.0  updates_s=86.9  updates_throttled=0
episode=1295
  mode      collector=async  worker=2  epsilon=0.008
  outcome   reward=1.9713999999999856  progress=0.1111  success=0/1 (0.00%)  steps=mean:486.0 range:[486,486]
  training  completed=1295/2500  queue=1/256 (0%)  replay=200000/200000  updates=134  loss=0.00117  policy_version=603
  throughput env_steps_s=341.2  transitions_s=341.2  transitions_step=1.0  updates_s=85.3  updates_throttled=0
episode=1294
  mode      collector=async  worker=1  epsilon=0.008
  outcome   reward=2.958699999999955  progress=0.1481  success=0/1 (0.00%)  steps=mean:613.0 range:[613,613]
  training  completed=1296/2500  queue=0/256 (0%)  replay=200000/200000  updates=40  loss=0.00063  policy_version=604
  throughput env_steps_s=339.3  transitions_s=339.3  transitions_step=1.0  updates_s=83.8  updates_throttled=0
episode=1297
  mode      collector=async  worker=0  epsilon=0.008
  outcome   reward=-0.0023999999999988475  progress=0.0370  success=0/1 (0.00%)  steps=mean:224.0 range:[224,224]
  training  completed=1297/2500  queue=0/256 (0%)  replay=200000/200000  updates=48  loss=0.00107  policy_version=604
  throughput env_steps_s=342.1  transitions_s=342.1  transitions_step=1.0  updates_s=85.5  updates_throttled=0
episode=1299
  mode      collector=async  worker=1  epsilon=0.008
  outcome   reward=-1.0062  progress=0.0000  success=0/1 (0.00%)  steps=mean:62.0 range:[62,62]
  training  completed=1298/2500  queue=0/256 (0%)  replay=200000/200000  updates=14  loss=0.00081  policy_version=604
  throughput env_steps_s=328.8  transitions_s=328.8  transitions_step=1.0  updates_s=83.7  updates_throttled=0
episode=1298
  mode      collector=async  worker=2  epsilon=0.008
  outcome   reward=0.9876000000000025  progress=0.0741  success=0/1 (0.00%)  steps=mean:324.0 range:[324,324]
  training  completed=1299/2500  queue=0/256 (0%)  replay=200000/200000  updates=224  loss=0.00127  policy_version=606
  throughput env_steps_s=341.7  transitions_s=341.7  transitions_step=1.0  updates_s=85.3  updates_throttled=0
episode=1300
  mode      collector=async  worker=0  epsilon=0.008
  outcome   reward=0.9887000000000021  progress=0.0741  success=0/1 (0.00%)  steps=mean:313.0 range:[313,313]
  training  completed=1300/2500  queue=7/256 (3%)  replay=200000/200000  updates=68  loss=0.00115  policy_version=607
  throughput env_steps_s=335.9  transitions_s=335.9  transitions_step=1.0  updates_s=84.6  updates_throttled=0
Saved checkpoint: checkpoints/breakout_s2_rand/ckpt-1300
Scheduled replay buffer save: checkpoints/breakout_s2_rand/replay-1300.npz transitions=200000
Evaluating frozen checkpoint episode=1300 episodes=20 metric=auto...
Saved replay buffer: checkpoints/breakout_s2_rand/replay-1300.npz transitions=200000
episode=1293
  mode      collector=async  worker=3  epsilon=0.008
  outcome   reward=5.904600000000091  progress=0.2593  success=0/1 (0.00%)  steps=mean:1154.0 range:[1154,1154]
  training  completed=1301/2500  queue=1/256 (0%)  replay=200000/200000  updates=109  loss=0.00109  policy_version=608
  throughput env_steps_s=275.7  transitions_s=275.7  transitions_step=1.0  updates_s=68.8  updates_throttled=0
episode=1301
  mode      collector=async  worker=1  epsilon=0.008
  outcome   reward=2.9528999999999526  progress=0.1481  success=0/1 (0.00%)  steps=mean:671.0 range:[671,671]
  training  completed=1302/2500  queue=0/256 (0%)  replay=200000/200000  updates=265  loss=0.00130  policy_version=611
  throughput env_steps_s=293.9  transitions_s=293.9  transitions_step=1.0  updates_s=73.4  updates_throttled=0
episode=1303
  mode      collector=async  worker=0  epsilon=0.008
  outcome   reward=1.971799999999986  progress=0.1111  success=0/1 (0.00%)  steps=mean:482.0 range:[482,482]
  training  completed=1303/2500  queue=0/256 (0%)  replay=200000/200000  updates=109  loss=0.00113  policy_version=612
  throughput env_steps_s=289.4  transitions_s=289.4  transitions_step=1.0  updates_s=72.4  updates_throttled=0
episode=1305
  mode      collector=async  worker=1  epsilon=0.008
  outcome   reward=-0.0002999999999990788  progress=0.0370  success=0/1 (0.00%)  steps=mean:203.0 range:[203,203]
  training  completed=1304/2500  queue=0/256 (0%)  replay=200000/200000  updates=95  loss=0.00119  policy_version=613
  throughput env_steps_s=285.9  transitions_s=285.9  transitions_step=1.0  updates_s=71.5  updates_throttled=0
episode=1302
  mode      collector=async  worker=2  epsilon=0.008
  outcome   reward=3.9514999999999665  progress=0.1852  success=0/1 (0.00%)  steps=mean:685.0 range:[685,685]
  training  completed=1305/2500  queue=0/256 (0%)  replay=200000/200000  updates=39  loss=0.00147  policy_version=613
  throughput env_steps_s=286.3  transitions_s=286.3  transitions_step=1.0  updates_s=71.6  updates_throttled=0
episode=1306
  mode      collector=async  worker=0  epsilon=0.008
  outcome   reward=0.0004000000000008441  progress=0.0370  success=0/1 (0.00%)  steps=mean:196.0 range:[196,196]
  training  completed=1306/2500  queue=0/256 (0%)  replay=200000/200000  updates=64  loss=0.00126  policy_version=614
  throughput env_steps_s=294.0  transitions_s=294.0  transitions_step=1.0  updates_s=73.8  updates_throttled=0
episode=1304
  mode      collector=async  worker=3  epsilon=0.008
  outcome   reward=5.946799999999986  progress=0.2593  success=0/1 (0.00%)  steps=mean:732.0 range:[732,732]
  training  completed=1307/2500  queue=0/256 (0%)  replay=200000/200000  updates=166  loss=0.00107  policy_version=616
  throughput env_steps_s=292.4  transitions_s=292.4  transitions_step=1.0  updates_s=73.2  updates_throttled=0
episode=1309
  mode      collector=async  worker=0  epsilon=0.008
  outcome   reward=0.9836000000000025  progress=0.0741  success=0/1 (0.00%)  steps=mean:364.0 range:[364,364]
  training  completed=1308/2500  queue=3/256 (1%)  replay=200000/200000  updates=196  loss=0.00150  policy_version=618
  throughput env_steps_s=292.4  transitions_s=292.4  transitions_step=1.0  updates_s=73.1  updates_throttled=0
episode=1311
  mode      collector=async  worker=0  epsilon=0.008
  outcome   reward=-1.0065  progress=0.0000  success=0/1 (0.00%)  steps=mean:65.0 range:[65,65]
  training  completed=1309/2500  queue=0/256 (0%)  replay=200000/200000  updates=63  loss=0.00152  policy_version=618
  throughput env_steps_s=299.4  transitions_s=299.4  transitions_step=1.0  updates_s=74.3  updates_throttled=0
episode=1312
  mode      collector=async  worker=0  epsilon=0.008
  outcome   reward=-1.0061  progress=0.0000  success=0/1 (0.00%)  steps=mean:61.0 range:[61,61]
  training  completed=1310/2500  queue=0/256 (0%)  replay=200000/200000  updates=62  loss=0.00102  policy_version=619
  throughput env_steps_s=289.9  transitions_s=289.9  transitions_step=1.0  updates_s=72.2  updates_throttled=0
episode=1310
  mode      collector=async  worker=3  epsilon=0.008
  outcome   reward=0.9829000000000028  progress=0.0741  success=0/1 (0.00%)  steps=mean:371.0 range:[371,371]
  training  completed=1311/2500  queue=0/256 (0%)  replay=200000/200000  updates=52  loss=0.00168  policy_version=619
  throughput env_steps_s=292.1  transitions_s=292.1  transitions_step=1.0  updates_s=74.1  updates_throttled=0
episode=1314
  mode      collector=async  worker=3  epsilon=0.008
  outcome   reward=-1.0059  progress=0.0000  success=0/1 (0.00%)  steps=mean:59.0 range:[59,59]
  training  completed=1312/2500  queue=0/256 (0%)  replay=200000/200000  updates=60  loss=0.00116  policy_version=620
  throughput env_steps_s=286.1  transitions_s=286.1  transitions_step=1.0  updates_s=70.9  updates_throttled=0
episode=1313
  mode      collector=async  worker=0  epsilon=0.008
  outcome   reward=0.001300000000000745  progress=0.0370  success=0/1 (0.00%)  steps=mean:187.0 range:[187,187]
  training  completed=1313/2500  queue=0/256 (0%)  replay=200000/200000  updates=76  loss=0.00112  policy_version=621
  throughput env_steps_s=288.6  transitions_s=288.6  transitions_step=1.0  updates_s=72.2  updates_throttled=0
episode=1316
  mode      collector=async  worker=0  epsilon=0.008
  outcome   reward=-1.0068  progress=0.0000  success=0/1 (0.00%)  steps=mean:68.0 range:[68,68]
  training  completed=1314/2500  queue=0/256 (0%)  replay=200000/200000  updates=68  loss=0.00104  policy_version=621
  throughput env_steps_s=287.4  transitions_s=287.4  transitions_step=1.0  updates_s=71.8  updates_throttled=0
episode=1317
  mode      collector=async  worker=0  epsilon=0.008
  outcome   reward=-1.0062  progress=0.0000  success=0/1 (0.00%)  steps=mean:62.0 range:[62,62]
  training  completed=1315/2500  queue=2/256 (1%)  replay=200000/200000  updates=66  loss=0.00097  policy_version=622
  throughput env_steps_s=287.2  transitions_s=287.2  transitions_step=1.0  updates_s=72.3  updates_throttled=0
episode=1307
  mode      collector=async  worker=1  epsilon=0.008
  outcome   reward=4.9271999999999885  progress=0.2222  success=0/1 (0.00%)  steps=mean:928.0 range:[928,928]
  training  completed=1316/2500  queue=0/256 (0%)  replay=200000/200000  updates=17  loss=0.00157  policy_version=622
  throughput env_steps_s=295.0  transitions_s=295.0  transitions_step=1.0  updates_s=71.7  updates_throttled=0
Frozen evaluation episode=1300: success=0/20 (0.00%) reward_mean=0.7812 steps_mean=308.2
episode=1308
  mode      collector=async  worker=2  epsilon=0.008
  outcome   reward=3.9134999999999103  progress=0.1852  success=0/1 (0.00%)  steps=mean:1065.0 range:[1065,1065]
  training  completed=1317/2500  queue=0/256 (0%)  replay=200000/200000  updates=175  loss=0.00127  policy_version=624
  throughput env_steps_s=289.1  transitions_s=289.1  transitions_step=1.0  updates_s=72.3  updates_throttled=0
episode=1315
  mode      collector=async  worker=3  epsilon=0.008
  outcome   reward=2.978199999999961  progress=0.1481  success=0/1 (0.00%)  steps=mean:418.0 range:[418,418]
  training  completed=1318/2500  queue=0/256 (0%)  replay=200000/200000  updates=15  loss=0.00171  policy_version=624
  throughput env_steps_s=313.7  transitions_s=313.7  transitions_step=1.0  updates_s=79.7  updates_throttled=0
episode=1319
  mode      collector=async  worker=1  epsilon=0.008
  outcome   reward=-0.0026999999999990365  progress=0.0370  success=0/1 (0.00%)  steps=mean:227.0 range:[227,227]
  training  completed=1319/2500  queue=0/256 (0%)  replay=200000/200000  updates=33  loss=0.00117  policy_version=624
  throughput env_steps_s=330.5  transitions_s=330.5  transitions_step=1.0  updates_s=81.4  updates_throttled=0
episode=1320
  mode      collector=async  worker=2  epsilon=0.008
  outcome   reward=8.881784197001252e-16  progress=0.0370  success=0/1 (0.00%)  steps=mean:200.0 range:[200,200]
  training  completed=1320/2500  queue=3/256 (1%)  replay=200000/200000  updates=149  loss=0.00112  policy_version=626
  throughput env_steps_s=335.9  transitions_s=335.9  transitions_step=1.0  updates_s=84.3  updates_throttled=0
episode=1323
  mode      collector=async  worker=2  epsilon=0.008
  outcome   reward=0.9861000000000026  progress=0.0741  success=0/1 (0.00%)  steps=mean:339.0 range:[339,339]
  training  completed=1321/2500  queue=1/256 (0%)  replay=200000/200000  updates=339  loss=0.00150  policy_version=629
  throughput env_steps_s=341.5  transitions_s=341.5  transitions_step=1.0  updates_s=85.4  updates_throttled=0
episode=1324
  mode      collector=async  worker=2  epsilon=0.008
  outcome   reward=-1.0062  progress=0.0000  success=0/1 (0.00%)  steps=mean:62.0 range:[62,62]
  training  completed=1322/2500  queue=0/256 (0%)  replay=200000/200000  updates=59  loss=0.00094  policy_version=630
  throughput env_steps_s=347.3  transitions_s=347.3  transitions_step=1.0  updates_s=85.7  updates_throttled=0
episode=1322
  mode      collector=async  worker=1  epsilon=0.008
  outcome   reward=4.962500000000003  progress=0.2222  success=0/1 (0.00%)  steps=mean:575.0 range:[575,575]
  training  completed=1323/2500  queue=0/256 (0%)  replay=200000/200000  updates=29  loss=0.00103  policy_version=630
  throughput env_steps_s=332.0  transitions_s=332.0  transitions_step=1.0  updates_s=84.4  updates_throttled=0
episode=1325
  mode      collector=async  worker=2  epsilon=0.008
  outcome   reward=-1.0063  progress=0.0000  success=0/1 (0.00%)  steps=mean:63.0 range:[63,63]
  training  completed=1324/2500  queue=0/256 (0%)  replay=200000/200000  updates=35  loss=0.00088  policy_version=630
  throughput env_steps_s=335.2  transitions_s=335.2  transitions_step=1.0  updates_s=83.2  updates_throttled=0
episode=1318
  mode      collector=async  worker=0  epsilon=0.008
  outcome   reward=6.924100000000038  progress=0.2963  success=0/1 (0.00%)  steps=mean:959.0 range:[959,959]
  training  completed=1325/2500  queue=0/256 (0%)  replay=200000/200000  updates=99  loss=0.00121  policy_version=631
  throughput env_steps_s=341.6  transitions_s=341.6  transitions_step=1.0  updates_s=85.6  updates_throttled=0
episode=1321
  mode      collector=async  worker=3  epsilon=0.008
  outcome   reward=4.945099999999993  progress=0.2222  success=0/1 (0.00%)  steps=mean:749.0 range:[749,749]
  training  completed=1326/2500  queue=0/256 (0%)  replay=200000/200000  updates=16  loss=0.00264  policy_version=632
  throughput env_steps_s=330.6  transitions_s=330.6  transitions_step=1.0  updates_s=81.4  updates_throttled=0
episode=1328
  mode      collector=async  worker=0  epsilon=0.008
  outcome   reward=-1.006  progress=0.0000  success=0/1 (0.00%)  steps=mean:60.0 range:[60,60]
  training  completed=1327/2500  queue=1/256 (0%)  replay=200000/200000  updates=43  loss=0.00112  policy_version=632
  throughput env_steps_s=336.5  transitions_s=336.5  transitions_step=1.0  updates_s=85.1  updates_throttled=0
episode=1329
  mode      collector=async  worker=3  epsilon=0.008
  outcome   reward=-1.0064  progress=0.0000  success=0/1 (0.00%)  steps=mean:64.0 range:[64,64]
  training  completed=1328/2500  queue=0/256 (0%)  replay=200000/200000  updates=21  loss=0.00195  policy_version=632
  throughput env_steps_s=334.7  transitions_s=334.7  transitions_step=1.0  updates_s=81.7  updates_throttled=0
episode=1326
  mode      collector=async  worker=1  epsilon=0.007
  outcome   reward=0.9899000000000022  progress=0.0741  success=0/1 (0.00%)  steps=mean:301.0 range:[301,301]
  training  completed=1329/2500  queue=0/256 (0%)  replay=200000/200000  updates=91  loss=0.00136  policy_version=633
  throughput env_steps_s=339.1  transitions_s=339.1  transitions_step=1.0  updates_s=85.0  updates_throttled=0
episode=1331
  mode      collector=async  worker=3  epsilon=0.007
  outcome   reward=-0.0012999999999989686  progress=0.0370  success=0/1 (0.00%)  steps=mean:213.0 range:[213,213]
  training  completed=1330/2500  queue=0/256 (0%)  replay=200000/200000  updates=121  loss=0.00097  policy_version=634
  throughput env_steps_s=340.5  transitions_s=340.5  transitions_step=1.0  updates_s=85.1  updates_throttled=0
episode=1327
  mode      collector=async  worker=2  epsilon=0.007
  outcome   reward=1.9772999999999874  progress=0.1111  success=0/1 (0.00%)  steps=mean:427.0 range:[427,427]
  training  completed=1331/2500  queue=1/256 (0%)  replay=200000/200000  updates=39  loss=0.00132  policy_version=635
  throughput env_steps_s=339.7  transitions_s=339.7  transitions_step=1.0  updates_s=85.5  updates_throttled=0
episode=1332
  mode      collector=async  worker=1  epsilon=0.007
  outcome   reward=-0.004499999999998838  progress=0.0370  success=0/1 (0.00%)  steps=mean:245.0 range:[245,245]
  training  completed=1332/2500  queue=0/256 (0%)  replay=200000/200000  updates=81  loss=0.00096  policy_version=636
  throughput env_steps_s=334.0  transitions_s=334.0  transitions_step=1.0  updates_s=83.0  updates_throttled=0
episode=1333
  mode      collector=async  worker=3  epsilon=0.007
  outcome   reward=8.881784197001252e-16  progress=0.0370  success=0/1 (0.00%)  steps=mean:200.0 range:[200,200]
  training  completed=1333/2500  queue=1/256 (0%)  replay=200000/200000  updates=79  loss=0.00130  policy_version=636
  throughput env_steps_s=329.9  transitions_s=329.9  transitions_step=1.0  updates_s=83.0  updates_throttled=0
episode=1335
  mode      collector=async  worker=1  epsilon=0.007
  outcome   reward=0.001400000000000956  progress=0.0370  success=0/1 (0.00%)  steps=mean:186.0 range:[186,186]
  training  completed=1334/2500  queue=0/256 (0%)  replay=200000/200000  updates=102  loss=0.00140  policy_version=637
  throughput env_steps_s=340.1  transitions_s=340.1  transitions_step=1.0  updates_s=84.4  updates_throttled=0
episode=1337
  mode      collector=async  worker=1  epsilon=0.007
  outcome   reward=-1.006  progress=0.0000  success=0/1 (0.00%)  steps=mean:60.0 range:[60,60]
  training  completed=1335/2500  queue=0/256 (0%)  replay=200000/200000  updates=62  loss=0.00195  policy_version=638
  throughput env_steps_s=340.0  transitions_s=340.0  transitions_step=1.0  updates_s=85.3  updates_throttled=0
episode=1336
  mode      collector=async  worker=3  epsilon=0.007
  outcome   reward=0.00200000000000089  progress=0.0370  success=0/1 (0.00%)  steps=mean:180.0 range:[180,180]
  training  completed=1336/2500  queue=0/256 (0%)  replay=200000/200000  updates=15  loss=0.00248  policy_version=638
  throughput env_steps_s=330.2  transitions_s=330.2  transitions_step=1.0  updates_s=83.9  updates_throttled=0
episode=1330
  mode      collector=async  worker=0  epsilon=0.007
  outcome   reward=3.95149999999997  progress=0.1852  success=0/1 (0.00%)  steps=mean:685.0 range:[685,685]
  training  completed=1337/2500  queue=2/256 (1%)  replay=200000/200000  updates=77  loss=0.00132  policy_version=639
  throughput env_steps_s=333.4  transitions_s=333.4  transitions_step=1.0  updates_s=83.6  updates_throttled=0
episode=1339
  mode      collector=async  worker=3  epsilon=0.007
  outcome   reward=0.9884000000000024  progress=0.0741  success=0/1 (0.00%)  steps=mean:316.0 range:[316,316]
  training  completed=1338/2500  queue=0/256 (0%)  replay=200000/200000  updates=237  loss=0.00100  policy_version=641
  throughput env_steps_s=342.9  transitions_s=342.9  transitions_step=1.0  updates_s=85.5  updates_throttled=0
episode=1341
  mode      collector=async  worker=3  epsilon=0.007
  outcome   reward=0.002100000000000879  progress=0.0370  success=0/1 (0.00%)  steps=mean:179.0 range:[179,179]
  training  completed=1339/2500  queue=0/256 (0%)  replay=200000/200000  updates=179  loss=0.00092  policy_version=643
  throughput env_steps_s=337.3  transitions_s=337.3  transitions_step=1.0  updates_s=84.3  updates_throttled=0
episode=1338
  mode      collector=async  worker=1  epsilon=0.007
  outcome   reward=3.95389999999996  progress=0.1852  success=0/1 (0.00%)  steps=mean:661.0 range:[661,661]
  training  completed=1340/2500  queue=3/256 (1%)  replay=200000/200000  updates=156  loss=0.00113  policy_version=645
  throughput env_steps_s=337.6  transitions_s=337.6  transitions_step=1.0  updates_s=84.5  updates_throttled=0
episode=1334
  mode      collector=async  worker=2  epsilon=0.007
  outcome   reward=5.920700000000002  progress=0.2593  success=0/1 (0.00%)  steps=mean:993.0 range:[993,993]
  training  completed=1341/2500  queue=0/256 (0%)  replay=200000/200000  updates=3  loss=0.00053  policy_version=645
  throughput env_steps_s=417.6  transitions_s=417.6  transitions_step=1.0  updates_s=104.4  updates_throttled=0
episode=1343
  mode      collector=async  worker=1  epsilon=0.007
  outcome   reward=0.0008000000000008001  progress=0.0370  success=0/1 (0.00%)  steps=mean:192.0 range:[192,192]
  training  completed=1342/2500  queue=0/256 (0%)  replay=200000/200000  updates=190  loss=0.00155  policy_version=647
  throughput env_steps_s=344.5  transitions_s=344.5  transitions_step=1.0  updates_s=85.9  updates_throttled=0
episode=1340
  mode      collector=async  worker=0  epsilon=0.007
  outcome   reward=3.9431999999999707  progress=0.1852  success=0/1 (0.00%)  steps=mean:768.0 range:[768,768]
  training  completed=1343/2500  queue=0/256 (0%)  replay=200000/200000  updates=3  loss=0.00311  policy_version=647
  throughput env_steps_s=323.9  transitions_s=323.9  transitions_step=1.0  updates_s=81.0  updates_throttled=0
episode=1342
  mode      collector=async  worker=3  epsilon=0.007
  outcome   reward=2.9649999999999483  progress=0.1481  success=0/1 (0.00%)  steps=mean:550.0 range:[550,550]
  training  completed=1344/2500  queue=0/256 (0%)  replay=200000/200000  updates=201  loss=0.00172  policy_version=649
  throughput env_steps_s=334.9  transitions_s=334.9  transitions_step=1.0  updates_s=83.8  updates_throttled=0
episode=1345
  mode      collector=async  worker=1  epsilon=0.007
  outcome   reward=0.9841000000000026  progress=0.0741  success=0/1 (0.00%)  steps=mean:359.0 range:[359,359]
  training  completed=1345/2500  queue=0/256 (0%)  replay=200000/200000  updates=156  loss=0.00141  policy_version=650
  throughput env_steps_s=338.4  transitions_s=338.4  transitions_step=1.0  updates_s=84.5  updates_throttled=0
episode=1348
  mode      collector=async  worker=1  epsilon=0.007
  outcome   reward=0.9877000000000022  progress=0.0741  success=0/1 (0.00%)  steps=mean:323.0 range:[323,323]
  training  completed=1346/2500  queue=0/256 (0%)  replay=200000/200000  updates=326  loss=0.00138  policy_version=653
  throughput env_steps_s=346.0  transitions_s=346.0  transitions_step=1.0  updates_s=86.7  updates_throttled=0
episode=1344
  mode      collector=async  worker=2  epsilon=0.007
  outcome   reward=5.931700000000054  progress=0.2593  success=0/1 (0.00%)  steps=mean:883.0 range:[883,883]
  training  completed=1347/2500  queue=0/256 (0%)  replay=200000/200000  updates=13  loss=0.00021  policy_version=654
  throughput env_steps_s=334.4  transitions_s=334.4  transitions_step=1.0  updates_s=83.6  updates_throttled=0
episode=1349
  mode      collector=async  worker=1  epsilon=0.007
  outcome   reward=0.9816000000000027  progress=0.0741  success=0/1 (0.00%)  steps=mean:384.0 range:[384,384]
  training  completed=1348/2500  queue=0/256 (0%)  replay=200000/200000  updates=371  loss=0.00116  policy_version=657
  throughput env_steps_s=346.1  transitions_s=346.1  transitions_step=1.0  updates_s=86.4  updates_throttled=0
episode=1346
  mode      collector=async  worker=0  epsilon=0.007
  outcome   reward=5.901800000000132  progress=0.2593  success=0/1 (0.00%)  steps=mean:1182.0 range:[1182,1182]
  training  completed=1349/2500  queue=0/256 (0%)  replay=200000/200000  updates=96  loss=0.00148  policy_version=658
  throughput env_steps_s=342.1  transitions_s=342.1  transitions_step=1.0  updates_s=86.0  updates_throttled=0
episode=1350
  mode      collector=async  worker=2  epsilon=0.007
  outcome   reward=2.9714999999999536  progress=0.1481  success=0/1 (0.00%)  steps=mean:485.0 range:[485,485]
  training  completed=1350/2500  queue=0/256 (0%)  replay=200000/200000  updates=17  loss=0.00092  policy_version=658
  throughput env_steps_s=322.8  transitions_s=322.8  transitions_step=1.0  updates_s=78.4  updates_throttled=0
episode=1352
  mode      collector=async  worker=0  epsilon=0.007
  outcome   reward=0.0009000000000007891  progress=0.0370  success=0/1 (0.00%)  steps=mean:191.0 range:[191,191]
  training  completed=1351/2500  queue=0/256 (0%)  replay=200000/200000  updates=182  loss=0.00075  policy_version=660
  throughput env_steps_s=347.9  transitions_s=347.9  transitions_step=1.0  updates_s=87.3  updates_throttled=0
episode=1351
  mode      collector=async  worker=1  epsilon=0.007
  outcome   reward=0.9876000000000025  progress=0.0741  success=0/1 (0.00%)  steps=mean:324.0 range:[324,324]
  training  completed=1352/2500  queue=0/256 (0%)  replay=200000/200000  updates=28  loss=0.00171  policy_version=661
  throughput env_steps_s=340.6  transitions_s=340.6  transitions_step=1.0  updates_s=83.6  updates_throttled=0
episode=1354
  mode      collector=async  worker=0  epsilon=0.007
  outcome   reward=-1.0066  progress=0.0000  success=0/1 (0.00%)  steps=mean:66.0 range:[66,66]
  training  completed=1353/2500  queue=0/256 (0%)  replay=200000/200000  updates=37  loss=0.00112  policy_version=661
  throughput env_steps_s=339.3  transitions_s=339.3  transitions_step=1.0  updates_s=84.8  updates_throttled=0
episode=1355
  mode      collector=async  worker=1  epsilon=0.007
  outcome   reward=0.9985999999999884  progress=0.0741  success=0/1 (0.00%)  steps=mean:214.0 range:[214,214]
  training  completed=1354/2500  queue=1/256 (0%)  replay=200000/200000  updates=177  loss=0.00141  policy_version=663
  throughput env_steps_s=338.0  transitions_s=338.0  transitions_step=1.0  updates_s=84.7  updates_throttled=0
episode=1347
  mode      collector=async  worker=3  epsilon=0.007
  outcome   reward=11.84960000000018  progress=0.4815  success=0/1 (0.00%)  steps=mean:1704.0 range:[1704,1704]
  training  completed=1355/2500  queue=0/256 (0%)  replay=200000/200000  updates=308  loss=0.00110  policy_version=666
  throughput env_steps_s=343.8  transitions_s=343.8  transitions_step=1.0  updates_s=85.9  updates_throttled=0
episode=1358
  mode      collector=async  worker=3  epsilon=0.007
  outcome   reward=1.9867999999999844  progress=0.1111  success=0/1 (0.00%)  steps=mean:332.0 range:[332,332]
  training  completed=1356/2500  queue=1/256 (0%)  replay=200000/200000  updates=333  loss=0.00137  policy_version=669
  throughput env_steps_s=341.2  transitions_s=341.2  transitions_step=1.0  updates_s=85.4  updates_throttled=0
episode=1356
  mode      collector=async  worker=0  epsilon=0.007
  outcome   reward=6.936500000000018  progress=0.2963  success=0/1 (0.00%)  steps=mean:835.0 range:[835,835]
  training  completed=1357/2500  queue=0/256 (0%)  replay=200000/200000  updates=23  loss=0.00131  policy_version=669
  throughput env_steps_s=335.6  transitions_s=335.6  transitions_step=1.0  updates_s=82.1  updates_throttled=0
episode=1353
  mode      collector=async  worker=2  epsilon=0.007
  outcome   reward=6.886600000000029  progress=0.2963  success=0/1 (0.00%)  steps=mean:1334.0 range:[1334,1334]
  training  completed=1358/2500  queue=0/256 (0%)  replay=200000/200000  updates=241  loss=0.00103  policy_version=672
  throughput env_steps_s=349.3  transitions_s=349.3  transitions_step=1.0  updates_s=87.3  updates_throttled=0
episode=1359
  mode      collector=async  worker=3  epsilon=0.007
  outcome   reward=1.9688999999999883  progress=0.1111  success=0/1 (0.00%)  steps=mean:511.0 range:[511,511]
  training  completed=1359/2500  queue=0/256 (0%)  replay=200000/200000  updates=248  loss=0.00152  policy_version=674
  throughput env_steps_s=348.1  transitions_s=348.1  transitions_step=1.0  updates_s=86.9  updates_throttled=0
episode=1362
  mode      collector=async  worker=3  epsilon=0.007
  outcome   reward=-1.0064  progress=0.0000  success=0/1 (0.00%)  steps=mean:64.0 range:[64,64]
  training  completed=1360/2500  queue=4/256 (2%)  replay=200000/200000  updates=61  loss=0.00104  policy_version=675
  throughput env_steps_s=331.9  transitions_s=331.9  transitions_step=1.0  updates_s=83.7  updates_throttled=0
episode=1357
  mode      collector=async  worker=1  epsilon=0.007
  outcome   reward=10.87690000000017  progress=0.4444  success=0/1 (0.00%)  steps=mean:1431.0 range:[1431,1431]
  training  completed=1361/2500  queue=0/256 (0%)  replay=200000/200000  updates=202  loss=0.00078  policy_version=677
  throughput env_steps_s=327.1  transitions_s=327.1  transitions_step=1.0  updates_s=81.6  updates_throttled=0
episode=1361
  mode      collector=async  worker=2  epsilon=0.007
  outcome   reward=2.9622999999999546  progress=0.1481  success=0/1 (0.00%)  steps=mean:577.0 range:[577,577]
  training  completed=1362/2500  queue=0/256 (0%)  replay=200000/200000  updates=63  loss=0.00118  policy_version=677
  throughput env_steps_s=281.1  transitions_s=281.1  transitions_step=1.0  updates_s=70.8  updates_throttled=0
episode=1364
  mode      collector=async  worker=1  epsilon=0.007
  outcome   reward=0.9863000000000024  progress=0.0741  success=0/1 (0.00%)  steps=mean:337.0 range:[337,337]
  training  completed=1363/2500  queue=0/256 (0%)  replay=200000/200000  updates=282  loss=0.00143  policy_version=680
  throughput env_steps_s=291.3  transitions_s=291.3  transitions_step=1.0  updates_s=72.8  updates_throttled=0
episode=1366
  mode      collector=async  worker=1  epsilon=0.007
  outcome   reward=-1.0061  progress=0.0000  success=0/1 (0.00%)  steps=mean:61.0 range:[61,61]
  training  completed=1364/2500  queue=0/256 (0%)  replay=200000/200000  updates=62  loss=0.00156  policy_version=681
  throughput env_steps_s=288.2  transitions_s=288.2  transitions_step=1.0  updates_s=72.3  updates_throttled=0
episode=1367
  mode      collector=async  worker=1  epsilon=0.007
  outcome   reward=-1.0067  progress=0.0000  success=0/1 (0.00%)  steps=mean:67.0 range:[67,67]
  training  completed=1365/2500  queue=0/256 (0%)  replay=200000/200000  updates=68  loss=0.00134  policy_version=682
  throughput env_steps_s=292.0  transitions_s=292.0  transitions_step=1.0  updates_s=72.5  updates_throttled=0
episode=1360
  mode      collector=async  worker=0  epsilon=0.007
  outcome   reward=9.850000000000191  progress=0.4074  success=0/1 (0.00%)  steps=mean:1700.0 range:[1700,1700]
  training  completed=1366/2500  queue=0/256 (0%)  replay=200000/200000  updates=471  loss=0.00126  policy_version=686
  throughput env_steps_s=317.6  transitions_s=317.6  transitions_step=1.0  updates_s=79.5  updates_throttled=0
episode=1368
  mode      collector=async  worker=1  epsilon=0.006
  outcome   reward=3.955400000000057  progress=0.1852  success=0/1 (0.00%)  steps=mean:646.0 range:[646,646]
  training  completed=1367/2500  queue=0/256 (0%)  replay=200000/200000  updates=187  loss=0.00121  policy_version=688
  throughput env_steps_s=346.7  transitions_s=346.7  transitions_step=1.0  updates_s=86.6  updates_throttled=0
episode=1365
  mode      collector=async  worker=2  epsilon=0.006
  outcome   reward=8.898900000000053  progress=0.3704  success=0/1 (0.00%)  steps=mean:1211.0 range:[1211,1211]
  training  completed=1368/2500  queue=2/256 (1%)  replay=200000/200000  updates=134  loss=0.00090  policy_version=689
  throughput env_steps_s=329.8  transitions_s=329.8  transitions_step=1.0  updates_s=82.9  updates_throttled=0
episode=1371
  mode      collector=async  worker=2  epsilon=0.006
  outcome   reward=-1.0063  progress=0.0000  success=0/1 (0.00%)  steps=mean:63.0 range:[63,63]
  training  completed=1369/2500  queue=0/256 (0%)  replay=200000/200000  updates=62  loss=0.00121  policy_version=690
  throughput env_steps_s=340.6  transitions_s=340.6  transitions_step=1.0  updates_s=84.5  updates_throttled=0
episode=1370
  mode      collector=async  worker=1  epsilon=0.006
  outcome   reward=0.0006000000000008221  progress=0.0370  success=0/1 (0.00%)  steps=mean:194.0 range:[194,194]
  training  completed=1370/2500  queue=0/256 (0%)  replay=200000/200000  updates=1  loss=0.00066  policy_version=690
  throughput env_steps_s=252.8  transitions_s=252.8  transitions_step=1.0  updates_s=84.3  updates_throttled=0
episode=1369
  mode      collector=async  worker=0  epsilon=0.006
  outcome   reward=4.973499999999973  progress=0.2222  success=0/1 (0.00%)  steps=mean:465.0 range:[465,465]
  training  completed=1371/2500  queue=0/256 (0%)  replay=200000/200000  updates=81  loss=0.00100  policy_version=691
  throughput env_steps_s=333.8  transitions_s=333.8  transitions_step=1.0  updates_s=82.9  updates_throttled=0
episode=1374
  mode      collector=async  worker=0  epsilon=0.006
  outcome   reward=-1.0063  progress=0.0000  success=0/1 (0.00%)  steps=mean:63.0 range:[63,63]
  training  completed=1372/2500  queue=0/256 (0%)  replay=200000/200000  updates=65  loss=0.00108  policy_version=692
  throughput env_steps_s=338.1  transitions_s=338.1  transitions_step=1.0  updates_s=84.5  updates_throttled=0
episode=1372
  mode      collector=async  worker=2  epsilon=0.006
  outcome   reward=0.001500000000000723  progress=0.0370  success=0/1 (0.00%)  steps=mean:185.0 range:[185,185]
  training  completed=1373/2500  queue=2/256 (1%)  replay=200000/200000  updates=39  loss=0.00146  policy_version=692
  throughput env_steps_s=331.3  transitions_s=331.3  transitions_step=1.0  updates_s=84.4  updates_throttled=0
episode=1373
  mode      collector=async  worker=1  epsilon=0.006
  outcome   reward=0.001000000000000778  progress=0.0370  success=0/1 (0.00%)  steps=mean:190.0 range:[190,190]
  training  completed=1374/2500  queue=0/256 (0%)  replay=200000/200000  updates=7  loss=0.00115  policy_version=692
  throughput env_steps_s=351.6  transitions_s=351.6  transitions_step=1.0  updates_s=82.0  updates_throttled=0
episode=1376
  mode      collector=async  worker=2  epsilon=0.006
  outcome   reward=-1.0064  progress=0.0000  success=0/1 (0.00%)  steps=mean:64.0 range:[64,64]
  training  completed=1375/2500  queue=0/256 (0%)  replay=200000/200000  updates=56  loss=0.00099  policy_version=693
  throughput env_steps_s=339.2  transitions_s=339.2  transitions_step=1.0  updates_s=85.2  updates_throttled=0
episode=1377
  mode      collector=async  worker=1  epsilon=0.006
  outcome   reward=0.002100000000000879  progress=0.0370  success=0/1 (0.00%)  steps=mean:179.0 range:[179,179]
  training  completed=1376/2500  queue=0/256 (0%)  replay=200000/200000  updates=121  loss=0.00142  policy_version=694
  throughput env_steps_s=331.3  transitions_s=331.3  transitions_step=1.0  updates_s=82.5  updates_throttled=0
episode=1363
  mode      collector=async  worker=3  epsilon=0.006
  outcome   reward=11.813100000000299  progress=0.4815  success=0/1 (0.00%)  steps=mean:2069.0 range:[2069,2069]
  training  completed=1377/2500  queue=1/256 (0%)  replay=200000/200000  updates=166  loss=0.00135  policy_version=695
  throughput env_steps_s=334.6  transitions_s=334.6  transitions_step=1.0  updates_s=84.0  updates_throttled=0
episode=1379
  mode      collector=async  worker=1  epsilon=0.006
  outcome   reward=0.9914000000000021  progress=0.0741  success=0/1 (0.00%)  steps=mean:286.0 range:[286,286]
  training  completed=1378/2500  queue=2/256 (1%)  replay=200000/200000  updates=124  loss=0.00126  policy_version=697
  throughput env_steps_s=332.7  transitions_s=332.7  transitions_step=1.0  updates_s=83.2  updates_throttled=0
episode=1375
  mode      collector=async  worker=0  epsilon=0.006
  outcome   reward=2.967699999999949  progress=0.1481  success=0/1 (0.00%)  steps=mean:523.0 range:[523,523]
  training  completed=1379/2500  queue=0/256 (0%)  replay=200000/200000  updates=4  loss=0.00045  policy_version=697
  throughput env_steps_s=326.1  transitions_s=326.1  transitions_step=1.0  updates_s=72.5  updates_throttled=0
episode=1382
  mode      collector=async  worker=0  epsilon=0.006
  outcome   reward=-1.0068  progress=0.0000  success=0/1 (0.00%)  steps=mean:68.0 range:[68,68]
  training  completed=1380/2500  queue=3/256 (1%)  replay=200000/200000  updates=68  loss=0.00146  policy_version=697
  throughput env_steps_s=329.9  transitions_s=329.9  transitions_step=1.0  updates_s=82.5  updates_throttled=0
episode=1380
  mode      collector=async  worker=3  epsilon=0.006
  outcome   reward=1.9864999999999837  progress=0.1111  success=0/1 (0.00%)  steps=mean:335.0 range:[335,335]
  training  completed=1381/2500  queue=0/256 (0%)  replay=200000/200000  updates=141  loss=0.00140  policy_version=699
  throughput env_steps_s=342.0  transitions_s=342.0  transitions_step=1.0  updates_s=85.6  updates_throttled=0
episode=1383
  mode      collector=async  worker=0  epsilon=0.006
  outcome   reward=0.001800000000000912  progress=0.0370  success=0/1 (0.00%)  steps=mean:182.0 range:[182,182]
  training  completed=1382/2500  queue=0/256 (0%)  replay=200000/200000  updates=40  loss=0.00162  policy_version=699
  throughput env_steps_s=345.0  transitions_s=345.0  transitions_step=1.0  updates_s=85.7  updates_throttled=0
episode=1385
  mode      collector=async  worker=0  epsilon=0.006
  outcome   reward=-1.0065  progress=0.0000  success=0/1 (0.00%)  steps=mean:65.0 range:[65,65]
  training  completed=1383/2500  queue=0/256 (0%)  replay=200000/200000  updates=61  loss=0.00089  policy_version=700
  throughput env_steps_s=337.3  transitions_s=337.3  transitions_step=1.0  updates_s=84.3  updates_throttled=0
episode=1386
  mode      collector=async  worker=0  epsilon=0.006
  outcome   reward=-1.0063  progress=0.0000  success=0/1 (0.00%)  steps=mean:63.0 range:[63,63]
  training  completed=1384/2500  queue=0/256 (0%)  replay=200000/200000  updates=64  loss=0.00130  policy_version=700
  throughput env_steps_s=330.0  transitions_s=330.0  transitions_step=1.0  updates_s=82.5  updates_throttled=0
episode=1378
  mode      collector=async  worker=2  epsilon=0.006
  outcome   reward=8.902400000000098  progress=0.3704  success=0/1 (0.00%)  steps=mean:1176.0 range:[1176,1176]
  training  completed=1385/2500  queue=0/256 (0%)  replay=200000/200000  updates=387  loss=0.00156  policy_version=704
  throughput env_steps_s=338.6  transitions_s=338.6  transitions_step=1.0  updates_s=84.6  updates_throttled=0
episode=1387
  mode      collector=async  worker=0  epsilon=0.006
  outcome   reward=2.9731999999999363  progress=0.1481  success=0/1 (0.00%)  steps=mean:468.0 range:[468,468]
  training  completed=1386/2500  queue=0/256 (0%)  replay=200000/200000  updates=76  loss=0.00184  policy_version=705
  throughput env_steps_s=339.4  transitions_s=339.4  transitions_step=1.0  updates_s=84.9  updates_throttled=0
episode=1381
  mode      collector=async  worker=1  epsilon=0.006
  outcome   reward=4.928300000000013  progress=0.2222  success=0/1 (0.00%)  steps=mean:917.0 range:[917,917]
  training  completed=1387/2500  queue=0/256 (0%)  replay=200000/200000  updates=75  loss=0.00095  policy_version=706
  throughput env_steps_s=336.1  transitions_s=336.1  transitions_step=1.0  updates_s=83.7  updates_throttled=0
episode=1390
  mode      collector=async  worker=1  epsilon=0.006
  outcome   reward=0.001300000000000745  progress=0.0370  success=0/1 (0.00%)  steps=mean:187.0 range:[187,187]
  training  completed=1388/2500  queue=1/256 (0%)  replay=200000/200000  updates=187  loss=0.00125  policy_version=708
  throughput env_steps_s=336.6  transitions_s=336.6  transitions_step=1.0  updates_s=84.4  updates_throttled=0
episode=1389
  mode      collector=async  worker=0  epsilon=0.006
  outcome   reward=3.95659999999999  progress=0.1852  success=0/1 (0.00%)  steps=mean:634.0 range:[634,634]
  training  completed=1389/2500  queue=0/256 (0%)  replay=200000/200000  updates=375  loss=0.00113  policy_version=711
  throughput env_steps_s=336.6  transitions_s=336.6  transitions_step=1.0  updates_s=84.2  updates_throttled=0
episode=1392
  mode      collector=async  worker=0  epsilon=0.006
  outcome   reward=-0.0016999999999989246  progress=0.0370  success=0/1 (0.00%)  steps=mean:217.0 range:[217,217]
  training  completed=1390/2500  queue=1/256 (0%)  replay=200000/200000  updates=221  loss=0.00137  policy_version=714
  throughput env_steps_s=345.1  transitions_s=345.1  transitions_step=1.0  updates_s=86.3  updates_throttled=0
episode=1393
  mode      collector=async  worker=0  epsilon=0.006
  outcome   reward=-1.0064  progress=0.0000  success=0/1 (0.00%)  steps=mean:64.0 range:[64,64]
  training  completed=1391/2500  queue=0/256 (0%)  replay=200000/200000  updates=64  loss=0.00086  policy_version=714
  throughput env_steps_s=332.4  transitions_s=332.4  transitions_step=1.0  updates_s=83.1  updates_throttled=0
episode=1391
  mode      collector=async  worker=1  epsilon=0.006
  outcome   reward=3.934099999999952  progress=0.1852  success=0/1 (0.00%)  steps=mean:859.0 range:[859,859]
  training  completed=1392/2500  queue=0/256 (0%)  replay=200000/200000  updates=189  loss=0.00103  policy_version=716
  throughput env_steps_s=334.3  transitions_s=334.3  transitions_step=1.0  updates_s=83.5  updates_throttled=0
episode=1395
  mode      collector=async  worker=1  epsilon=0.006
  outcome   reward=0.001700000000000923  progress=0.0370  success=0/1 (0.00%)  steps=mean:183.0 range:[183,183]
  training  completed=1393/2500  queue=0/256 (0%)  replay=200000/200000  updates=181  loss=0.00143  policy_version=718
  throughput env_steps_s=340.3  transitions_s=340.3  transitions_step=1.0  updates_s=85.1  updates_throttled=0
episode=1396
  mode      collector=async  worker=1  epsilon=0.006
  outcome   reward=-1.0067  progress=0.0000  success=0/1 (0.00%)  steps=mean:67.0 range:[67,67]
  training  completed=1394/2500  queue=0/256 (0%)  replay=200000/200000  updates=70  loss=0.00167  policy_version=719
  throughput env_steps_s=334.6  transitions_s=334.6  transitions_step=1.0  updates_s=83.6  updates_throttled=0
episode=1394
  mode      collector=async  worker=0  epsilon=0.006
  outcome   reward=3.973599999999972  progress=0.1852  success=0/1 (0.00%)  steps=mean:464.0 range:[464,464]
  training  completed=1395/2500  queue=0/256 (0%)  replay=200000/200000  updates=25  loss=0.00129  policy_version=719
  throughput env_steps_s=317.1  transitions_s=317.1  transitions_step=1.0  updates_s=78.5  updates_throttled=0
episode=1398
  mode      collector=async  worker=0  epsilon=0.006
  outcome   reward=-1.0061  progress=0.0000  success=0/1 (0.00%)  steps=mean:61.0 range:[61,61]
  training  completed=1396/2500  queue=0/256 (0%)  replay=200000/200000  updates=60  loss=0.00109  policy_version=720
  throughput env_steps_s=335.7  transitions_s=335.7  transitions_step=1.0  updates_s=85.0  updates_throttled=0
episode=1399
  mode      collector=async  worker=0  epsilon=0.006
  outcome   reward=-1.0063  progress=0.0000  success=0/1 (0.00%)  steps=mean:63.0 range:[63,63]
  training  completed=1397/2500  queue=0/256 (0%)  replay=200000/200000  updates=61  loss=0.00145  policy_version=720
  throughput env_steps_s=324.5  transitions_s=324.5  transitions_step=1.0  updates_s=80.5  updates_throttled=0
episode=1397
  mode      collector=async  worker=1  epsilon=0.006
  outcome   reward=0.0008000000000008001  progress=0.0370  success=0/1 (0.00%)  steps=mean:192.0 range:[192,192]
  training  completed=1398/2500  queue=0/256 (0%)  replay=200000/200000  updates=44  loss=0.00188  policy_version=721
  throughput env_steps_s=331.7  transitions_s=331.7  transitions_step=1.0  updates_s=83.4  updates_throttled=0
episode=1400
  mode      collector=async  worker=0  epsilon=0.006
  outcome   reward=-1.006  progress=0.0000  success=0/1 (0.00%)  steps=mean:60.0 range:[60,60]
  training  completed=1399/2500  queue=0/256 (0%)  replay=200000/200000  updates=15  loss=0.00372  policy_version=721
  throughput env_steps_s=311.1  transitions_s=311.1  transitions_step=1.0  updates_s=77.8  updates_throttled=0
episode=1388
  mode      collector=async  worker=2  epsilon=0.006
  outcome   reward=12.844500000000258  progress=0.5185  success=0/1 (0.00%)  steps=mean:1755.0 range:[1755,1755]
  training  completed=1400/2500  queue=1/256 (0%)  replay=200000/200000  updates=128  loss=0.00104  policy_version=722
  throughput env_steps_s=343.7  transitions_s=343.7  transitions_step=1.0  updates_s=85.6  updates_throttled=0
Saved checkpoint: checkpoints/breakout_s2_rand/ckpt-1400
Scheduled replay buffer save: checkpoints/breakout_s2_rand/replay-1400.npz transitions=200000
Evaluating frozen checkpoint episode=1400 episodes=20 metric=auto...
Saved replay buffer: checkpoints/breakout_s2_rand/replay-1400.npz transitions=200000
episode=1384
  mode      collector=async  worker=3  epsilon=0.006
  outcome   reward=14.78340000000045  progress=0.5926  success=0/1 (0.00%)  steps=mean:2366.0 range:[2366,2366]
  training  completed=1401/2500  queue=0/256 (0%)  replay=200000/200000  updates=43  loss=0.00108  policy_version=723
  throughput env_steps_s=258.8  transitions_s=258.8  transitions_step=1.0  updates_s=65.5  updates_throttled=0
episode=1402
  mode      collector=async  worker=0  epsilon=0.006
  outcome   reward=0.00030000000000085514  progress=0.0370  success=0/1 (0.00%)  steps=mean:197.0 range:[197,197]
  training  completed=1402/2500  queue=0/256 (0%)  replay=200000/200000  updates=23  loss=0.00113  policy_version=723
  throughput env_steps_s=288.3  transitions_s=288.3  transitions_step=1.0  updates_s=70.5  updates_throttled=0
episode=1404
  mode      collector=async  worker=3  epsilon=0.006
  outcome   reward=-1.0062  progress=0.0000  success=0/1 (0.00%)  steps=mean:62.0 range:[62,62]
  training  completed=1403/2500  queue=0/256 (0%)  replay=200000/200000  updates=37  loss=0.00068  policy_version=723
  throughput env_steps_s=285.4  transitions_s=285.4  transitions_step=1.0  updates_s=71.8  updates_throttled=0
episode=1401
  mode      collector=async  worker=1  epsilon=0.006
  outcome   reward=1.9753999999999852  progress=0.1111  success=0/1 (0.00%)  steps=mean:446.0 range:[446,446]
  training  completed=1404/2500  queue=0/256 (0%)  replay=200000/200000  updates=208  loss=0.00128  policy_version=725
  throughput env_steps_s=295.2  transitions_s=295.2  transitions_step=1.0  updates_s=74.0  updates_throttled=0
episode=1405
  mode      collector=async  worker=0  epsilon=0.006
  outcome   reward=2.9616999999999107  progress=0.1481  success=0/1 (0.00%)  steps=mean:583.0 range:[583,583]
  training  completed=1405/2500  queue=0/256 (0%)  replay=200000/200000  updates=331  loss=0.00146  policy_version=728
  throughput env_steps_s=291.1  transitions_s=291.1  transitions_step=1.0  updates_s=72.7  updates_throttled=0
episode=1406
  mode      collector=async  worker=3  epsilon=0.006
  outcome   reward=2.9612999999999525  progress=0.1481  success=0/1 (0.00%)  steps=mean:587.0 range:[587,587]
  training  completed=1406/2500  queue=0/256 (0%)  replay=200000/200000  updates=56  loss=0.00099  policy_version=729
  throughput env_steps_s=289.9  transitions_s=289.9  transitions_step=1.0  updates_s=72.8  updates_throttled=0
episode=1408
  mode      collector=async  worker=0  epsilon=0.006
  outcome   reward=1.9769999999999877  progress=0.1111  success=0/1 (0.00%)  steps=mean:430.0 range:[430,430]
  training  completed=1407/2500  queue=0/256 (0%)  replay=200000/200000  updates=380  loss=0.00131  policy_version=733
  throughput env_steps_s=295.6  transitions_s=295.6  transitions_step=1.0  updates_s=73.8  updates_throttled=0
episode=1403
  mode      collector=async  worker=2  epsilon=0.006
  outcome   reward=6.903000000000133  progress=0.2963  success=0/1 (0.00%)  steps=mean:1170.0 range:[1170,1170]
  training  completed=1408/2500  queue=0/256 (0%)  replay=200000/200000  updates=98  loss=0.00135  policy_version=734
  throughput env_steps_s=294.4  transitions_s=294.4  transitions_step=1.0  updates_s=74.0  updates_throttled=0
Frozen evaluation episode=1400: success=0/20 (0.00%) reward_mean=0.6344 steps_mean=265.8
episode=1411
  mode      collector=async  worker=2  epsilon=0.006
  outcome   reward=1.9858999999999616  progress=0.1111  success=0/1 (0.00%)  steps=mean:341.0 range:[341,341]
  training  completed=1409/2500  queue=0/256 (0%)  replay=200000/200000  updates=340  loss=0.00162  policy_version=737
  throughput env_steps_s=300.4  transitions_s=300.4  transitions_step=1.0  updates_s=75.0  updates_throttled=0
episode=1409
  mode      collector=async  worker=3  epsilon=0.006
  outcome   reward=6.907100000000063  progress=0.2963  success=0/1 (0.00%)  steps=mean:1129.0 range:[1129,1129]
  training  completed=1410/2500  queue=1/256 (0%)  replay=200000/200000  updates=307  loss=0.00149  policy_version=740
  throughput env_steps_s=338.9  transitions_s=338.9  transitions_step=1.0  updates_s=84.8  updates_throttled=0
episode=1412
  mode      collector=async  worker=2  epsilon=0.006
  outcome   reward=0.9836000000000027  progress=0.0741  success=0/1 (0.00%)  steps=mean:364.0 range:[364,364]
  training  completed=1411/2500  queue=0/256 (0%)  replay=200000/200000  updates=54  loss=0.00062  policy_version=741
  throughput env_steps_s=343.8  transitions_s=343.8  transitions_step=1.0  updates_s=85.5  updates_throttled=0
episode=1407
  mode      collector=async  worker=1  epsilon=0.006
  outcome   reward=14.851600000000174  progress=0.5926  success=0/1 (0.00%)  steps=mean:1684.0 range:[1684,1684]
  training  completed=1412/2500  queue=0/256 (0%)  replay=200000/200000  updates=113  loss=0.00187  policy_version=742
  throughput env_steps_s=344.1  transitions_s=344.1  transitions_step=1.0  updates_s=85.7  updates_throttled=0
episode=1415
  mode      collector=async  worker=1  epsilon=0.005
  outcome   reward=0.0005000000000008331  progress=0.0370  success=0/1 (0.00%)  steps=mean:195.0 range:[195,195]
  training  completed=1413/2500  queue=2/256 (1%)  replay=200000/200000  updates=200  loss=0.00136  policy_version=744
  throughput env_steps_s=337.1  transitions_s=337.1  transitions_step=1.0  updates_s=84.6  updates_throttled=0
episode=1414
  mode      collector=async  worker=2  epsilon=0.005
  outcome   reward=0.9874000000000025  progress=0.0741  success=0/1 (0.00%)  steps=mean:326.0 range:[326,326]
  training  completed=1414/2500  queue=0/256 (0%)  replay=200000/200000  updates=10  loss=0.00040  policy_version=744
  throughput env_steps_s=339.7  transitions_s=339.7  transitions_step=1.0  updates_s=82.8  updates_throttled=0
episode=1410
  mode      collector=async  worker=0  epsilon=0.005
  outcome   reward=8.90090000000009  progress=0.3704  success=0/1 (0.00%)  steps=mean:1191.0 range:[1191,1191]
  training  completed=1415/2500  queue=2/256 (1%)  replay=200000/200000  updates=67  loss=0.00128  policy_version=745
  throughput env_steps_s=324.7  transitions_s=324.7  transitions_step=1.0  updates_s=81.5  updates_throttled=0
episode=1413
  mode      collector=async  worker=3  epsilon=0.005
  outcome   reward=2.9636999999999576  progress=0.1481  success=0/1 (0.00%)  steps=mean:563.0 range:[563,563]
  training  completed=1416/2500  queue=2/256 (1%)  replay=200000/200000  updates=117  loss=0.00123  policy_version=746
  throughput env_steps_s=338.1  transitions_s=338.1  transitions_step=1.0  updates_s=84.5  updates_throttled=0
episode=1417
  mode      collector=async  worker=2  epsilon=0.005
  outcome   reward=-0.0001999999999990898  progress=0.0370  success=0/1 (0.00%)  steps=mean:202.0 range:[202,202]
  training  completed=1417/2500  queue=0/256 (0%)  replay=200000/200000  updates=19  loss=0.00089  policy_version=746
  throughput env_steps_s=334.8  transitions_s=334.8  transitions_step=1.0  updates_s=81.6  updates_throttled=0
episode=1420
  mode      collector=async  worker=2  epsilon=0.005
  outcome   reward=-1.0065  progress=0.0000  success=0/1 (0.00%)  steps=mean:65.0 range:[65,65]
  training  completed=1418/2500  queue=0/256 (0%)  replay=200000/200000  updates=67  loss=0.00106  policy_version=747
  throughput env_steps_s=344.5  transitions_s=344.5  transitions_step=1.0  updates_s=86.1  updates_throttled=0
episode=1419
  mode      collector=async  worker=3  epsilon=0.005
  outcome   reward=0.0004000000000008441  progress=0.0370  success=0/1 (0.00%)  steps=mean:196.0 range:[196,196]
  training  completed=1419/2500  queue=0/256 (0%)  replay=200000/200000  updates=108  loss=0.00166  policy_version=748
  throughput env_steps_s=343.5  transitions_s=343.5  transitions_step=1.0  updates_s=86.1  updates_throttled=0
episode=1416
  mode      collector=async  worker=1  epsilon=0.005
  outcome   reward=3.973499999999995  progress=0.1852  success=0/1 (0.00%)  steps=mean:465.0 range:[465,465]
  training  completed=1420/2500  queue=2/256 (1%)  replay=200000/200000  updates=80  loss=0.00176  policy_version=749
  throughput env_steps_s=327.9  transitions_s=327.9  transitions_step=1.0  updates_s=81.5  updates_throttled=0
episode=1421
  mode      collector=async  worker=2  epsilon=0.005
  outcome   reward=0.0004000000000008441  progress=0.0370  success=0/1 (0.00%)  steps=mean:196.0 range:[196,196]
  training  completed=1421/2500  queue=0/256 (0%)  replay=200000/200000  updates=10  loss=0.00157  policy_version=749
  throughput env_steps_s=346.1  transitions_s=346.1  transitions_step=1.0  updates_s=88.7  updates_throttled=0
episode=1423
  mode      collector=async  worker=1  epsilon=0.005
  outcome   reward=-1.0063  progress=0.0000  success=0/1 (0.00%)  steps=mean:63.0 range:[63,63]
  training  completed=1422/2500  queue=0/256 (0%)  replay=200000/200000  updates=51  loss=0.00113  policy_version=749
  throughput env_steps_s=339.8  transitions_s=339.8  transitions_step=1.0  updates_s=84.5  updates_throttled=0
episode=1422
  mode      collector=async  worker=3  epsilon=0.005
  outcome   reward=1.0011999999999863  progress=0.0741  success=0/1 (0.00%)  steps=mean:188.0 range:[188,188]
  training  completed=1423/2500  queue=0/256 (0%)  replay=200000/200000  updates=42  loss=0.00187  policy_version=750
  throughput env_steps_s=341.1  transitions_s=341.1  transitions_step=1.0  updates_s=85.3  updates_throttled=0
episode=1425
  mode      collector=async  worker=1  epsilon=0.005
  outcome   reward=-1.0065  progress=0.0000  success=0/1 (0.00%)  steps=mean:65.0 range:[65,65]
  training  completed=1424/2500  queue=0/256 (0%)  replay=200000/200000  updates=24  loss=0.00109  policy_version=750
  throughput env_steps_s=322.3  transitions_s=322.3  transitions_step=1.0  updates_s=81.4  updates_throttled=0
episode=1426
  mode      collector=async  worker=3  epsilon=0.005
  outcome   reward=-1.0065  progress=0.0000  success=0/1 (0.00%)  steps=mean:65.0 range:[65,65]
  training  completed=1425/2500  queue=0/256 (0%)  replay=200000/200000  updates=42  loss=0.00168  policy_version=750
  throughput env_steps_s=340.9  transitions_s=340.9  transitions_step=1.0  updates_s=85.7  updates_throttled=0
episode=1427
  mode      collector=async  worker=1  epsilon=0.005
  outcome   reward=-1.0066  progress=0.0000  success=0/1 (0.00%)  steps=mean:66.0 range:[66,66]
  training  completed=1426/2500  queue=0/256 (0%)  replay=200000/200000  updates=24  loss=0.00074  policy_version=751
  throughput env_steps_s=339.9  transitions_s=339.9  transitions_step=1.0  updates_s=83.2  updates_throttled=0
episode=1428
  mode      collector=async  worker=3  epsilon=0.005
  outcome   reward=0.9897000000000022  progress=0.0741  success=0/1 (0.00%)  steps=mean:303.0 range:[303,303]
  training  completed=1427/2500  queue=0/256 (0%)  replay=200000/200000  updates=283  loss=0.00147  policy_version=753
  throughput env_steps_s=337.7  transitions_s=337.7  transitions_step=1.0  updates_s=84.6  updates_throttled=0
episode=1424
  mode      collector=async  worker=2  epsilon=0.005
  outcome   reward=3.948899999999967  progress=0.1852  success=0/1 (0.00%)  steps=mean:711.0 range:[711,711]
  training  completed=1428/2500  queue=0/256 (0%)  replay=200000/200000  updates=238  loss=0.00146  policy_version=756
  throughput env_steps_s=339.4  transitions_s=339.4  transitions_step=1.0  updates_s=84.7  updates_throttled=0
episode=1429
  mode      collector=async  worker=1  epsilon=0.005
  outcome   reward=2.956699999999949  progress=0.1481  success=0/1 (0.00%)  steps=mean:633.0 range:[633,633]
  training  completed=1429/2500  queue=3/256 (1%)  replay=200000/200000  updates=115  loss=0.00133  policy_version=757
  throughput env_steps_s=340.7  transitions_s=340.7  transitions_step=1.0  updates_s=85.5  updates_throttled=0
episode=1418
  mode      collector=async  worker=0  epsilon=0.005
  outcome   reward=9.88900000000011  progress=0.4074  success=0/1 (0.00%)  steps=mean:1310.0 range:[1310,1310]
  training  completed=1430/2500  queue=0/256 (0%)  replay=200000/200000  updates=95  loss=0.00192  policy_version=758
  throughput env_steps_s=336.8  transitions_s=336.8  transitions_step=1.0  updates_s=83.5  updates_throttled=0
episode=1433
  mode      collector=async  worker=0  epsilon=0.005
  outcome   reward=-1.0064  progress=0.0000  success=0/1 (0.00%)  steps=mean:64.0 range:[64,64]
  training  completed=1431/2500  queue=0/256 (0%)  replay=200000/200000  updates=62  loss=0.00147  policy_version=759
  throughput env_steps_s=343.8  transitions_s=343.8  transitions_step=1.0  updates_s=86.3  updates_throttled=0
episode=1432
  mode      collector=async  worker=1  epsilon=0.005
  outcome   reward=4.94759999999998  progress=0.2222  success=0/1 (0.00%)  steps=mean:724.0 range:[724,724]
  training  completed=1432/2500  queue=0/256 (0%)  replay=200000/200000  updates=566  loss=0.00150  policy_version=764
  throughput env_steps_s=341.0  transitions_s=341.0  transitions_step=1.0  updates_s=85.3  updates_throttled=0
episode=1431
  mode      collector=async  worker=2  epsilon=0.005
  outcome   reward=5.919500000000046  progress=0.2593  success=0/1 (0.00%)  steps=mean:1005.0 range:[1005,1005]
  training  completed=1433/2500  queue=0/256 (0%)  replay=200000/200000  updates=167  loss=0.00108  policy_version=766
  throughput env_steps_s=344.3  transitions_s=344.3  transitions_step=1.0  updates_s=85.9  updates_throttled=0
episode=1430
  mode      collector=async  worker=3  epsilon=0.005
  outcome   reward=9.886600000000128  progress=0.4074  success=0/1 (0.00%)  steps=mean:1334.0 range:[1334,1334]
  training  completed=1434/2500  queue=0/256 (0%)  replay=200000/200000  updates=98  loss=0.00116  policy_version=767
  throughput env_steps_s=332.8  transitions_s=332.8  transitions_step=1.0  updates_s=83.2  updates_throttled=0
episode=1434
  mode      collector=async  worker=0  epsilon=0.005
  outcome   reward=4.931799999999996  progress=0.2222  success=0/1 (0.00%)  steps=mean:882.0 range:[882,882]
  training  completed=1435/2500  queue=0/256 (0%)  replay=200000/200000  updates=40  loss=0.00149  policy_version=767
  throughput env_steps_s=334.0  transitions_s=334.0  transitions_step=1.0  updates_s=83.5  updates_throttled=0
episode=1437
  mode      collector=async  worker=3  epsilon=0.005
  outcome   reward=-1.0063  progress=0.0000  success=0/1 (0.00%)  steps=mean:63.0 range:[63,63]
  training  completed=1436/2500  queue=0/256 (0%)  replay=200000/200000  updates=24  loss=0.00025  policy_version=767
  throughput env_steps_s=322.6  transitions_s=322.6  transitions_step=1.0  updates_s=80.6  updates_throttled=0
episode=1438
  mode      collector=async  worker=0  epsilon=0.005
  outcome   reward=-1.0066  progress=0.0000  success=0/1 (0.00%)  steps=mean:66.0 range:[66,66]
  training  completed=1437/2500  queue=0/256 (0%)  replay=200000/200000  updates=41  loss=0.00089  policy_version=768
  throughput env_steps_s=342.0  transitions_s=342.0  transitions_step=1.0  updates_s=85.5  updates_throttled=0
episode=1440
  mode      collector=async  worker=0  epsilon=0.005
  outcome   reward=-1.0064  progress=0.0000  success=0/1 (0.00%)  steps=mean:64.0 range:[64,64]
  training  completed=1438/2500  queue=0/256 (0%)  replay=200000/200000  updates=63  loss=0.00120  policy_version=769
  throughput env_steps_s=294.4  transitions_s=294.4  transitions_step=1.0  updates_s=73.3  updates_throttled=0
episode=1441
  mode      collector=async  worker=0  epsilon=0.005
  outcome   reward=-1.0062  progress=0.0000  success=0/1 (0.00%)  steps=mean:62.0 range:[62,62]
  training  completed=1439/2500  queue=0/256 (0%)  replay=200000/200000  updates=64  loss=0.00143  policy_version=769
  throughput env_steps_s=285.2  transitions_s=285.2  transitions_step=1.0  updates_s=72.1  updates_throttled=0
episode=1442
  mode      collector=async  worker=0  epsilon=0.005
  outcome   reward=-1.0066  progress=0.0000  success=0/1 (0.00%)  steps=mean:66.0 range:[66,66]
  training  completed=1440/2500  queue=4/256 (2%)  replay=200000/200000  updates=69  loss=0.00138  policy_version=770
  throughput env_steps_s=278.1  transitions_s=278.1  transitions_step=1.0  updates_s=69.5  updates_throttled=0
episode=1443
  mode      collector=async  worker=0  epsilon=0.005
  outcome   reward=1.9908999999999668  progress=0.1111  success=0/1 (0.00%)  steps=mean:291.0 range:[291,291]
  training  completed=1441/2500  queue=0/256 (0%)  replay=200000/200000  updates=291  loss=0.00166  policy_version=773
  throughput env_steps_s=278.5  transitions_s=278.5  transitions_step=1.0  updates_s=69.5  updates_throttled=0
episode=1439
  mode      collector=async  worker=3  epsilon=0.005
  outcome   reward=3.960299999999994  progress=0.1852  success=0/1 (0.00%)  steps=mean:597.0 range:[597,597]
  training  completed=1442/2500  queue=0/256 (0%)  replay=200000/200000  updates=67  loss=0.00156  policy_version=773
  throughput env_steps_s=288.0  transitions_s=288.0  transitions_step=1.0  updates_s=72.3  updates_throttled=0
episode=1445
  mode      collector=async  worker=3  epsilon=0.005
  outcome   reward=1.9736999999999825  progress=0.1111  success=0/1 (0.00%)  steps=mean:463.0 range:[463,463]
  training  completed=1443/2500  queue=0/256 (0%)  replay=200000/200000  updates=468  loss=0.00127  policy_version=778
  throughput env_steps_s=280.2  transitions_s=280.2  transitions_step=1.0  updates_s=70.1  updates_throttled=0
episode=1435
  mode      collector=async  worker=1  epsilon=0.005
  outcome   reward=12.871200000000215  progress=0.5185  success=0/1 (0.00%)  steps=mean:1488.0 range:[1488,1488]
  training  completed=1444/2500  queue=0/256 (0%)  replay=200000/200000  updates=78  loss=0.00106  policy_version=779
  throughput env_steps_s=304.3  transitions_s=304.3  transitions_step=1.0  updates_s=75.8  updates_throttled=0
episode=1446
  mode      collector=async  worker=3  epsilon=0.005
  outcome   reward=0.002200000000000868  progress=0.0370  success=0/1 (0.00%)  steps=mean:178.0 range:[178,178]
  training  completed=1445/2500  queue=2/256 (1%)  replay=200000/200000  updates=101  loss=0.00160  policy_version=780
  throughput env_steps_s=328.7  transitions_s=328.7  transitions_step=1.0  updates_s=82.6  updates_throttled=0
episode=1444
  mode      collector=async  worker=0  epsilon=0.005
  outcome   reward=3.9463999999999615  progress=0.1852  success=0/1 (0.00%)  steps=mean:736.0 range:[736,736]
  training  completed=1446/2500  queue=0/256 (0%)  replay=200000/200000  updates=35  loss=0.00116  policy_version=780
  throughput env_steps_s=344.5  transitions_s=344.5  transitions_step=1.0  updates_s=84.9  updates_throttled=0
episode=1448
  mode      collector=async  worker=3  epsilon=0.005
  outcome   reward=-1.0062  progress=0.0000  success=0/1 (0.00%)  steps=mean:62.0 range:[62,62]
  training  completed=1447/2500  queue=0/256 (0%)  replay=200000/200000  updates=26  loss=0.00109  policy_version=780
  throughput env_steps_s=334.9  transitions_s=334.9  transitions_step=1.0  updates_s=82.9  updates_throttled=0
episode=1450
  mode      collector=async  worker=3  epsilon=0.005
  outcome   reward=-0.0026999999999990365  progress=0.0370  success=0/1 (0.00%)  steps=mean:227.0 range:[227,227]
  training  completed=1448/2500  queue=1/256 (0%)  replay=200000/200000  updates=226  loss=0.00131  policy_version=783
  throughput env_steps_s=333.4  transitions_s=333.4  transitions_step=1.0  updates_s=83.6  updates_throttled=0
episode=1447
  mode      collector=async  worker=1  epsilon=0.005
  outcome   reward=3.962399999999951  progress=0.1852  success=0/1 (0.00%)  steps=mean:576.0 range:[576,576]
  training  completed=1449/2500  queue=0/256 (0%)  replay=200000/200000  updates=196  loss=0.00132  policy_version=785
  throughput env_steps_s=327.1  transitions_s=327.1  transitions_step=1.0  updates_s=81.8  updates_throttled=0
episode=1436
  mode      collector=async  worker=2  epsilon=0.005
  outcome   reward=11.826600000000237  progress=0.4815  success=0/1 (0.00%)  steps=mean:1934.0 range:[1934,1934]
  training  completed=1450/2500  queue=0/256 (0%)  replay=200000/200000  updates=43  loss=0.00119  policy_version=785
  throughput env_steps_s=340.0  transitions_s=340.0  transitions_step=1.0  updates_s=83.6  updates_throttled=0
episode=1452
  mode      collector=async  worker=1  epsilon=0.005
  outcome   reward=-1.0062  progress=0.0000  success=0/1 (0.00%)  steps=mean:62.0 range:[62,62]
  training  completed=1451/2500  queue=0/256 (0%)  replay=200000/200000  updates=20  loss=0.00123  policy_version=785
  throughput env_steps_s=317.7  transitions_s=317.7  transitions_step=1.0  updates_s=79.4  updates_throttled=0
episode=1453
  mode      collector=async  worker=2  epsilon=0.005
  outcome   reward=-1.006  progress=0.0000  success=0/1 (0.00%)  steps=mean:60.0 range:[60,60]
  training  completed=1452/2500  queue=0/256 (0%)  replay=200000/200000  updates=41  loss=0.00093  policy_version=786
  throughput env_steps_s=330.7  transitions_s=330.7  transitions_step=1.0  updates_s=83.2  updates_throttled=0
episode=1449
  mode      collector=async  worker=0  epsilon=0.005
  outcome   reward=2.9618999999999636  progress=0.1481  success=0/1 (0.00%)  steps=mean:581.0 range:[581,581]
  training  completed=1453/2500  queue=0/256 (0%)  replay=200000/200000  updates=16  loss=0.00105  policy_version=786
  throughput env_steps_s=334.1  transitions_s=334.1  transitions_step=1.0  updates_s=86.2  updates_throttled=0
episode=1455
  mode      collector=async  worker=2  epsilon=0.005
  outcome   reward=0.001200000000000756  progress=0.0370  success=0/1 (0.00%)  steps=mean:188.0 range:[188,188]
  training  completed=1454/2500  queue=0/256 (0%)  replay=200000/200000  updates=175  loss=0.00142  policy_version=788
  throughput env_steps_s=339.2  transitions_s=339.2  transitions_step=1.0  updates_s=84.4  updates_throttled=0
episode=1456
  mode      collector=async  worker=0  epsilon=0.005
  outcome   reward=0.001300000000000745  progress=0.0370  success=0/1 (0.00%)  steps=mean:187.0 range:[187,187]
  training  completed=1455/2500  queue=0/256 (0%)  replay=200000/200000  updates=11  loss=0.00210  policy_version=788
  throughput env_steps_s=317.3  transitions_s=317.3  transitions_step=1.0  updates_s=81.2  updates_throttled=0
episode=1451
  mode      collector=async  worker=3  epsilon=0.005
  outcome   reward=6.923799999999996  progress=0.2963  success=0/1 (0.00%)  steps=mean:962.0 range:[962,962]
  training  completed=1456/2500  queue=0/256 (0%)  replay=200000/200000  updates=469  loss=0.00118  policy_version=792
  throughput env_steps_s=334.0  transitions_s=334.0  transitions_step=1.0  updates_s=83.5  updates_throttled=0
episode=1459
  mode      collector=async  worker=3  epsilon=0.005
  outcome   reward=-1.0064  progress=0.0000  success=0/1 (0.00%)  steps=mean:64.0 range:[64,64]
  training  completed=1457/2500  queue=0/256 (0%)  replay=200000/200000  updates=63  loss=0.00117  policy_version=793
  throughput env_steps_s=334.0  transitions_s=334.0  transitions_step=1.0  updates_s=83.8  updates_throttled=0
episode=1458
  mode      collector=async  worker=0  epsilon=0.005
  outcome   reward=3.9474999999999634  progress=0.1852  success=0/1 (0.00%)  steps=mean:725.0 range:[725,725]
  training  completed=1458/2500  queue=0/256 (0%)  replay=200000/200000  updates=190  loss=0.00127  policy_version=795
  throughput env_steps_s=335.6  transitions_s=335.6  transitions_step=1.0  updates_s=83.6  updates_throttled=0
episode=1461
  mode      collector=async  worker=0  epsilon=0.005
  outcome   reward=0.9871000000000023  progress=0.0741  success=0/1 (0.00%)  steps=mean:329.0 range:[329,329]
  training  completed=1459/2500  queue=0/256 (0%)  replay=200000/200000  updates=331  loss=0.00158  policy_version=798
  throughput env_steps_s=330.8  transitions_s=330.8  transitions_step=1.0  updates_s=82.8  updates_throttled=0
episode=1462
  mode      collector=async  worker=0  epsilon=0.005
  outcome   reward=0.0005000000000008331  progress=0.0370  success=0/1 (0.00%)  steps=mean:195.0 range:[195,195]
  training  completed=1460/2500  queue=4/256 (2%)  replay=200000/200000  updates=192  loss=0.00136  policy_version=800
  throughput env_steps_s=330.8  transitions_s=330.8  transitions_step=1.0  updates_s=82.8  updates_throttled=0
episode=1454
  mode      collector=async  worker=1  epsilon=0.005
  outcome   reward=10.866100000000257  progress=0.4444  success=0/1 (0.00%)  steps=mean:1539.0 range:[1539,1539]
  training  completed=1461/2500  queue=3/256 (1%)  replay=200000/200000  updates=46  loss=0.00132  policy_version=801
  throughput env_steps_s=332.6  transitions_s=332.6  transitions_step=1.0  updates_s=83.1  updates_throttled=0
episode=1457
  mode      collector=async  worker=2  epsilon=0.005
  outcome   reward=6.88950000000014  progress=0.2963  success=0/1 (0.00%)  steps=mean:1305.0 range:[1305,1305]
  training  completed=1462/2500  queue=3/256 (1%)  replay=200000/200000  updates=7  loss=0.00178  policy_version=801
  throughput env_steps_s=314.8  transitions_s=314.8  transitions_step=1.0  updates_s=78.7  updates_throttled=0
episode=1463
  mode      collector=async  worker=0  epsilon=0.005
  outcome   reward=-1.0069  progress=0.0000  success=0/1 (0.00%)  steps=mean:69.0 range:[69,69]
  training  completed=1463/2500  queue=0/256 (0%)  replay=200000/200000  updates=19  loss=0.00115  policy_version=801
  throughput env_steps_s=334.2  transitions_s=334.2  transitions_step=1.0  updates_s=82.5  updates_throttled=0
episode=1465
  mode      collector=async  worker=2  epsilon=0.005
  outcome   reward=-1.0061  progress=0.0000  success=0/1 (0.00%)  steps=mean:61.0 range:[61,61]
  training  completed=1464/2500  queue=0/256 (0%)  replay=200000/200000  updates=42  loss=0.00122  policy_version=801
  throughput env_steps_s=328.5  transitions_s=328.5  transitions_step=1.0  updates_s=81.2  updates_throttled=0
episode=1460
  mode      collector=async  worker=3  epsilon=0.005
  outcome   reward=4.935200000000009  progress=0.2222  success=0/1 (0.00%)  steps=mean:848.0 range:[848,848]
  training  completed=1465/2500  queue=0/256 (0%)  replay=200000/200000  updates=20  loss=0.00238  policy_version=802
  throughput env_steps_s=321.1  transitions_s=321.1  transitions_step=1.0  updates_s=82.3  updates_throttled=0
episode=1468
  mode      collector=async  worker=3  epsilon=0.005
  outcome   reward=-1.0065  progress=0.0000  success=0/1 (0.00%)  steps=mean:65.0 range:[65,65]
  training  completed=1466/2500  queue=0/256 (0%)  replay=200000/200000  updates=65  loss=0.00111  policy_version=802
  throughput env_steps_s=337.3  transitions_s=337.3  transitions_step=1.0  updates_s=84.0  updates_throttled=0
episode=1469
  mode      collector=async  worker=3  epsilon=0.004
  outcome   reward=-1.0064  progress=0.0000  success=0/1 (0.00%)  steps=mean:64.0 range:[64,64]
  training  completed=1467/2500  queue=0/256 (0%)  replay=200000/200000  updates=63  loss=0.00082  policy_version=803
  throughput env_steps_s=343.0  transitions_s=343.0  transitions_step=1.0  updates_s=86.1  updates_throttled=0
episode=1467
  mode      collector=async  worker=2  epsilon=0.004
  outcome   reward=0.9891000000000021  progress=0.0741  success=0/1 (0.00%)  steps=mean:309.0 range:[309,309]
  training  completed=1468/2500  queue=0/256 (0%)  replay=200000/200000  updates=158  loss=0.00124  policy_version=804
  throughput env_steps_s=329.8  transitions_s=329.8  transitions_step=1.0  updates_s=82.6  updates_throttled=0
episode=1464
  mode      collector=async  worker=1  epsilon=0.004
  outcome   reward=-0.028599999999996184  progress=0.0370  success=0/1 (0.00%)  steps=mean:486.0 range:[486,486]
  training  completed=1469/2500  queue=0/256 (0%)  replay=200000/200000  updates=124  loss=0.00145  policy_version=806
  throughput env_steps_s=333.2  transitions_s=333.2  transitions_step=1.0  updates_s=83.0  updates_throttled=0
episode=1466
  mode      collector=async  worker=0  epsilon=0.004
  outcome   reward=2.9579999999999576  progress=0.1481  success=0/1 (0.00%)  steps=mean:620.0 range:[620,620]
  training  completed=1470/2500  queue=0/256 (0%)  replay=200000/200000  updates=142  loss=0.00135  policy_version=807
  throughput env_steps_s=339.6  transitions_s=339.6  transitions_step=1.0  updates_s=84.8  updates_throttled=0
episode=1470
  mode      collector=async  worker=3  epsilon=0.004
  outcome   reward=4.945500000000025  progress=0.2222  success=0/1 (0.00%)  steps=mean:745.0 range:[745,745]
  training  completed=1471/2500  queue=0/256 (0%)  replay=200000/200000  updates=325  loss=0.00166  policy_version=810
  throughput env_steps_s=333.1  transitions_s=333.1  transitions_step=1.0  updates_s=83.3  updates_throttled=0
episode=1472
  mode      collector=async  worker=1  epsilon=0.004
  outcome   reward=3.9603999999999395  progress=0.1852  success=0/1 (0.00%)  steps=mean:596.0 range:[596,596]
  training  completed=1472/2500  queue=0/256 (0%)  replay=200000/200000  updates=128  loss=0.00156  policy_version=812
  throughput env_steps_s=337.7  transitions_s=337.7  transitions_step=1.0  updates_s=84.6  updates_throttled=0
episode=1474
  mode      collector=async  worker=3  epsilon=0.004
  outcome   reward=0.0007000000000008111  progress=0.0370  success=0/1 (0.00%)  steps=mean:193.0 range:[193,193]
  training  completed=1473/2500  queue=0/256 (0%)  replay=200000/200000  updates=63  loss=0.00098  policy_version=812
  throughput env_steps_s=343.6  transitions_s=343.6  transitions_step=1.0  updates_s=85.2  updates_throttled=0
episode=1475
  mode      collector=async  worker=1  epsilon=0.004
  outcome   reward=-1.0066  progress=0.0000  success=0/1 (0.00%)  steps=mean:66.0 range:[66,66]
  training  completed=1474/2500  queue=1/256 (0%)  replay=200000/200000  updates=3  loss=0.00077  policy_version=812
  throughput env_steps_s=212.7  transitions_s=212.7  transitions_step=1.0  updates_s=70.9  updates_throttled=0
episode=1473
  mode      collector=async  worker=0  epsilon=0.004
  outcome   reward=3.9636999999999656  progress=0.1852  success=0/1 (0.00%)  steps=mean:563.0 range:[563,563]
  training  completed=1475/2500  queue=0/256 (0%)  replay=200000/200000  updates=44  loss=0.00164  policy_version=813
  throughput env_steps_s=322.3  transitions_s=322.3  transitions_step=1.0  updates_s=80.1  updates_throttled=0
episode=1471
  mode      collector=async  worker=2  epsilon=0.004
  outcome   reward=6.913400000000057  progress=0.2963  success=0/1 (0.00%)  steps=mean:1066.0 range:[1066,1066]
  training  completed=1476/2500  queue=0/256 (0%)  replay=200000/200000  updates=231  loss=0.00159  policy_version=815
  throughput env_steps_s=336.5  transitions_s=336.5  transitions_step=1.0  updates_s=84.0  updates_throttled=0
episode=1478
  mode      collector=async  worker=0  epsilon=0.004
  outcome   reward=1.9751999999999879  progress=0.1111  success=0/1 (0.00%)  steps=mean:448.0 range:[448,448]
  training  completed=1477/2500  queue=0/256 (0%)  replay=200000/200000  updates=213  loss=0.00170  policy_version=817
  throughput env_steps_s=341.1  transitions_s=341.1  transitions_step=1.0  updates_s=85.2  updates_throttled=0
episode=1477
  mode      collector=async  worker=1  epsilon=0.004
  outcome   reward=2.964499999999963  progress=0.1481  success=0/1 (0.00%)  steps=mean:555.0 range:[555,555]
  training  completed=1478/2500  queue=0/256 (0%)  replay=200000/200000  updates=70  loss=0.00116  policy_version=818
  throughput env_steps_s=341.4  transitions_s=341.4  transitions_step=1.0  updates_s=85.6  updates_throttled=0
episode=1476
  mode      collector=async  worker=3  epsilon=0.004
  outcome   reward=0.9604000000000052  progress=0.0741  success=0/1 (0.00%)  steps=mean:596.0 range:[596,596]
  training  completed=1479/2500  queue=0/256 (0%)  replay=200000/200000  updates=34  loss=0.00045  policy_version=818
  throughput env_steps_s=328.7  transitions_s=328.7  transitions_step=1.0  updates_s=83.4  updates_throttled=0
episode=1481
  mode      collector=async  worker=1  epsilon=0.004
  outcome   reward=-0.0005999999999990457  progress=0.0370  success=0/1 (0.00%)  steps=mean:206.0 range:[206,206]
  training  completed=1480/2500  queue=2/256 (1%)  replay=200000/200000  updates=169  loss=0.00159  policy_version=820
  throughput env_steps_s=343.4  transitions_s=343.4  transitions_step=1.0  updates_s=85.5  updates_throttled=0
episode=1483
  mode      collector=async  worker=1  epsilon=0.004
  outcome   reward=-1.0063  progress=0.0000  success=0/1 (0.00%)  steps=mean:63.0 range:[63,63]
  training  completed=1481/2500  queue=0/256 (0%)  replay=200000/200000  updates=62  loss=0.00120  policy_version=821
  throughput env_steps_s=343.6  transitions_s=343.6  transitions_step=1.0  updates_s=85.9  updates_throttled=0
episode=1480
  mode      collector=async  worker=0  epsilon=0.004
  outcome   reward=2.9849999999999675  progress=0.1481  success=0/1 (0.00%)  steps=mean:350.0 range:[350,350]
  training  completed=1482/2500  queue=0/256 (0%)  replay=200000/200000  updates=25  loss=0.00240  policy_version=821
  throughput env_steps_s=330.8  transitions_s=330.8  transitions_step=1.0  updates_s=83.5  updates_throttled=0
episode=1479
  mode      collector=async  worker=2  epsilon=0.004
  outcome   reward=3.9552999999999363  progress=0.1852  success=0/1 (0.00%)  steps=mean:647.0 range:[647,647]
  training  completed=1483/2500  queue=0/256 (0%)  replay=200000/200000  updates=76  loss=0.00097  policy_version=822
  throughput env_steps_s=329.8  transitions_s=329.8  transitions_step=1.0  updates_s=83.0  updates_throttled=0
episode=1484
  mode      collector=async  worker=1  epsilon=0.004
  outcome   reward=0.001600000000000934  progress=0.0370  success=0/1 (0.00%)  steps=mean:184.0 range:[184,184]
  training  completed=1484/2500  queue=2/256 (1%)  replay=200000/200000  updates=82  loss=0.00218  policy_version=822
  throughput env_steps_s=337.1  transitions_s=337.1  transitions_step=1.0  updates_s=84.0  updates_throttled=0
episode=1485
  mode      collector=async  worker=0  epsilon=0.004
  outcome   reward=0.001000000000000778  progress=0.0370  success=0/1 (0.00%)  steps=mean:190.0 range:[190,190]
  training  completed=1485/2500  queue=0/256 (0%)  replay=200000/200000  updates=32  loss=0.00083  policy_version=823
  throughput env_steps_s=333.6  transitions_s=333.6  transitions_step=1.0  updates_s=83.4  updates_throttled=0
episode=1488
  mode      collector=async  worker=0  epsilon=0.004
  outcome   reward=-1.0067  progress=0.0000  success=0/1 (0.00%)  steps=mean:67.0 range:[67,67]
  training  completed=1486/2500  queue=0/256 (0%)  replay=200000/200000  updates=66  loss=0.00140  policy_version=823
  throughput env_steps_s=341.4  transitions_s=341.4  transitions_step=1.0  updates_s=84.7  updates_throttled=0
episode=1486
  mode      collector=async  worker=2  epsilon=0.004
  outcome   reward=-0.0036999999999989264  progress=0.0370  success=0/1 (0.00%)  steps=mean:237.0 range:[237,237]
  training  completed=1487/2500  queue=2/256 (1%)  replay=200000/200000  updates=60  loss=0.00199  policy_version=824
  throughput env_steps_s=335.4  transitions_s=335.4  transitions_step=1.0  updates_s=84.9  updates_throttled=0
episode=1487
  mode      collector=async  worker=1  epsilon=0.004
  outcome   reward=1.977299999999987  progress=0.1111  success=0/1 (0.00%)  steps=mean:427.0 range:[427,427]
  training  completed=1488/2500  queue=0/256 (0%)  replay=200000/200000  updates=266  loss=0.00137  policy_version=827
  throughput env_steps_s=341.5  transitions_s=341.5  transitions_step=1.0  updates_s=85.3  updates_throttled=0
episode=1482
  mode      collector=async  worker=3  epsilon=0.004
  outcome   reward=5.928000000000032  progress=0.2593  success=0/1 (0.00%)  steps=mean:920.0 range:[920,920]
  training  completed=1489/2500  queue=0/256 (0%)  replay=200000/200000  updates=89  loss=0.00119  policy_version=827
  throughput env_steps_s=350.4  transitions_s=350.4  transitions_step=1.0  updates_s=87.1  updates_throttled=0
episode=1489
  mode      collector=async  worker=0  epsilon=0.004
  outcome   reward=4.938400000000029  progress=0.2222  success=0/1 (0.00%)  steps=mean:816.0 range:[816,816]
  training  completed=1490/2500  queue=0/256 (0%)  replay=200000/200000  updates=399  loss=0.00131  policy_version=831
  throughput env_steps_s=340.9  transitions_s=340.9  transitions_step=1.0  updates_s=85.2  updates_throttled=0
episode=1491
  mode      collector=async  worker=1  epsilon=0.004
  outcome   reward=1.9696999999999834  progress=0.1111  success=0/1 (0.00%)  steps=mean:503.0 range:[503,503]
  training  completed=1491/2500  queue=0/256 (0%)  replay=200000/200000  updates=13  loss=0.00253  policy_version=832
  throughput env_steps_s=332.9  transitions_s=332.9  transitions_step=1.0  updates_s=83.2  updates_throttled=0
episode=1494
  mode      collector=async  worker=1  epsilon=0.004
  outcome   reward=-1.0064  progress=0.0000  success=0/1 (0.00%)  steps=mean:64.0 range:[64,64]
  training  completed=1492/2500  queue=1/256 (0%)  replay=200000/200000  updates=66  loss=0.00184  policy_version=832
  throughput env_steps_s=335.3  transitions_s=335.3  transitions_step=1.0  updates_s=84.8  updates_throttled=0
episode=1490
  mode      collector=async  worker=2  epsilon=0.004
  outcome   reward=14.818200000000312  progress=0.5926  success=0/1 (0.00%)  steps=mean:2018.0 range:[2018,2018]
  training  completed=1493/2500  queue=0/256 (0%)  replay=200000/200000  updates=1181  loss=0.00152  policy_version=844
  throughput env_steps_s=342.8  transitions_s=342.8  transitions_step=1.0  updates_s=85.7  updates_throttled=0
episode=1493
  mode      collector=async  worker=0  epsilon=0.004
  outcome   reward=4.892900000000066  progress=0.2222  success=0/1 (0.00%)  steps=mean:1271.0 range:[1271,1271]
  training  completed=1494/2500  queue=0/256 (0%)  replay=200000/200000  updates=18  loss=0.00195  policy_version=844
  throughput env_steps_s=324.4  transitions_s=324.4  transitions_step=1.0  updates_s=81.1  updates_throttled=0
episode=1495
  mode      collector=async  worker=1  epsilon=0.004
  outcome   reward=10.884200000000183  progress=0.4444  success=0/1 (0.00%)  steps=mean:1358.0 range:[1358,1358]
  training  completed=1495/2500  queue=1/256 (0%)  replay=200000/200000  updates=160  loss=0.00145  policy_version=846
  throughput env_steps_s=340.5  transitions_s=340.5  transitions_step=1.0  updates_s=85.1  updates_throttled=0
episode=1498
  mode      collector=async  worker=1  epsilon=0.004
  outcome   reward=-1.0064  progress=0.0000  success=0/1 (0.00%)  steps=mean:64.0 range:[64,64]
  training  completed=1496/2500  queue=0/256 (0%)  replay=200000/200000  updates=63  loss=0.00122  policy_version=846
  throughput env_steps_s=347.2  transitions_s=347.2  transitions_step=1.0  updates_s=86.1  updates_throttled=0
episode=1499
  mode      collector=async  worker=1  epsilon=0.004
  outcome   reward=-1.0064  progress=0.0000  success=0/1 (0.00%)  steps=mean:64.0 range:[64,64]
  training  completed=1497/2500  queue=0/256 (0%)  replay=200000/200000  updates=65  loss=0.00181  policy_version=847
  throughput env_steps_s=351.9  transitions_s=351.9  transitions_step=1.0  updates_s=88.0  updates_throttled=0
episode=1492
  mode      collector=async  worker=3  epsilon=0.004
  outcome   reward=17.812400000000302  progress=0.7037  success=0/1 (0.00%)  steps=mean:2076.0 range:[2076,2076]
  training  completed=1498/2500  queue=0/256 (0%)  replay=200000/200000  updates=104  loss=0.00130  policy_version=848
  throughput env_steps_s=346.6  transitions_s=346.6  transitions_step=1.0  updates_s=86.9  updates_throttled=0
episode=1501
  mode      collector=async  worker=3  epsilon=0.004
  outcome   reward=-1.0063  progress=0.0000  success=0/1 (0.00%)  steps=mean:63.0 range:[63,63]
  training  completed=1499/2500  queue=0/256 (0%)  replay=200000/200000  updates=67  loss=0.00165  policy_version=849
  throughput env_steps_s=346.7  transitions_s=346.7  transitions_step=1.0  updates_s=86.4  updates_throttled=0
episode=1500
  mode      collector=async  worker=1  epsilon=0.004
  outcome   reward=0.00030000000000085514  progress=0.0370  success=0/1 (0.00%)  steps=mean:197.0 range:[197,197]
  training  completed=1500/2500  queue=2/256 (1%)  replay=200000/200000  updates=23  loss=0.00104  policy_version=849
  throughput env_steps_s=338.4  transitions_s=338.4  transitions_step=1.0  updates_s=85.5  updates_throttled=0
Saved checkpoint: checkpoints/breakout_s2_rand/ckpt-1500
Scheduled replay buffer save: checkpoints/breakout_s2_rand/replay-1500.npz transitions=200000
Evaluating frozen checkpoint episode=1500 episodes=20 metric=auto...
Saved replay buffer: checkpoints/breakout_s2_rand/replay-1500.npz transitions=200000
episode=1502
  mode      collector=async  worker=3  epsilon=0.004
  outcome   reward=-1.0065  progress=0.0000  success=0/1 (0.00%)  steps=mean:65.0 range:[65,65]
  training  completed=1501/2500  queue=0/256 (0%)  replay=200000/200000  updates=41  loss=0.00254  policy_version=849
  throughput env_steps_s=249.6  transitions_s=249.6  transitions_step=1.0  updates_s=62.8  updates_throttled=0
episode=1503
  mode      collector=async  worker=1  epsilon=0.004
  outcome   reward=-1.0063  progress=0.0000  success=0/1 (0.00%)  steps=mean:63.0 range:[63,63]
  training  completed=1502/2500  queue=2/256 (1%)  replay=200000/200000  updates=22  loss=0.00075  policy_version=850
  throughput env_steps_s=289.8  transitions_s=289.8  transitions_step=1.0  updates_s=73.3  updates_throttled=0
episode=1496
  mode      collector=async  worker=2  epsilon=0.004
  outcome   reward=7.927900000000054  progress=0.3333  success=0/1 (0.00%)  steps=mean:921.0 range:[921,921]
  training  completed=1503/2500  queue=0/256 (0%)  replay=200000/200000  updates=354  loss=0.00142  policy_version=853
  throughput env_steps_s=296.3  transitions_s=296.3  transitions_step=1.0  updates_s=74.0  updates_throttled=0
episode=1504
  mode      collector=async  worker=3  epsilon=0.004
  outcome   reward=2.979699999999988  progress=0.1481  success=0/1 (0.00%)  steps=mean:403.0 range:[403,403]
  training  completed=1504/2500  queue=0/256 (0%)  replay=200000/200000  updates=24  loss=0.00150  policy_version=853
  throughput env_steps_s=291.7  transitions_s=291.7  transitions_step=1.0  updates_s=72.2  updates_throttled=0
episode=1497
  mode      collector=async  worker=0  epsilon=0.004
  outcome   reward=5.92540000000001  progress=0.2593  success=0/1 (0.00%)  steps=mean:946.0 range:[946,946]
  training  completed=1505/2500  queue=0/256 (0%)  replay=200000/200000  updates=24  loss=0.00133  policy_version=854
  throughput env_steps_s=294.7  transitions_s=294.7  transitions_step=1.0  updates_s=73.7  updates_throttled=0
episode=1508
  mode      collector=async  worker=0  epsilon=0.004
  outcome   reward=-1.0064  progress=0.0000  success=0/1 (0.00%)  steps=mean:64.0 range:[64,64]
  training  completed=1506/2500  queue=0/256 (0%)  replay=200000/200000  updates=66  loss=0.00116  policy_version=854
  throughput env_steps_s=293.9  transitions_s=293.9  transitions_step=1.0  updates_s=73.8  updates_throttled=0
episode=1506
  mode      collector=async  worker=2  epsilon=0.004
  outcome   reward=0.9911000000000021  progress=0.0741  success=0/1 (0.00%)  steps=mean:289.0 range:[289,289]
  training  completed=1507/2500  queue=0/256 (0%)  replay=200000/200000  updates=173  loss=0.00131  policy_version=856
  throughput env_steps_s=293.4  transitions_s=293.4  transitions_step=1.0  updates_s=73.4  updates_throttled=0
episode=1507
  mode      collector=async  worker=3  epsilon=0.004
  outcome   reward=0.9903000000000022  progress=0.0741  success=0/1 (0.00%)  steps=mean:297.0 range:[297,297]
  training  completed=1508/2500  queue=0/256 (0%)  replay=200000/200000  updates=31  loss=0.00159  policy_version=856
  throughput env_steps_s=291.8  transitions_s=291.8  transitions_step=1.0  updates_s=72.4  updates_throttled=0
episode=1505
  mode      collector=async  worker=1  epsilon=0.004
  outcome   reward=6.931600000000041  progress=0.2963  success=0/1 (0.00%)  steps=mean:884.0 range:[884,884]
  training  completed=1509/2500  queue=1/256 (0%)  replay=200000/200000  updates=211  loss=0.00183  policy_version=859
  throughput env_steps_s=295.7  transitions_s=295.7  transitions_step=1.0  updates_s=74.2  updates_throttled=0
episode=1509
  mode      collector=async  worker=0  epsilon=0.004
  outcome   reward=7.909500000000065  progress=0.3333  success=0/1 (0.00%)  steps=mean:1105.0 range:[1105,1105]
  training  completed=1510/2500  queue=0/256 (0%)  replay=200000/200000  updates=697  loss=0.00170  policy_version=865
  throughput env_steps_s=295.2  transitions_s=295.2  transitions_step=1.0  updates_s=73.8  updates_throttled=0
episode=1512
  mode      collector=async  worker=1  epsilon=0.004
  outcome   reward=5.948400000000033  progress=0.2593  success=0/1 (0.00%)  steps=mean:716.0 range:[716,716]
  training  completed=1511/2500  queue=1/256 (0%)  replay=200000/200000  updates=14  loss=0.00034  policy_version=866
  throughput env_steps_s=285.4  transitions_s=285.4  transitions_step=1.0  updates_s=74.0  updates_throttled=0
episode=1510
  mode      collector=async  worker=2  epsilon=0.004
  outcome   reward=7.92080000000003  progress=0.3333  success=0/1 (0.00%)  steps=mean:992.0 range:[992,992]
  training  completed=1512/2500  queue=0/256 (0%)  replay=200000/200000  updates=34  loss=0.00112  policy_version=866
  throughput env_steps_s=301.1  transitions_s=301.1  transitions_step=1.0  updates_s=74.2  updates_throttled=0
episode=1513
  mode      collector=async  worker=0  epsilon=0.004
  outcome   reward=-1.0061  progress=0.0000  success=0/1 (0.00%)  steps=mean:61.0 range:[61,61]
  training  completed=1513/2500  queue=0/256 (0%)  replay=200000/200000  updates=14  loss=0.00078  policy_version=866
  throughput env_steps_s=274.7  transitions_s=274.7  transitions_step=1.0  updates_s=68.7  updates_throttled=0
episode=1511
  mode      collector=async  worker=3  epsilon=0.004
  outcome   reward=8.917000000000138  progress=0.3704  success=0/1 (0.00%)  steps=mean:1030.0 range:[1030,1030]
  training  completed=1514/2500  queue=0/256 (0%)  replay=200000/200000  updates=67  loss=0.00150  policy_version=867
  throughput env_steps_s=292.7  transitions_s=292.7  transitions_step=1.0  updates_s=72.9  updates_throttled=0
episode=1517
  mode      collector=async  worker=3  epsilon=0.004
  outcome   reward=-0.0023999999999988475  progress=0.0370  success=0/1 (0.00%)  steps=mean:224.0 range:[224,224]
  training  completed=1515/2500  queue=0/256 (0%)  replay=200000/200000  updates=222  loss=0.00147  policy_version=869
  throughput env_steps_s=293.5  transitions_s=293.5  transitions_step=1.0  updates_s=73.5  updates_throttled=0
episode=1514
  mode      collector=async  worker=1  epsilon=0.004
  outcome   reward=4.926000000000035  progress=0.2222  success=0/1 (0.00%)  steps=mean:940.0 range:[940,940]
  training  completed=1516/2500  queue=2/256 (1%)  replay=200000/200000  updates=602  loss=0.00161  policy_version=875
  throughput env_steps_s=295.1  transitions_s=295.1  transitions_step=1.0  updates_s=73.8  updates_throttled=0
episode=1515
  mode      collector=async  worker=2  epsilon=0.004
  outcome   reward=6.9249000000001395  progress=0.2963  success=0/1 (0.00%)  steps=mean:951.0 range:[951,951]
  training  completed=1517/2500  queue=2/256 (1%)  replay=200000/200000  updates=58  loss=0.00127  policy_version=876
  throughput env_steps_s=295.6  transitions_s=295.6  transitions_step=1.0  updates_s=73.9  updates_throttled=0
episode=1520
  mode      collector=async  worker=2  epsilon=0.004
  outcome   reward=-1.0064  progress=0.0000  success=0/1 (0.00%)  steps=mean:64.0 range:[64,64]
  training  completed=1518/2500  queue=2/256 (1%)  replay=200000/200000  updates=63  loss=0.00160  policy_version=876
  throughput env_steps_s=293.7  transitions_s=293.7  transitions_step=1.0  updates_s=73.4  updates_throttled=0
episode=1521
  mode      collector=async  worker=2  epsilon=0.004
  outcome   reward=-1.0064  progress=0.0000  success=0/1 (0.00%)  steps=mean:64.0 range:[64,64]
  training  completed=1519/2500  queue=0/256 (0%)  replay=200000/200000  updates=64  loss=0.00142  policy_version=877
  throughput env_steps_s=295.6  transitions_s=295.6  transitions_step=1.0  updates_s=73.6  updates_throttled=0
episode=1522
  mode      collector=async  worker=2  epsilon=0.004
  outcome   reward=-1.0065  progress=0.0000  success=0/1 (0.00%)  steps=mean:65.0 range:[65,65]
  training  completed=1520/2500  queue=3/256 (1%)  replay=200000/200000  updates=65  loss=0.00216  policy_version=878
  throughput env_steps_s=290.3  transitions_s=290.3  transitions_step=1.0  updates_s=72.3  updates_throttled=0
episode=1516
  mode      collector=async  worker=0  epsilon=0.004
  outcome   reward=6.902600000000081  progress=0.2963  success=0/1 (0.00%)  steps=mean:1174.0 range:[1174,1174]
  training  completed=1521/2500  queue=2/256 (1%)  replay=200000/200000  updates=29  loss=0.00120  policy_version=878
  throughput env_steps_s=290.9  transitions_s=290.9  transitions_step=1.0  updates_s=74.0  updates_throttled=0
episode=1524
  mode      collector=async  worker=0  epsilon=0.004
  outcome   reward=-1.006  progress=0.0000  success=0/1 (0.00%)  steps=mean:60.0 range:[60,60]
  training  completed=1522/2500  queue=0/256 (0%)  replay=200000/200000  updates=60  loss=0.00212  policy_version=878
  throughput env_steps_s=288.4  transitions_s=288.4  transitions_step=1.0  updates_s=71.8  updates_throttled=0
episode=1518
  mode      collector=async  worker=3  epsilon=0.004
  outcome   reward=8.916800000000057  progress=0.3704  success=0/1 (0.00%)  steps=mean:1032.0 range:[1032,1032]
  training  completed=1523/2500  queue=0/256 (0%)  replay=200000/200000  updates=85  loss=0.00174  policy_version=879
  throughput env_steps_s=290.9  transitions_s=290.9  transitions_step=1.0  updates_s=72.7  updates_throttled=0
episode=1519
  mode      collector=async  worker=1  epsilon=0.004
  outcome   reward=1.9678999999999671  progress=0.1111  success=0/1 (0.00%)  steps=mean:521.0 range:[521,521]
  training  completed=1524/2500  queue=0/256 (0%)  replay=200000/200000  updates=98  loss=0.00171  policy_version=880
  throughput env_steps_s=292.1  transitions_s=292.1  transitions_step=1.0  updates_s=72.7  updates_throttled=0
episode=1523
  mode      collector=async  worker=2  epsilon=0.004
  outcome   reward=1.9769999999999859  progress=0.1111  success=0/1 (0.00%)  steps=mean:430.0 range:[430,430]
  training  completed=1525/2500  queue=1/256 (0%)  replay=200000/200000  updates=166  loss=0.00168  policy_version=882
  throughput env_steps_s=294.5  transitions_s=294.5  transitions_step=1.0  updates_s=73.8  updates_throttled=0
episode=1527
  mode      collector=async  worker=1  epsilon=0.004
  outcome   reward=0.001600000000000934  progress=0.0370  success=0/1 (0.00%)  steps=mean:184.0 range:[184,184]
  training  completed=1526/2500  queue=0/256 (0%)  replay=200000/200000  updates=18  loss=0.00156  policy_version=882
  throughput env_steps_s=294.9  transitions_s=294.9  transitions_step=1.0  updates_s=71.7  updates_throttled=0
episode=1525
  mode      collector=async  worker=0  epsilon=0.004
  outcome   reward=2.9764999999999393  progress=0.1481  success=0/1 (0.00%)  steps=mean:435.0 range:[435,435]
  training  completed=1527/2500  queue=0/256 (0%)  replay=200000/200000  updates=69  loss=0.00156  policy_version=883
  throughput env_steps_s=290.7  transitions_s=290.7  transitions_step=1.0  updates_s=72.7  updates_throttled=0
episode=1526
  mode      collector=async  worker=3  epsilon=0.004
  outcome   reward=2.9758999999999602  progress=0.1481  success=0/1 (0.00%)  steps=mean:441.0 range:[441,441]
  training  completed=1528/2500  queue=0/256 (0%)  replay=200000/200000  updates=83  loss=0.00177  policy_version=884
  throughput env_steps_s=289.3  transitions_s=289.3  transitions_step=1.0  updates_s=72.3  updates_throttled=0
episode=1529
  mode      collector=async  worker=1  epsilon=0.004
  outcome   reward=0.0006000000000008221  progress=0.0370  success=0/1 (0.00%)  steps=mean:194.0 range:[194,194]
  training  completed=1529/2500  queue=0/256 (0%)  replay=200000/200000  updates=41  loss=0.00211  policy_version=884
  throughput env_steps_s=289.7  transitions_s=289.7  transitions_step=1.0  updates_s=72.9  updates_throttled=0
episode=1528
  mode      collector=async  worker=2  epsilon=0.004
  outcome   reward=-0.0010999999999989907  progress=0.0370  success=0/1 (0.00%)  steps=mean:211.0 range:[211,211]
  training  completed=1530/2500  queue=0/256 (0%)  replay=200000/200000  updates=2  loss=0.00030  policy_version=884
  throughput env_steps_s=361.0  transitions_s=361.0  transitions_step=1.0  updates_s=90.3  updates_throttled=0
episode=1532
  mode      collector=async  worker=1  epsilon=0.004
  outcome   reward=1.9760999999999884  progress=0.1111  success=0/1 (0.00%)  steps=mean:439.0 range:[439,439]
  training  completed=1531/2500  queue=0/256 (0%)  replay=200000/200000  updates=438  loss=0.00159  policy_version=888
  throughput env_steps_s=296.0  transitions_s=296.0  transitions_step=1.0  updates_s=74.0  updates_throttled=0
episode=1533
  mode      collector=async  worker=2  epsilon=0.004
  outcome   reward=2.9596999999999545  progress=0.1481  success=0/1 (0.00%)  steps=mean:603.0 range:[603,603]
  training  completed=1532/2500  queue=0/256 (0%)  replay=200000/200000  updates=169  loss=0.00133  policy_version=890
  throughput env_steps_s=294.3  transitions_s=294.3  transitions_step=1.0  updates_s=73.5  updates_throttled=0
episode=1534
  mode      collector=async  worker=1  epsilon=0.004
  outcome   reward=0.9894000000000023  progress=0.0741  success=0/1 (0.00%)  steps=mean:306.0 range:[306,306]
  training  completed=1533/2500  queue=2/256 (1%)  replay=200000/200000  updates=138  loss=0.00128  policy_version=891
  throughput env_steps_s=292.1  transitions_s=292.1  transitions_step=1.0  updates_s=73.4  updates_throttled=0
episode=1531
  mode      collector=async  worker=3  epsilon=0.004
  outcome   reward=4.934500000000005  progress=0.2222  success=0/1 (0.00%)  steps=mean:855.0 range:[855,855]
  training  completed=1534/2500  queue=0/256 (0%)  replay=200000/200000  updates=58  loss=0.00197  policy_version=892
  throughput env_steps_s=287.9  transitions_s=287.9  transitions_step=1.0  updates_s=71.1  updates_throttled=0
episode=1536
  mode      collector=async  worker=1  epsilon=0.003
  outcome   reward=-1.0065  progress=0.0000  success=0/1 (0.00%)  steps=mean:65.0 range:[65,65]
  training  completed=1535/2500  queue=0/256 (0%)  replay=200000/200000  updates=8  loss=0.00178  policy_version=892
  throughput env_steps_s=274.2  transitions_s=274.2  transitions_step=1.0  updates_s=73.1  updates_throttled=0
Frozen evaluation episode=1500: success=0/20 (0.00%) reward_mean=3.4213 steps_mean=897.2
Saved checkpoint: checkpoints/breakout_s2_rand/best/ckpt-1535
Best checkpoint applied using live weights at episode=1535 (background evaluation was requested for episode=1500)
New best checkpoint: checkpoints/breakout_s2_rand/best/ckpt-1535 metric=auto success=0.00% reward_mean=3.4213
episode=1537
  mode      collector=async  worker=3  epsilon=0.003
  outcome   reward=0.001400000000000734  progress=0.0370  success=0/1 (0.00%)  steps=mean:186.0 range:[186,186]
  training  completed=1536/2500  queue=2/256 (1%)  replay=200000/200000  updates=178  loss=0.00160  policy_version=894
  throughput env_steps_s=295.0  transitions_s=295.0  transitions_step=1.0  updates_s=73.9  updates_throttled=0
episode=1539
  mode      collector=async  worker=3  epsilon=0.003
  outcome   reward=-1.0064  progress=0.0000  success=0/1 (0.00%)  steps=mean:64.0 range:[64,64]
  training  completed=1537/2500  queue=0/256 (0%)  replay=200000/200000  updates=61  loss=0.00124  policy_version=895
  throughput env_steps_s=333.6  transitions_s=333.6  transitions_step=1.0  updates_s=82.7  updates_throttled=0
episode=1535
  mode      collector=async  worker=2  epsilon=0.003
  outcome   reward=1.9710999999999854  progress=0.1111  success=0/1 (0.00%)  steps=mean:489.0 range:[489,489]
  training  completed=1538/2500  queue=0/256 (0%)  replay=200000/200000  updates=51  loss=0.00148  policy_version=895
  throughput env_steps_s=342.1  transitions_s=342.1  transitions_step=1.0  updates_s=85.1  updates_throttled=0
episode=1541
  mode      collector=async  worker=2  epsilon=0.003
  outcome   reward=-1.0063  progress=0.0000  success=0/1 (0.00%)  steps=mean:63.0 range:[63,63]
  training  completed=1539/2500  queue=0/256 (0%)  replay=200000/200000  updates=63  loss=0.00139  policy_version=896
  throughput env_steps_s=339.6  transitions_s=339.6  transitions_step=1.0  updates_s=85.2  updates_throttled=0
episode=1530
  mode      collector=async  worker=0  epsilon=0.003
  outcome   reward=8.886900000000145  progress=0.3704  success=0/1 (0.00%)  steps=mean:1331.0 range:[1331,1331]
  training  completed=1540/2500  queue=3/256 (1%)  replay=200000/200000  updates=35  loss=0.00196  policy_version=896
  throughput env_steps_s=336.8  transitions_s=336.8  transitions_step=1.0  updates_s=85.4  updates_throttled=0
episode=1540
  mode      collector=async  worker=3  epsilon=0.003
  outcome   reward=0.001100000000000767  progress=0.0370  success=0/1 (0.00%)  steps=mean:189.0 range:[189,189]
  training  completed=1541/2500  queue=3/256 (1%)  replay=200000/200000  updates=41  loss=0.00135  policy_version=896
  throughput env_steps_s=339.5  transitions_s=339.5  transitions_step=1.0  updates_s=84.9  updates_throttled=0
episode=1544
  mode      collector=async  worker=3  epsilon=0.003
  outcome   reward=0.9903000000000022  progress=0.0741  success=0/1 (0.00%)  steps=mean:297.0 range:[297,297]
  training  completed=1542/2500  queue=0/256 (0%)  replay=200000/200000  updates=294  loss=0.00186  policy_version=899
  throughput env_steps_s=344.7  transitions_s=344.7  transitions_step=1.0  updates_s=86.1  updates_throttled=0
episode=1545
  mode      collector=async  worker=3  epsilon=0.003
  outcome   reward=-1.0064  progress=0.0000  success=0/1 (0.00%)  steps=mean:64.0 range:[64,64]
  training  completed=1543/2500  queue=0/256 (0%)  replay=200000/200000  updates=66  loss=0.00143  policy_version=900
  throughput env_steps_s=345.0  transitions_s=345.0  transitions_step=1.0  updates_s=85.6  updates_throttled=0
episode=1546
  mode      collector=async  worker=3  epsilon=0.003
  outcome   reward=-1.0061  progress=0.0000  success=0/1 (0.00%)  steps=mean:61.0 range:[61,61]
  training  completed=1544/2500  queue=0/256 (0%)  replay=200000/200000  updates=64  loss=0.00127  policy_version=901
  throughput env_steps_s=344.0  transitions_s=344.0  transitions_step=1.0  updates_s=86.0  updates_throttled=0
episode=1542
  mode      collector=async  worker=2  epsilon=0.003
  outcome   reward=2.9607999999999635  progress=0.1481  success=0/1 (0.00%)  steps=mean:592.0 range:[592,592]
  training  completed=1545/2500  queue=0/256 (0%)  replay=200000/200000  updates=93  loss=0.00141  policy_version=902
  throughput env_steps_s=341.5  transitions_s=341.5  transitions_step=1.0  updates_s=86.1  updates_throttled=0
episode=1538
  mode      collector=async  worker=1  epsilon=0.003
  outcome   reward=6.921500000000083  progress=0.2963  success=0/1 (0.00%)  steps=mean:985.0 range:[985,985]
  training  completed=1546/2500  queue=0/256 (0%)  replay=200000/200000  updates=39  loss=0.00166  policy_version=902
  throughput env_steps_s=337.2  transitions_s=337.2  transitions_step=1.0  updates_s=83.2  updates_throttled=0
episode=1549
  mode      collector=async  worker=1  epsilon=0.003
  outcome   reward=2.962699999999959  progress=0.1481  success=0/1 (0.00%)  steps=mean:573.0 range:[573,573]
  training  completed=1547/2500  queue=0/256 (0%)  replay=200000/200000  updates=572  loss=0.00155  policy_version=908
  throughput env_steps_s=345.7  transitions_s=345.7  transitions_step=1.0  updates_s=86.4  updates_throttled=0
episode=1547
  mode      collector=async  worker=3  epsilon=0.003
  outcome   reward=5.934600000000044  progress=0.2593  success=0/1 (0.00%)  steps=mean:854.0 range:[854,854]
  training  completed=1548/2500  queue=0/256 (0%)  replay=200000/200000  updates=153  loss=0.00222  policy_version=909
  throughput env_steps_s=345.3  transitions_s=345.3  transitions_step=1.0  updates_s=86.3  updates_throttled=0
episode=1550
  mode      collector=async  worker=1  epsilon=0.003
  outcome   reward=0.9882000000000024  progress=0.0741  success=0/1 (0.00%)  steps=mean:318.0 range:[318,318]
  training  completed=1549/2500  queue=0/256 (0%)  replay=200000/200000  updates=165  loss=0.00116  policy_version=911
  throughput env_steps_s=344.1  transitions_s=344.1  transitions_step=1.0  updates_s=86.3  updates_throttled=0
episode=1551
  mode      collector=async  worker=3  epsilon=0.003
  outcome   reward=0.991500000000002  progress=0.0741  success=0/1 (0.00%)  steps=mean:285.0 range:[285,285]
  training  completed=1550/2500  queue=0/256 (0%)  replay=200000/200000  updates=121  loss=0.00257  policy_version=912
  throughput env_steps_s=338.1  transitions_s=338.1  transitions_step=1.0  updates_s=84.0  updates_throttled=0
episode=1553
  mode      collector=async  worker=3  epsilon=0.003
  outcome   reward=-1.0063  progress=0.0000  success=0/1 (0.00%)  steps=mean:63.0 range:[63,63]
  training  completed=1551/2500  queue=0/256 (0%)  replay=200000/200000  updates=66  loss=0.00185  policy_version=913
  throughput env_steps_s=351.5  transitions_s=351.5  transitions_step=1.0  updates_s=88.5  updates_throttled=0
episode=1552
  mode      collector=async  worker=1  epsilon=0.003
  outcome   reward=-0.0011999999999989797  progress=0.0370  success=0/1 (0.00%)  steps=mean:212.0 range:[212,212]
  training  completed=1552/2500  queue=0/256 (0%)  replay=200000/200000  updates=21  loss=0.00194  policy_version=913
  throughput env_steps_s=320.1  transitions_s=320.1  transitions_step=1.0  updates_s=80.0  updates_throttled=0
episode=1548
  mode      collector=async  worker=2  epsilon=0.003
  outcome   reward=8.896400000000122  progress=0.3704  success=0/1 (0.00%)  steps=mean:1236.0 range:[1236,1236]
  training  completed=1553/2500  queue=0/256 (0%)  replay=200000/200000  updates=107  loss=0.00249  policy_version=914
  throughput env_steps_s=343.5  transitions_s=343.5  transitions_step=1.0  updates_s=86.1  updates_throttled=0
episode=1554
  mode      collector=async  worker=3  epsilon=0.003
  outcome   reward=2.952899999999919  progress=0.1481  success=0/1 (0.00%)  steps=mean:671.0 range:[671,671]
  training  completed=1554/2500  queue=0/256 (0%)  replay=200000/200000  updates=544  loss=0.00149  policy_version=919
  throughput env_steps_s=333.9  transitions_s=333.9  transitions_step=1.0  updates_s=83.5  updates_throttled=0
episode=1556
  mode      collector=async  worker=2  epsilon=0.003
  outcome   reward=1.9654999999999185  progress=0.1111  success=0/1 (0.00%)  steps=mean:545.0 range:[545,545]
  training  completed=1555/2500  queue=0/256 (0%)  replay=200000/200000  updates=2  loss=0.00387  policy_version=919
  throughput env_steps_s=290.8  transitions_s=290.8  transitions_step=1.0  updates_s=64.6  updates_throttled=0
episode=1558
  mode      collector=async  worker=2  epsilon=0.003
  outcome   reward=-1.0064  progress=0.0000  success=0/1 (0.00%)  steps=mean:64.0 range:[64,64]
  training  completed=1556/2500  queue=0/256 (0%)  replay=200000/200000  updates=66  loss=0.00169  policy_version=920
  throughput env_steps_s=344.9  transitions_s=344.9  transitions_step=1.0  updates_s=85.9  updates_throttled=0
episode=1543
  mode      collector=async  worker=0  epsilon=0.003
  outcome   reward=15.77050000000041  progress=0.6296  success=0/1 (0.00%)  steps=mean:2495.0 range:[2495,2495]
  training  completed=1557/2500  queue=0/256 (0%)  replay=200000/200000  updates=71  loss=0.00136  policy_version=921
  throughput env_steps_s=347.4  transitions_s=347.4  transitions_step=1.0  updates_s=86.9  updates_throttled=0
episode=1557
  mode      collector=async  worker=3  epsilon=0.003
  outcome   reward=0.001600000000000934  progress=0.0370  success=0/1 (0.00%)  steps=mean:184.0 range:[184,184]
  training  completed=1558/2500  queue=0/256 (0%)  replay=200000/200000  updates=43  loss=0.00177  policy_version=921
  throughput env_steps_s=344.0  transitions_s=344.0  transitions_step=1.0  updates_s=85.5  updates_throttled=0
episode=1561
  mode      collector=async  worker=3  epsilon=0.003
  outcome   reward=-1.0059  progress=0.0000  success=0/1 (0.00%)  steps=mean:59.0 range:[59,59]
  training  completed=1559/2500  queue=1/256 (0%)  replay=200000/200000  updates=62  loss=0.00147  policy_version=922
  throughput env_steps_s=351.2  transitions_s=351.2  transitions_step=1.0  updates_s=88.9  updates_throttled=0
episode=1555
  mode      collector=async  worker=1  epsilon=0.003
  outcome   reward=5.927700000000001  progress=0.2593  success=0/1 (0.00%)  steps=mean:923.0 range:[923,923]
  training  completed=1560/2500  queue=5/256 (2%)  replay=200000/200000  updates=28  loss=0.00147  policy_version=922
  throughput env_steps_s=319.3  transitions_s=319.3  transitions_step=1.0  updates_s=78.4  updates_throttled=0
episode=1562
  mode      collector=async  worker=3  epsilon=0.003
  outcome   reward=-1.0067  progress=0.0000  success=0/1 (0.00%)  steps=mean:67.0 range:[67,67]
  training  completed=1561/2500  queue=1/256 (0%)  replay=200000/200000  updates=39  loss=0.00124  policy_version=923
  throughput env_steps_s=324.2  transitions_s=324.2  transitions_step=1.0  updates_s=82.1  updates_throttled=0
episode=1560
  mode      collector=async  worker=0  epsilon=0.003
  outcome   reward=0.0004000000000008441  progress=0.0370  success=0/1 (0.00%)  steps=mean:196.0 range:[196,196]
  training  completed=1562/2500  queue=1/256 (0%)  replay=200000/200000  updates=31  loss=0.00351  policy_version=923
  throughput env_steps_s=313.1  transitions_s=313.1  transitions_step=1.0  updates_s=78.3  updates_throttled=0
episode=1563
  mode      collector=async  worker=1  epsilon=0.003
  outcome   reward=0.00200000000000089  progress=0.0370  success=0/1 (0.00%)  steps=mean:180.0 range:[180,180]
  training  completed=1563/2500  queue=0/256 (0%)  replay=200000/200000  updates=108  loss=0.00122  policy_version=924
  throughput env_steps_s=327.9  transitions_s=327.9  transitions_step=1.0  updates_s=81.6  updates_throttled=0
episode=1559
  mode      collector=async  worker=2  epsilon=0.003
  outcome   reward=2.977099999999983  progress=0.1481  success=0/1 (0.00%)  steps=mean:429.0 range:[429,429]
  training  completed=1564/2500  queue=0/256 (0%)  replay=200000/200000  updates=37  loss=0.00198  policy_version=924
  throughput env_steps_s=321.0  transitions_s=321.0  transitions_step=1.0  updates_s=79.7  updates_throttled=0
episode=1564
  mode      collector=async  worker=3  epsilon=0.003
  outcome   reward=0.001400000000000956  progress=0.0370  success=0/1 (0.00%)  steps=mean:186.0 range:[186,186]
  training  completed=1565/2500  queue=0/256 (0%)  replay=200000/200000  updates=11  loss=0.00160  policy_version=924
  throughput env_steps_s=340.7  transitions_s=340.7  transitions_step=1.0  updates_s=85.2  updates_throttled=0
episode=1565
  mode      collector=async  worker=0  epsilon=0.003
  outcome   reward=-0.00039999999999906777  progress=0.0370  success=0/1 (0.00%)  steps=mean:204.0 range:[204,204]
  training  completed=1566/2500  queue=0/256 (0%)  replay=200000/200000  updates=50  loss=0.00211  policy_version=925
  throughput env_steps_s=340.2  transitions_s=340.2  transitions_step=1.0  updates_s=85.5  updates_throttled=0
episode=1568
  mode      collector=async  worker=3  epsilon=0.003
  outcome   reward=-1.0064  progress=0.0000  success=0/1 (0.00%)  steps=mean:64.0 range:[64,64]
  training  completed=1567/2500  queue=0/256 (0%)  replay=200000/200000  updates=15  loss=0.00101  policy_version=925
  throughput env_steps_s=326.7  transitions_s=326.7  transitions_step=1.0  updates_s=80.3  updates_throttled=0
episode=1570
  mode      collector=async  worker=3  epsilon=0.003
  outcome   reward=-1.0063  progress=0.0000  success=0/1 (0.00%)  steps=mean:63.0 range:[63,63]
  training  completed=1568/2500  queue=0/256 (0%)  replay=200000/200000  updates=61  loss=0.00162  policy_version=926
  throughput env_steps_s=330.9  transitions_s=330.9  transitions_step=1.0  updates_s=83.4  updates_throttled=0
episode=1566
  mode      collector=async  worker=1  epsilon=0.003
  outcome   reward=-0.0005999999999990457  progress=0.0370  success=0/1 (0.00%)  steps=mean:206.0 range:[206,206]
  training  completed=1569/2500  queue=0/256 (0%)  replay=200000/200000  updates=28  loss=0.00249  policy_version=926
  throughput env_steps_s=328.8  transitions_s=328.8  transitions_step=1.0  updates_s=82.9  updates_throttled=0
episode=1567
  mode      collector=async  worker=2  epsilon=0.003
  outcome   reward=1.001399999999985  progress=0.0741  success=0/1 (0.00%)  steps=mean:186.0 range:[186,186]
  training  completed=1570/2500  queue=0/256 (0%)  replay=200000/200000  updates=24  loss=0.00200  policy_version=926
  throughput env_steps_s=315.6  transitions_s=315.6  transitions_step=1.0  updates_s=77.3  updates_throttled=0
episode=1572
  mode      collector=async  worker=1  epsilon=0.003
  outcome   reward=-1.0064  progress=0.0000  success=0/1 (0.00%)  steps=mean:64.0 range:[64,64]
  training  completed=1571/2500  queue=0/256 (0%)  replay=200000/200000  updates=35  loss=0.00123  policy_version=927
  throughput env_steps_s=332.3  transitions_s=332.3  transitions_step=1.0  updates_s=83.1  updates_throttled=0
episode=1573
  mode      collector=async  worker=2  epsilon=0.003
  outcome   reward=-1.0063  progress=0.0000  success=0/1 (0.00%)  steps=mean:63.0 range:[63,63]
  training  completed=1572/2500  queue=0/256 (0%)  replay=200000/200000  updates=30  loss=0.00193  policy_version=927
  throughput env_steps_s=328.1  transitions_s=328.1  transitions_step=1.0  updates_s=82.0  updates_throttled=0
episode=1574
  mode      collector=async  worker=1  epsilon=0.003
  outcome   reward=-1.0061  progress=0.0000  success=0/1 (0.00%)  steps=mean:61.0 range:[61,61]
  training  completed=1573/2500  queue=0/256 (0%)  replay=200000/200000  updates=34  loss=0.00149  policy_version=927
  throughput env_steps_s=342.2  transitions_s=342.2  transitions_step=1.0  updates_s=84.9  updates_throttled=0
episode=1571
  mode      collector=async  worker=3  epsilon=0.003
  outcome   reward=2.9693999999999487  progress=0.1481  success=0/1 (0.00%)  steps=mean:506.0 range:[506,506]
  training  completed=1574/2500  queue=0/256 (0%)  replay=200000/200000  updates=351  loss=0.00173  policy_version=931
  throughput env_steps_s=334.9  transitions_s=334.9  transitions_step=1.0  updates_s=83.8  updates_throttled=0
episode=1569
  mode      collector=async  worker=0  epsilon=0.003
  outcome   reward=3.957799999999991  progress=0.1852  success=0/1 (0.00%)  steps=mean:622.0 range:[622,622]
  training  completed=1575/2500  queue=0/256 (0%)  replay=200000/200000  updates=42  loss=0.00120  policy_version=931
  throughput env_steps_s=332.1  transitions_s=332.1  transitions_step=1.0  updates_s=82.5  updates_throttled=0
episode=1577
  mode      collector=async  worker=3  epsilon=0.003
  outcome   reward=-1.006  progress=0.0000  success=0/1 (0.00%)  steps=mean:60.0 range:[60,60]
  training  completed=1576/2500  queue=1/256 (0%)  replay=200000/200000  updates=16  loss=0.00216  policy_version=931
  throughput env_steps_s=326.2  transitions_s=326.2  transitions_step=1.0  updates_s=84.2  updates_throttled=0
episode=1578
  mode      collector=async  worker=0  epsilon=0.003
  outcome   reward=0.001000000000000778  progress=0.0370  success=0/1 (0.00%)  steps=mean:190.0 range:[190,190]
  training  completed=1577/2500  queue=0/256 (0%)  replay=200000/200000  updates=174  loss=0.00161  policy_version=933
  throughput env_steps_s=341.3  transitions_s=341.3  transitions_step=1.0  updates_s=85.2  updates_throttled=0
episode=1580
  mode      collector=async  worker=0  epsilon=0.003
  outcome   reward=-1.006  progress=0.0000  success=0/1 (0.00%)  steps=mean:60.0 range:[60,60]
  training  completed=1578/2500  queue=0/256 (0%)  replay=200000/200000  updates=60  loss=0.00209  policy_version=934
  throughput env_steps_s=343.9  transitions_s=343.9  transitions_step=1.0  updates_s=85.6  updates_throttled=0
episode=1575
  mode      collector=async  worker=2  epsilon=0.003
  outcome   reward=4.947500000000024  progress=0.2222  success=0/1 (0.00%)  steps=mean:725.0 range:[725,725]
  training  completed=1579/2500  queue=0/256 (0%)  replay=200000/200000  updates=60  loss=0.00168  policy_version=934
  throughput env_steps_s=347.0  transitions_s=347.0  transitions_step=1.0  updates_s=87.1  updates_throttled=0
episode=1579
  mode      collector=async  worker=3  epsilon=0.003
  outcome   reward=2.9456999999999187  progress=0.1481  success=0/1 (0.00%)  steps=mean:743.0 range:[743,743]
  training  completed=1580/2500  queue=3/256 (1%)  replay=200000/200000  updates=455  loss=0.00185  policy_version=939
  throughput env_steps_s=348.5  transitions_s=348.5  transitions_step=1.0  updates_s=87.1  updates_throttled=0
episode=1583
  mode      collector=async  worker=3  epsilon=0.003
  outcome   reward=-1.0066  progress=0.0000  success=0/1 (0.00%)  steps=mean:66.0 range:[66,66]
  training  completed=1581/2500  queue=0/256 (0%)  replay=200000/200000  updates=66  loss=0.00281  policy_version=939
  throughput env_steps_s=351.6  transitions_s=351.6  transitions_step=1.0  updates_s=87.6  updates_throttled=0
episode=1576
  mode      collector=async  worker=1  epsilon=0.003
  outcome   reward=10.890700000000239  progress=0.4444  success=0/1 (0.00%)  steps=mean:1293.0 range:[1293,1293]
  training  completed=1582/2500  queue=0/256 (0%)  replay=200000/200000  updates=58  loss=0.00330  policy_version=940
  throughput env_steps_s=343.2  transitions_s=343.2  transitions_step=1.0  updates_s=85.8  updates_throttled=0
episode=1582
  mode      collector=async  worker=2  epsilon=0.003
  outcome   reward=4.9398  progress=0.2222  success=0/1 (0.00%)  steps=mean:802.0 range:[802,802]
  training  completed=1583/2500  queue=0/256 (0%)  replay=200000/200000  updates=218  loss=0.00183  policy_version=942
  throughput env_steps_s=343.5  transitions_s=343.5  transitions_step=1.0  updates_s=85.9  updates_throttled=0
episode=1584
  mode      collector=async  worker=3  epsilon=0.003
  outcome   reward=1.9868999999999846  progress=0.1111  success=0/1 (0.00%)  steps=mean:331.0 range:[331,331]
  training  completed=1584/2500  queue=0/256 (0%)  replay=200000/200000  updates=55  loss=0.00227  policy_version=943
  throughput env_steps_s=339.9  transitions_s=339.9  transitions_step=1.0  updates_s=85.8  updates_throttled=0
episode=1586
  mode      collector=async  worker=2  epsilon=0.003
  outcome   reward=-1.0061  progress=0.0000  success=0/1 (0.00%)  steps=mean:61.0 range:[61,61]
  training  completed=1585/2500  queue=0/256 (0%)  replay=200000/200000  updates=2  loss=0.00017  policy_version=943
  throughput env_steps_s=348.5  transitions_s=348.5  transitions_step=1.0  updates_s=69.7  updates_throttled=0
episode=1587
  mode      collector=async  worker=3  epsilon=0.003
  outcome   reward=-1.0066  progress=0.0000  success=0/1 (0.00%)  steps=mean:66.0 range:[66,66]
  training  completed=1586/2500  queue=1/256 (0%)  replay=200000/200000  updates=66  loss=0.00144  policy_version=943
  throughput env_steps_s=339.6  transitions_s=339.6  transitions_step=1.0  updates_s=85.9  updates_throttled=0
episode=1589
  mode      collector=async  worker=3  epsilon=0.003
  outcome   reward=-1.0063  progress=0.0000  success=0/1 (0.00%)  steps=mean:63.0 range:[63,63]
  training  completed=1587/2500  queue=0/256 (0%)  replay=200000/200000  updates=59  loss=0.00071  policy_version=944
  throughput env_steps_s=347.7  transitions_s=347.7  transitions_step=1.0  updates_s=86.2  updates_throttled=0
episode=1581
  mode      collector=async  worker=0  epsilon=0.003
  outcome   reward=9.891500000000164  progress=0.4074  success=0/1 (0.00%)  steps=mean:1285.0 range:[1285,1285]
  training  completed=1588/2500  queue=0/256 (0%)  replay=200000/200000  updates=261  loss=0.00175  policy_version=947
  throughput env_steps_s=340.9  transitions_s=340.9  transitions_step=1.0  updates_s=85.2  updates_throttled=0
episode=1591
  mode      collector=async  worker=0  epsilon=0.003
  outcome   reward=-0.0021999999999988695  progress=0.0370  success=0/1 (0.00%)  steps=mean:222.0 range:[222,222]
  training  completed=1589/2500  queue=0/256 (0%)  replay=200000/200000  updates=227  loss=0.00177  policy_version=949
  throughput env_steps_s=346.3  transitions_s=346.3  transitions_step=1.0  updates_s=86.6  updates_throttled=0
episode=1588
  mode      collector=async  worker=2  epsilon=0.003
  outcome   reward=3.9419999999999664  progress=0.1852  success=0/1 (0.00%)  steps=mean:780.0 range:[780,780]
  training  completed=1590/2500  queue=2/256 (1%)  replay=200000/200000  updates=156  loss=0.00167  policy_version=950
  throughput env_steps_s=341.4  transitions_s=341.4  transitions_step=1.0  updates_s=85.6  updates_throttled=0
episode=1590
  mode      collector=async  worker=3  epsilon=0.003
  outcome   reward=2.936399999999902  progress=0.1481  success=0/1 (0.00%)  steps=mean:836.0 range:[836,836]
  training  completed=1591/2500  queue=1/256 (0%)  replay=200000/200000  updates=188  loss=0.00203  policy_version=952
  throughput env_steps_s=345.8  transitions_s=345.8  transitions_step=1.0  updates_s=86.5  updates_throttled=0
episode=1592
  mode      collector=async  worker=0  epsilon=0.003
  outcome   reward=1.9720999999999862  progress=0.1111  success=0/1 (0.00%)  steps=mean:479.0 range:[479,479]
  training  completed=1592/2500  queue=0/256 (0%)  replay=200000/200000  updates=135  loss=0.00185  policy_version=954
  throughput env_steps_s=339.7  transitions_s=339.7  transitions_step=1.0  updates_s=84.5  updates_throttled=0
episode=1594
  mode      collector=async  worker=3  epsilon=0.003
  outcome   reward=1.0011999999999854  progress=0.0741  success=0/1 (0.00%)  steps=mean:188.0 range:[188,188]
  training  completed=1593/2500  queue=0/256 (0%)  replay=200000/200000  updates=52  loss=0.00097  policy_version=954
  throughput env_steps_s=327.6  transitions_s=327.6  transitions_step=1.0  updates_s=81.9  updates_throttled=0
episode=1593
  mode      collector=async  worker=2  epsilon=0.003
  outcome   reward=3.9626999999999493  progress=0.1852  success=0/1 (0.00%)  steps=mean:573.0 range:[573,573]
  training  completed=1594/2500  queue=0/256 (0%)  replay=200000/200000  updates=185  loss=0.00181  policy_version=956
  throughput env_steps_s=337.0  transitions_s=337.0  transitions_step=1.0  updates_s=84.3  updates_throttled=0
episode=1596
  mode      collector=async  worker=3  epsilon=0.003
  outcome   reward=0.0005000000000008331  progress=0.0370  success=0/1 (0.00%)  steps=mean:195.0 range:[195,195]
  training  completed=1595/2500  queue=0/256 (0%)  replay=200000/200000  updates=6  loss=0.00180  policy_version=956
  throughput env_steps_s=335.4  transitions_s=335.4  transitions_step=1.0  updates_s=91.5  updates_throttled=0
episode=1595
  mode      collector=async  worker=0  epsilon=0.003
  outcome   reward=0.9859000000000024  progress=0.0741  success=0/1 (0.00%)  steps=mean:341.0 range:[341,341]
  training  completed=1596/2500  queue=0/256 (0%)  replay=200000/200000  updates=94  loss=0.00132  policy_version=957
  throughput env_steps_s=324.3  transitions_s=324.3  transitions_step=1.0  updates_s=80.7  updates_throttled=0
episode=1585
  mode      collector=async  worker=1  epsilon=0.003
  outcome   reward=12.838900000000224  progress=0.5185  success=0/1 (0.00%)  steps=mean:1811.0 range:[1811,1811]
  training  completed=1597/2500  queue=0/256 (0%)  replay=200000/200000  updates=138  loss=0.00181  policy_version=958
  throughput env_steps_s=334.4  transitions_s=334.4  transitions_step=1.0  updates_s=83.6  updates_throttled=0
episode=1598
  mode      collector=async  worker=3  epsilon=0.003
  outcome   reward=0.9968999999999872  progress=0.0741  success=0/1 (0.00%)  steps=mean:231.0 range:[231,231]
  training  completed=1598/2500  queue=2/256 (1%)  replay=200000/200000  updates=3  loss=0.00467  policy_version=958
  throughput env_steps_s=294.6  transitions_s=294.6  transitions_step=1.0  updates_s=98.2  updates_throttled=0
episode=1599
  mode      collector=async  worker=0  epsilon=0.003
  outcome   reward=0.001500000000000723  progress=0.0370  success=0/1 (0.00%)  steps=mean:185.0 range:[185,185]
  training  completed=1599/2500  queue=0/256 (0%)  replay=200000/200000  updates=43  loss=0.00113  policy_version=959
  throughput env_steps_s=336.6  transitions_s=336.6  transitions_step=1.0  updates_s=83.2  updates_throttled=0
episode=1602
  mode      collector=async  worker=0  epsilon=0.003
  outcome   reward=-1.0063  progress=0.0000  success=0/1 (0.00%)  steps=mean:63.0 range:[63,63]
  training  completed=1600/2500  queue=2/256 (1%)  replay=200000/200000  updates=63  loss=0.00089  policy_version=960
  throughput env_steps_s=332.7  transitions_s=332.7  transitions_step=1.0  updates_s=82.9  updates_throttled=0
Saved checkpoint: checkpoints/breakout_s2_rand/ckpt-1600
Scheduled replay buffer save: checkpoints/breakout_s2_rand/replay-1600.npz transitions=200000
Evaluating frozen checkpoint episode=1600 episodes=20 metric=auto...
Saved replay buffer: checkpoints/breakout_s2_rand/replay-1600.npz transitions=200000
episode=1603
  mode      collector=async  worker=0  epsilon=0.003
  outcome   reward=-1.0064  progress=0.0000  success=0/1 (0.00%)  steps=mean:64.0 range:[64,64]
  training  completed=1601/2500  queue=0/256 (0%)  replay=200000/200000  updates=63  loss=0.00180  policy_version=960
  throughput env_steps_s=266.8  transitions_s=266.8  transitions_step=1.0  updates_s=67.0  updates_throttled=0
episode=1597
  mode      collector=async  worker=2  epsilon=0.003
  outcome   reward=5.946099999999969  progress=0.2593  success=0/1 (0.00%)  steps=mean:739.0 range:[739,739]
  training  completed=1602/2500  queue=1/256 (0%)  replay=200000/200000  updates=326  loss=0.00155  policy_version=963
  throughput env_steps_s=292.9  transitions_s=292.9  transitions_step=1.0  updates_s=73.3  updates_throttled=0
episode=1600
  mode      collector=async  worker=1  epsilon=0.003
  outcome   reward=2.9697999999999487  progress=0.1481  success=0/1 (0.00%)  steps=mean:502.0 range:[502,502]
  training  completed=1603/2500  queue=1/256 (0%)  replay=200000/200000  updates=7  loss=0.00022  policy_version=964
  throughput env_steps_s=267.3  transitions_s=267.3  transitions_step=1.0  updates_s=66.8  updates_throttled=0
episode=1606
  mode      collector=async  worker=1  epsilon=0.003
  outcome   reward=1.988499999999987  progress=0.1111  success=0/1 (0.00%)  steps=mean:315.0 range:[315,315]
  training  completed=1604/2500  queue=0/256 (0%)  replay=200000/200000  updates=319  loss=0.00133  policy_version=967
  throughput env_steps_s=287.6  transitions_s=287.6  transitions_step=1.0  updates_s=71.8  updates_throttled=0
episode=1607
  mode      collector=async  worker=1  epsilon=0.003
  outcome   reward=0.0008000000000008001  progress=0.0370  success=0/1 (0.00%)  steps=mean:192.0 range:[192,192]
  training  completed=1605/2500  queue=2/256 (1%)  replay=200000/200000  updates=189  loss=0.00208  policy_version=969
  throughput env_steps_s=285.5  transitions_s=285.5  transitions_step=1.0  updates_s=71.5  updates_throttled=0
episode=1604
  mode      collector=async  worker=0  epsilon=0.003
  outcome   reward=6.92810000000007  progress=0.2963  success=0/1 (0.00%)  steps=mean:919.0 range:[919,919]
  training  completed=1606/2500  queue=0/256 (0%)  replay=200000/200000  updates=78  loss=0.00199  policy_version=969
  throughput env_steps_s=290.3  transitions_s=290.3  transitions_step=1.0  updates_s=72.1  updates_throttled=0
episode=1605
  mode      collector=async  worker=2  epsilon=0.003
  outcome   reward=2.9399999999999515  progress=0.1481  success=0/1 (0.00%)  steps=mean:800.0 range:[800,800]
  training  completed=1607/2500  queue=2/256 (1%)  replay=200000/200000  updates=206  loss=0.00101  policy_version=971
  throughput env_steps_s=287.6  transitions_s=287.6  transitions_step=1.0  updates_s=72.1  updates_throttled=0
episode=1610
  mode      collector=async  worker=2  epsilon=0.003
  outcome   reward=-1.0065  progress=0.0000  success=0/1 (0.00%)  steps=mean:65.0 range:[65,65]
  training  completed=1608/2500  queue=0/256 (0%)  replay=200000/200000  updates=65  loss=0.00142  policy_version=972
  throughput env_steps_s=284.0  transitions_s=284.0  transitions_step=1.0  updates_s=70.2  updates_throttled=0
Frozen evaluation episode=1600: success=0/20 (0.00%) reward_mean=0.7364 steps_mean=246.3
episode=1601
  mode      collector=async  worker=3  epsilon=0.003
  outcome   reward=9.868000000000217  progress=0.4074  success=0/1 (0.00%)  steps=mean:1520.0 range:[1520,1520]
  training  completed=1609/2500  queue=0/256 (0%)  replay=200000/200000  updates=160  loss=0.00185  policy_version=974
  throughput env_steps_s=306.2  transitions_s=306.2  transitions_step=1.0  updates_s=76.9  updates_throttled=0
episode=1612
  mode      collector=async  worker=3  epsilon=0.003
  outcome   reward=-1.0064  progress=0.0000  success=0/1 (0.00%)  steps=mean:64.0 range:[64,64]
  training  completed=1610/2500  queue=0/256 (0%)  replay=200000/200000  updates=63  loss=0.00134  policy_version=974
  throughput env_steps_s=330.6  transitions_s=330.6  transitions_step=1.0  updates_s=82.0  updates_throttled=0
episode=1613
  mode      collector=async  worker=3  epsilon=0.003
  outcome   reward=-1.0064  progress=0.0000  success=0/1 (0.00%)  steps=mean:64.0 range:[64,64]
  training  completed=1611/2500  queue=0/256 (0%)  replay=200000/200000  updates=63  loss=0.00176  policy_version=975
  throughput env_steps_s=340.6  transitions_s=340.6  transitions_step=1.0  updates_s=85.2  updates_throttled=0
episode=1614
  mode      collector=async  worker=3  epsilon=0.003
  outcome   reward=-1.0063  progress=0.0000  success=0/1 (0.00%)  steps=mean:63.0 range:[63,63]
  training  completed=1612/2500  queue=0/256 (0%)  replay=200000/200000  updates=63  loss=0.00178  policy_version=976
  throughput env_steps_s=335.3  transitions_s=335.3  transitions_step=1.0  updates_s=83.5  updates_throttled=0
episode=1608
  mode      collector=async  worker=1  epsilon=0.003
  outcome   reward=4.944200000000028  progress=0.2222  success=0/1 (0.00%)  steps=mean:758.0 range:[758,758]
  training  completed=1613/2500  queue=0/256 (0%)  replay=200000/200000  updates=52  loss=0.00123  policy_version=976
  throughput env_steps_s=330.5  transitions_s=330.5  transitions_step=1.0  updates_s=82.6  updates_throttled=0
episode=1611
  mode      collector=async  worker=2  epsilon=0.003
  outcome   reward=3.9756999999999723  progress=0.1852  success=0/1 (0.00%)  steps=mean:443.0 range:[443,443]
  training  completed=1614/2500  queue=1/256 (0%)  replay=200000/200000  updates=39  loss=0.00121  policy_version=976
  throughput env_steps_s=339.3  transitions_s=339.3  transitions_step=1.0  updates_s=86.5  updates_throttled=0
episode=1616
  mode      collector=async  worker=1  epsilon=0.003
  outcome   reward=-1.0064  progress=0.0000  success=0/1 (0.00%)  steps=mean:64.0 range:[64,64]
  training  completed=1615/2500  queue=0/256 (0%)  replay=200000/200000  updates=27  loss=0.00208  policy_version=977
  throughput env_steps_s=341.8  transitions_s=341.8  transitions_step=1.0  updates_s=84.7  updates_throttled=0
episode=1615
  mode      collector=async  worker=3  epsilon=0.003
  outcome   reward=-0.0011999999999989797  progress=0.0370  success=0/1 (0.00%)  steps=mean:212.0 range:[212,212]
  training  completed=1616/2500  queue=0/256 (0%)  replay=200000/200000  updates=94  loss=0.00153  policy_version=978
  throughput env_steps_s=346.1  transitions_s=346.1  transitions_step=1.0  updates_s=86.1  updates_throttled=0
episode=1609
  mode      collector=async  worker=0  epsilon=0.003
  outcome   reward=4.932600000000118  progress=0.2222  success=0/1 (0.00%)  steps=mean:874.0 range:[874,874]
  training  completed=1617/2500  queue=2/256 (1%)  replay=200000/200000  updates=51  loss=0.00168  policy_version=978
  throughput env_steps_s=337.2  transitions_s=337.2  transitions_step=1.0  updates_s=85.6  updates_throttled=0
episode=1617
  mode      collector=async  worker=2  epsilon=0.003
  outcome   reward=0.001300000000000967  progress=0.0370  success=0/1 (0.00%)  steps=mean:187.0 range:[187,187]
  training  completed=1618/2500  queue=0/256 (0%)  replay=200000/200000  updates=19  loss=0.00193  policy_version=978
  throughput env_steps_s=342.4  transitions_s=342.4  transitions_step=1.0  updates_s=82.3  updates_throttled=0
episode=1618
  mode      collector=async  worker=1  epsilon=0.003
  outcome   reward=0.002600000000000824  progress=0.0370  success=0/1 (0.00%)  steps=mean:174.0 range:[174,174]
  training  completed=1619/2500  queue=0/256 (0%)  replay=200000/200000  updates=6  loss=0.00119  policy_version=978
  throughput env_steps_s=330.3  transitions_s=330.3  transitions_step=1.0  updates_s=82.6  updates_throttled=0
episode=1621
  mode      collector=async  worker=2  epsilon=0.003
  outcome   reward=0.001300000000000745  progress=0.0370  success=0/1 (0.00%)  steps=mean:187.0 range:[187,187]
  training  completed=1620/2500  queue=5/256 (2%)  replay=200000/200000  updates=185  loss=0.00211  policy_version=980
  throughput env_steps_s=328.3  transitions_s=328.3  transitions_step=1.0  updates_s=82.3  updates_throttled=0
episode=1622
  mode      collector=async  worker=1  epsilon=0.003
  outcome   reward=1.0006999999999853  progress=0.0741  success=0/1 (0.00%)  steps=mean:193.0 range:[193,193]
  training  completed=1621/2500  queue=0/256 (0%)  replay=200000/200000  updates=7  loss=0.00015  policy_version=980
  throughput env_steps_s=405.1  transitions_s=405.1  transitions_step=1.0  updates_s=101.3  updates_throttled=0
episode=1619
  mode      collector=async  worker=3  epsilon=0.003
  outcome   reward=0.9894000000000023  progress=0.0741  success=0/1 (0.00%)  steps=mean:306.0 range:[306,306]
  training  completed=1622/2500  queue=0/256 (0%)  replay=200000/200000  updates=33  loss=0.00130  policy_version=981
  throughput env_steps_s=333.3  transitions_s=333.3  transitions_step=1.0  updates_s=84.0  updates_throttled=0
episode=1623
  mode      collector=async  worker=2  epsilon=0.003
  outcome   reward=-1.0062  progress=0.0000  success=0/1 (0.00%)  steps=mean:62.0 range:[62,62]
  training  completed=1623/2500  queue=0/256 (0%)  replay=200000/200000  updates=23  loss=0.00249  policy_version=981
  throughput env_steps_s=343.4  transitions_s=343.4  transitions_step=1.0  updates_s=84.0  updates_throttled=0
episode=1620
  mode      collector=async  worker=0  epsilon=0.003
  outcome   reward=0.9884000000000024  progress=0.0741  success=0/1 (0.00%)  steps=mean:316.0 range:[316,316]
  training  completed=1624/2500  queue=1/256 (0%)  replay=200000/200000  updates=42  loss=0.00114  policy_version=981
  throughput env_steps_s=344.9  transitions_s=344.9  transitions_step=1.0  updates_s=87.3  updates_throttled=0
episode=1626
  mode      collector=async  worker=2  epsilon=0.003
  outcome   reward=-1.0064  progress=0.0000  success=0/1 (0.00%)  steps=mean:64.0 range:[64,64]
  training  completed=1625/2500  queue=0/256 (0%)  replay=200000/200000  updates=25  loss=0.00140  policy_version=982
  throughput env_steps_s=339.2  transitions_s=339.2  transitions_step=1.0  updates_s=84.0  updates_throttled=0
episode=1628
  mode      collector=async  worker=2  epsilon=0.003
  outcome   reward=-1.0064  progress=0.0000  success=0/1 (0.00%)  steps=mean:64.0 range:[64,64]
  training  completed=1626/2500  queue=0/256 (0%)  replay=200000/200000  updates=66  loss=0.00100  policy_version=982
  throughput env_steps_s=270.5  transitions_s=270.5  transitions_step=1.0  updates_s=67.1  updates_throttled=0
episode=1629
  mode      collector=async  worker=2  epsilon=0.002
  outcome   reward=-1.0062  progress=0.0000  success=0/1 (0.00%)  steps=mean:62.0 range:[62,62]
  training  completed=1627/2500  queue=0/256 (0%)  replay=200000/200000  updates=61  loss=0.00117  policy_version=983
  throughput env_steps_s=308.2  transitions_s=308.2  transitions_step=1.0  updates_s=77.7  updates_throttled=0
episode=1624
  mode      collector=async  worker=1  epsilon=0.002
  outcome   reward=1.9886999999999666  progress=0.1111  success=0/1 (0.00%)  steps=mean:313.0 range:[313,313]
  training  completed=1628/2500  queue=2/256 (1%)  replay=200000/200000  updates=68  loss=0.00290  policy_version=984
  throughput env_steps_s=325.9  transitions_s=325.9  transitions_step=1.0  updates_s=81.8  updates_throttled=0
episode=1631
  mode      collector=async  worker=1  epsilon=0.002
  outcome   reward=4.950699999999969  progress=0.2222  success=0/1 (0.00%)  steps=mean:693.0 range:[693,693]
  training  completed=1629/2500  queue=0/256 (0%)  replay=200000/200000  updates=692  loss=0.00153  policy_version=990
  throughput env_steps_s=329.5  transitions_s=329.5  transitions_step=1.0  updates_s=82.3  updates_throttled=0
episode=1632
  mode      collector=async  worker=1  epsilon=0.002
  outcome   reward=0.00200000000000089  progress=0.0370  success=0/1 (0.00%)  steps=mean:180.0 range:[180,180]
  training  completed=1630/2500  queue=1/256 (0%)  replay=200000/200000  updates=181  loss=0.00149  policy_version=992
  throughput env_steps_s=331.0  transitions_s=331.0  transitions_step=1.0  updates_s=83.0  updates_throttled=0
episode=1627
  mode      collector=async  worker=0  epsilon=0.002
  outcome   reward=5.909800000000059  progress=0.2593  success=0/1 (0.00%)  steps=mean:1102.0 range:[1102,1102]
  training  completed=1631/2500  queue=1/256 (0%)  replay=200000/200000  updates=6  loss=0.00050  policy_version=992
  throughput env_steps_s=316.0  transitions_s=316.0  transitions_step=1.0  updates_s=79.0  updates_throttled=0
episode=1625
  mode      collector=async  worker=3  epsilon=0.002
  outcome   reward=7.903400000000175  progress=0.3333  success=0/1 (0.00%)  steps=mean:1166.0 range:[1166,1166]
  training  completed=1632/2500  queue=0/256 (0%)  replay=200000/200000  updates=5  loss=0.00176  policy_version=992
  throughput env_steps_s=349.1  transitions_s=349.1  transitions_step=1.0  updates_s=83.1  updates_throttled=0
episode=1630
  mode      collector=async  worker=2  epsilon=0.002
  outcome   reward=6.923200000000047  progress=0.2963  success=0/1 (0.00%)  steps=mean:968.0 range:[968,968]
  training  completed=1633/2500  queue=2/256 (1%)  replay=200000/200000  updates=10  loss=0.00431  policy_version=992
  throughput env_steps_s=305.3  transitions_s=305.3  transitions_step=1.0  updates_s=78.3  updates_throttled=0
episode=1634
  mode      collector=async  worker=0  epsilon=0.002
  outcome   reward=-1.0061  progress=0.0000  success=0/1 (0.00%)  steps=mean:61.0 range:[61,61]
  training  completed=1634/2500  queue=1/256 (0%)  replay=200000/200000  updates=46  loss=0.00146  policy_version=993
  throughput env_steps_s=346.0  transitions_s=346.0  transitions_step=1.0  updates_s=86.5  updates_throttled=0
episode=1636
  mode      collector=async  worker=2  epsilon=0.002
  outcome   reward=-1.0064  progress=0.0000  success=0/1 (0.00%)  steps=mean:64.0 range:[64,64]
  training  completed=1635/2500  queue=0/256 (0%)  replay=200000/200000  updates=17  loss=0.00193  policy_version=993
  throughput env_steps_s=349.4  transitions_s=349.4  transitions_step=1.0  updates_s=83.7  updates_throttled=0
episode=1638
  mode      collector=async  worker=2  epsilon=0.002
  outcome   reward=2.96229999999996  progress=0.1481  success=0/1 (0.00%)  steps=mean:577.0 range:[577,577]
  training  completed=1636/2500  queue=0/256 (0%)  replay=200000/200000  updates=574  loss=0.00178  policy_version=999
  throughput env_steps_s=341.9  transitions_s=341.9  transitions_step=1.0  updates_s=85.5  updates_throttled=0
episode=1635
  mode      collector=async  worker=3  epsilon=0.002
  outcome   reward=3.9474999999999643  progress=0.1852  success=0/1 (0.00%)  steps=mean:725.0 range:[725,725]
  training  completed=1637/2500  queue=0/256 (0%)  replay=200000/200000  updates=82  loss=0.00155  policy_version=1000
  throughput env_steps_s=344.0  transitions_s=344.0  transitions_step=1.0  updates_s=86.3  updates_throttled=0
episode=1640
  mode      collector=async  worker=3  epsilon=0.002
  outcome   reward=-1.0065  progress=0.0000  success=0/1 (0.00%)  steps=mean:65.0 range:[65,65]
  training  completed=1638/2500  queue=0/256 (0%)  replay=200000/200000  updates=64  loss=0.00137  policy_version=1000
  throughput env_steps_s=333.4  transitions_s=333.4  transitions_step=1.0  updates_s=83.4  updates_throttled=0
episode=1641
  mode      collector=async  worker=3  epsilon=0.002
  outcome   reward=-1.006  progress=0.0000  success=0/1 (0.00%)  steps=mean:60.0 range:[60,60]
  training  completed=1639/2500  queue=0/256 (0%)  replay=200000/200000  updates=62  loss=0.00191  policy_version=1001
  throughput env_steps_s=351.9  transitions_s=351.9  transitions_step=1.0  updates_s=87.3  updates_throttled=0
episode=1639
  mode      collector=async  worker=2  epsilon=0.002
  outcome   reward=4.948600000000007  progress=0.2222  success=0/1 (0.00%)  steps=mean:714.0 range:[714,714]
  training  completed=1640/2500  queue=4/256 (2%)  replay=200000/200000  updates=495  loss=0.00192  policy_version=1006
  throughput env_steps_s=342.5  transitions_s=342.5  transitions_step=1.0  updates_s=85.7  updates_throttled=0
episode=1643
  mode      collector=async  worker=2  epsilon=0.002
  outcome   reward=-1.0067  progress=0.0000  success=0/1 (0.00%)  steps=mean:67.0 range:[67,67]
  training  completed=1641/2500  queue=0/256 (0%)  replay=200000/200000  updates=64  loss=0.00189  policy_version=1007
  throughput env_steps_s=346.6  transitions_s=346.6  transitions_step=1.0  updates_s=86.3  updates_throttled=0
episode=1637
  mode      collector=async  worker=0  epsilon=0.002
  outcome   reward=13.840900000000232  progress=0.5556  success=0/1 (0.00%)  steps=mean:1791.0 range:[1791,1791]
  training  completed=1642/2500  queue=0/256 (0%)  replay=200000/200000  updates=428  loss=0.00170  policy_version=1011
  throughput env_steps_s=341.4  transitions_s=341.4  transitions_step=1.0  updates_s=85.5  updates_throttled=0
episode=1633
  mode      collector=async  worker=1  epsilon=0.002
  outcome   reward=9.835900000000125  progress=0.4074  success=0/1 (0.00%)  steps=mean:1841.0 range:[1841,1841]
  training  completed=1643/2500  queue=0/256 (0%)  replay=200000/200000  updates=1  loss=0.00032  policy_version=1011
  throughput env_steps_s=262.5  transitions_s=262.5  transitions_step=1.0  updates_s=65.6  updates_throttled=0
episode=1644
  mode      collector=async  worker=2  epsilon=0.002
  outcome   reward=3.96309999999995  progress=0.1852  success=0/1 (0.00%)  steps=mean:569.0 range:[569,569]
  training  completed=1644/2500  queue=0/256 (0%)  replay=200000/200000  updates=136  loss=0.00177  policy_version=1012
  throughput env_steps_s=334.5  transitions_s=334.5  transitions_step=1.0  updates_s=83.3  updates_throttled=0
episode=1645
  mode      collector=async  worker=0  epsilon=0.002
  outcome   reward=0.0009000000000007891  progress=0.0370  success=0/1 (0.00%)  steps=mean:191.0 range:[191,191]
  training  completed=1645/2500  queue=0/256 (0%)  replay=200000/200000  updates=58  loss=0.00153  policy_version=1013
  throughput env_steps_s=325.6  transitions_s=325.6  transitions_step=1.0  updates_s=82.1  updates_throttled=0
episode=1647
  mode      collector=async  worker=2  epsilon=0.002
  outcome   reward=-1.0064  progress=0.0000  success=0/1 (0.00%)  steps=mean:64.0 range:[64,64]
  training  completed=1646/2500  queue=0/256 (0%)  replay=200000/200000  updates=7  loss=0.00071  policy_version=1013
  throughput env_steps_s=356.1  transitions_s=356.1  transitions_step=1.0  updates_s=86.0  updates_throttled=0
episode=1642
  mode      collector=async  worker=3  epsilon=0.002
  outcome   reward=10.886400000000123  progress=0.4444  success=0/1 (0.00%)  steps=mean:1336.0 range:[1336,1336]
  training  completed=1647/2500  queue=0/256 (0%)  replay=200000/200000  updates=150  loss=0.00182  policy_version=1014
  throughput env_steps_s=339.9  transitions_s=339.9  transitions_step=1.0  updates_s=85.1  updates_throttled=0
episode=1650
  mode      collector=async  worker=3  epsilon=0.002
  outcome   reward=1.9747999999999883  progress=0.1111  success=0/1 (0.00%)  steps=mean:452.0 range:[452,452]
  training  completed=1648/2500  queue=0/256 (0%)  replay=200000/200000  updates=448  loss=0.00172  policy_version=1019
  throughput env_steps_s=339.5  transitions_s=339.5  transitions_step=1.0  updates_s=84.9  updates_throttled=0
episode=1651
  mode      collector=async  worker=3  epsilon=0.002
  outcome   reward=-1.0063  progress=0.0000  success=0/1 (0.00%)  steps=mean:63.0 range:[63,63]
  training  completed=1649/2500  queue=0/256 (0%)  replay=200000/200000  updates=65  loss=0.00226  policy_version=1019
  throughput env_steps_s=337.7  transitions_s=337.7  transitions_step=1.0  updates_s=84.4  updates_throttled=0
episode=1646
  mode      collector=async  worker=1  epsilon=0.002
  outcome   reward=7.928300000000062  progress=0.3333  success=0/1 (0.00%)  steps=mean:917.0 range:[917,917]
  training  completed=1650/2500  queue=0/256 (0%)  replay=200000/200000  updates=55  loss=0.00083  policy_version=1020
  throughput env_steps_s=338.3  transitions_s=338.3  transitions_step=1.0  updates_s=84.6  updates_throttled=0
episode=1648
  mode      collector=async  worker=0  epsilon=0.002
  outcome   reward=4.9317000000000615  progress=0.2222  success=0/1 (0.00%)  steps=mean:883.0 range:[883,883]
  training  completed=1651/2500  queue=1/256 (0%)  replay=200000/200000  updates=159  loss=0.00176  policy_version=1022
  throughput env_steps_s=337.9  transitions_s=337.9  transitions_step=1.0  updates_s=84.6  updates_throttled=0
episode=1652
  mode      collector=async  worker=3  epsilon=0.002
  outcome   reward=1.9874999999999858  progress=0.1111  success=0/1 (0.00%)  steps=mean:325.0 range:[325,325]
  training  completed=1652/2500  queue=2/256 (1%)  replay=200000/200000  updates=112  loss=0.00140  policy_version=1023
  throughput env_steps_s=331.3  transitions_s=331.3  transitions_step=1.0  updates_s=82.8  updates_throttled=0
episode=1654
  mode      collector=async  worker=0  epsilon=0.002
  outcome   reward=1.9795999999999874  progress=0.1111  success=0/1 (0.00%)  steps=mean:404.0 range:[404,404]
  training  completed=1653/2500  queue=0/256 (0%)  replay=200000/200000  updates=294  loss=0.00180  policy_version=1026
  throughput env_steps_s=339.4  transitions_s=339.4  transitions_step=1.0  updates_s=84.8  updates_throttled=0
episode=1656
  mode      collector=async  worker=0  epsilon=0.002
  outcome   reward=0.001700000000000923  progress=0.0370  success=0/1 (0.00%)  steps=mean:183.0 range:[183,183]
  training  completed=1654/2500  queue=0/256 (0%)  replay=200000/200000  updates=182  loss=0.00178  policy_version=1027
  throughput env_steps_s=339.8  transitions_s=339.8  transitions_step=1.0  updates_s=84.6  updates_throttled=0
episode=1657
  mode      collector=async  worker=0  epsilon=0.002
  outcome   reward=-1.0065  progress=0.0000  success=0/1 (0.00%)  steps=mean:65.0 range:[65,65]
  training  completed=1655/2500  queue=0/256 (0%)  replay=200000/200000  updates=66  loss=0.00150  policy_version=1028
  throughput env_steps_s=347.8  transitions_s=347.8  transitions_step=1.0  updates_s=87.6  updates_throttled=0
episode=1655
  mode      collector=async  worker=3  epsilon=0.002
  outcome   reward=5.9385000000000545  progress=0.2593  success=0/1 (0.00%)  steps=mean:815.0 range:[815,815]
  training  completed=1656/2500  queue=2/256 (1%)  replay=200000/200000  updates=272  loss=0.00198  policy_version=1031
  throughput env_steps_s=330.5  transitions_s=330.5  transitions_step=1.0  updates_s=82.7  updates_throttled=0
episode=1649
  mode      collector=async  worker=2  epsilon=0.002
  outcome   reward=9.82250000000026  progress=0.4074  success=0/1 (0.00%)  steps=mean:1975.0 range:[1975,1975]
  training  completed=1657/2500  queue=0/256 (0%)  replay=200000/200000  updates=170  loss=0.00170  policy_version=1033
  throughput env_steps_s=309.3  transitions_s=309.3  transitions_step=1.0  updates_s=77.1  updates_throttled=0
episode=1653
  mode      collector=async  worker=1  epsilon=0.002
  outcome   reward=8.887900000000124  progress=0.3704  success=0/1 (0.00%)  steps=mean:1321.0 range:[1321,1321]
  training  completed=1658/2500  queue=2/256 (1%)  replay=200000/200000  updates=58  loss=0.00364  policy_version=1033
  throughput env_steps_s=300.7  transitions_s=300.7  transitions_step=1.0  updates_s=75.8  updates_throttled=0
episode=1660
  mode      collector=async  worker=2  epsilon=0.002
  outcome   reward=1.9756999999999871  progress=0.1111  success=0/1 (0.00%)  steps=mean:443.0 range:[443,443]
  training  completed=1659/2500  queue=0/256 (0%)  replay=200000/200000  updates=381  loss=0.00174  policy_version=1037
  throughput env_steps_s=328.6  transitions_s=328.6  transitions_step=1.0  updates_s=82.1  updates_throttled=0
episode=1661
  mode      collector=async  worker=1  epsilon=0.002
  outcome   reward=1.976699999999988  progress=0.1111  success=0/1 (0.00%)  steps=mean:433.0 range:[433,433]
  training  completed=1660/2500  queue=3/256 (1%)  replay=200000/200000  updates=53  loss=0.00161  policy_version=1037
  throughput env_steps_s=318.2  transitions_s=318.2  transitions_step=1.0  updates_s=79.9  updates_throttled=0
episode=1663
  mode      collector=async  worker=1  epsilon=0.002
  outcome   reward=-1.0065  progress=0.0000  success=0/1 (0.00%)  steps=mean:65.0 range:[65,65]
  training  completed=1661/2500  queue=0/256 (0%)  replay=200000/200000  updates=63  loss=0.00259  policy_version=1038
  throughput env_steps_s=329.0  transitions_s=329.0  transitions_step=1.0  updates_s=81.9  updates_throttled=0
episode=1658
  mode      collector=async  worker=0  epsilon=0.002
  outcome   reward=8.917800000000103  progress=0.3704  success=0/1 (0.00%)  steps=mean:1022.0 range:[1022,1022]
  training  completed=1662/2500  queue=0/256 (0%)  replay=200000/200000  updates=26  loss=0.00165  policy_version=1038
  throughput env_steps_s=313.3  transitions_s=313.3  transitions_step=1.0  updates_s=76.9  updates_throttled=0
episode=1659
  mode      collector=async  worker=3  epsilon=0.002
  outcome   reward=4.9432000000001  progress=0.2222  success=0/1 (0.00%)  steps=mean:768.0 range:[768,768]
  training  completed=1663/2500  queue=0/256 (0%)  replay=200000/200000  updates=26  loss=0.00092  policy_version=1039
  throughput env_steps_s=326.3  transitions_s=326.3  transitions_step=1.0  updates_s=82.4  updates_throttled=0
episode=1664
  mode      collector=async  worker=1  epsilon=0.002
  outcome   reward=-1.0062  progress=0.0000  success=0/1 (0.00%)  steps=mean:62.0 range:[62,62]
  training  completed=1664/2500  queue=0/256 (0%)  replay=200000/200000  updates=8  loss=0.00463  policy_version=1039
  throughput env_steps_s=282.7  transitions_s=282.7  transitions_step=1.0  updates_s=70.7  updates_throttled=0
episode=1662
  mode      collector=async  worker=2  epsilon=0.002
  outcome   reward=0.001300000000000745  progress=0.0370  success=0/1 (0.00%)  steps=mean:187.0 range:[187,187]
  training  completed=1665/2500  queue=0/256 (0%)  replay=200000/200000  updates=14  loss=0.00176  policy_version=1039
  throughput env_steps_s=282.7  transitions_s=282.7  transitions_step=1.0  updates_s=69.4  updates_throttled=0
episode=1665
  mode      collector=async  worker=0  epsilon=0.002
  outcome   reward=-1.006  progress=0.0000  success=0/1 (0.00%)  steps=mean:60.0 range:[60,60]
  training  completed=1666/2500  queue=0/256 (0%)  replay=200000/200000  updates=13  loss=0.00288  policy_version=1039
  throughput env_steps_s=296.8  transitions_s=296.8  transitions_step=1.0  updates_s=74.2  updates_throttled=0
episode=1666
  mode      collector=async  worker=3  epsilon=0.002
  outcome   reward=-1.0064  progress=0.0000  success=0/1 (0.00%)  steps=mean:64.0 range:[64,64]
  training  completed=1667/2500  queue=2/256 (1%)  replay=200000/200000  updates=28  loss=0.00153  policy_version=1039
  throughput env_steps_s=314.3  transitions_s=314.3  transitions_step=1.0  updates_s=80.7  updates_throttled=0
episode=1667
  mode      collector=async  worker=1  epsilon=0.002
  outcome   reward=-1.0061  progress=0.0000  success=0/1 (0.00%)  steps=mean:61.0 range:[61,61]
  training  completed=1668/2500  queue=0/256 (0%)  replay=200000/200000  updates=8  loss=0.00355  policy_version=1039
  throughput env_steps_s=298.7  transitions_s=298.7  transitions_step=1.0  updates_s=74.7  updates_throttled=0
episode=1668
  mode      collector=async  worker=2  epsilon=0.002
  outcome   reward=-1.0069  progress=0.0000  success=0/1 (0.00%)  steps=mean:69.0 range:[69,69]
  training  completed=1669/2500  queue=0/256 (0%)  replay=200000/200000  updates=20  loss=0.00105  policy_version=1040
  throughput env_steps_s=313.8  transitions_s=313.8  transitions_step=1.0  updates_s=77.5  updates_throttled=0
episode=1669
  mode      collector=async  worker=0  epsilon=0.002
  outcome   reward=-1.0061  progress=0.0000  success=0/1 (0.00%)  steps=mean:61.0 range:[61,61]
  training  completed=1670/2500  queue=0/256 (0%)  replay=200000/200000  updates=4  loss=0.00027  policy_version=1040
  throughput env_steps_s=329.3  transitions_s=329.3  transitions_step=1.0  updates_s=73.2  updates_throttled=0
episode=1671
  mode      collector=async  worker=1  epsilon=0.002
  outcome   reward=-1.0063  progress=0.0000  success=0/1 (0.00%)  steps=mean:63.0 range:[63,63]
  training  completed=1671/2500  queue=0/256 (0%)  replay=200000/200000  updates=40  loss=0.00129  policy_version=1040
  throughput env_steps_s=311.9  transitions_s=311.9  transitions_step=1.0  updates_s=78.5  updates_throttled=0
episode=1673
  mode      collector=async  worker=0  epsilon=0.002
  outcome   reward=-1.0065  progress=0.0000  success=0/1 (0.00%)  steps=mean:65.0 range:[65,65]
  training  completed=1672/2500  queue=0/256 (0%)  replay=200000/200000  updates=23  loss=0.00288  policy_version=1040
  throughput env_steps_s=315.2  transitions_s=315.2  transitions_step=1.0  updates_s=78.8  updates_throttled=0
episode=1675
  mode      collector=async  worker=0  epsilon=0.002
  outcome   reward=0.002100000000000879  progress=0.0370  success=0/1 (0.00%)  steps=mean:179.0 range:[179,179]
  training  completed=1673/2500  queue=0/256 (0%)  replay=200000/200000  updates=187  loss=0.00110  policy_version=1042
  throughput env_steps_s=327.7  transitions_s=327.7  transitions_step=1.0  updates_s=82.0  updates_throttled=0
episode=1670
  mode      collector=async  worker=3  epsilon=0.002
  outcome   reward=2.9633999999999556  progress=0.1481  success=0/1 (0.00%)  steps=mean:566.0 range:[566,566]
  training  completed=1674/2500  queue=0/256 (0%)  replay=200000/200000  updates=277  loss=0.00169  policy_version=1045
  throughput env_steps_s=323.4  transitions_s=323.4  transitions_step=1.0  updates_s=80.8  updates_throttled=0
episode=1677
  mode      collector=async  worker=3  epsilon=0.002
  outcome   reward=-1.0067  progress=0.0000  success=0/1 (0.00%)  steps=mean:67.0 range:[67,67]
  training  completed=1675/2500  queue=0/256 (0%)  replay=200000/200000  updates=68  loss=0.00177  policy_version=1046
  throughput env_steps_s=309.5  transitions_s=309.5  transitions_step=1.0  updates_s=77.1  updates_throttled=0
episode=1676
  mode      collector=async  worker=0  epsilon=0.002
  outcome   reward=2.965199999999962  progress=0.1481  success=0/1 (0.00%)  steps=mean:548.0 range:[548,548]
  training  completed=1676/2500  queue=0/256 (0%)  replay=200000/200000  updates=205  loss=0.00121  policy_version=1048
  throughput env_steps_s=286.0  transitions_s=286.0  transitions_step=1.0  updates_s=71.4  updates_throttled=0
episode=1679
  mode      collector=async  worker=0  epsilon=0.002
  outcome   reward=-1.0062  progress=0.0000  success=0/1 (0.00%)  steps=mean:62.0 range:[62,62]
  training  completed=1677/2500  queue=0/256 (0%)  replay=200000/200000  updates=62  loss=0.00159  policy_version=1048
  throughput env_steps_s=307.9  transitions_s=307.9  transitions_step=1.0  updates_s=77.6  updates_throttled=0
episode=1678
  mode      collector=async  worker=3  epsilon=0.002
  outcome   reward=3.9488999999999654  progress=0.1852  success=0/1 (0.00%)  steps=mean:711.0 range:[711,711]
  training  completed=1678/2500  queue=1/256 (0%)  replay=200000/200000  updates=447  loss=0.00200  policy_version=1053
  throughput env_steps_s=309.6  transitions_s=309.6  transitions_step=1.0  updates_s=77.4  updates_throttled=0
episode=1681
  mode      collector=async  worker=3  epsilon=0.002
  outcome   reward=1.977299999999987  progress=0.1111  success=0/1 (0.00%)  steps=mean:427.0 range:[427,427]
  training  completed=1679/2500  queue=0/256 (0%)  replay=200000/200000  updates=434  loss=0.00177  policy_version=1057
  throughput env_steps_s=336.1  transitions_s=336.1  transitions_step=1.0  updates_s=84.0  updates_throttled=0
episode=1672
  mode      collector=async  worker=2  epsilon=0.002
  outcome   reward=10.842900000000212  progress=0.4444  success=0/1 (0.00%)  steps=mean:1771.0 range:[1771,1771]
  training  completed=1680/2500  queue=2/256 (1%)  replay=200000/200000  updates=26  loss=0.00242  policy_version=1057
  throughput env_steps_s=315.7  transitions_s=315.7  transitions_step=1.0  updates_s=77.4  updates_throttled=0
episode=1674
  mode      collector=async  worker=1  epsilon=0.002
  outcome   reward=8.828000000000243  progress=0.3704  success=0/1 (0.00%)  steps=mean:1920.0 range:[1920,1920]
  training  completed=1681/2500  queue=0/256 (0%)  replay=200000/200000  updates=174  loss=0.00147  policy_version=1059
  throughput env_steps_s=339.5  transitions_s=339.5  transitions_step=1.0  updates_s=85.0  updates_throttled=0
episode=1683
  mode      collector=async  worker=2  epsilon=0.002
  outcome   reward=2.9671999999999503  progress=0.1481  success=0/1 (0.00%)  steps=mean:528.0 range:[528,528]
  training  completed=1682/2500  queue=0/256 (0%)  replay=200000/200000  updates=354  loss=0.00199  policy_version=1063
  throughput env_steps_s=335.6  transitions_s=335.6  transitions_step=1.0  updates_s=83.9  updates_throttled=0
episode=1684
  mode      collector=async  worker=1  epsilon=0.002
  outcome   reward=2.9630999999999617  progress=0.1481  success=0/1 (0.00%)  steps=mean:569.0 range:[569,569]
  training  completed=1683/2500  queue=0/256 (0%)  replay=200000/200000  updates=210  loss=0.00155  policy_version=1065
  throughput env_steps_s=334.6  transitions_s=334.6  transitions_step=1.0  updates_s=83.6  updates_throttled=0
episode=1686
  mode      collector=async  worker=1  epsilon=0.002
  outcome   reward=0.001900000000000901  progress=0.0370  success=0/1 (0.00%)  steps=mean:181.0 range:[181,181]
  training  completed=1684/2500  queue=1/256 (0%)  replay=200000/200000  updates=184  loss=0.00183  policy_version=1066
  throughput env_steps_s=331.7  transitions_s=331.7  transitions_step=1.0  updates_s=83.3  updates_throttled=0
episode=1685
  mode      collector=async  worker=2  epsilon=0.002
  outcome   reward=1.9773999999999863  progress=0.1111  success=0/1 (0.00%)  steps=mean:426.0 range:[426,426]
  training  completed=1685/2500  queue=0/256 (0%)  replay=200000/200000  updates=31  loss=0.00224  policy_version=1067
  throughput env_steps_s=333.0  transitions_s=333.0  transitions_step=1.0  updates_s=81.9  updates_throttled=0
episode=1687
  mode      collector=async  worker=1  epsilon=0.002
  outcome   reward=-1.0065  progress=0.0000  success=0/1 (0.00%)  steps=mean:65.0 range:[65,65]
  training  completed=1686/2500  queue=0/256 (0%)  replay=200000/200000  updates=34  loss=0.00123  policy_version=1067
  throughput env_steps_s=338.4  transitions_s=338.4  transitions_step=1.0  updates_s=85.2  updates_throttled=0
episode=1682
  mode      collector=async  worker=3  epsilon=0.002
  outcome   reward=7.901600000000112  progress=0.3333  success=0/1 (0.00%)  steps=mean:1184.0 range:[1184,1184]
  training  completed=1687/2500  queue=0/256 (0%)  replay=200000/200000  updates=161  loss=0.00238  policy_version=1069
  throughput env_steps_s=339.0  transitions_s=339.0  transitions_step=1.0  updates_s=84.6  updates_throttled=0
episode=1690
  mode      collector=async  worker=3  epsilon=0.002
  outcome   reward=-1.0064  progress=0.0000  success=0/1 (0.00%)  steps=mean:64.0 range:[64,64]
  training  completed=1688/2500  queue=0/256 (0%)  replay=200000/200000  updates=62  loss=0.00169  policy_version=1069
  throughput env_steps_s=332.7  transitions_s=332.7  transitions_step=1.0  updates_s=83.2  updates_throttled=0
episode=1688
  mode      collector=async  worker=2  epsilon=0.002
  outcome   reward=1.9890999999999657  progress=0.1111  success=0/1 (0.00%)  steps=mean:309.0 range:[309,309]
  training  completed=1689/2500  queue=0/256 (0%)  replay=200000/200000  updates=56  loss=0.00113  policy_version=1070
  throughput env_steps_s=334.7  transitions_s=334.7  transitions_step=1.0  updates_s=83.3  updates_throttled=0
episode=1691
  mode      collector=async  worker=3  epsilon=0.002
  outcome   reward=-1.0065  progress=0.0000  success=0/1 (0.00%)  steps=mean:65.0 range:[65,65]
  training  completed=1690/2500  queue=0/256 (0%)  replay=200000/200000  updates=7  loss=0.00132  policy_version=1070
  throughput env_steps_s=326.7  transitions_s=326.7  transitions_step=1.0  updates_s=81.7  updates_throttled=0
episode=1680
  mode      collector=async  worker=0  epsilon=0.002
  outcome   reward=15.787100000000475  progress=0.6296  success=0/1 (0.00%)  steps=mean:2329.0 range:[2329,2329]
  training  completed=1691/2500  queue=1/256 (0%)  replay=200000/200000  updates=165  loss=0.00242  policy_version=1072
  throughput env_steps_s=336.6  transitions_s=336.6  transitions_step=1.0  updates_s=84.4  updates_throttled=0
episode=1693
  mode      collector=async  worker=3  epsilon=0.002
  outcome   reward=0.0009000000000007891  progress=0.0370  success=0/1 (0.00%)  steps=mean:191.0 range:[191,191]
  training  completed=1692/2500  queue=0/256 (0%)  replay=200000/200000  updates=27  loss=0.00161  policy_version=1072
  throughput env_steps_s=325.6  transitions_s=325.6  transitions_step=1.0  updates_s=79.9  updates_throttled=0
episode=1692
  mode      collector=async  worker=2  epsilon=0.002
  outcome   reward=1.9892999999999639  progress=0.1111  success=0/1 (0.00%)  steps=mean:307.0 range:[307,307]
  training  completed=1693/2500  queue=0/256 (0%)  replay=200000/200000  updates=108  loss=0.00140  policy_version=1073
  throughput env_steps_s=333.0  transitions_s=333.0  transitions_step=1.0  updates_s=83.2  updates_throttled=0
episode=1689
  mode      collector=async  worker=1  epsilon=0.002
  outcome   reward=6.895800000000138  progress=0.2963  success=0/1 (0.00%)  steps=mean:1242.0 range:[1242,1242]
  training  completed=1694/2500  queue=0/256 (0%)  replay=200000/200000  updates=655  loss=0.00155  policy_version=1080
  throughput env_steps_s=340.4  transitions_s=340.4  transitions_step=1.0  updates_s=85.1  updates_throttled=0
episode=1696
  mode      collector=async  worker=2  epsilon=0.002
  outcome   reward=5.941800000000044  progress=0.2593  success=0/1 (0.00%)  steps=mean:782.0 range:[782,782]
  training  completed=1695/2500  queue=1/256 (0%)  replay=200000/200000  updates=130  loss=0.00169  policy_version=1081
  throughput env_steps_s=338.1  transitions_s=338.1  transitions_step=1.0  updates_s=85.0  updates_throttled=0
episode=1694
  mode      collector=async  worker=0  epsilon=0.002
  outcome   reward=6.925800000000038  progress=0.2963  success=0/1 (0.00%)  steps=mean:942.0 range:[942,942]
  training  completed=1696/2500  queue=0/256 (0%)  replay=200000/200000  updates=14  loss=0.00236  policy_version=1081
  throughput env_steps_s=337.3  transitions_s=337.3  transitions_step=1.0  updates_s=80.0  updates_throttled=0
episode=1695
  mode      collector=async  worker=3  epsilon=0.002
  outcome   reward=4.9283999999999875  progress=0.2222  success=0/1 (0.00%)  steps=mean:916.0 range:[916,916]
  training  completed=1697/2500  queue=0/256 (0%)  replay=200000/200000  updates=12  loss=0.00198  policy_version=1081
  throughput env_steps_s=320.2  transitions_s=320.2  transitions_step=1.0  updates_s=85.4  updates_throttled=0
episode=1698
  mode      collector=async  worker=2  epsilon=0.002
  outcome   reward=-1.0065  progress=0.0000  success=0/1 (0.00%)  steps=mean:65.0 range:[65,65]
  training  completed=1698/2500  queue=2/256 (1%)  replay=200000/200000  updates=39  loss=0.00222  policy_version=1082
  throughput env_steps_s=326.9  transitions_s=326.9  transitions_step=1.0  updates_s=81.7  updates_throttled=0
episode=1699
  mode      collector=async  worker=0  epsilon=0.002
  outcome   reward=-1.0063  progress=0.0000  success=0/1 (0.00%)  steps=mean:63.0 range:[63,63]
  training  completed=1699/2500  queue=0/256 (0%)  replay=200000/200000  updates=13  loss=0.00247  policy_version=1082
  throughput env_steps_s=359.1  transitions_s=359.1  transitions_step=1.0  updates_s=84.9  updates_throttled=0
episode=1702
  mode      collector=async  worker=0  epsilon=0.002
  outcome   reward=5.927100000000025  progress=0.2593  success=0/1 (0.00%)  steps=mean:929.0 range:[929,929]
  training  completed=1700/2500  queue=3/256 (1%)  replay=200000/200000  updates=925  loss=0.00189  policy_version=1091
  throughput env_steps_s=333.1  transitions_s=333.1  transitions_step=1.0  updates_s=83.3  updates_throttled=0
Saved checkpoint: checkpoints/breakout_s2_rand/ckpt-1700
Scheduled replay buffer save: checkpoints/breakout_s2_rand/replay-1700.npz transitions=200000
Evaluating frozen checkpoint episode=1700 episodes=20 metric=auto...
Saved replay buffer: checkpoints/breakout_s2_rand/replay-1700.npz transitions=200000
episode=1697
  mode      collector=async  worker=1  epsilon=0.002
  outcome   reward=6.898900000000102  progress=0.2963  success=0/1 (0.00%)  steps=mean:1211.0 range:[1211,1211]
  training  completed=1701/2500  queue=0/256 (0%)  replay=200000/200000  updates=85  loss=0.00152  policy_version=1092
  throughput env_steps_s=231.8  transitions_s=231.8  transitions_step=1.0  updates_s=58.0  updates_throttled=0
episode=1700
  mode      collector=async  worker=3  epsilon=0.002
  outcome   reward=6.908900000000061  progress=0.2963  success=0/1 (0.00%)  steps=mean:1111.0 range:[1111,1111]
  training  completed=1702/2500  queue=0/256 (0%)  replay=200000/200000  updates=51  loss=0.00175  policy_version=1092
  throughput env_steps_s=236.9  transitions_s=236.9  transitions_step=1.0  updates_s=58.9  updates_throttled=0
episode=1701
  mode      collector=async  worker=2  epsilon=0.002
  outcome   reward=8.90980000000011  progress=0.3704  success=0/1 (0.00%)  steps=mean:1102.0 range:[1102,1102]
  training  completed=1703/2500  queue=0/256 (0%)  replay=200000/200000  updates=22  loss=0.00079  policy_version=1092
  throughput env_steps_s=240.0  transitions_s=240.0  transitions_step=1.0  updates_s=61.4  updates_throttled=0
episode=1705
  mode      collector=async  worker=3  epsilon=0.002
  outcome   reward=-1.0066  progress=0.0000  success=0/1 (0.00%)  steps=mean:66.0 range:[66,66]
  training  completed=1704/2500  queue=0/256 (0%)  replay=200000/200000  updates=44  loss=0.00159  policy_version=1093
  throughput env_steps_s=237.0  transitions_s=237.0  transitions_step=1.0  updates_s=58.9  updates_throttled=0
episode=1707
  mode      collector=async  worker=3  epsilon=0.002
  outcome   reward=-1.0061  progress=0.0000  success=0/1 (0.00%)  steps=mean:61.0 range:[61,61]
  training  completed=1705/2500  queue=0/256 (0%)  replay=200000/200000  updates=60  loss=0.00123  policy_version=1094
  throughput env_steps_s=242.1  transitions_s=242.1  transitions_step=1.0  updates_s=60.5  updates_throttled=0
episode=1708
  mode      collector=async  worker=3  epsilon=0.002
  outcome   reward=0.0008000000000008001  progress=0.0370  success=0/1 (0.00%)  steps=mean:192.0 range:[192,192]
  training  completed=1706/2500  queue=0/256 (0%)  replay=200000/200000  updates=191  loss=0.00124  policy_version=1095
  throughput env_steps_s=243.5  transitions_s=243.5  transitions_step=1.0  updates_s=60.9  updates_throttled=0
episode=1704
  mode      collector=async  worker=1  epsilon=0.002
  outcome   reward=1.9776999999999878  progress=0.1111  success=0/1 (0.00%)  steps=mean:423.0 range:[423,423]
  training  completed=1707/2500  queue=0/256 (0%)  replay=200000/200000  updates=57  loss=0.00245  policy_version=1096
  throughput env_steps_s=239.8  transitions_s=239.8  transitions_step=1.0  updates_s=59.4  updates_throttled=0
episode=1709
  mode      collector=async  worker=3  epsilon=0.002
  outcome   reward=-1.0065  progress=0.0000  success=0/1 (0.00%)  steps=mean:65.0 range:[65,65]
  training  completed=1708/2500  queue=0/256 (0%)  replay=200000/200000  updates=8  loss=0.00152  policy_version=1096
  throughput env_steps_s=231.9  transitions_s=231.9  transitions_step=1.0  updates_s=59.9  updates_throttled=0
episode=1706
  mode      collector=async  worker=2  epsilon=0.002
  outcome   reward=1.968999999999989  progress=0.1111  success=0/1 (0.00%)  steps=mean:510.0 range:[510,510]
  training  completed=1709/2500  queue=0/256 (0%)  replay=200000/200000  updates=149  loss=0.00150  policy_version=1098
  throughput env_steps_s=239.7  transitions_s=239.7  transitions_step=1.0  updates_s=60.0  updates_throttled=0
episode=1712
  mode      collector=async  worker=2  epsilon=0.002
  outcome   reward=0.9901000000000022  progress=0.0741  success=0/1 (0.00%)  steps=mean:299.0 range:[299,299]
  training  completed=1710/2500  queue=0/256 (0%)  replay=200000/200000  updates=298  loss=0.00128  policy_version=1101
  throughput env_steps_s=237.4  transitions_s=237.4  transitions_step=1.0  updates_s=59.3  updates_throttled=0
episode=1703
  mode      collector=async  worker=0  epsilon=0.002
  outcome   reward=4.914600000000097  progress=0.2222  success=0/1 (0.00%)  steps=mean:1054.0 range:[1054,1054]
  training  completed=1711/2500  queue=0/256 (0%)  replay=200000/200000  updates=93  loss=0.00253  policy_version=1101
  throughput env_steps_s=240.4  transitions_s=240.4  transitions_step=1.0  updates_s=60.3  updates_throttled=0
episode=1711
  mode      collector=async  worker=3  epsilon=0.002
  outcome   reward=3.963099999999944  progress=0.1852  success=0/1 (0.00%)  steps=mean:569.0 range:[569,569]
  training  completed=1712/2500  queue=0/256 (0%)  replay=200000/200000  updates=33  loss=0.00114  policy_version=1102
  throughput env_steps_s=239.2  transitions_s=239.2  transitions_step=1.0  updates_s=59.8  updates_throttled=0
episode=1710
  mode      collector=async  worker=1  epsilon=0.002
  outcome   reward=2.9607999999999572  progress=0.1481  success=0/1 (0.00%)  steps=mean:592.0 range:[592,592]
  training  completed=1713/2500  queue=0/256 (0%)  replay=200000/200000  updates=7  loss=0.00451  policy_version=1102
  throughput env_steps_s=218.8  transitions_s=218.8  transitions_step=1.0  updates_s=52.8  updates_throttled=0
episode=1714
  mode      collector=async  worker=0  epsilon=0.002
  outcome   reward=-1.0062  progress=0.0000  success=0/1 (0.00%)  steps=mean:62.0 range:[62,62]
  training  completed=1714/2500  queue=0/256 (0%)  replay=200000/200000  updates=23  loss=0.00179  policy_version=1102
  throughput env_steps_s=227.0  transitions_s=227.0  transitions_step=1.0  updates_s=56.7  updates_throttled=0
episode=1715
  mode      collector=async  worker=3  epsilon=0.002
  outcome   reward=-1.0061  progress=0.0000  success=0/1 (0.00%)  steps=mean:61.0 range:[61,61]
  training  completed=1715/2500  queue=0/256 (0%)  replay=200000/200000  updates=30  loss=0.00137  policy_version=1102
  throughput env_steps_s=220.9  transitions_s=220.9  transitions_step=1.0  updates_s=55.2  updates_throttled=0
episode=1713
  mode      collector=async  worker=2  epsilon=0.002
  outcome   reward=0.9907000000000021  progress=0.0741  success=0/1 (0.00%)  steps=mean:293.0 range:[293,293]
  training  completed=1716/2500  queue=0/256 (0%)  replay=200000/200000  updates=101  loss=0.00237  policy_version=1103
  throughput env_steps_s=262.9  transitions_s=262.9  transitions_step=1.0  updates_s=65.7  updates_throttled=0
episode=1716
  mode      collector=async  worker=1  epsilon=0.002
  outcome   reward=0.00030000000000085514  progress=0.0370  success=0/1 (0.00%)  steps=mean:197.0 range:[197,197]
  training  completed=1717/2500  queue=0/256 (0%)  replay=200000/200000  updates=46  loss=0.00232  policy_version=1104
  throughput env_steps_s=274.7  transitions_s=274.7  transitions_step=1.0  updates_s=69.4  updates_throttled=0
episode=1719
  mode      collector=async  worker=2  epsilon=0.002
  outcome   reward=-1.0063  progress=0.0000  success=0/1 (0.00%)  steps=mean:63.0 range:[63,63]
  training  completed=1718/2500  queue=0/256 (0%)  replay=200000/200000  updates=18  loss=0.00187  policy_version=1104
  throughput env_steps_s=247.5  transitions_s=247.5  transitions_step=1.0  updates_s=60.2  updates_throttled=0
episode=1720
  mode      collector=async  worker=1  epsilon=0.002
  outcome   reward=-1.0063  progress=0.0000  success=0/1 (0.00%)  steps=mean:63.0 range:[63,63]
  training  completed=1719/2500  queue=3/256 (1%)  replay=200000/200000  updates=45  loss=0.00237  policy_version=1104
  throughput env_steps_s=273.7  transitions_s=273.7  transitions_step=1.0  updates_s=69.2  updates_throttled=0
episode=1721
  mode      collector=async  worker=2  epsilon=0.002
  outcome   reward=-1.0066  progress=0.0000  success=0/1 (0.00%)  steps=mean:66.0 range:[66,66]
  training  completed=1720/2500  queue=1/256 (0%)  replay=200000/200000  updates=23  loss=0.00209  policy_version=1105
  throughput env_steps_s=263.5  transitions_s=263.5  transitions_step=1.0  updates_s=63.8  updates_throttled=0
episode=1722
  mode      collector=async  worker=1  epsilon=0.002
  outcome   reward=-1.0061  progress=0.0000  success=0/1 (0.00%)  steps=mean:61.0 range:[61,61]
  training  completed=1721/2500  queue=0/256 (0%)  replay=200000/200000  updates=39  loss=0.00295  policy_version=1105
  throughput env_steps_s=281.2  transitions_s=281.2  transitions_step=1.0  updates_s=70.3  updates_throttled=0
episode=1718
  mode      collector=async  worker=3  epsilon=0.002
  outcome   reward=0.9856000000000027  progress=0.0741  success=0/1 (0.00%)  steps=mean:344.0 range:[344,344]
  training  completed=1722/2500  queue=0/256 (0%)  replay=200000/200000  updates=72  loss=0.00239  policy_version=1106
  throughput env_steps_s=270.1  transitions_s=270.1  transitions_step=1.0  updates_s=67.5  updates_throttled=0
episode=1723
  mode      collector=async  worker=2  epsilon=0.002
  outcome   reward=-9.999999999910081e-05  progress=0.0370  success=0/1 (0.00%)  steps=mean:201.0 range:[201,201]
  training  completed=1723/2500  queue=0/256 (0%)  replay=200000/200000  updates=89  loss=0.00144  policy_version=1107
  throughput env_steps_s=278.4  transitions_s=278.4  transitions_step=1.0  updates_s=69.8  updates_throttled=0
episode=1725
  mode      collector=async  worker=3  epsilon=0.002
  outcome   reward=1.972699999999987  progress=0.1111  success=0/1 (0.00%)  steps=mean:473.0 range:[473,473]
  training  completed=1724/2500  queue=0/256 (0%)  replay=200000/200000  updates=381  loss=0.00173  policy_version=1111
  throughput env_steps_s=281.0  transitions_s=281.0  transitions_step=1.0  updates_s=70.2  updates_throttled=0
episode=1724
  mode      collector=async  worker=1  epsilon=0.002
  outcome   reward=5.9343000000000465  progress=0.2593  success=0/1 (0.00%)  steps=mean:857.0 range:[857,857]
  training  completed=1725/2500  queue=0/256 (0%)  replay=200000/200000  updates=318  loss=0.00205  policy_version=1114
  throughput env_steps_s=278.8  transitions_s=278.8  transitions_step=1.0  updates_s=69.7  updates_throttled=0
episode=1728
  mode      collector=async  worker=1  epsilon=0.002
  outcome   reward=-0.0007999999999992458  progress=0.0370  success=0/1 (0.00%)  steps=mean:208.0 range:[208,208]
  training  completed=1726/2500  queue=0/256 (0%)  replay=200000/200000  updates=206  loss=0.00196  policy_version=1116
  throughput env_steps_s=276.7  transitions_s=276.7  transitions_step=1.0  updates_s=69.2  updates_throttled=0
episode=1729
  mode      collector=async  worker=1  epsilon=0.002
  outcome   reward=-1.0061  progress=0.0000  success=0/1 (0.00%)  steps=mean:61.0 range:[61,61]
  training  completed=1727/2500  queue=0/256 (0%)  replay=200000/200000  updates=60  loss=0.00195  policy_version=1116
  throughput env_steps_s=278.1  transitions_s=278.1  transitions_step=1.0  updates_s=69.5  updates_throttled=0
episode=1717
  mode      collector=async  worker=0  epsilon=0.002
  outcome   reward=11.86450000000015  progress=0.4815  success=0/1 (0.00%)  steps=mean:1555.0 range:[1555,1555]
  training  completed=1728/2500  queue=0/256 (0%)  replay=200000/200000  updates=122  loss=0.00173  policy_version=1118
  throughput env_steps_s=274.2  transitions_s=274.2  transitions_step=1.0  updates_s=68.7  updates_throttled=0
episode=1731
  mode      collector=async  worker=0  epsilon=0.002
  outcome   reward=-1.006  progress=0.0000  success=0/1 (0.00%)  steps=mean:60.0 range:[60,60]
  training  completed=1729/2500  queue=0/256 (0%)  replay=200000/200000  updates=61  loss=0.00143  policy_version=1118
  throughput env_steps_s=279.3  transitions_s=279.3  transitions_step=1.0  updates_s=69.8  updates_throttled=0
episode=1726
  mode      collector=async  worker=2  epsilon=0.002
  outcome   reward=9.891900000000152  progress=0.4074  success=0/1 (0.00%)  steps=mean:1281.0 range:[1281,1281]
  training  completed=1730/2500  queue=1/256 (0%)  replay=200000/200000  updates=132  loss=0.00186  policy_version=1120
  throughput env_steps_s=279.1  transitions_s=279.1  transitions_step=1.0  updates_s=69.9  updates_throttled=0
episode=1727
  mode      collector=async  worker=3  epsilon=0.002
  outcome   reward=5.929200000000027  progress=0.2593  success=0/1 (0.00%)  steps=mean:908.0 range:[908,908]
  training  completed=1731/2500  queue=0/256 (0%)  replay=200000/200000  updates=13  loss=0.00447  policy_version=1120
  throughput env_steps_s=266.2  transitions_s=266.2  transitions_step=1.0  updates_s=66.6  updates_throttled=0
episode=1732
  mode      collector=async  worker=0  epsilon=0.002
  outcome   reward=0.9860000000000027  progress=0.0741  success=0/1 (0.00%)  steps=mean:340.0 range:[340,340]
  training  completed=1732/2500  queue=0/256 (0%)  replay=200000/200000  updates=189  loss=0.00197  policy_version=1122
  throughput env_steps_s=273.5  transitions_s=273.5  transitions_step=1.0  updates_s=68.2  updates_throttled=0
episode=1734
  mode      collector=async  worker=3  epsilon=0.002
  outcome   reward=0.001000000000000778  progress=0.0370  success=0/1 (0.00%)  steps=mean:190.0 range:[190,190]
  training  completed=1733/2500  queue=1/256 (0%)  replay=200000/200000  updates=3  loss=0.00235  policy_version=1122
  throughput env_steps_s=206.6  transitions_s=206.6  transitions_step=1.0  updates_s=68.9  updates_throttled=0
episode=1735
  mode      collector=async  worker=0  epsilon=0.002
  outcome   reward=-1.0067  progress=0.0000  success=0/1 (0.00%)  steps=mean:67.0 range:[67,67]
  training  completed=1734/2500  queue=0/256 (0%)  replay=200000/200000  updates=64  loss=0.00228  policy_version=1122
  throughput env_steps_s=274.9  transitions_s=274.9  transitions_step=1.0  updates_s=68.7  updates_throttled=0
episode=1737
  mode      collector=async  worker=0  epsilon=0.002
  outcome   reward=-1.0064  progress=0.0000  success=0/1 (0.00%)  steps=mean:64.0 range:[64,64]
  training  completed=1735/2500  queue=0/256 (0%)  replay=200000/200000  updates=68  loss=0.00129  policy_version=1123
  throughput env_steps_s=287.1  transitions_s=287.1  transitions_step=1.0  updates_s=71.0  updates_throttled=0
episode=1736
  mode      collector=async  worker=3  epsilon=0.002
  outcome   reward=0.9904000000000022  progress=0.0741  success=0/1 (0.00%)  steps=mean:296.0 range:[296,296]
  training  completed=1736/2500  queue=0/256 (0%)  replay=200000/200000  updates=164  loss=0.00158  policy_version=1125
  throughput env_steps_s=290.1  transitions_s=290.1  transitions_step=1.0  updates_s=72.6  updates_throttled=0
episode=1739
  mode      collector=async  worker=3  epsilon=0.002
  outcome   reward=-0.0014999999999989466  progress=0.0370  success=0/1 (0.00%)  steps=mean:215.0 range:[215,215]
  training  completed=1737/2500  queue=0/256 (0%)  replay=200000/200000  updates=216  loss=0.00154  policy_version=1127
  throughput env_steps_s=291.6  transitions_s=291.6  transitions_step=1.0  updates_s=72.8  updates_throttled=0
episode=1733
  mode      collector=async  worker=2  epsilon=0.002
  outcome   reward=3.9475999999999667  progress=0.1852  success=0/1 (0.00%)  steps=mean:724.0 range:[724,724]
  training  completed=1738/2500  queue=0/256 (0%)  replay=200000/200000  updates=2  loss=0.00052  policy_version=1127
  throughput env_steps_s=252.7  transitions_s=252.7  transitions_step=1.0  updates_s=72.2  updates_throttled=0
episode=1738
  mode      collector=async  worker=0  epsilon=0.002
  outcome   reward=6.935800000000093  progress=0.2963  success=0/1 (0.00%)  steps=mean:842.0 range:[842,842]
  training  completed=1739/2500  queue=2/256 (1%)  replay=200000/200000  updates=452  loss=0.00183  policy_version=1131
  throughput env_steps_s=288.3  transitions_s=288.3  transitions_step=1.0  updates_s=72.1  updates_throttled=0
episode=1741
  mode      collector=async  worker=2  epsilon=0.002
  outcome   reward=7.897200000000083  progress=0.3333  success=0/1 (0.00%)  steps=mean:1228.0 range:[1228,1228]
  training  completed=1740/2500  queue=3/256 (1%)  replay=200000/200000  updates=786  loss=0.00180  policy_version=1139
  throughput env_steps_s=289.4  transitions_s=289.4  transitions_step=1.0  updates_s=72.4  updates_throttled=0
episode=1742
  mode      collector=async  worker=0  epsilon=0.002
  outcome   reward=4.936300000000021  progress=0.2222  success=0/1 (0.00%)  steps=mean:837.0 range:[837,837]
  training  completed=1741/2500  queue=0/256 (0%)  replay=200000/200000  updates=42  loss=0.00145  policy_version=1140
  throughput env_steps_s=267.3  transitions_s=267.3  transitions_step=1.0  updates_s=65.6  updates_throttled=0
episode=1743
  mode      collector=async  worker=2  epsilon=0.002
  outcome   reward=-1.006  progress=0.0000  success=0/1 (0.00%)  steps=mean:60.0 range:[60,60]
  training  completed=1742/2500  queue=0/256 (0%)  replay=200000/200000  updates=19  loss=0.00073  policy_version=1140
  throughput env_steps_s=275.0  transitions_s=275.0  transitions_step=1.0  updates_s=70.6  updates_throttled=0
episode=1740
  mode      collector=async  worker=3  epsilon=0.002
  outcome   reward=8.873400000000151  progress=0.3704  success=0/1 (0.00%)  steps=mean:1466.0 range:[1466,1466]
  training  completed=1743/2500  queue=2/256 (1%)  replay=200000/200000  updates=165  loss=0.00192  policy_version=1141
  throughput env_steps_s=284.4  transitions_s=284.4  transitions_step=1.0  updates_s=71.2  updates_throttled=0
episode=1746
  mode      collector=async  worker=3  epsilon=0.002
  outcome   reward=8.91270000000016  progress=0.3704  success=0/1 (0.00%)  steps=mean:1073.0 range:[1073,1073]
  training  completed=1744/2500  queue=0/256 (0%)  replay=200000/200000  updates=1066  loss=0.00180  policy_version=1152
  throughput env_steps_s=281.6  transitions_s=281.6  transitions_step=1.0  updates_s=70.4  updates_throttled=0
episode=1747
  mode      collector=async  worker=3  epsilon=0.002
  outcome   reward=-1.0062  progress=0.0000  success=0/1 (0.00%)  steps=mean:62.0 range:[62,62]
  training  completed=1745/2500  queue=0/256 (0%)  replay=200000/200000  updates=62  loss=0.00164  policy_version=1153
  throughput env_steps_s=280.2  transitions_s=280.2  transitions_step=1.0  updates_s=69.8  updates_throttled=0
episode=1748
  mode      collector=async  worker=3  epsilon=0.002
  outcome   reward=-1.0062  progress=0.0000  success=0/1 (0.00%)  steps=mean:62.0 range:[62,62]
  training  completed=1746/2500  queue=1/256 (0%)  replay=200000/200000  updates=61  loss=0.00164  policy_version=1153
  throughput env_steps_s=275.7  transitions_s=275.7  transitions_step=1.0  updates_s=69.2  updates_throttled=0
episode=1730
  mode      collector=async  worker=1  epsilon=0.002
  outcome   reward=17.651000000000714  progress=0.7037  success=0/1 (0.00%)  steps=mean:3690.0 range:[3690,3690]
  training  completed=1747/2500  queue=0/256 (0%)  replay=200000/200000  updates=21  loss=0.00081  policy_version=1153
  throughput env_steps_s=266.4  transitions_s=266.4  transitions_step=1.0  updates_s=64.3  updates_throttled=0
episode=1750
  mode      collector=async  worker=1  epsilon=0.002
  outcome   reward=-1.0066  progress=0.0000  success=0/1 (0.00%)  steps=mean:66.0 range:[66,66]
  training  completed=1748/2500  queue=0/256 (0%)  replay=200000/200000  updates=66  loss=0.00253  policy_version=1154
  throughput env_steps_s=280.5  transitions_s=280.5  transitions_step=1.0  updates_s=70.4  updates_throttled=0
episode=1749
  mode      collector=async  worker=3  epsilon=0.002
  outcome   reward=1.0006999999999844  progress=0.0741  success=0/1 (0.00%)  steps=mean:193.0 range:[193,193]
  training  completed=1749/2500  queue=0/256 (0%)  replay=200000/200000  updates=106  loss=0.00222  policy_version=1155
  throughput env_steps_s=274.8  transitions_s=274.8  transitions_step=1.0  updates_s=68.9  updates_throttled=0
episode=1744
  mode      collector=async  worker=0  epsilon=0.002
  outcome   reward=10.860300000000224  progress=0.4444  success=0/1 (0.00%)  steps=mean:1597.0 range:[1597,1597]
  training  completed=1750/2500  queue=0/256 (0%)  replay=200000/200000  updates=34  loss=0.00325  policy_version=1156
  throughput env_steps_s=266.0  transitions_s=266.0  transitions_step=1.0  updates_s=65.5  updates_throttled=0
episode=1751
  mode      collector=async  worker=1  epsilon=0.002
  outcome   reward=-0.0011999999999989797  progress=0.0370  success=0/1 (0.00%)  steps=mean:212.0 range:[212,212]
  training  completed=1751/2500  queue=0/256 (0%)  replay=200000/200000  updates=69  loss=0.00177  policy_version=1156
  throughput env_steps_s=272.0  transitions_s=272.0  transitions_step=1.0  updates_s=68.0  updates_throttled=0
episode=1754
  mode      collector=async  worker=1  epsilon=0.002
  outcome   reward=-1.0066  progress=0.0000  success=0/1 (0.00%)  steps=mean:66.0 range:[66,66]
  training  completed=1752/2500  queue=0/256 (0%)  replay=200000/200000  updates=66  loss=0.00193  policy_version=1157
  throughput env_steps_s=276.8  transitions_s=276.8  transitions_step=1.0  updates_s=69.5  updates_throttled=0
episode=1755
  mode      collector=async  worker=1  epsilon=0.002
  outcome   reward=-0.0018999999999989026  progress=0.0370  success=0/1 (0.00%)  steps=mean:219.0 range:[219,219]
  training  completed=1753/2500  queue=0/256 (0%)  replay=200000/200000  updates=218  loss=0.00266  policy_version=1159
  throughput env_steps_s=274.9  transitions_s=274.9  transitions_step=1.0  updates_s=68.6  updates_throttled=0
episode=1752
  mode      collector=async  worker=3  epsilon=0.002
  outcome   reward=1.9760999999999853  progress=0.1111  success=0/1 (0.00%)  steps=mean:439.0 range:[439,439]
  training  completed=1754/2500  queue=0/256 (0%)  replay=200000/200000  updates=53  loss=0.00236  policy_version=1160
  throughput env_steps_s=274.4  transitions_s=274.4  transitions_step=1.0  updates_s=68.6  updates_throttled=0
episode=1757
  mode      collector=async  worker=3  epsilon=0.002
  outcome   reward=-1.0063  progress=0.0000  success=0/1 (0.00%)  steps=mean:63.0 range:[63,63]
  training  completed=1755/2500  queue=0/256 (0%)  replay=200000/200000  updates=64  loss=0.00202  policy_version=1160
  throughput env_steps_s=268.4  transitions_s=268.4  transitions_step=1.0  updates_s=67.1  updates_throttled=0
episode=1753
  mode      collector=async  worker=0  epsilon=0.002
  outcome   reward=3.9690000000000047  progress=0.1852  success=0/1 (0.00%)  steps=mean:510.0 range:[510,510]
  training  completed=1756/2500  queue=0/256 (0%)  replay=200000/200000  updates=39  loss=0.00166  policy_version=1161
  throughput env_steps_s=268.3  transitions_s=268.3  transitions_step=1.0  updates_s=67.5  updates_throttled=0
episode=1745
  mode      collector=async  worker=2  epsilon=0.002
  outcome   reward=14.778100000000364  progress=0.5926  success=0/1 (0.00%)  steps=mean:2419.0 range:[2419,2419]
  training  completed=1757/2500  queue=0/256 (0%)  replay=200000/200000  updates=332  loss=0.00149  policy_version=1164
  throughput env_steps_s=284.8  transitions_s=284.8  transitions_step=1.0  updates_s=71.2  updates_throttled=0
Frozen evaluation episode=1700: success=0/20 (0.00%) reward_mean=5.7633 steps_mean=1476.7
Saved checkpoint: checkpoints/breakout_s2_rand/best/ckpt-1757
Best checkpoint applied using live weights at episode=1757 (background evaluation was requested for episode=1700)
New best checkpoint: checkpoints/breakout_s2_rand/best/ckpt-1757 metric=auto success=0.00% reward_mean=5.7633
episode=1756
  mode      collector=async  worker=1  epsilon=0.002
  outcome   reward=2.965499999999957  progress=0.1481  success=0/1 (0.00%)  steps=mean:545.0 range:[545,545]
  training  completed=1758/2500  queue=0/256 (0%)  replay=200000/200000  updates=60  loss=0.00187  policy_version=1165
  throughput env_steps_s=290.4  transitions_s=290.4  transitions_step=1.0  updates_s=72.9  updates_throttled=0
episode=1759
  mode      collector=async  worker=0  epsilon=0.002
  outcome   reward=2.9595999999999583  progress=0.1481  success=0/1 (0.00%)  steps=mean:604.0 range:[604,604]
  training  completed=1759/2500  queue=0/256 (0%)  replay=200000/200000  updates=218  loss=0.00206  policy_version=1167
  throughput env_steps_s=333.9  transitions_s=333.9  transitions_step=1.0  updates_s=83.3  updates_throttled=0
episode=1760
  mode      collector=async  worker=2  epsilon=0.002
  outcome   reward=0.9904000000000022  progress=0.0741  success=0/1 (0.00%)  steps=mean:296.0 range:[296,296]
  training  completed=1760/2500  queue=4/256 (2%)  replay=200000/200000  updates=17  loss=0.00299  policy_version=1167
  throughput env_steps_s=307.8  transitions_s=307.8  transitions_step=1.0  updates_s=76.9  updates_throttled=0
episode=1761
  mode      collector=async  worker=1  epsilon=0.002
  outcome   reward=0.989600000000002  progress=0.0741  success=0/1 (0.00%)  steps=mean:304.0 range:[304,304]
  training  completed=1761/2500  queue=0/256 (0%)  replay=200000/200000  updates=66  loss=0.00145  policy_version=1168
  throughput env_steps_s=335.4  transitions_s=335.4  transitions_step=1.0  updates_s=83.8  updates_throttled=0
episode=1764
  mode      collector=async  worker=1  epsilon=0.002
  outcome   reward=-1.0062  progress=0.0000  success=0/1 (0.00%)  steps=mean:62.0 range:[62,62]
  training  completed=1762/2500  queue=0/256 (0%)  replay=200000/200000  updates=63  loss=0.00236  policy_version=1168
  throughput env_steps_s=345.5  transitions_s=345.5  transitions_step=1.0  updates_s=87.1  updates_throttled=0
episode=1762
  mode      collector=async  worker=0  epsilon=0.002
  outcome   reward=2.987899999999966  progress=0.1481  success=0/1 (0.00%)  steps=mean:321.0 range:[321,321]
  training  completed=1763/2500  queue=0/256 (0%)  replay=200000/200000  updates=177  loss=0.00203  policy_version=1170
  throughput env_steps_s=328.1  transitions_s=328.1  transitions_step=1.0  updates_s=81.9  updates_throttled=0
episode=1758
  mode      collector=async  worker=3  epsilon=0.002
  outcome   reward=7.908700000000065  progress=0.3333  success=0/1 (0.00%)  steps=mean:1113.0 range:[1113,1113]
  training  completed=1764/2500  queue=2/256 (1%)  replay=200000/200000  updates=132  loss=0.00155  policy_version=1171
  throughput env_steps_s=335.2  transitions_s=335.2  transitions_step=1.0  updates_s=84.1  updates_throttled=0
episode=1763
  mode      collector=async  worker=2  epsilon=0.001
  outcome   reward=1.971399999999982  progress=0.1111  success=0/1 (0.00%)  steps=mean:486.0 range:[486,486]
  training  completed=1765/2500  queue=1/256 (0%)  replay=200000/200000  updates=35  loss=0.00135  policy_version=1172
  throughput env_steps_s=336.7  transitions_s=336.7  transitions_step=1.0  updates_s=84.2  updates_throttled=0
episode=1767
  mode      collector=async  worker=3  epsilon=0.001
  outcome   reward=-1.0063  progress=0.0000  success=0/1 (0.00%)  steps=mean:63.0 range:[63,63]
  training  completed=1766/2500  queue=0/256 (0%)  replay=200000/200000  updates=29  loss=0.00334  policy_version=1172
  throughput env_steps_s=342.5  transitions_s=342.5  transitions_step=1.0  updates_s=84.2  updates_throttled=0
episode=1765
  mode      collector=async  worker=1  epsilon=0.001
  outcome   reward=2.97329999999993  progress=0.1481  success=0/1 (0.00%)  steps=mean:467.0 range:[467,467]
  training  completed=1767/2500  queue=0/256 (0%)  replay=200000/200000  updates=105  loss=0.00179  policy_version=1173
  throughput env_steps_s=339.0  transitions_s=339.0  transitions_step=1.0  updates_s=85.0  updates_throttled=0
episode=1766
  mode      collector=async  worker=0  epsilon=0.001
  outcome   reward=0.989500000000002  progress=0.0741  success=0/1 (0.00%)  steps=mean:305.0 range:[305,305]
  training  completed=1768/2500  queue=2/256 (1%)  replay=200000/200000  updates=8  loss=0.00029  policy_version=1173
  throughput env_steps_s=312.1  transitions_s=312.1  transitions_step=1.0  updates_s=80.5  updates_throttled=0
episode=1768
  mode      collector=async  worker=2  epsilon=0.001
  outcome   reward=-0.0002999999999990788  progress=0.0370  success=0/1 (0.00%)  steps=mean:203.0 range:[203,203]
  training  completed=1769/2500  queue=0/256 (0%)  replay=200000/200000  updates=58  loss=0.00244  policy_version=1174
  throughput env_steps_s=329.4  transitions_s=329.4  transitions_step=1.0  updates_s=82.0  updates_throttled=0
episode=1770
  mode      collector=async  worker=1  epsilon=0.001
  outcome   reward=2.965299999999961  progress=0.1481  success=0/1 (0.00%)  steps=mean:547.0 range:[547,547]
  training  completed=1770/2500  queue=0/256 (0%)  replay=200000/200000  updates=477  loss=0.00201  policy_version=1178
  throughput env_steps_s=308.2  transitions_s=308.2  transitions_step=1.0  updates_s=77.0  updates_throttled=0
episode=1773
  mode      collector=async  worker=1  epsilon=0.001
  outcome   reward=0.001000000000000778  progress=0.0370  success=0/1 (0.00%)  steps=mean:190.0 range:[190,190]
  training  completed=1771/2500  queue=0/256 (0%)  replay=200000/200000  updates=191  loss=0.00178  policy_version=1180
  throughput env_steps_s=344.6  transitions_s=344.6  transitions_step=1.0  updates_s=86.3  updates_throttled=0
episode=1769
  mode      collector=async  worker=3  epsilon=0.001
  outcome   reward=4.935299999999999  progress=0.2222  success=0/1 (0.00%)  steps=mean:847.0 range:[847,847]
  training  completed=1772/2500  queue=2/256 (1%)  replay=200000/200000  updates=11  loss=0.00109  policy_version=1180
  throughput env_steps_s=293.7  transitions_s=293.7  transitions_step=1.0  updates_s=75.1  updates_throttled=0
episode=1771
  mode      collector=async  worker=0  epsilon=0.001
  outcome   reward=5.932600000000039  progress=0.2593  success=0/1 (0.00%)  steps=mean:874.0 range:[874,874]
  training  completed=1773/2500  queue=0/256 (0%)  replay=200000/200000  updates=141  loss=0.00201  policy_version=1182
  throughput env_steps_s=337.1  transitions_s=337.1  transitions_step=1.0  updates_s=83.8  updates_throttled=0
episode=1774
  mode      collector=async  worker=1  epsilon=0.001
  outcome   reward=0.001300000000000967  progress=0.0370  success=0/1 (0.00%)  steps=mean:187.0 range:[187,187]
  training  completed=1774/2500  queue=1/256 (0%)  replay=200000/200000  updates=35  loss=0.00316  policy_version=1182
  throughput env_steps_s=329.1  transitions_s=329.1  transitions_step=1.0  updates_s=83.5  updates_throttled=0
episode=1777
  mode      collector=async  worker=1  epsilon=0.001
  outcome   reward=-1.0063  progress=0.0000  success=0/1 (0.00%)  steps=mean:63.0 range:[63,63]
  training  completed=1775/2500  queue=0/256 (0%)  replay=200000/200000  updates=63  loss=0.00212  policy_version=1183
  throughput env_steps_s=336.4  transitions_s=336.4  transitions_step=1.0  updates_s=84.1  updates_throttled=0
episode=1775
  mode      collector=async  worker=3  epsilon=0.001
  outcome   reward=0.9818000000000029  progress=0.0741  success=0/1 (0.00%)  steps=mean:382.0 range:[382,382]
  training  completed=1776/2500  queue=0/256 (0%)  replay=200000/200000  updates=141  loss=0.00194  policy_version=1184
  throughput env_steps_s=334.7  transitions_s=334.7  transitions_step=1.0  updates_s=83.4  updates_throttled=0
episode=1772
  mode      collector=async  worker=2  epsilon=0.001
  outcome   reward=7.911900000000053  progress=0.3333  success=0/1 (0.00%)  steps=mean:1081.0 range:[1081,1081]
  training  completed=1777/2500  queue=0/256 (0%)  replay=200000/200000  updates=20  loss=0.00348  policy_version=1184
  throughput env_steps_s=323.2  transitions_s=323.2  transitions_step=1.0  updates_s=81.8  updates_throttled=0
episode=1778
  mode      collector=async  worker=1  epsilon=0.001
  outcome   reward=2.972499999999953  progress=0.1481  success=0/1 (0.00%)  steps=mean:475.0 range:[475,475]
  training  completed=1778/2500  queue=2/256 (1%)  replay=200000/200000  updates=312  loss=0.00164  policy_version=1188
  throughput env_steps_s=339.7  transitions_s=339.7  transitions_step=1.0  updates_s=85.1  updates_throttled=0
episode=1776
  mode      collector=async  worker=0  epsilon=0.001
  outcome   reward=2.962499999999956  progress=0.1481  success=0/1 (0.00%)  steps=mean:575.0 range:[575,575]
  training  completed=1779/2500  queue=0/256 (0%)  replay=200000/200000  updates=6  loss=0.00013  policy_version=1188
  throughput env_steps_s=312.4  transitions_s=312.4  transitions_step=1.0  updates_s=75.0  updates_throttled=0
episode=1780
  mode      collector=async  worker=2  epsilon=0.001
  outcome   reward=2.972499999999984  progress=0.1481  success=0/1 (0.00%)  steps=mean:475.0 range:[475,475]
  training  completed=1780/2500  queue=4/256 (2%)  replay=200000/200000  updates=154  loss=0.00169  policy_version=1189
  throughput env_steps_s=336.9  transitions_s=336.9  transitions_step=1.0  updates_s=83.9  updates_throttled=0
episode=1779
  mode      collector=async  worker=3  epsilon=0.001
  outcome   reward=6.90080000000011  progress=0.2963  success=0/1 (0.00%)  steps=mean:1192.0 range:[1192,1192]
  training  completed=1781/2500  queue=0/256 (0%)  replay=200000/200000  updates=711  loss=0.00177  policy_version=1196
  throughput env_steps_s=339.8  transitions_s=339.8  transitions_step=1.0  updates_s=84.9  updates_throttled=0
episode=1782
  mode      collector=async  worker=0  epsilon=0.001
  outcome   reward=6.921800000000018  progress=0.2963  success=0/1 (0.00%)  steps=mean:982.0 range:[982,982]
  training  completed=1782/2500  queue=1/256 (0%)  replay=200000/200000  updates=103  loss=0.00232  policy_version=1197
  throughput env_steps_s=340.5  transitions_s=340.5  transitions_step=1.0  updates_s=85.7  updates_throttled=0
episode=1784
  mode      collector=async  worker=3  epsilon=0.001
  outcome   reward=5.94730000000003  progress=0.2593  success=0/1 (0.00%)  steps=mean:727.0 range:[727,727]
  training  completed=1783/2500  queue=1/256 (0%)  replay=200000/200000  updates=629  loss=0.00193  policy_version=1204
  throughput env_steps_s=344.3  transitions_s=344.3  transitions_step=1.0  updates_s=86.1  updates_throttled=0
episode=1785
  mode      collector=async  worker=0  epsilon=0.001
  outcome   reward=4.949900000000027  progress=0.2222  success=0/1 (0.00%)  steps=mean:701.0 range:[701,701]
  training  completed=1784/2500  queue=0/256 (0%)  replay=200000/200000  updates=76  loss=0.00225  policy_version=1204
  throughput env_steps_s=351.5  transitions_s=351.5  transitions_step=1.0  updates_s=87.0  updates_throttled=0
episode=1781
  mode      collector=async  worker=1  epsilon=0.001
  outcome   reward=16.791200000000327  progress=0.6667  success=0/1 (0.00%)  steps=mean:2288.0 range:[2288,2288]
  training  completed=1785/2500  queue=3/256 (1%)  replay=200000/200000  updates=620  loss=0.00195  policy_version=1211
  throughput env_steps_s=322.8  transitions_s=322.8  transitions_step=1.0  updates_s=80.8  updates_throttled=0
episode=1783
  mode      collector=async  worker=2  epsilon=0.001
  outcome   reward=16.8036000000003  progress=0.6667  success=0/1 (0.00%)  steps=mean:2164.0 range:[2164,2164]
  training  completed=1786/2500  queue=0/256 (0%)  replay=200000/200000  updates=7  loss=0.00031  policy_version=1211
  throughput env_steps_s=314.5  transitions_s=314.5  transitions_step=1.0  updates_s=75.9  updates_throttled=0
episode=1788
  mode      collector=async  worker=1  epsilon=0.001
  outcome   reward=-1.0064  progress=0.0000  success=0/1 (0.00%)  steps=mean:64.0 range:[64,64]
  training  completed=1787/2500  queue=0/256 (0%)  replay=200000/200000  updates=57  loss=0.00211  policy_version=1211
  throughput env_steps_s=314.5  transitions_s=314.5  transitions_step=1.0  updates_s=78.0  updates_throttled=0
episode=1787
  mode      collector=async  worker=0  epsilon=0.001
  outcome   reward=3.951199999999969  progress=0.1852  success=0/1 (0.00%)  steps=mean:688.0 range:[688,688]
  training  completed=1788/2500  queue=0/256 (0%)  replay=200000/200000  updates=16  loss=0.00089  policy_version=1211
  throughput env_steps_s=313.3  transitions_s=313.3  transitions_step=1.0  updates_s=79.6  updates_throttled=0
episode=1790
  mode      collector=async  worker=1  epsilon=0.001
  outcome   reward=-1.0061  progress=0.0000  success=0/1 (0.00%)  steps=mean:61.0 range:[61,61]
  training  completed=1789/2500  queue=0/256 (0%)  replay=200000/200000  updates=46  loss=0.00213  policy_version=1212
  throughput env_steps_s=318.8  transitions_s=318.8  transitions_step=1.0  updates_s=79.3  updates_throttled=0
episode=1792
  mode      collector=async  worker=1  epsilon=0.001
  outcome   reward=-1.0062  progress=0.0000  success=0/1 (0.00%)  steps=mean:62.0 range:[62,62]
  training  completed=1790/2500  queue=0/256 (0%)  replay=200000/200000  updates=65  loss=0.00154  policy_version=1212
  throughput env_steps_s=316.5  transitions_s=316.5  transitions_step=1.0  updates_s=79.1  updates_throttled=0
episode=1791
  mode      collector=async  worker=0  epsilon=0.001
  outcome   reward=0.002500000000000835  progress=0.0370  success=0/1 (0.00%)  steps=mean:175.0 range:[175,175]
  training  completed=1791/2500  queue=0/256 (0%)  replay=200000/200000  updates=65  loss=0.00202  policy_version=1213
  throughput env_steps_s=328.2  transitions_s=328.2  transitions_step=1.0  updates_s=83.0  updates_throttled=0
episode=1789
  mode      collector=async  worker=2  epsilon=0.001
  outcome   reward=1.9905999999999662  progress=0.1111  success=0/1 (0.00%)  steps=mean:294.0 range:[294,294]
  training  completed=1792/2500  queue=0/256 (0%)  replay=200000/200000  updates=38  loss=0.00110  policy_version=1213
  throughput env_steps_s=326.8  transitions_s=326.8  transitions_step=1.0  updates_s=80.1  updates_throttled=0
episode=1795
  mode      collector=async  worker=2  epsilon=0.001
  outcome   reward=0.00010000000000087717  progress=0.0370  success=0/1 (0.00%)  steps=mean:199.0 range:[199,199]
  training  completed=1793/2500  queue=0/256 (0%)  replay=200000/200000  updates=199  loss=0.00202  policy_version=1215
  throughput env_steps_s=325.5  transitions_s=325.5  transitions_step=1.0  updates_s=81.4  updates_throttled=0
episode=1786
  mode      collector=async  worker=3  epsilon=0.001
  outcome   reward=7.896200000000134  progress=0.3333  success=0/1 (0.00%)  steps=mean:1238.0 range:[1238,1238]
  training  completed=1794/2500  queue=0/256 (0%)  replay=200000/200000  updates=37  loss=0.00145  policy_version=1216
  throughput env_steps_s=324.2  transitions_s=324.2  transitions_step=1.0  updates_s=81.0  updates_throttled=0
episode=1796
  mode      collector=async  worker=2  epsilon=0.001
  outcome   reward=0.9892000000000021  progress=0.0741  success=0/1 (0.00%)  steps=mean:308.0 range:[308,308]
  training  completed=1795/2500  queue=0/256 (0%)  replay=200000/200000  updates=273  loss=0.00176  policy_version=1219
  throughput env_steps_s=303.2  transitions_s=303.2  transitions_step=1.0  updates_s=75.8  updates_throttled=0
episode=1797
  mode      collector=async  worker=3  epsilon=0.001
  outcome   reward=0.989900000000002  progress=0.0741  success=0/1 (0.00%)  steps=mean:301.0 range:[301,301]
  training  completed=1796/2500  queue=0/256 (0%)  replay=200000/200000  updates=34  loss=0.00134  policy_version=1219
  throughput env_steps_s=307.6  transitions_s=307.6  transitions_step=1.0  updates_s=78.6  updates_throttled=0
episode=1799
  mode      collector=async  worker=3  epsilon=0.001
  outcome   reward=0.9851000000000025  progress=0.0741  success=0/1 (0.00%)  steps=mean:349.0 range:[349,349]
  training  completed=1797/2500  queue=0/256 (0%)  replay=200000/200000  updates=349  loss=0.00190  policy_version=1222
  throughput env_steps_s=309.4  transitions_s=309.4  transitions_step=1.0  updates_s=77.2  updates_throttled=0
episode=1798
  mode      collector=async  worker=2  epsilon=0.001
  outcome   reward=2.970699999999959  progress=0.1481  success=0/1 (0.00%)  steps=mean:493.0 range:[493,493]
  training  completed=1798/2500  queue=0/256 (0%)  replay=200000/200000  updates=106  loss=0.00203  policy_version=1223
  throughput env_steps_s=284.2  transitions_s=284.2  transitions_step=1.0  updates_s=71.2  updates_throttled=0
episode=1801
  mode      collector=async  worker=2  epsilon=0.001
  outcome   reward=-1.0068  progress=0.0000  success=0/1 (0.00%)  steps=mean:68.0 range:[68,68]
  training  completed=1799/2500  queue=0/256 (0%)  replay=200000/200000  updates=65  loss=0.00226  policy_version=1224
  throughput env_steps_s=290.5  transitions_s=290.5  transitions_step=1.0  updates_s=72.3  updates_throttled=0
episode=1800
  mode      collector=async  worker=3  epsilon=0.001
  outcome   reward=0.9903000000000022  progress=0.0741  success=0/1 (0.00%)  steps=mean:297.0 range:[297,297]
  training  completed=1800/2500  queue=2/256 (1%)  replay=200000/200000  updates=127  loss=0.00192  policy_version=1225
  throughput env_steps_s=247.3  transitions_s=247.3  transitions_step=1.0  updates_s=61.9  updates_throttled=0
Saved checkpoint: checkpoints/breakout_s2_rand/ckpt-1800
Scheduled replay buffer save: checkpoints/breakout_s2_rand/replay-1800.npz transitions=200000
Evaluating frozen checkpoint episode=1800 episodes=20 metric=auto...
Saved replay buffer: checkpoints/breakout_s2_rand/replay-1800.npz transitions=200000
episode=1802
  mode      collector=async  worker=2  epsilon=0.001
  outcome   reward=1.974499999999986  progress=0.1111  success=0/1 (0.00%)  steps=mean:455.0 range:[455,455]
  training  completed=1801/2500  queue=0/256 (0%)  replay=200000/200000  updates=328  loss=0.00206  policy_version=1229
  throughput env_steps_s=241.7  transitions_s=241.7  transitions_step=1.0  updates_s=60.5  updates_throttled=0
episode=1803
  mode      collector=async  worker=3  epsilon=0.001
  outcome   reward=1.9808999999999435  progress=0.1111  success=0/1 (0.00%)  steps=mean:391.0 range:[391,391]
  training  completed=1802/2500  queue=0/256 (0%)  replay=200000/200000  updates=63  loss=0.00102  policy_version=1229
  throughput env_steps_s=195.9  transitions_s=195.9  transitions_step=1.0  updates_s=48.4  updates_throttled=0
episode=1793
  mode      collector=async  worker=1  epsilon=0.001
  outcome   reward=13.846200000000207  progress=0.5556  success=0/1 (0.00%)  steps=mean:1738.0 range:[1738,1738]
  training  completed=1803/2500  queue=0/256 (0%)  replay=200000/200000  updates=50  loss=0.00208  policy_version=1230
  throughput env_steps_s=250.0  transitions_s=250.0  transitions_step=1.0  updates_s=62.5  updates_throttled=0
episode=1794
  mode      collector=async  worker=0  epsilon=0.001
  outcome   reward=12.82600000000026  progress=0.5185  success=0/1 (0.00%)  steps=mean:1940.0 range:[1940,1940]
  training  completed=1804/2500  queue=0/256 (0%)  replay=200000/200000  updates=282  loss=0.00216  policy_version=1233
  throughput env_steps_s=261.2  transitions_s=261.2  transitions_step=1.0  updates_s=65.4  updates_throttled=0
episode=1807
  mode      collector=async  worker=0  epsilon=0.001
  outcome   reward=-1.0062  progress=0.0000  success=0/1 (0.00%)  steps=mean:62.0 range:[62,62]
  training  completed=1805/2500  queue=0/256 (0%)  replay=200000/200000  updates=62  loss=0.00184  policy_version=1233
  throughput env_steps_s=229.5  transitions_s=229.5  transitions_step=1.0  updates_s=56.9  updates_throttled=0
episode=1806
  mode      collector=async  worker=1  epsilon=0.001
  outcome   reward=3.957699999999986  progress=0.1852  success=0/1 (0.00%)  steps=mean:623.0 range:[623,623]
  training  completed=1806/2500  queue=0/256 (0%)  replay=200000/200000  updates=277  loss=0.00182  policy_version=1236
  throughput env_steps_s=259.3  transitions_s=259.3  transitions_step=1.0  updates_s=64.8  updates_throttled=0
episode=1804
  mode      collector=async  worker=2  epsilon=0.001
  outcome   reward=4.940000000000031  progress=0.2222  success=0/1 (0.00%)  steps=mean:800.0 range:[800,800]
  training  completed=1807/2500  queue=0/256 (0%)  replay=200000/200000  updates=61  loss=0.00184  policy_version=1237
  throughput env_steps_s=292.2  transitions_s=292.2  transitions_step=1.0  updates_s=73.7  updates_throttled=0
episode=1805
  mode      collector=async  worker=3  epsilon=0.001
  outcome   reward=5.923000000000064  progress=0.2593  success=0/1 (0.00%)  steps=mean:970.0 range:[970,970]
  training  completed=1808/2500  queue=0/256 (0%)  replay=200000/200000  updates=241  loss=0.00171  policy_version=1239
  throughput env_steps_s=295.0  transitions_s=295.0  transitions_step=1.0  updates_s=73.7  updates_throttled=0
episode=1810
  mode      collector=async  worker=2  epsilon=0.001
  outcome   reward=1.988099999999984  progress=0.1111  success=0/1 (0.00%)  steps=mean:319.0 range:[319,319]
  training  completed=1809/2500  queue=0/256 (0%)  replay=200000/200000  updates=72  loss=0.00199  policy_version=1240
  throughput env_steps_s=290.5  transitions_s=290.5  transitions_step=1.0  updates_s=73.1  updates_throttled=0
episode=1809
  mode      collector=async  worker=1  epsilon=0.001
  outcome   reward=1.9769999999999868  progress=0.1111  success=0/1 (0.00%)  steps=mean:430.0 range:[430,430]
  training  completed=1810/2500  queue=0/256 (0%)  replay=200000/200000  updates=59  loss=0.00233  policy_version=1240
  throughput env_steps_s=286.5  transitions_s=286.5  transitions_step=1.0  updates_s=71.0  updates_throttled=0
episode=1808
  mode      collector=async  worker=0  epsilon=0.001
  outcome   reward=3.948799999999965  progress=0.1852  success=0/1 (0.00%)  steps=mean:712.0 range:[712,712]
  training  completed=1811/2500  queue=0/256 (0%)  replay=200000/200000  updates=5  loss=0.00158  policy_version=1240
  throughput env_steps_s=268.1  transitions_s=268.1  transitions_step=1.0  updates_s=67.0  updates_throttled=0
episode=1813
  mode      collector=async  worker=1  epsilon=0.001
  outcome   reward=-1.0062  progress=0.0000  success=0/1 (0.00%)  steps=mean:62.0 range:[62,62]
  training  completed=1812/2500  queue=0/256 (0%)  replay=200000/200000  updates=56  loss=0.00176  policy_version=1241
  throughput env_steps_s=269.0  transitions_s=269.0  transitions_step=1.0  updates_s=67.9  updates_throttled=0
episode=1814
  mode      collector=async  worker=0  epsilon=0.001
  outcome   reward=-1.0068  progress=0.0000  success=0/1 (0.00%)  steps=mean:68.0 range:[68,68]
  training  completed=1813/2500  queue=0/256 (0%)  replay=200000/200000  updates=13  loss=0.00029  policy_version=1241
  throughput env_steps_s=239.3  transitions_s=239.3  transitions_step=1.0  updates_s=58.7  updates_throttled=0
episode=1811
  mode      collector=async  worker=3  epsilon=0.001
  outcome   reward=0.9832000000000025  progress=0.0741  success=0/1 (0.00%)  steps=mean:368.0 range:[368,368]
  training  completed=1814/2500  queue=0/256 (0%)  replay=200000/200000  updates=167  loss=0.00131  policy_version=1243
  throughput env_steps_s=284.8  transitions_s=284.8  transitions_step=1.0  updates_s=71.0  updates_throttled=0
episode=1817
  mode      collector=async  worker=3  epsilon=0.001
  outcome   reward=1.9770999999999883  progress=0.1111  success=0/1 (0.00%)  steps=mean:429.0 range:[429,429]
  training  completed=1815/2500  queue=0/256 (0%)  replay=200000/200000  updates=429  loss=0.00193  policy_version=1247
  throughput env_steps_s=279.9  transitions_s=279.9  transitions_step=1.0  updates_s=70.0  updates_throttled=0
episode=1815
  mode      collector=async  worker=1  epsilon=0.001
  outcome   reward=3.9582999999999897  progress=0.1852  success=0/1 (0.00%)  steps=mean:617.0 range:[617,617]
  training  completed=1816/2500  queue=0/256 (0%)  replay=200000/200000  updates=14  loss=0.00134  policy_version=1247
  throughput env_steps_s=290.0  transitions_s=290.0  transitions_step=1.0  updates_s=71.2  updates_throttled=0
episode=1818
  mode      collector=async  worker=3  epsilon=0.001
  outcome   reward=-1.0062  progress=0.0000  success=0/1 (0.00%)  steps=mean:62.0 range:[62,62]
  training  completed=1817/2500  queue=0/256 (0%)  replay=200000/200000  updates=48  loss=0.00235  policy_version=1248
  throughput env_steps_s=281.1  transitions_s=281.1  transitions_step=1.0  updates_s=71.4  updates_throttled=0
episode=1812
  mode      collector=async  worker=2  epsilon=0.001
  outcome   reward=4.937400000000001  progress=0.2222  success=0/1 (0.00%)  steps=mean:826.0 range:[826,826]
  training  completed=1818/2500  queue=0/256 (0%)  replay=200000/200000  updates=27  loss=0.00107  policy_version=1248
  throughput env_steps_s=273.0  transitions_s=273.0  transitions_step=1.0  updates_s=67.0  updates_throttled=0
episode=1821
  mode      collector=async  worker=2  epsilon=0.001
  outcome   reward=-1.0065  progress=0.0000  success=0/1 (0.00%)  steps=mean:65.0 range:[65,65]
  training  completed=1819/2500  queue=0/256 (0%)  replay=200000/200000  updates=70  loss=0.00189  policy_version=1249
  throughput env_steps_s=283.3  transitions_s=283.3  transitions_step=1.0  updates_s=71.1  updates_throttled=0
episode=1819
  mode      collector=async  worker=1  epsilon=0.001
  outcome   reward=-0.0026999999999990365  progress=0.0370  success=0/1 (0.00%)  steps=mean:227.0 range:[227,227]
  training  completed=1820/2500  queue=4/256 (2%)  replay=200000/200000  updates=80  loss=0.00175  policy_version=1249
  throughput env_steps_s=291.1  transitions_s=291.1  transitions_step=1.0  updates_s=73.0  updates_throttled=0
episode=1816
  mode      collector=async  worker=0  epsilon=0.001
  outcome   reward=4.936099999999998  progress=0.2222  success=0/1 (0.00%)  steps=mean:839.0 range:[839,839]
  training  completed=1821/2500  queue=0/256 (0%)  replay=200000/200000  updates=0  loss=0.00000  policy_version=1249
  throughput env_steps_s=2674.2  transitions_s=2674.2  transitions_step=1.0  updates_s=0.0  updates_throttled=0
episode=1820
  mode      collector=async  worker=3  epsilon=0.001
  outcome   reward=-9.999999999910081e-05  progress=0.0370  success=0/1 (0.00%)  steps=mean:201.0 range:[201,201]
  training  completed=1822/2500  queue=0/256 (0%)  replay=200000/200000  updates=23  loss=0.00273  policy_version=1250
  throughput env_steps_s=279.7  transitions_s=279.7  transitions_step=1.0  updates_s=71.5  updates_throttled=0
episode=1823
  mode      collector=async  worker=1  epsilon=0.001
  outcome   reward=-1.0064  progress=0.0000  success=0/1 (0.00%)  steps=mean:64.0 range:[64,64]
  training  completed=1823/2500  queue=0/256 (0%)  replay=200000/200000  updates=40  loss=0.00256  policy_version=1250
  throughput env_steps_s=292.9  transitions_s=292.9  transitions_step=1.0  updates_s=72.8  updates_throttled=0
episode=1825
  mode      collector=async  worker=3  epsilon=0.001
  outcome   reward=-1.0062  progress=0.0000  success=0/1 (0.00%)  steps=mean:62.0 range:[62,62]
  training  completed=1824/2500  queue=0/256 (0%)  replay=200000/200000  updates=22  loss=0.00092  policy_version=1250
  throughput env_steps_s=294.4  transitions_s=294.4  transitions_step=1.0  updates_s=72.8  updates_throttled=0
episode=1822
  mode      collector=async  worker=2  epsilon=0.001
  outcome   reward=0.9904000000000022  progress=0.0741  success=0/1 (0.00%)  steps=mean:296.0 range:[296,296]
  training  completed=1825/2500  queue=2/256 (1%)  replay=200000/200000  updates=133  loss=0.00191  policy_version=1252
  throughput env_steps_s=283.9  transitions_s=283.9  transitions_step=1.0  updates_s=71.4  updates_throttled=0
episode=1826
  mode      collector=async  worker=1  epsilon=0.001
  outcome   reward=0.002100000000000879  progress=0.0370  success=0/1 (0.00%)  steps=mean:179.0 range:[179,179]
  training  completed=1826/2500  queue=1/256 (0%)  replay=200000/200000  updates=30  loss=0.00158  policy_version=1252
  throughput env_steps_s=287.8  transitions_s=287.8  transitions_step=1.0  updates_s=71.9  updates_throttled=0
episode=1828
  mode      collector=async  worker=2  epsilon=0.001
  outcome   reward=-1.0065  progress=0.0000  success=0/1 (0.00%)  steps=mean:65.0 range:[65,65]
  training  completed=1827/2500  queue=0/256 (0%)  replay=200000/200000  updates=33  loss=0.00229  policy_version=1252
  throughput env_steps_s=292.5  transitions_s=292.5  transitions_step=1.0  updates_s=71.5  updates_throttled=0
episode=1829
  mode      collector=async  worker=1  epsilon=0.001
  outcome   reward=-0.0007999999999990237  progress=0.0370  success=0/1 (0.00%)  steps=mean:208.0 range:[208,208]
  training  completed=1828/2500  queue=1/256 (0%)  replay=200000/200000  updates=175  loss=0.00204  policy_version=1254
  throughput env_steps_s=285.2  transitions_s=285.2  transitions_step=1.0  updates_s=71.6  updates_throttled=0
episode=1824
  mode      collector=async  worker=0  epsilon=0.001
  outcome   reward=3.9656999999999947  progress=0.1852  success=0/1 (0.00%)  steps=mean:543.0 range:[543,543]
  training  completed=1829/2500  queue=0/256 (0%)  replay=200000/200000  updates=90  loss=0.00112  policy_version=1255
  throughput env_steps_s=294.1  transitions_s=294.1  transitions_step=1.0  updates_s=72.9  updates_throttled=0
episode=1831
  mode      collector=async  worker=1  epsilon=0.001
  outcome   reward=1.0015999999999854  progress=0.0741  success=0/1 (0.00%)  steps=mean:184.0 range:[184,184]
  training  completed=1830/2500  queue=0/256 (0%)  replay=200000/200000  updates=94  loss=0.00129  policy_version=1256
  throughput env_steps_s=294.8  transitions_s=294.8  transitions_step=1.0  updates_s=74.1  updates_throttled=0
episode=1832
  mode      collector=async  worker=0  epsilon=0.001
  outcome   reward=-0.0010999999999989907  progress=0.0370  success=0/1 (0.00%)  steps=mean:211.0 range:[211,211]
  training  completed=1831/2500  queue=0/256 (0%)  replay=200000/200000  updates=119  loss=0.00135  policy_version=1257
  throughput env_steps_s=283.0  transitions_s=283.0  transitions_step=1.0  updates_s=70.5  updates_throttled=0
episode=1833
  mode      collector=async  worker=1  epsilon=0.001
  outcome   reward=0.9872000000000023  progress=0.0741  success=0/1 (0.00%)  steps=mean:328.0 range:[328,328]
  training  completed=1832/2500  queue=0/256 (0%)  replay=200000/200000  updates=211  loss=0.00221  policy_version=1259
  throughput env_steps_s=293.1  transitions_s=293.1  transitions_step=1.0  updates_s=73.5  updates_throttled=0
episode=1834
  mode      collector=async  worker=0  epsilon=0.001
  outcome   reward=0.9904000000000022  progress=0.0741  success=0/1 (0.00%)  steps=mean:296.0 range:[296,296]
  training  completed=1833/2500  queue=0/256 (0%)  replay=200000/200000  updates=89  loss=0.00231  policy_version=1260
  throughput env_steps_s=285.7  transitions_s=285.7  transitions_step=1.0  updates_s=71.0  updates_throttled=0
Frozen evaluation episode=1800: success=0/20 (0.00%) reward_mean=1.2916 steps_mean=693.8
episode=1836
  mode      collector=async  worker=0  epsilon=0.001
  outcome   reward=0.001700000000000923  progress=0.0370  success=0/1 (0.00%)  steps=mean:183.0 range:[183,183]
  training  completed=1834/2500  queue=3/256 (1%)  replay=200000/200000  updates=182  loss=0.00146  policy_version=1262
  throughput env_steps_s=294.4  transitions_s=294.4  transitions_step=1.0  updates_s=73.8  updates_throttled=0
episode=1837
  mode      collector=async  worker=0  epsilon=0.001
  outcome   reward=-1.0063  progress=0.0000  success=0/1 (0.00%)  steps=mean:63.0 range:[63,63]
  training  completed=1835/2500  queue=0/256 (0%)  replay=200000/200000  updates=60  loss=0.00212  policy_version=1262
  throughput env_steps_s=320.8  transitions_s=320.8  transitions_step=1.0  updates_s=80.2  updates_throttled=0
episode=1827
  mode      collector=async  worker=3  epsilon=0.001
  outcome   reward=9.890800000000112  progress=0.4074  success=0/1 (0.00%)  steps=mean:1292.0 range:[1292,1292]
  training  completed=1836/2500  queue=1/256 (0%)  replay=200000/200000  updates=78  loss=0.00188  policy_version=1263
  throughput env_steps_s=320.4  transitions_s=320.4  transitions_step=1.0  updates_s=80.1  updates_throttled=0
episode=1835
  mode      collector=async  worker=1  epsilon=0.001
  outcome   reward=1.9746999999999846  progress=0.1111  success=0/1 (0.00%)  steps=mean:453.0 range:[453,453]
  training  completed=1837/2500  queue=1/256 (0%)  replay=200000/200000  updates=50  loss=0.00272  policy_version=1264
  throughput env_steps_s=343.9  transitions_s=343.9  transitions_step=1.0  updates_s=86.0  updates_throttled=0
episode=1840
  mode      collector=async  worker=1  epsilon=0.001
  outcome   reward=-1.0061  progress=0.0000  success=0/1 (0.00%)  steps=mean:61.0 range:[61,61]
  training  completed=1838/2500  queue=0/256 (0%)  replay=200000/200000  updates=63  loss=0.00118  policy_version=1264
  throughput env_steps_s=335.7  transitions_s=335.7  transitions_step=1.0  updates_s=83.3  updates_throttled=0
episode=1838
  mode      collector=async  worker=0  epsilon=0.001
  outcome   reward=0.9908000000000021  progress=0.0741  success=0/1 (0.00%)  steps=mean:292.0 range:[292,292]
  training  completed=1839/2500  queue=0/256 (0%)  replay=200000/200000  updates=100  loss=0.00156  policy_version=1265
  throughput env_steps_s=344.2  transitions_s=344.2  transitions_step=1.0  updates_s=86.3  updates_throttled=0
episode=1830
  mode      collector=async  worker=2  epsilon=0.001
  outcome   reward=9.882200000000115  progress=0.4074  success=0/1 (0.00%)  steps=mean:1378.0 range:[1378,1378]
  training  completed=1840/2500  queue=3/256 (1%)  replay=200000/200000  updates=52  loss=0.00170  policy_version=1266
  throughput env_steps_s=336.5  transitions_s=336.5  transitions_step=1.0  updates_s=84.1  updates_throttled=0
episode=1842
  mode      collector=async  worker=0  epsilon=0.001
  outcome   reward=0.003200000000000758  progress=0.0370  success=0/1 (0.00%)  steps=mean:168.0 range:[168,168]
  training  completed=1841/2500  queue=3/256 (1%)  replay=200000/200000  updates=114  loss=0.00142  policy_version=1267
  throughput env_steps_s=343.3  transitions_s=343.3  transitions_step=1.0  updates_s=86.0  updates_throttled=0
episode=1844
  mode      collector=async  worker=0  epsilon=0.001
  outcome   reward=-1.0064  progress=0.0000  success=0/1 (0.00%)  steps=mean:64.0 range:[64,64]
  training  completed=1842/2500  queue=0/256 (0%)  replay=200000/200000  updates=62  loss=0.00152  policy_version=1268
  throughput env_steps_s=345.8  transitions_s=345.8  transitions_step=1.0  updates_s=85.8  updates_throttled=0
episode=1843
  mode      collector=async  worker=2  epsilon=0.001
  outcome   reward=1.9852999999999874  progress=0.1111  success=0/1 (0.00%)  steps=mean:347.0 range:[347,347]
  training  completed=1843/2500  queue=0/256 (0%)  replay=200000/200000  updates=172  loss=0.00232  policy_version=1269
  throughput env_steps_s=342.5  transitions_s=342.5  transitions_step=1.0  updates_s=85.5  updates_throttled=0
episode=1845
  mode      collector=async  worker=0  epsilon=0.001
  outcome   reward=0.001100000000000767  progress=0.0370  success=0/1 (0.00%)  steps=mean:189.0 range:[189,189]
  training  completed=1844/2500  queue=0/256 (0%)  replay=200000/200000  updates=18  loss=0.00349  policy_version=1269
  throughput env_steps_s=325.9  transitions_s=325.9  transitions_step=1.0  updates_s=82.6  updates_throttled=0
episode=1841
  mode      collector=async  worker=1  epsilon=0.001
  outcome   reward=3.9566999999999624  progress=0.1852  success=0/1 (0.00%)  steps=mean:633.0 range:[633,633]
  training  completed=1845/2500  queue=0/256 (0%)  replay=200000/200000  updates=113  loss=0.00213  policy_version=1271
  throughput env_steps_s=339.2  transitions_s=339.2  transitions_step=1.0  updates_s=85.0  updates_throttled=0
episode=1847
  mode      collector=async  worker=0  epsilon=0.001
  outcome   reward=0.001400000000000734  progress=0.0370  success=0/1 (0.00%)  steps=mean:186.0 range:[186,186]
  training  completed=1846/2500  queue=0/256 (0%)  replay=200000/200000  updates=79  loss=0.00223  policy_version=1271
  throughput env_steps_s=335.5  transitions_s=335.5  transitions_step=1.0  updates_s=83.4  updates_throttled=0
episode=1849
  mode      collector=async  worker=0  epsilon=0.001
  outcome   reward=1.9796999999999885  progress=0.1111  success=0/1 (0.00%)  steps=mean:403.0 range:[403,403]
  training  completed=1847/2500  queue=0/256 (0%)  replay=200000/200000  updates=402  loss=0.00165  policy_version=1275
  throughput env_steps_s=329.2  transitions_s=329.2  transitions_step=1.0  updates_s=82.4  updates_throttled=0
episode=1839
  mode      collector=async  worker=3  epsilon=0.001
  outcome   reward=11.892100000000163  progress=0.4815  success=0/1 (0.00%)  steps=mean:1279.0 range:[1279,1279]
  training  completed=1848/2500  queue=1/256 (0%)  replay=200000/200000  updates=49  loss=0.00236  policy_version=1276
  throughput env_steps_s=331.9  transitions_s=331.9  transitions_step=1.0  updates_s=83.4  updates_throttled=0
episode=1850
  mode      collector=async  worker=0  epsilon=0.001
  outcome   reward=-1.0062  progress=0.0000  success=0/1 (0.00%)  steps=mean:62.0 range:[62,62]
  training  completed=1849/2500  queue=0/256 (0%)  replay=200000/200000  updates=13  loss=0.00103  policy_version=1276
  throughput env_steps_s=332.1  transitions_s=332.1  transitions_step=1.0  updates_s=79.9  updates_throttled=0
episode=1848
  mode      collector=async  worker=1  epsilon=0.001
  outcome   reward=3.9652999999999636  progress=0.1852  success=0/1 (0.00%)  steps=mean:547.0 range:[547,547]
  training  completed=1850/2500  queue=0/256 (0%)  replay=200000/200000  updates=7  loss=0.00149  policy_version=1276
  throughput env_steps_s=313.5  transitions_s=313.5  transitions_step=1.0  updates_s=75.7  updates_throttled=0
episode=1851
  mode      collector=async  worker=3  epsilon=0.001
  outcome   reward=-1.0062  progress=0.0000  success=0/1 (0.00%)  steps=mean:62.0 range:[62,62]
  training  completed=1851/2500  queue=0/256 (0%)  replay=200000/200000  updates=43  loss=0.00138  policy_version=1277
  throughput env_steps_s=329.2  transitions_s=329.2  transitions_step=1.0  updates_s=82.8  updates_throttled=0
episode=1846
  mode      collector=async  worker=2  epsilon=0.001
  outcome   reward=3.9432999999999616  progress=0.1852  success=0/1 (0.00%)  steps=mean:767.0 range:[767,767]
  training  completed=1852/2500  queue=0/256 (0%)  replay=200000/200000  updates=40  loss=0.00309  policy_version=1277
  throughput env_steps_s=323.1  transitions_s=323.1  transitions_step=1.0  updates_s=81.8  updates_throttled=0
episode=1853
  mode      collector=async  worker=1  epsilon=0.001
  outcome   reward=0.9995999999999869  progress=0.0741  success=0/1 (0.00%)  steps=mean:204.0 range:[204,204]
  training  completed=1853/2500  queue=0/256 (0%)  replay=200000/200000  updates=116  loss=0.00187  policy_version=1278
  throughput env_steps_s=329.9  transitions_s=329.9  transitions_step=1.0  updates_s=82.1  updates_throttled=0
episode=1856
  mode      collector=async  worker=1  epsilon=0.001
  outcome   reward=0.9884000000000024  progress=0.0741  success=0/1 (0.00%)  steps=mean:316.0 range:[316,316]
  training  completed=1854/2500  queue=0/256 (0%)  replay=200000/200000  updates=314  loss=0.00200  policy_version=1281
  throughput env_steps_s=340.7  transitions_s=340.7  transitions_step=1.0  updates_s=85.1  updates_throttled=0
episode=1854
  mode      collector=async  worker=3  epsilon=0.001
  outcome   reward=2.9719999999999596  progress=0.1481  success=0/1 (0.00%)  steps=mean:480.0 range:[480,480]
  training  completed=1855/2500  queue=0/256 (0%)  replay=200000/200000  updates=13  loss=0.00278  policy_version=1281
  throughput env_steps_s=324.5  transitions_s=324.5  transitions_step=1.0  updates_s=81.1  updates_throttled=0
episode=1855
  mode      collector=async  worker=2  epsilon=0.001
  outcome   reward=2.973999999999956  progress=0.1481  success=0/1 (0.00%)  steps=mean:460.0 range:[460,460]
  training  completed=1856/2500  queue=0/256 (0%)  replay=200000/200000  updates=22  loss=0.00182  policy_version=1282
  throughput env_steps_s=284.3  transitions_s=284.3  transitions_step=1.0  updates_s=71.9  updates_throttled=0
episode=1857
  mode      collector=async  worker=1  epsilon=0.001
  outcome   reward=-1.0064  progress=0.0000  success=0/1 (0.00%)  steps=mean:64.0 range:[64,64]
  training  completed=1857/2500  queue=0/256 (0%)  replay=200000/200000  updates=29  loss=0.00095  policy_version=1282
  throughput env_steps_s=322.0  transitions_s=322.0  transitions_step=1.0  updates_s=79.8  updates_throttled=0
episode=1852
  mode      collector=async  worker=0  epsilon=0.001
  outcome   reward=3.9563000000000486  progress=0.1852  success=0/1 (0.00%)  steps=mean:637.0 range:[637,637]
  training  completed=1858/2500  queue=0/256 (0%)  replay=200000/200000  updates=51  loss=0.00183  policy_version=1282
  throughput env_steps_s=316.0  transitions_s=316.0  transitions_step=1.0  updates_s=79.4  updates_throttled=0
episode=1859
  mode      collector=async  worker=2  epsilon=0.001
  outcome   reward=0.002400000000000846  progress=0.0370  success=0/1 (0.00%)  steps=mean:176.0 range:[176,176]
  training  completed=1859/2500  queue=0/256 (0%)  replay=200000/200000  updates=97  loss=0.00115  policy_version=1283
  throughput env_steps_s=328.7  transitions_s=328.7  transitions_step=1.0  updates_s=82.0  updates_throttled=0
episode=1860
  mode      collector=async  worker=1  epsilon=0.001
  outcome   reward=0.002100000000000879  progress=0.0370  success=0/1 (0.00%)  steps=mean:179.0 range:[179,179]
  training  completed=1860/2500  queue=2/256 (1%)  replay=200000/200000  updates=37  loss=0.00094  policy_version=1284
  throughput env_steps_s=324.8  transitions_s=324.8  transitions_step=1.0  updates_s=81.7  updates_throttled=0
episode=1861
  mode      collector=async  worker=0  epsilon=0.001
  outcome   reward=0.001500000000000723  progress=0.0370  success=0/1 (0.00%)  steps=mean:185.0 range:[185,185]
  training  completed=1861/2500  queue=0/256 (0%)  replay=200000/200000  updates=46  loss=0.00169  policy_version=1284
  throughput env_steps_s=323.4  transitions_s=323.4  transitions_step=1.0  updates_s=80.4  updates_throttled=0
episode=1863
  mode      collector=async  worker=1  epsilon=0.001
  outcome   reward=-1.0063  progress=0.0000  success=0/1 (0.00%)  steps=mean:63.0 range:[63,63]
  training  completed=1862/2500  queue=0/256 (0%)  replay=200000/200000  updates=19  loss=0.00131  policy_version=1284
  throughput env_steps_s=269.0  transitions_s=269.0  transitions_step=1.0  updates_s=67.3  updates_throttled=0
episode=1858
  mode      collector=async  worker=3  epsilon=0.001
  outcome   reward=0.9887000000000024  progress=0.0741  success=0/1 (0.00%)  steps=mean:313.0 range:[313,313]
  training  completed=1863/2500  queue=2/256 (1%)  replay=200000/200000  updates=10  loss=0.00393  policy_version=1284
  throughput env_steps_s=294.9  transitions_s=294.9  transitions_step=1.0  updates_s=77.6  updates_throttled=0
episode=1865
  mode      collector=async  worker=1  epsilon=0.001
  outcome   reward=-1.0066  progress=0.0000  success=0/1 (0.00%)  steps=mean:66.0 range:[66,66]
  training  completed=1864/2500  queue=0/256 (0%)  replay=200000/200000  updates=56  loss=0.00169  policy_version=1285
  throughput env_steps_s=335.4  transitions_s=335.4  transitions_step=1.0  updates_s=83.8  updates_throttled=0
episode=1866
  mode      collector=async  worker=3  epsilon=0.001
  outcome   reward=-1.0065  progress=0.0000  success=0/1 (0.00%)  steps=mean:65.0 range:[65,65]
  training  completed=1865/2500  queue=0/256 (0%)  replay=200000/200000  updates=8  loss=0.00131  policy_version=1285
  throughput env_steps_s=263.6  transitions_s=263.6  transitions_step=1.0  updates_s=63.9  updates_throttled=0
episode=1862
  mode      collector=async  worker=2  epsilon=0.001
  outcome   reward=-0.0032999999999989704  progress=0.0370  success=0/1 (0.00%)  steps=mean:233.0 range:[233,233]
  training  completed=1866/2500  queue=0/256 (0%)  replay=200000/200000  updates=57  loss=0.00219  policy_version=1286
  throughput env_steps_s=269.9  transitions_s=269.9  transitions_step=1.0  updates_s=67.8  updates_throttled=0
episode=1868
  mode      collector=async  worker=3  epsilon=0.001
  outcome   reward=0.0007000000000008111  progress=0.0370  success=0/1 (0.00%)  steps=mean:193.0 range:[193,193]
  training  completed=1867/2500  queue=0/256 (0%)  replay=200000/200000  updates=137  loss=0.00199  policy_version=1287
  throughput env_steps_s=308.2  transitions_s=308.2  transitions_step=1.0  updates_s=76.9  updates_throttled=0
episode=1864
  mode      collector=async  worker=0  epsilon=0.001
  outcome   reward=0.9852000000000027  progress=0.0741  success=0/1 (0.00%)  steps=mean:348.0 range:[348,348]
  training  completed=1868/2500  queue=0/256 (0%)  replay=200000/200000  updates=56  loss=0.00106  policy_version=1288
  throughput env_steps_s=338.9  transitions_s=338.9  transitions_step=1.0  updates_s=84.7  updates_throttled=0
episode=1870
  mode      collector=async  worker=3  epsilon=0.001
  outcome   reward=-1.006  progress=0.0000  success=0/1 (0.00%)  steps=mean:60.0 range:[60,60]
  training  completed=1869/2500  queue=0/256 (0%)  replay=200000/200000  updates=4  loss=0.00014  policy_version=1288
  throughput env_steps_s=302.1  transitions_s=302.1  transitions_step=1.0  updates_s=86.3  updates_throttled=0
episode=1871
  mode      collector=async  worker=0  epsilon=0.001
  outcome   reward=1.976199999999986  progress=0.1111  success=0/1 (0.00%)  steps=mean:438.0 range:[438,438]
  training  completed=1870/2500  queue=0/256 (0%)  replay=200000/200000  updates=430  loss=0.00192  policy_version=1292
  throughput env_steps_s=339.0  transitions_s=339.0  transitions_step=1.0  updates_s=84.7  updates_throttled=0
episode=1872
  mode      collector=async  worker=3  epsilon=0.001
  outcome   reward=2.9759999999999867  progress=0.1481  success=0/1 (0.00%)  steps=mean:440.0 range:[440,440]
  training  completed=1871/2500  queue=0/256 (0%)  replay=200000/200000  updates=10  loss=0.00139  policy_version=1292
  throughput env_steps_s=346.4  transitions_s=346.4  transitions_step=1.0  updates_s=86.6  updates_throttled=0
episode=1869
  mode      collector=async  worker=2  epsilon=0.001
  outcome   reward=3.9523999999999706  progress=0.1852  success=0/1 (0.00%)  steps=mean:676.0 range:[676,676]
  training  completed=1872/2500  queue=2/256 (1%)  replay=200000/200000  updates=44  loss=0.00182  policy_version=1293
  throughput env_steps_s=332.0  transitions_s=332.0  transitions_step=1.0  updates_s=84.0  updates_throttled=0
episode=1874
  mode      collector=async  worker=3  epsilon=0.001
  outcome   reward=-1.0064  progress=0.0000  success=0/1 (0.00%)  steps=mean:64.0 range:[64,64]
  training  completed=1873/2500  queue=0/256 (0%)  replay=200000/200000  updates=19  loss=0.00304  policy_version=1293
  throughput env_steps_s=349.2  transitions_s=349.2  transitions_step=1.0  updates_s=85.1  updates_throttled=0
episode=1875
  mode      collector=async  worker=2  epsilon=0.001
  outcome   reward=-1.0065  progress=0.0000  success=0/1 (0.00%)  steps=mean:65.0 range:[65,65]
  training  completed=1874/2500  queue=0/256 (0%)  replay=200000/200000  updates=49  loss=0.00228  policy_version=1293
  throughput env_steps_s=347.5  transitions_s=347.5  transitions_step=1.0  updates_s=87.3  updates_throttled=0
episode=1873
  mode      collector=async  worker=0  epsilon=0.001
  outcome   reward=1.9760999999999884  progress=0.1111  success=0/1 (0.00%)  steps=mean:439.0 range:[439,439]
  training  completed=1875/2500  queue=0/256 (0%)  replay=200000/200000  updates=309  loss=0.00208  policy_version=1296
  throughput env_steps_s=333.6  transitions_s=333.6  transitions_step=1.0  updates_s=83.4  updates_throttled=0
episode=1867
  mode      collector=async  worker=1  epsilon=0.001
  outcome   reward=8.865000000000178  progress=0.3704  success=0/1 (0.00%)  steps=mean:1550.0 range:[1550,1550]
  training  completed=1876/2500  queue=0/256 (0%)  replay=200000/200000  updates=429  loss=0.00211  policy_version=1301
  throughput env_steps_s=326.7  transitions_s=326.7  transitions_step=1.0  updates_s=81.7  updates_throttled=0
episode=1878
  mode      collector=async  worker=0  epsilon=0.001
  outcome   reward=1.9737999999999867  progress=0.1111  success=0/1 (0.00%)  steps=mean:462.0 range:[462,462]
  training  completed=1877/2500  queue=0/256 (0%)  replay=200000/200000  updates=35  loss=0.00238  policy_version=1301
  throughput env_steps_s=329.8  transitions_s=329.8  transitions_step=1.0  updates_s=81.9  updates_throttled=0
episode=1879
  mode      collector=async  worker=1  epsilon=0.001
  outcome   reward=-1.0063  progress=0.0000  success=0/1 (0.00%)  steps=mean:63.0 range:[63,63]
  training  completed=1878/2500  queue=1/256 (0%)  replay=200000/200000  updates=30  loss=0.00096  policy_version=1301
  throughput env_steps_s=348.6  transitions_s=348.6  transitions_step=1.0  updates_s=88.6  updates_throttled=0
episode=1877
  mode      collector=async  worker=2  epsilon=0.001
  outcome   reward=6.921300000000037  progress=0.2963  success=0/1 (0.00%)  steps=mean:987.0 range:[987,987]
  training  completed=1879/2500  queue=2/256 (1%)  replay=200000/200000  updates=181  loss=0.00182  policy_version=1303
  throughput env_steps_s=338.1  transitions_s=338.1  transitions_step=1.0  updates_s=84.5  updates_throttled=0
episode=1880
  mode      collector=async  worker=0  epsilon=0.001
  outcome   reward=0.991500000000002  progress=0.0741  success=0/1 (0.00%)  steps=mean:285.0 range:[285,285]
  training  completed=1880/2500  queue=3/256 (1%)  replay=200000/200000  updates=75  loss=0.00194  policy_version=1304
  throughput env_steps_s=336.9  transitions_s=336.9  transitions_step=1.0  updates_s=84.2  updates_throttled=0
episode=1881
  mode      collector=async  worker=1  epsilon=0.001
  outcome   reward=0.9892000000000023  progress=0.0741  success=0/1 (0.00%)  steps=mean:308.0 range:[308,308]
  training  completed=1881/2500  queue=1/256 (0%)  replay=200000/200000  updates=52  loss=0.00092  policy_version=1304
  throughput env_steps_s=321.4  transitions_s=321.4  transitions_step=1.0  updates_s=80.4  updates_throttled=0
episode=1884
  mode      collector=async  worker=1  epsilon=0.001
  outcome   reward=3.954099999999965  progress=0.1852  success=0/1 (0.00%)  steps=mean:659.0 range:[659,659]
  training  completed=1882/2500  queue=0/256 (0%)  replay=200000/200000  updates=661  loss=0.00169  policy_version=1311
  throughput env_steps_s=344.1  transitions_s=344.1  transitions_step=1.0  updates_s=86.0  updates_throttled=0
episode=1882
  mode      collector=async  worker=2  epsilon=0.001
  outcome   reward=4.92110000000005  progress=0.2222  success=0/1 (0.00%)  steps=mean:989.0 range:[989,989]
  training  completed=1883/2500  queue=0/256 (0%)  replay=200000/200000  updates=199  loss=0.00180  policy_version=1313
  throughput env_steps_s=344.5  transitions_s=344.5  transitions_step=1.0  updates_s=85.9  updates_throttled=0
episode=1876
  mode      collector=async  worker=3  epsilon=0.001
  outcome   reward=10.815900000000296  progress=0.4444  success=0/1 (0.00%)  steps=mean:2041.0 range:[2041,2041]
  training  completed=1884/2500  queue=0/256 (0%)  replay=200000/200000  updates=32  loss=0.00147  policy_version=1313
  throughput env_steps_s=339.9  transitions_s=339.9  transitions_step=1.0  updates_s=86.3  updates_throttled=0
episode=1886
  mode      collector=async  worker=2  epsilon=0.001
  outcome   reward=1.9885999999999695  progress=0.1111  success=0/1 (0.00%)  steps=mean:314.0 range:[314,314]
  training  completed=1885/2500  queue=0/256 (0%)  replay=200000/200000  updates=278  loss=0.00184  policy_version=1316
  throughput env_steps_s=345.6  transitions_s=345.6  transitions_step=1.0  updates_s=86.4  updates_throttled=0
episode=1883
  mode      collector=async  worker=0  epsilon=0.001
  outcome   reward=9.887600000000113  progress=0.4074  success=0/1 (0.00%)  steps=mean:1324.0 range:[1324,1324]
  training  completed=1886/2500  queue=0/256 (0%)  replay=200000/200000  updates=96  loss=0.00191  policy_version=1317
  throughput env_steps_s=339.6  transitions_s=339.6  transitions_step=1.0  updates_s=84.5  updates_throttled=0
episode=1888
  mode      collector=async  worker=2  epsilon=0.001
  outcome   reward=0.001200000000000756  progress=0.0370  success=0/1 (0.00%)  steps=mean:188.0 range:[188,188]
  training  completed=1887/2500  queue=1/256 (0%)  replay=200000/200000  updates=92  loss=0.00138  policy_version=1318
  throughput env_steps_s=337.9  transitions_s=337.9  transitions_step=1.0  updates_s=85.2  updates_throttled=0
episode=1889
  mode      collector=async  worker=0  epsilon=0.001
  outcome   reward=-0.0035999999999989374  progress=0.0370  success=0/1 (0.00%)  steps=mean:236.0 range:[236,236]
  training  completed=1888/2500  queue=0/256 (0%)  replay=200000/200000  updates=146  loss=0.00173  policy_version=1319
  throughput env_steps_s=347.8  transitions_s=347.8  transitions_step=1.0  updates_s=86.6  updates_throttled=0
episode=1885
  mode      collector=async  worker=1  epsilon=0.001
  outcome   reward=10.902900000000127  progress=0.4444  success=0/1 (0.00%)  steps=mean:1171.0 range:[1171,1171]
  training  completed=1889/2500  queue=0/256 (0%)  replay=200000/200000  updates=333  loss=0.00167  policy_version=1323
  throughput env_steps_s=343.0  transitions_s=343.0  transitions_step=1.0  updates_s=85.7  updates_throttled=0
episode=1891
  mode      collector=async  worker=0  epsilon=0.001
  outcome   reward=6.911400000000084  progress=0.2963  success=0/1 (0.00%)  steps=mean:1086.0 range:[1086,1086]
  training  completed=1890/2500  queue=0/256 (0%)  replay=200000/200000  updates=744  loss=0.00209  policy_version=1330
  throughput env_steps_s=345.1  transitions_s=345.1  transitions_step=1.0  updates_s=86.3  updates_throttled=0
episode=1892
  mode      collector=async  worker=1  epsilon=0.001
  outcome   reward=6.921700000000026  progress=0.2963  success=0/1 (0.00%)  steps=mean:983.0 range:[983,983]
  training  completed=1891/2500  queue=0/256 (0%)  replay=200000/200000  updates=245  loss=0.00187  policy_version=1333
  throughput env_steps_s=346.4  transitions_s=346.4  transitions_step=1.0  updates_s=86.6  updates_throttled=0
episode=1893
  mode      collector=async  worker=0  epsilon=0.001
  outcome   reward=-0.016299999999997317  progress=0.0370  success=0/1 (0.00%)  steps=mean:363.0 range:[363,363]
  training  completed=1892/2500  queue=0/256 (0%)  replay=200000/200000  updates=124  loss=0.00132  policy_version=1334
  throughput env_steps_s=344.5  transitions_s=344.5  transitions_step=1.0  updates_s=86.5  updates_throttled=0
episode=1895
  mode      collector=async  worker=0  epsilon=0.001
  outcome   reward=-9.999999999910081e-05  progress=0.0370  success=0/1 (0.00%)  steps=mean:201.0 range:[201,201]
  training  completed=1893/2500  queue=0/256 (0%)  replay=200000/200000  updates=201  loss=0.00219  policy_version=1336
  throughput env_steps_s=325.2  transitions_s=325.2  transitions_step=1.0  updates_s=81.2  updates_throttled=0
episode=1896
  mode      collector=async  worker=0  epsilon=0.001
  outcome   reward=-1.0062  progress=0.0000  success=0/1 (0.00%)  steps=mean:62.0 range:[62,62]
  training  completed=1894/2500  queue=0/256 (0%)  replay=200000/200000  updates=62  loss=0.00268  policy_version=1336
  throughput env_steps_s=335.3  transitions_s=335.3  transitions_step=1.0  updates_s=83.8  updates_throttled=0
episode=1894
  mode      collector=async  worker=1  epsilon=0.001
  outcome   reward=1.9701999999999844  progress=0.1111  success=0/1 (0.00%)  steps=mean:498.0 range:[498,498]
  training  completed=1895/2500  queue=2/256 (1%)  replay=200000/200000  updates=111  loss=0.00207  policy_version=1338
  throughput env_steps_s=336.0  transitions_s=336.0  transitions_step=1.0  updates_s=84.2  updates_throttled=0
episode=1890
  mode      collector=async  worker=2  epsilon=0.001
  outcome   reward=13.804200000000309  progress=0.5556  success=0/1 (0.00%)  steps=mean:2158.0 range:[2158,2158]
  training  completed=1896/2500  queue=1/256 (0%)  replay=200000/200000  updates=188  loss=0.00209  policy_version=1339
  throughput env_steps_s=295.0  transitions_s=295.0  transitions_step=1.0  updates_s=73.7  updates_throttled=0
episode=1899
  mode      collector=async  worker=2  epsilon=0.001
  outcome   reward=0.001900000000000901  progress=0.0370  success=0/1 (0.00%)  steps=mean:181.0 range:[181,181]
  training  completed=1897/2500  queue=0/256 (0%)  replay=200000/200000  updates=180  loss=0.00212  policy_version=1341
  throughput env_steps_s=300.6  transitions_s=300.6  transitions_step=1.0  updates_s=75.1  updates_throttled=0
episode=1897
  mode      collector=async  worker=0  epsilon=0.001
  outcome   reward=3.9535999999999687  progress=0.1852  success=0/1 (0.00%)  steps=mean:664.0 range:[664,664]
  training  completed=1898/2500  queue=0/256 (0%)  replay=200000/200000  updates=173  loss=0.00183  policy_version=1343
  throughput env_steps_s=332.6  transitions_s=332.6  transitions_step=1.0  updates_s=82.8  updates_throttled=0
episode=1898
  mode      collector=async  worker=1  epsilon=0.001
  outcome   reward=3.9604999999999446  progress=0.1852  success=0/1 (0.00%)  steps=mean:595.0 range:[595,595]
  training  completed=1899/2500  queue=0/256 (0%)  replay=200000/200000  updates=55  loss=0.00153  policy_version=1343
  throughput env_steps_s=321.2  transitions_s=321.2  transitions_step=1.0  updates_s=80.3  updates_throttled=0
episode=1902
  mode      collector=async  worker=1  epsilon=0.001
  outcome   reward=-1.0064  progress=0.0000  success=0/1 (0.00%)  steps=mean:64.0 range:[64,64]
  training  completed=1900/2500  queue=5/256 (2%)  replay=200000/200000  updates=63  loss=0.00138  policy_version=1344
  throughput env_steps_s=317.2  transitions_s=317.2  transitions_step=1.0  updates_s=80.3  updates_throttled=0
Saved checkpoint: checkpoints/breakout_s2_rand/ckpt-1900
Scheduled replay buffer save: checkpoints/breakout_s2_rand/replay-1900.npz transitions=200000
Evaluating frozen checkpoint episode=1900 episodes=20 metric=auto...
Saved replay buffer: checkpoints/breakout_s2_rand/replay-1900.npz transitions=200000
episode=1901
  mode      collector=async  worker=0  epsilon=0.001
  outcome   reward=0.9893000000000023  progress=0.0741  success=0/1 (0.00%)  steps=mean:307.0 range:[307,307]
  training  completed=1901/2500  queue=0/256 (0%)  replay=200000/200000  updates=189  loss=0.00157  policy_version=1346
  throughput env_steps_s=286.1  transitions_s=286.1  transitions_step=1.0  updates_s=71.3  updates_throttled=0
episode=1904
  mode      collector=async  worker=0  epsilon=0.001
  outcome   reward=-1.0062  progress=0.0000  success=0/1 (0.00%)  steps=mean:62.0 range:[62,62]
  training  completed=1902/2500  queue=0/256 (0%)  replay=200000/200000  updates=62  loss=0.00188  policy_version=1347
  throughput env_steps_s=288.5  transitions_s=288.5  transitions_step=1.0  updates_s=72.1  updates_throttled=0
episode=1900
  mode      collector=async  worker=2  epsilon=0.001
  outcome   reward=3.9625999999999584  progress=0.1852  success=0/1 (0.00%)  steps=mean:574.0 range:[574,574]
  training  completed=1903/2500  queue=0/256 (0%)  replay=200000/200000  updates=36  loss=0.00284  policy_version=1347
  throughput env_steps_s=270.0  transitions_s=270.0  transitions_step=1.0  updates_s=67.0  updates_throttled=0
episode=1906
  mode      collector=async  worker=2  epsilon=0.001
  outcome   reward=-1.0063  progress=0.0000  success=0/1 (0.00%)  steps=mean:63.0 range:[63,63]
  training  completed=1904/2500  queue=0/256 (0%)  replay=200000/200000  updates=65  loss=0.00159  policy_version=1348
  throughput env_steps_s=253.2  transitions_s=253.2  transitions_step=1.0  updates_s=63.3  updates_throttled=0
episode=1905
  mode      collector=async  worker=0  epsilon=0.001
  outcome   reward=1.9888999999999661  progress=0.1111  success=0/1 (0.00%)  steps=mean:311.0 range:[311,311]
  training  completed=1905/2500  queue=0/256 (0%)  replay=200000/200000  updates=206  loss=0.00150  policy_version=1350
  throughput env_steps_s=279.7  transitions_s=279.7  transitions_step=1.0  updates_s=70.1  updates_throttled=0
episode=1908
  mode      collector=async  worker=0  epsilon=0.001
  outcome   reward=-1.006  progress=0.0000  success=0/1 (0.00%)  steps=mean:60.0 range:[60,60]
  training  completed=1906/2500  queue=0/256 (0%)  replay=200000/200000  updates=59  loss=0.00167  policy_version=1350
  throughput env_steps_s=281.3  transitions_s=281.3  transitions_step=1.0  updates_s=69.7  updates_throttled=0
episode=1907
  mode      collector=async  worker=2  epsilon=0.001
  outcome   reward=0.9858000000000025  progress=0.0741  success=0/1 (0.00%)  steps=mean:342.0 range:[342,342]
  training  completed=1907/2500  queue=0/256 (0%)  replay=200000/200000  updates=75  loss=0.00209  policy_version=1351
  throughput env_steps_s=279.2  transitions_s=279.2  transitions_step=1.0  updates_s=69.8  updates_throttled=0
episode=1903
  mode      collector=async  worker=1  epsilon=0.001
  outcome   reward=3.9470999999999643  progress=0.1852  success=0/1 (0.00%)  steps=mean:729.0 range:[729,729]
  training  completed=1908/2500  queue=0/256 (0%)  replay=200000/200000  updates=41  loss=0.00184  policy_version=1351
  throughput env_steps_s=285.4  transitions_s=285.4  transitions_step=1.0  updates_s=71.8  updates_throttled=0
episode=1911
  mode      collector=async  worker=1  epsilon=0.001
  outcome   reward=1.0029999999999866  progress=0.0741  success=0/1 (0.00%)  steps=mean:170.0 range:[170,170]
  training  completed=1909/2500  queue=0/256 (0%)  replay=200000/200000  updates=174  loss=0.00135  policy_version=1353
  throughput env_steps_s=259.2  transitions_s=259.2  transitions_step=1.0  updates_s=64.8  updates_throttled=0
episode=1909
  mode      collector=async  worker=0  epsilon=0.001
  outcome   reward=2.9771999999999412  progress=0.1481  success=0/1 (0.00%)  steps=mean:428.0 range:[428,428]
  training  completed=1910/2500  queue=0/256 (0%)  replay=200000/200000  updates=138  loss=0.00180  policy_version=1355
  throughput env_steps_s=256.4  transitions_s=256.4  transitions_step=1.0  updates_s=64.1  updates_throttled=0
episode=1912
  mode      collector=async  worker=1  epsilon=0.001
  outcome   reward=0.0007000000000008111  progress=0.0370  success=0/1 (0.00%)  steps=mean:193.0 range:[193,193]
  training  completed=1911/2500  queue=2/256 (1%)  replay=200000/200000  updates=58  loss=0.00166  policy_version=1355
  throughput env_steps_s=290.6  transitions_s=290.6  transitions_step=1.0  updates_s=73.3  updates_throttled=0
episode=1910
  mode      collector=async  worker=2  epsilon=0.001
  outcome   reward=2.9769999999999586  progress=0.1481  success=0/1 (0.00%)  steps=mean:430.0 range:[430,430]
  training  completed=1912/2500  queue=0/256 (0%)  replay=200000/200000  updates=17  loss=0.00227  policy_version=1355
  throughput env_steps_s=273.4  transitions_s=273.4  transitions_step=1.0  updates_s=67.4  updates_throttled=0
episode=1914
  mode      collector=async  worker=1  epsilon=0.001
  outcome   reward=-1.0063  progress=0.0000  success=0/1 (0.00%)  steps=mean:63.0 range:[63,63]
  training  completed=1913/2500  queue=0/256 (0%)  replay=200000/200000  updates=48  loss=0.00188  policy_version=1356
  throughput env_steps_s=285.9  transitions_s=285.9  transitions_step=1.0  updates_s=71.1  updates_throttled=0
Frozen evaluation episode=1900: success=0/20 (0.00%) reward_mean=0.4401 steps_mean=209.1
episode=1915
  mode      collector=async  worker=2  epsilon=0.001
  outcome   reward=-0.0006999999999990347  progress=0.0370  success=0/1 (0.00%)  steps=mean:207.0 range:[207,207]
  training  completed=1914/2500  queue=0/256 (0%)  replay=200000/200000  updates=161  loss=0.00273  policy_version=1357
  throughput env_steps_s=325.5  transitions_s=325.5  transitions_step=1.0  updates_s=81.4  updates_throttled=0
episode=1916
  mode      collector=async  worker=1  epsilon=0.001
  outcome   reward=0.001100000000000767  progress=0.0370  success=0/1 (0.00%)  steps=mean:189.0 range:[189,189]
  training  completed=1915/2500  queue=0/256 (0%)  replay=200000/200000  updates=27  loss=0.00241  policy_version=1358
  throughput env_steps_s=324.2  transitions_s=324.2  transitions_step=1.0  updates_s=81.1  updates_throttled=0
episode=1913
  mode      collector=async  worker=0  epsilon=0.001
  outcome   reward=1.9855999999999814  progress=0.1111  success=0/1 (0.00%)  steps=mean:344.0 range:[344,344]
  training  completed=1916/2500  queue=1/256 (0%)  replay=200000/200000  updates=31  loss=0.00301  policy_version=1358
  throughput env_steps_s=327.5  transitions_s=327.5  transitions_step=1.0  updates_s=82.5  updates_throttled=0
episode=1917
  mode      collector=async  worker=2  epsilon=0.001
  outcome   reward=1.9901999999999662  progress=0.1111  success=0/1 (0.00%)  steps=mean:298.0 range:[298,298]
  training  completed=1917/2500  queue=0/256 (0%)  replay=200000/200000  updates=234  loss=0.00199  policy_version=1360
  throughput env_steps_s=334.4  transitions_s=334.4  transitions_step=1.0  updates_s=83.5  updates_throttled=0
episode=1919
  mode      collector=async  worker=0  epsilon=0.001
  outcome   reward=7.94530000000004  progress=0.3333  success=0/1 (0.00%)  steps=mean:747.0 range:[747,747]
  training  completed=1918/2500  queue=0/256 (0%)  replay=200000/200000  updates=520  loss=0.00189  policy_version=1366
  throughput env_steps_s=333.3  transitions_s=333.3  transitions_step=1.0  updates_s=83.3  updates_throttled=0
episode=1921
  mode      collector=async  worker=0  epsilon=0.001
  outcome   reward=-1.006  progress=0.0000  success=0/1 (0.00%)  steps=mean:60.0 range:[60,60]
  training  completed=1919/2500  queue=0/256 (0%)  replay=200000/200000  updates=58  loss=0.00190  policy_version=1366
  throughput env_steps_s=336.9  transitions_s=336.9  transitions_step=1.0  updates_s=84.9  updates_throttled=0
