Using training backend: dqn (train_generic_dqn.py)
WARNING: All log messages before absl::InitializeLog() is called are written to STDERR
I0000 00:00:1784283910.734167   44566 port.cc:153] oneDNN custom operations are on. You may see slightly different numerical results due to floating-point round-off errors from different computation orders. To turn them off, set the environment variable `TF_ENABLE_ONEDNN_OPTS=0`.
I0000 00:00:1784283910.765700   44566 cpu_feature_guard.cc:227] This TensorFlow binary is optimized to use available CPU instructions in performance-critical operations.
To enable the following instructions: AVX2 AVX_VNNI FMA, in other operations, rebuild TensorFlow with the appropriate compiler flags.
WARNING: All log messages before absl::InitializeLog() is called are written to STDERR
I0000 00:00:1784283911.396128   44566 port.cc:153] oneDNN custom operations are on. You may see slightly different numerical results due to floating-point round-off errors from different computation orders. To turn them off, set the environment variable `TF_ENABLE_ONEDNN_OPTS=0`.
TensorFlow GPU devices: [PhysicalDevice(name='/physical_device:GPU:0', device_type='GPU')] memory_growth=enabled
Started Godot instances on ports [6400, 6401, 6402, 6403]
Scenario spec: agent_id=BreakoutPaddle agent_count=1 agents=['BreakoutPaddle'] multi_agent=False teams=[] unassigned=1 obs_dim=5 num_actions=3 actions=['idle', 'move_left', 'move_right']
I0000 00:00:1784283915.535099   44566 gpu_device.cc:2043] Created device /job:localhost/replica:0/task:0/device:GPU:0 with 6158 MB memory:  -> device: 0, name: NVIDIA GeForce RTX 4060 Laptop GPU, pci bus id: 0000:01:00.0, compute capability: 8.9
Resumed checkpoint checkpoints/breakout_s2_rand/ckpt-1900 from episode=1900 epsilon=0.001
Restored replay buffer: checkpoints/breakout_s2_rand/replay-1900.npz transitions=200000/200000
Epsilon schedule: start=0.001 min=0.000 decay=1.000000 (derived); reaches 0.010 at episode 1900/2500
DQN learner: compiled batched graph
Collector mode: async workers=4 queue=256 policy_sync_steps=100 update_basis=transitions update_every=4 updates_per_interval=1 max_updates_per_env_step=1
episode=1902
  mode      collector=async  worker=0  epsilon=0.001
  outcome   reward=-1.0064  progress=0.0000  success=0/1 (0.00%)  steps=mean:64.0 range:[64,64]
  training  completed=1901/2500  queue=94/256 (37%)  replay=200000/200000  updates=81  loss=0.00219  policy_version=0
  throughput env_steps_s=257.6  transitions_s=257.6  transitions_step=1.0  updates_s=64.4  updates_throttled=0
episode=1903
  mode      collector=async  worker=2  epsilon=0.001
  outcome   reward=-1.0066  progress=0.0000  success=0/1 (0.00%)  steps=mean:66.0 range:[66,66]
  training  completed=1902/2500  queue=94/256 (37%)  replay=200000/200000  updates=0  loss=0.00000  policy_version=0
  throughput env_steps_s=257.6  transitions_s=257.6  transitions_step=1.0  updates_s=64.4  updates_throttled=0
episode=1904
  mode      collector=async  worker=0  epsilon=0.001
  outcome   reward=-1.0062  progress=0.0000  success=0/1 (0.00%)  steps=mean:62.0 range:[62,62]
  training  completed=1903/2500  queue=3/256 (1%)  replay=200000/200000  updates=47  loss=0.00194  policy_version=1
  throughput env_steps_s=2877.7  transitions_s=2877.7  transitions_step=1.0  updates_s=708.1  updates_throttled=0
episode=1900
  mode      collector=async  worker=3  epsilon=0.001
  outcome   reward=0.00200000000000089  progress=0.0370  success=0/1 (0.00%)  steps=mean:180.0 range:[180,180]
  training  completed=1904/2500  queue=0/256 (0%)  replay=200000/200000  updates=42  loss=0.00150  policy_version=1
  throughput env_steps_s=1469.8  transitions_s=1469.8  transitions_step=1.0  updates_s=367.5  updates_throttled=0
episode=1905
  mode      collector=async  worker=2  epsilon=0.001
  outcome   reward=0.001700000000000923  progress=0.0370  success=0/1 (0.00%)  steps=mean:183.0 range:[183,183]
  training  completed=1905/2500  queue=3/256 (1%)  replay=200000/200000  updates=85  loss=0.00307  policy_version=2
  throughput env_steps_s=1409.4  transitions_s=1409.4  transitions_step=1.0  updates_s=354.4  updates_throttled=0
episode=1908
  mode      collector=async  worker=2  epsilon=0.001
  outcome   reward=-1.0064  progress=0.0000  success=0/1 (0.00%)  steps=mean:64.0 range:[64,64]
  training  completed=1906/2500  queue=3/256 (1%)  replay=200000/200000  updates=64  loss=0.00324  policy_version=3
  throughput env_steps_s=1412.9  transitions_s=1412.9  transitions_step=1.0  updates_s=354.6  updates_throttled=0
episode=1906
  mode      collector=async  worker=0  epsilon=0.001
  outcome   reward=0.9972999999999868  progress=0.0741  success=0/1 (0.00%)  steps=mean:227.0 range:[227,227]
  training  completed=1907/2500  queue=2/256 (1%)  replay=200000/200000  updates=37  loss=0.00237  policy_version=3
  throughput env_steps_s=1454.3  transitions_s=1454.3  transitions_step=1.0  updates_s=361.1  updates_throttled=0
episode=1907
  mode      collector=async  worker=3  epsilon=0.001
  outcome   reward=0.001200000000000756  progress=0.0370  success=0/1 (0.00%)  steps=mean:188.0 range:[188,188]
  training  completed=1908/2500  queue=1/256 (0%)  replay=200000/200000  updates=2  loss=0.00063  policy_version=3
  throughput env_steps_s=1247.0  transitions_s=1247.0  transitions_step=1.0  updates_s=311.7  updates_throttled=0
episode=1909
  mode      collector=async  worker=2  epsilon=0.001
  outcome   reward=-1.006  progress=0.0000  success=0/1 (0.00%)  steps=mean:60.0 range:[60,60]
  training  completed=1909/2500  queue=2/256 (1%)  replay=200000/200000  updates=21  loss=0.00165  policy_version=3
  throughput env_steps_s=1424.0  transitions_s=1424.0  transitions_step=1.0  updates_s=360.3  updates_throttled=0
episode=1912
  mode      collector=async  worker=2  epsilon=0.001
  outcome   reward=-1.0066  progress=0.0000  success=0/1 (0.00%)  steps=mean:66.0 range:[66,66]
  training  completed=1910/2500  queue=0/256 (0%)  replay=200000/200000  updates=67  loss=0.00223  policy_version=4
  throughput env_steps_s=1423.5  transitions_s=1423.5  transitions_step=1.0  updates_s=351.9  updates_throttled=0
episode=1913
  mode      collector=async  worker=2  epsilon=0.001
  outcome   reward=-1.0063  progress=0.0000  success=0/1 (0.00%)  steps=mean:63.0 range:[63,63]
  training  completed=1911/2500  queue=4/256 (2%)  replay=200000/200000  updates=67  loss=0.00166  policy_version=5
  throughput env_steps_s=1372.8  transitions_s=1372.8  transitions_step=1.0  updates_s=347.1  updates_throttled=0
episode=1911
  mode      collector=async  worker=3  epsilon=0.001
  outcome   reward=0.001300000000000745  progress=0.0370  success=0/1 (0.00%)  steps=mean:187.0 range:[187,187]
  training  completed=1912/2500  queue=4/256 (2%)  replay=200000/200000  updates=33  loss=0.00116  policy_version=5
  throughput env_steps_s=1463.0  transitions_s=1463.0  transitions_step=1.0  updates_s=363.0  updates_throttled=0
episode=1915
  mode      collector=async  worker=3  epsilon=0.001
  outcome   reward=-1.0065  progress=0.0000  success=0/1 (0.00%)  steps=mean:65.0 range:[65,65]
  training  completed=1913/2500  queue=3/256 (1%)  replay=200000/200000  updates=66  loss=0.00206  policy_version=6
  throughput env_steps_s=1421.3  transitions_s=1421.3  transitions_step=1.0  updates_s=356.7  updates_throttled=0
episode=1916
  mode      collector=async  worker=3  epsilon=0.001
  outcome   reward=-1.0062  progress=0.0000  success=0/1 (0.00%)  steps=mean:62.0 range:[62,62]
  training  completed=1914/2500  queue=2/256 (1%)  replay=200000/200000  updates=63  loss=0.00165  policy_version=6
  throughput env_steps_s=1457.8  transitions_s=1457.8  transitions_step=1.0  updates_s=364.4  updates_throttled=0
episode=1910
  mode      collector=async  worker=0  epsilon=0.001
  outcome   reward=2.9589999999999534  progress=0.1481  success=0/1 (0.00%)  steps=mean:610.0 range:[610,610]
  training  completed=1915/2500  queue=3/256 (1%)  replay=200000/200000  updates=288  loss=0.00176  policy_version=9
  throughput env_steps_s=1429.0  transitions_s=1429.0  transitions_step=1.0  updates_s=356.9  updates_throttled=0
episode=1901
  mode      collector=async  worker=1  epsilon=0.001
  outcome   reward=5.920100000000044  progress=0.2593  success=0/1 (0.00%)  steps=mean:999.0 range:[999,999]
  training  completed=1916/2500  queue=5/256 (2%)  replay=200000/200000  updates=32  loss=0.00183  policy_version=9
  throughput env_steps_s=1411.3  transitions_s=1411.3  transitions_step=1.0  updates_s=355.6  updates_throttled=0
episode=1914
  mode      collector=async  worker=2  epsilon=0.001
  outcome   reward=5.944300000000032  progress=0.2593  success=0/1 (0.00%)  steps=mean:757.0 range:[757,757]
  training  completed=1917/2500  queue=0/256 (0%)  replay=200000/200000  updates=270  loss=0.00210  policy_version=12
  throughput env_steps_s=1441.6  transitions_s=1441.6  transitions_step=1.0  updates_s=359.7  updates_throttled=0
episode=1918
  mode      collector=async  worker=0  epsilon=0.001
  outcome   reward=0.9894000000000023  progress=0.0741  success=0/1 (0.00%)  steps=mean:306.0 range:[306,306]
  training  completed=1918/2500  queue=2/256 (1%)  replay=200000/200000  updates=5  loss=0.00026  policy_version=12
  throughput env_steps_s=1171.6  transitions_s=1171.6  transitions_step=1.0  updates_s=325.4  updates_throttled=0
episode=1921
  mode      collector=async  worker=0  epsilon=0.001
  outcome   reward=-1.006  progress=0.0000  success=0/1 (0.00%)  steps=mean:60.0 range:[60,60]
  training  completed=1919/2500  queue=3/256 (1%)  replay=200000/200000  updates=61  loss=0.00272  policy_version=13
  throughput env_steps_s=1397.1  transitions_s=1397.1  transitions_step=1.0  updates_s=349.3  updates_throttled=0
episode=1920
  mode      collector=async  worker=2  epsilon=0.001
  outcome   reward=0.001600000000000934  progress=0.0370  success=0/1 (0.00%)  steps=mean:184.0 range:[184,184]
  training  completed=1920/2500  queue=7/256 (3%)  replay=200000/200000  updates=120  loss=0.00169  policy_version=14
  throughput env_steps_s=1422.6  transitions_s=1422.6  transitions_step=1.0  updates_s=355.6  updates_throttled=0
episode=1917
  mode      collector=async  worker=3  epsilon=0.001
  outcome   reward=4.939599999999997  progress=0.2222  success=0/1 (0.00%)  steps=mean:804.0 range:[804,804]
  training  completed=1921/2500  queue=0/256 (0%)  replay=200000/200000  updates=27  loss=0.00309  policy_version=14
  throughput env_steps_s=1552.0  transitions_s=1552.0  transitions_step=1.0  updates_s=380.9  updates_throttled=0
episode=1922
  mode      collector=async  worker=0  epsilon=0.001
  outcome   reward=0.001600000000000934  progress=0.0370  success=0/1 (0.00%)  steps=mean:184.0 range:[184,184]
  training  completed=1922/2500  queue=0/256 (0%)  replay=200000/200000  updates=35  loss=0.00177  policy_version=15
  throughput env_steps_s=1373.9  transitions_s=1373.9  transitions_step=1.0  updates_s=343.5  updates_throttled=0
episode=1923
  mode      collector=async  worker=2  epsilon=0.001
  outcome   reward=-1.0062  progress=0.0000  success=0/1 (0.00%)  steps=mean:62.0 range:[62,62]
  training  completed=1923/2500  queue=0/256 (0%)  replay=200000/200000  updates=1  loss=0.00789  policy_version=15
  throughput env_steps_s=1168.6  transitions_s=1168.6  transitions_step=1.0  updates_s=233.7  updates_throttled=0
episode=1924
  mode      collector=async  worker=3  epsilon=0.001
  outcome   reward=-1.0063  progress=0.0000  success=0/1 (0.00%)  steps=mean:63.0 range:[63,63]
  training  completed=1924/2500  queue=4/256 (2%)  replay=200000/200000  updates=27  loss=0.00156  policy_version=15
  throughput env_steps_s=1373.2  transitions_s=1373.2  transitions_step=1.0  updates_s=353.1  updates_throttled=0
episode=1925
  mode      collector=async  worker=0  epsilon=0.001
  outcome   reward=-1.0067  progress=0.0000  success=0/1 (0.00%)  steps=mean:67.0 range:[67,67]
  training  completed=1925/2500  queue=3/256 (1%)  replay=200000/200000  updates=42  loss=0.00203  policy_version=15
  throughput env_steps_s=1450.2  transitions_s=1450.2  transitions_step=1.0  updates_s=362.5  updates_throttled=0
episode=1926
  mode      collector=async  worker=2  epsilon=0.001
  outcome   reward=-0.0008999999999990127  progress=0.0370  success=0/1 (0.00%)  steps=mean:209.0 range:[209,209]
  training  completed=1926/2500  queue=3/256 (1%)  replay=200000/200000  updates=141  loss=0.00171  policy_version=17
  throughput env_steps_s=1424.2  transitions_s=1424.2  transitions_step=1.0  updates_s=356.0  updates_throttled=0
episode=1929
  mode      collector=async  worker=2  epsilon=0.001
  outcome   reward=-1.006  progress=0.0000  success=0/1 (0.00%)  steps=mean:60.0 range:[60,60]
  training  completed=1927/2500  queue=0/256 (0%)  replay=200000/200000  updates=60  loss=0.00192  policy_version=17
  throughput env_steps_s=1477.0  transitions_s=1477.0  transitions_step=1.0  updates_s=364.7  updates_throttled=0
episode=1927
  mode      collector=async  worker=3  epsilon=0.001
  outcome   reward=1.9575999999999272  progress=0.1111  success=0/1 (0.00%)  steps=mean:624.0 range:[624,624]
  training  completed=1928/2500  queue=0/256 (0%)  replay=200000/200000  updates=384  loss=0.00222  policy_version=21
  throughput env_steps_s=1430.5  transitions_s=1430.5  transitions_step=1.0  updates_s=357.9  updates_throttled=0
episode=1931
  mode      collector=async  worker=3  epsilon=0.001
  outcome   reward=-1.0062  progress=0.0000  success=0/1 (0.00%)  steps=mean:62.0 range:[62,62]
  training  completed=1929/2500  queue=0/256 (0%)  replay=200000/200000  updates=62  loss=0.00172  policy_version=22
  throughput env_steps_s=1391.2  transitions_s=1391.2  transitions_step=1.0  updates_s=346.4  updates_throttled=0
episode=1919
  mode      collector=async  worker=1  epsilon=0.001
  outcome   reward=9.889200000000134  progress=0.4074  success=0/1 (0.00%)  steps=mean:1308.0 range:[1308,1308]
  training  completed=1930/2500  queue=3/256 (1%)  replay=200000/200000  updates=65  loss=0.00176  policy_version=22
  throughput env_steps_s=1407.4  transitions_s=1407.4  transitions_step=1.0  updates_s=351.8  updates_throttled=0
episode=1930
  mode      collector=async  worker=2  epsilon=0.001
  outcome   reward=3.967500000000026  progress=0.1852  success=0/1 (0.00%)  steps=mean:525.0 range:[525,525]
  training  completed=1931/2500  queue=3/256 (1%)  replay=200000/200000  updates=16  loss=0.00118  policy_version=23
  throughput env_steps_s=1367.2  transitions_s=1367.2  transitions_step=1.0  updates_s=352.8  updates_throttled=0
episode=1933
  mode      collector=async  worker=1  epsilon=0.001
  outcome   reward=-1.0063  progress=0.0000  success=0/1 (0.00%)  steps=mean:63.0 range:[63,63]
  training  completed=1932/2500  queue=0/256 (0%)  replay=200000/200000  updates=47  loss=0.00150  policy_version=23
  throughput env_steps_s=1446.7  transitions_s=1446.7  transitions_step=1.0  updates_s=357.9  updates_throttled=0
episode=1935
  mode      collector=async  worker=1  epsilon=0.001
  outcome   reward=-1.0061  progress=0.0000  success=0/1 (0.00%)  steps=mean:61.0 range:[61,61]
  training  completed=1933/2500  queue=3/256 (1%)  replay=200000/200000  updates=64  loss=0.00139  policy_version=24
  throughput env_steps_s=1389.9  transitions_s=1389.9  transitions_step=1.0  updates_s=351.6  updates_throttled=0
episode=1932
  mode      collector=async  worker=3  epsilon=0.001
  outcome   reward=-0.0023999999999988475  progress=0.0370  success=0/1 (0.00%)  steps=mean:224.0 range:[224,224]
  training  completed=1934/2500  queue=3/256 (1%)  replay=200000/200000  updates=32  loss=0.00263  policy_version=24
  throughput env_steps_s=1481.0  transitions_s=1481.0  transitions_step=1.0  updates_s=370.3  updates_throttled=0
episode=1928
  mode      collector=async  worker=0  epsilon=0.001
  outcome   reward=5.9317999999999955  progress=0.2593  success=0/1 (0.00%)  steps=mean:882.0 range:[882,882]
  training  completed=1935/2500  queue=3/256 (1%)  replay=200000/200000  updates=8  loss=0.00018  policy_version=24
  throughput env_steps_s=1445.3  transitions_s=1445.3  transitions_step=1.0  updates_s=361.3  updates_throttled=0
episode=1934
  mode      collector=async  worker=2  epsilon=0.001
  outcome   reward=0.9975999999999885  progress=0.0741  success=0/1 (0.00%)  steps=mean:224.0 range:[224,224]
  training  completed=1936/2500  queue=1/256 (0%)  replay=200000/200000  updates=71  loss=0.00290  policy_version=25
  throughput env_steps_s=1416.6  transitions_s=1416.6  transitions_step=1.0  updates_s=352.9  updates_throttled=0
episode=1936
  mode      collector=async  worker=1  epsilon=0.001
  outcome   reward=0.9876000000000023  progress=0.0741  success=0/1 (0.00%)  steps=mean:324.0 range:[324,324]
  training  completed=1937/2500  queue=4/256 (2%)  replay=200000/200000  updates=216  loss=0.00190  policy_version=27
  throughput env_steps_s=1428.0  transitions_s=1428.0  transitions_step=1.0  updates_s=357.4  updates_throttled=0
episode=1937
  mode      collector=async  worker=3  epsilon=0.001
  outcome   reward=0.9896000000000023  progress=0.0741  success=0/1 (0.00%)  steps=mean:304.0 range:[304,304]
  training  completed=1938/2500  queue=0/256 (0%)  replay=200000/200000  updates=8  loss=0.00485  policy_version=27
  throughput env_steps_s=1600.0  transitions_s=1600.0  transitions_step=1.0  updates_s=365.7  updates_throttled=0
episode=1938
  mode      collector=async  worker=0  epsilon=0.001
  outcome   reward=3.959299999999965  progress=0.1852  success=0/1 (0.00%)  steps=mean:607.0 range:[607,607]
  training  completed=1939/2500  queue=0/256 (0%)  replay=200000/200000  updates=313  loss=0.00208  policy_version=30
  throughput env_steps_s=1429.4  transitions_s=1429.4  transitions_step=1.0  updates_s=357.4  updates_throttled=0
episode=1940
  mode      collector=async  worker=1  epsilon=0.001
  outcome   reward=2.9752999999999385  progress=0.1481  success=0/1 (0.00%)  steps=mean:447.0 range:[447,447]
  training  completed=1940/2500  queue=12/256 (5%)  replay=200000/200000  updates=131  loss=0.00161  policy_version=32
  throughput env_steps_s=1372.0  transitions_s=1372.0  transitions_step=1.0  updates_s=343.7  updates_throttled=0
episode=1941
  mode      collector=async  worker=3  epsilon=0.001
  outcome   reward=3.9336999999999316  progress=0.1852  success=0/1 (0.00%)  steps=mean:863.0 range:[863,863]
  training  completed=1941/2500  queue=2/256 (1%)  replay=200000/200000  updates=420  loss=0.00190  policy_version=36
  throughput env_steps_s=1448.4  transitions_s=1448.4  transitions_step=1.0  updates_s=362.3  updates_throttled=0
episode=1939
  mode      collector=async  worker=2  epsilon=0.001
  outcome   reward=7.889600000000106  progress=0.3333  success=0/1 (0.00%)  steps=mean:1304.0 range:[1304,1304]
  training  completed=1942/2500  queue=2/256 (1%)  replay=200000/200000  updates=210  loss=0.00209  policy_version=38
  throughput env_steps_s=1443.4  transitions_s=1443.4  transitions_step=1.0  updates_s=360.4  updates_throttled=0
episode=1945
  mode      collector=async  worker=2  epsilon=0.001
  outcome   reward=-1.0061  progress=0.0000  success=0/1 (0.00%)  steps=mean:61.0 range:[61,61]
  training  completed=1943/2500  queue=3/256 (1%)  replay=200000/200000  updates=62  loss=0.00215  policy_version=38
  throughput env_steps_s=1438.6  transitions_s=1438.6  transitions_step=1.0  updates_s=361.1  updates_throttled=0
episode=1946
  mode      collector=async  worker=2  epsilon=0.001
  outcome   reward=-1.0062  progress=0.0000  success=0/1 (0.00%)  steps=mean:62.0 range:[62,62]
  training  completed=1944/2500  queue=0/256 (0%)  replay=200000/200000  updates=62  loss=0.00267  policy_version=39
  throughput env_steps_s=1344.3  transitions_s=1344.3  transitions_step=1.0  updates_s=336.1  updates_throttled=0
episode=1942
  mode      collector=async  worker=0  epsilon=0.001
  outcome   reward=6.918400000000116  progress=0.2963  success=0/1 (0.00%)  steps=mean:1016.0 range:[1016,1016]
  training  completed=1945/2500  queue=3/256 (1%)  replay=200000/200000  updates=132  loss=0.00265  policy_version=40
  throughput env_steps_s=1375.0  transitions_s=1375.0  transitions_step=1.0  updates_s=343.7  updates_throttled=0
episode=1947
  mode      collector=async  worker=2  epsilon=0.001
  outcome   reward=-0.0004999999999990568  progress=0.0370  success=0/1 (0.00%)  steps=mean:205.0 range:[205,205]
  training  completed=1946/2500  queue=2/256 (1%)  replay=200000/200000  updates=75  loss=0.00160  policy_version=41
  throughput env_steps_s=1412.6  transitions_s=1412.6  transitions_step=1.0  updates_s=353.1  updates_throttled=0
episode=1949
  mode      collector=async  worker=2  epsilon=0.001
  outcome   reward=-1.0064  progress=0.0000  success=0/1 (0.00%)  steps=mean:64.0 range:[64,64]
  training  completed=1947/2500  queue=5/256 (2%)  replay=200000/200000  updates=68  loss=0.00224  policy_version=42
  throughput env_steps_s=1356.8  transitions_s=1356.8  transitions_step=1.0  updates_s=340.4  updates_throttled=0
episode=1944
  mode      collector=async  worker=3  epsilon=0.001
  outcome   reward=4.953200000000007  progress=0.2222  success=0/1 (0.00%)  steps=mean:668.0 range:[668,668]
  training  completed=1948/2500  queue=3/256 (1%)  replay=200000/200000  updates=58  loss=0.00156  policy_version=42
  throughput env_steps_s=1453.9  transitions_s=1453.9  transitions_step=1.0  updates_s=361.9  updates_throttled=0
episode=1943
  mode      collector=async  worker=1  epsilon=0.001
  outcome   reward=6.90580000000019  progress=0.2963  success=0/1 (0.00%)  steps=mean:1142.0 range:[1142,1142]
  training  completed=1949/2500  queue=3/256 (1%)  replay=200000/200000  updates=45  loss=0.00199  policy_version=43
  throughput env_steps_s=1391.5  transitions_s=1391.5  transitions_step=1.0  updates_s=344.0  updates_throttled=0
episode=1951
  mode      collector=async  worker=3  epsilon=0.001
  outcome   reward=-1.0064  progress=0.0000  success=0/1 (0.00%)  steps=mean:64.0 range:[64,64]
  training  completed=1950/2500  queue=0/256 (0%)  replay=200000/200000  updates=17  loss=0.00345  policy_version=43
  throughput env_steps_s=1463.0  transitions_s=1463.0  transitions_step=1.0  updates_s=365.7  updates_throttled=0
episode=1950
  mode      collector=async  worker=2  epsilon=0.001
  outcome   reward=1.9720999999999884  progress=0.1111  success=0/1 (0.00%)  steps=mean:479.0 range:[479,479]
  training  completed=1951/2500  queue=0/256 (0%)  replay=200000/200000  updates=358  loss=0.00156  policy_version=47
  throughput env_steps_s=1435.9  transitions_s=1435.9  transitions_step=1.0  updates_s=359.0  updates_throttled=0
episode=1952
  mode      collector=async  worker=1  epsilon=0.001
  outcome   reward=5.9292000000000264  progress=0.2593  success=0/1 (0.00%)  steps=mean:908.0 range:[908,908]
  training  completed=1952/2500  queue=3/256 (1%)  replay=200000/200000  updates=540  loss=0.00159  policy_version=52
  throughput env_steps_s=1434.2  transitions_s=1434.2  transitions_step=1.0  updates_s=359.0  updates_throttled=0
episode=1954
  mode      collector=async  worker=2  epsilon=0.001
  outcome   reward=3.94509999999996  progress=0.1852  success=0/1 (0.00%)  steps=mean:749.0 range:[749,749]
  training  completed=1953/2500  queue=0/256 (0%)  replay=200000/200000  updates=213  loss=0.00192  policy_version=54
  throughput env_steps_s=1445.0  transitions_s=1445.0  transitions_step=1.0  updates_s=360.0  updates_throttled=0
episode=1948
  mode      collector=async  worker=0  epsilon=0.001
  outcome   reward=10.822800000000251  progress=0.4444  success=0/1 (0.00%)  steps=mean:1972.0 range:[1972,1972]
  training  completed=1954/2500  queue=2/256 (1%)  replay=200000/200000  updates=594  loss=0.00167  policy_version=60
  throughput env_steps_s=1429.9  transitions_s=1429.9  transitions_step=1.0  updates_s=357.5  updates_throttled=0
episode=1953
  mode      collector=async  worker=3  epsilon=0.001
  outcome   reward=14.843300000000193  progress=0.5926  success=0/1 (0.00%)  steps=mean:1767.0 range:[1767,1767]
  training  completed=1955/2500  queue=0/256 (0%)  replay=200000/200000  updates=55  loss=0.00216  policy_version=61
  throughput env_steps_s=1397.7  transitions_s=1397.7  transitions_step=1.0  updates_s=349.4  updates_throttled=0
episode=1957
  mode      collector=async  worker=0  epsilon=0.001
  outcome   reward=-1.0067  progress=0.0000  success=0/1 (0.00%)  steps=mean:67.0 range:[67,67]
  training  completed=1956/2500  queue=3/256 (1%)  replay=200000/200000  updates=16  loss=0.00296  policy_version=61
  throughput env_steps_s=1269.3  transitions_s=1269.3  transitions_step=1.0  updates_s=332.9  updates_throttled=0
episode=1956
  mode      collector=async  worker=2  epsilon=0.001
  outcome   reward=3.950499999999967  progress=0.1852  success=0/1 (0.00%)  steps=mean:695.0 range:[695,695]
  training  completed=1957/2500  queue=0/256 (0%)  replay=200000/200000  updates=25  loss=0.00191  policy_version=61
  throughput env_steps_s=1424.6  transitions_s=1424.6  transitions_step=1.0  updates_s=349.2  updates_throttled=0
episode=1958
  mode      collector=async  worker=3  epsilon=0.001
  outcome   reward=-1.0064  progress=0.0000  success=0/1 (0.00%)  steps=mean:64.0 range:[64,64]
  training  completed=1958/2500  queue=3/256 (1%)  replay=200000/200000  updates=24  loss=0.00293  policy_version=61
  throughput env_steps_s=1352.5  transitions_s=1352.5  transitions_step=1.0  updates_s=345.3  updates_throttled=0
episode=1955
  mode      collector=async  worker=1  epsilon=0.001
  outcome   reward=6.915800000000021  progress=0.2963  success=0/1 (0.00%)  steps=mean:1042.0 range:[1042,1042]
  training  completed=1959/2500  queue=2/256 (1%)  replay=200000/200000  updates=119  loss=0.00212  policy_version=62
  throughput env_steps_s=1393.2  transitions_s=1393.2  transitions_step=1.0  updates_s=347.6  updates_throttled=0
episode=1961
  mode      collector=async  worker=3  epsilon=0.001
  outcome   reward=0.001600000000000934  progress=0.0370  success=0/1 (0.00%)  steps=mean:184.0 range:[184,184]
  training  completed=1960/2500  queue=8/256 (3%)  replay=200000/200000  updates=63  loss=0.00159  policy_version=63
  throughput env_steps_s=1351.4  transitions_s=1351.4  transitions_step=1.0  updates_s=335.2  updates_throttled=0
episode=1959
  mode      collector=async  worker=0  epsilon=0.001
  outcome   reward=-0.00429999999999886  progress=0.0370  success=0/1 (0.00%)  steps=mean:243.0 range:[243,243]
  training  completed=1961/2500  queue=3/256 (1%)  replay=200000/200000  updates=11  loss=0.00026  policy_version=63
  throughput env_steps_s=1388.4  transitions_s=1388.4  transitions_step=1.0  updates_s=355.2  updates_throttled=0
episode=1962
  mode      collector=async  worker=1  epsilon=0.001
  outcome   reward=0.001500000000000723  progress=0.0370  success=0/1 (0.00%)  steps=mean:185.0 range:[185,185]
  training  completed=1962/2500  queue=2/256 (1%)  replay=200000/200000  updates=109  loss=0.00143  policy_version=64
  throughput env_steps_s=1414.8  transitions_s=1414.8  transitions_step=1.0  updates_s=355.3  updates_throttled=0
episode=1964
  mode      collector=async  worker=0  epsilon=0.001
  outcome   reward=1.9768999999999861  progress=0.1111  success=0/1 (0.00%)  steps=mean:431.0 range:[431,431]
  training  completed=1963/2500  queue=4/256 (2%)  replay=200000/200000  updates=322  loss=0.00198  policy_version=67
  throughput env_steps_s=1416.7  transitions_s=1416.7  transitions_step=1.0  updates_s=354.2  updates_throttled=0
episode=1966
  mode      collector=async  worker=0  epsilon=0.001
  outcome   reward=2.973599999999985  progress=0.1481  success=0/1 (0.00%)  steps=mean:464.0 range:[464,464]
  training  completed=1964/2500  queue=3/256 (1%)  replay=200000/200000  updates=463  loss=0.00195  policy_version=72
  throughput env_steps_s=1428.0  transitions_s=1428.0  transitions_step=1.0  updates_s=356.8  updates_throttled=0
episode=1963
  mode      collector=async  worker=3  epsilon=0.001
  outcome   reward=6.898100000000088  progress=0.2963  success=0/1 (0.00%)  steps=mean:1219.0 range:[1219,1219]
  training  completed=1965/2500  queue=3/256 (1%)  replay=200000/200000  updates=309  loss=0.00161  policy_version=75
  throughput env_steps_s=1441.4  transitions_s=1441.4  transitions_step=1.0  updates_s=359.8  updates_throttled=0
episode=1965
  mode      collector=async  worker=1  epsilon=0.001
  outcome   reward=8.875200000000182  progress=0.3704  success=0/1 (0.00%)  steps=mean:1448.0 range:[1448,1448]
  training  completed=1966/2500  queue=0/256 (0%)  replay=200000/200000  updates=356  loss=0.00194  policy_version=79
  throughput env_steps_s=1409.1  transitions_s=1409.1  transitions_step=1.0  updates_s=352.5  updates_throttled=0
episode=1968
  mode      collector=async  worker=3  epsilon=0.001
  outcome   reward=1.9777999999999876  progress=0.1111  success=0/1 (0.00%)  steps=mean:422.0 range:[422,422]
  training  completed=1967/2500  queue=0/256 (0%)  replay=200000/200000  updates=69  loss=0.00202  policy_version=79
  throughput env_steps_s=1436.8  transitions_s=1436.8  transitions_step=1.0  updates_s=357.9  updates_throttled=0
episode=1967
  mode      collector=async  worker=0  epsilon=0.001
  outcome   reward=3.9444999999999677  progress=0.1852  success=0/1 (0.00%)  steps=mean:755.0 range:[755,755]
  training  completed=1968/2500  queue=0/256 (0%)  replay=200000/200000  updates=21  loss=0.00060  policy_version=80
  throughput env_steps_s=1300.0  transitions_s=1300.0  transitions_step=1.0  updates_s=325.0  updates_throttled=0
episode=1960
  mode      collector=async  worker=2  epsilon=0.001
  outcome   reward=15.742300000000483  progress=0.6296  success=0/1 (0.00%)  steps=mean:2777.0 range:[2777,2777]
  training  completed=1969/2500  queue=3/256 (1%)  replay=200000/200000  updates=919  loss=0.00193  policy_version=89
  throughput env_steps_s=1430.3  transitions_s=1430.3  transitions_step=1.0  updates_s=357.8  updates_throttled=0
episode=1969
  mode      collector=async  worker=1  epsilon=0.001
  outcome   reward=4.912399999999961  progress=0.2222  success=0/1 (0.00%)  steps=mean:1076.0 range:[1076,1076]
  training  completed=1970/2500  queue=2/256 (1%)  replay=200000/200000  updates=68  loss=0.00240  policy_version=90
  throughput env_steps_s=1391.0  transitions_s=1391.0  transitions_step=1.0  updates_s=346.5  updates_throttled=0
episode=1970
  mode      collector=async  worker=3  epsilon=0.001
  outcome   reward=6.902200000000104  progress=0.2963  success=0/1 (0.00%)  steps=mean:1178.0 range:[1178,1178]
  training  completed=1971/2500  queue=0/256 (0%)  replay=200000/200000  updates=168  loss=0.00153  policy_version=91
  throughput env_steps_s=1436.6  transitions_s=1436.6  transitions_step=1.0  updates_s=359.1  updates_throttled=0
episode=1972
  mode      collector=async  worker=2  epsilon=0.001
  outcome   reward=2.9796999999999434  progress=0.1481  success=0/1 (0.00%)  steps=mean:403.0 range:[403,403]
  training  completed=1972/2500  queue=2/256 (1%)  replay=200000/200000  updates=173  loss=0.00217  policy_version=93
  throughput env_steps_s=1414.0  transitions_s=1414.0  transitions_step=1.0  updates_s=354.0  updates_throttled=0
episode=1975
  mode      collector=async  worker=2  epsilon=0.001
  outcome   reward=-0.005199999999998761  progress=0.0370  success=0/1 (0.00%)  steps=mean:252.0 range:[252,252]
  training  completed=1973/2500  queue=4/256 (2%)  replay=200000/200000  updates=251  loss=0.00229  policy_version=95
  throughput env_steps_s=1398.1  transitions_s=1398.1  transitions_step=1.0  updates_s=349.9  updates_throttled=0
episode=1971
  mode      collector=async  worker=0  epsilon=0.001
  outcome   reward=8.83920000000021  progress=0.3704  success=0/1 (0.00%)  steps=mean:1808.0 range:[1808,1808]
  training  completed=1974/2500  queue=3/256 (1%)  replay=200000/200000  updates=224  loss=0.00196  policy_version=98
  throughput env_steps_s=1408.1  transitions_s=1408.1  transitions_step=1.0  updates_s=352.0  updates_throttled=0
episode=1977
  mode      collector=async  worker=0  epsilon=0.001
  outcome   reward=-1.0064  progress=0.0000  success=0/1 (0.00%)  steps=mean:64.0 range:[64,64]
  training  completed=1975/2500  queue=2/256 (1%)  replay=200000/200000  updates=64  loss=0.00183  policy_version=98
  throughput env_steps_s=1421.9  transitions_s=1421.9  transitions_step=1.0  updates_s=354.1  updates_throttled=0
episode=1976
  mode      collector=async  worker=2  epsilon=0.001
  outcome   reward=1.9765999999999797  progress=0.1111  success=0/1 (0.00%)  steps=mean:434.0 range:[434,434]
  training  completed=1976/2500  queue=3/256 (1%)  replay=200000/200000  updates=148  loss=0.00181  policy_version=100
  throughput env_steps_s=1408.1  transitions_s=1408.1  transitions_step=1.0  updates_s=352.0  updates_throttled=0
episode=1974
  mode      collector=async  worker=3  epsilon=0.001
  outcome   reward=6.923500000000045  progress=0.2963  success=0/1 (0.00%)  steps=mean:965.0 range:[965,965]
  training  completed=1977/2500  queue=3/256 (1%)  replay=200000/200000  updates=98  loss=0.00275  policy_version=101
  throughput env_steps_s=1384.2  transitions_s=1384.2  transitions_step=1.0  updates_s=344.3  updates_throttled=0
episode=1973
  mode      collector=async  worker=1  epsilon=0.001
  outcome   reward=6.900500000000062  progress=0.2963  success=0/1 (0.00%)  steps=mean:1195.0 range:[1195,1195]
  training  completed=1978/2500  queue=7/256 (3%)  replay=200000/200000  updates=72  loss=0.00299  policy_version=102
  throughput env_steps_s=1372.0  transitions_s=1372.0  transitions_step=1.0  updates_s=345.4  updates_throttled=0
episode=1980
  mode      collector=async  worker=3  epsilon=0.001
  outcome   reward=0.9850000000000028  progress=0.0741  success=0/1 (0.00%)  steps=mean:350.0 range:[350,350]
  training  completed=1979/2500  queue=3/256 (1%)  replay=200000/200000  updates=278  loss=0.00213  policy_version=104
  throughput env_steps_s=1411.5  transitions_s=1411.5  transitions_step=1.0  updates_s=353.2  updates_throttled=0
episode=1979
  mode      collector=async  worker=2  epsilon=0.001
  outcome   reward=1.9732999999999847  progress=0.1111  success=0/1 (0.00%)  steps=mean:467.0 range:[467,467]
  training  completed=1980/2500  queue=12/256 (5%)  replay=200000/200000  updates=24  loss=0.00076  policy_version=105
  throughput env_steps_s=1226.3  transitions_s=1226.3  transitions_step=1.0  updates_s=306.6  updates_throttled=0
episode=1978
  mode      collector=async  worker=0  epsilon=0.001
  outcome   reward=2.955199999999949  progress=0.1481  success=0/1 (0.00%)  steps=mean:648.0 range:[648,648]
  training  completed=1981/2500  queue=3/256 (1%)  replay=200000/200000  updates=23  loss=0.00093  policy_version=105
  throughput env_steps_s=1520.0  transitions_s=1520.0  transitions_step=1.0  updates_s=375.9  updates_throttled=0
episode=1984
  mode      collector=async  worker=0  epsilon=0.001
  outcome   reward=-1.006  progress=0.0000  success=0/1 (0.00%)  steps=mean:60.0 range:[60,60]
  training  completed=1982/2500  queue=3/256 (1%)  replay=200000/200000  updates=60  loss=0.00242  policy_version=105
  throughput env_steps_s=1383.2  transitions_s=1383.2  transitions_step=1.0  updates_s=347.2  updates_throttled=0
episode=1982
  mode      collector=async  worker=3  epsilon=0.001
  outcome   reward=4.958599999999955  progress=0.2222  success=0/1 (0.00%)  steps=mean:614.0 range:[614,614]
  training  completed=1983/2500  queue=3/256 (1%)  replay=200000/200000  updates=505  loss=0.00187  policy_version=110
  throughput env_steps_s=1424.6  transitions_s=1424.6  transitions_step=1.0  updates_s=356.2  updates_throttled=0
episode=1985
  mode      collector=async  worker=0  epsilon=0.001
  outcome   reward=4.930599999999957  progress=0.2222  success=0/1 (0.00%)  steps=mean:894.0 range:[894,894]
  training  completed=1984/2500  queue=3/256 (1%)  replay=200000/200000  updates=389  loss=0.00199  policy_version=114
  throughput env_steps_s=1423.4  transitions_s=1423.4  transitions_step=1.0  updates_s=355.6  updates_throttled=0
episode=1983
  mode      collector=async  worker=2  epsilon=0.001
  outcome   reward=9.857700000000131  progress=0.4074  success=0/1 (0.00%)  steps=mean:1623.0 range:[1623,1623]
  training  completed=1985/2500  queue=1/256 (0%)  replay=200000/200000  updates=656  loss=0.00199  policy_version=121
  throughput env_steps_s=1405.1  transitions_s=1405.1  transitions_step=1.0  updates_s=351.3  updates_throttled=0
episode=1987
  mode      collector=async  worker=0  epsilon=0.001
  outcome   reward=4.9465999999999966  progress=0.2222  success=0/1 (0.00%)  steps=mean:734.0 range:[734,734]
  training  completed=1986/2500  queue=1/256 (0%)  replay=200000/200000  updates=91  loss=0.00177  policy_version=122
  throughput env_steps_s=1393.5  transitions_s=1393.5  transitions_step=1.0  updates_s=348.4  updates_throttled=0
episode=1988
  mode      collector=async  worker=2  epsilon=0.001
  outcome   reward=2.9671999999999628  progress=0.1481  success=0/1 (0.00%)  steps=mean:528.0 range:[528,528]
  training  completed=1987/2500  queue=2/256 (1%)  replay=200000/200000  updates=438  loss=0.00171  policy_version=126
  throughput env_steps_s=1401.9  transitions_s=1401.9  transitions_step=1.0  updates_s=350.7  updates_throttled=0
episode=1989
  mode      collector=async  worker=0  epsilon=0.001
  outcome   reward=5.943300000000031  progress=0.2593  success=0/1 (0.00%)  steps=mean:767.0 range:[767,767]
  training  completed=1988/2500  queue=5/256 (2%)  replay=200000/200000  updates=332  loss=0.00179  policy_version=129
  throughput env_steps_s=1411.2  transitions_s=1411.2  transitions_step=1.0  updates_s=352.8  updates_throttled=0
episode=1986
  mode      collector=async  worker=3  epsilon=0.001
  outcome   reward=16.80410000000031  progress=0.6667  success=0/1 (0.00%)  steps=mean:2159.0 range:[2159,2159]
  training  completed=1989/2500  queue=3/256 (1%)  replay=200000/200000  updates=236  loss=0.00196  policy_version=132
  throughput env_steps_s=1403.6  transitions_s=1403.6  transitions_step=1.0  updates_s=350.9  updates_throttled=0
episode=1981
  mode      collector=async  worker=1  epsilon=0.001
  outcome   reward=16.714800000000515  progress=0.6667  success=0/1 (0.00%)  steps=mean:3052.0 range:[3052,3052]
  training  completed=1990/2500  queue=3/256 (1%)  replay=200000/200000  updates=16  loss=0.00035  policy_version=132
  throughput env_steps_s=1226.0  transitions_s=1226.0  transitions_step=1.0  updates_s=301.8  updates_throttled=0
episode=1990
  mode      collector=async  worker=2  epsilon=0.001
  outcome   reward=4.9435000000000136  progress=0.2222  success=0/1 (0.00%)  steps=mean:765.0 range:[765,765]
  training  completed=1991/2500  queue=0/256 (0%)  replay=200000/200000  updates=181  loss=0.00229  policy_version=134
  throughput env_steps_s=1411.8  transitions_s=1411.8  transitions_step=1.0  updates_s=352.0  updates_throttled=0
episode=1994
  mode      collector=async  worker=2  epsilon=0.001
  outcome   reward=0.001300000000000745  progress=0.0370  success=0/1 (0.00%)  steps=mean:187.0 range:[187,187]
  training  completed=1992/2500  queue=7/256 (3%)  replay=200000/200000  updates=189  loss=0.00229  policy_version=136
  throughput env_steps_s=1391.3  transitions_s=1391.3  transitions_step=1.0  updates_s=348.8  updates_throttled=0
episode=1995
  mode      collector=async  worker=2  epsilon=0.001
  outcome   reward=4.942600000000032  progress=0.2222  success=0/1 (0.00%)  steps=mean:774.0 range:[774,774]
  training  completed=1993/2500  queue=3/256 (1%)  replay=200000/200000  updates=778  loss=0.00213  policy_version=143
  throughput env_steps_s=1402.1  transitions_s=1402.1  transitions_step=1.0  updates_s=350.6  updates_throttled=0
episode=1993
  mode      collector=async  worker=1  epsilon=0.001
  outcome   reward=6.9041000000000565  progress=0.2963  success=0/1 (0.00%)  steps=mean:1159.0 range:[1159,1159]
  training  completed=1994/2500  queue=3/256 (1%)  replay=200000/200000  updates=6  loss=0.00168  policy_version=144
  throughput env_steps_s=1306.7  transitions_s=1306.7  transitions_step=1.0  updates_s=301.5  updates_throttled=0
episode=1991
  mode      collector=async  worker=0  epsilon=0.001
  outcome   reward=13.827900000000229  progress=0.5556  success=0/1 (0.00%)  steps=mean:1921.0 range:[1921,1921]
  training  completed=1995/2500  queue=2/256 (1%)  replay=200000/200000  updates=503  loss=0.00214  policy_version=149
  throughput env_steps_s=1396.3  transitions_s=1396.3  transitions_step=1.0  updates_s=349.2  updates_throttled=0
episode=1997
  mode      collector=async  worker=1  epsilon=0.001
  outcome   reward=2.9655999999999603  progress=0.1481  success=0/1 (0.00%)  steps=mean:544.0 range:[544,544]
  training  completed=1996/2500  queue=0/256 (0%)  replay=200000/200000  updates=44  loss=0.00133  policy_version=149
  throughput env_steps_s=1407.5  transitions_s=1407.5  transitions_step=1.0  updates_s=347.9  updates_throttled=0
episode=1998
  mode      collector=async  worker=0  epsilon=0.001
  outcome   reward=-1.0065  progress=0.0000  success=0/1 (0.00%)  steps=mean:65.0 range:[65,65]
  training  completed=1997/2500  queue=4/256 (2%)  replay=200000/200000  updates=20  loss=0.00173  policy_version=149
  throughput env_steps_s=1248.1  transitions_s=1248.1  transitions_step=1.0  updates_s=316.0  updates_throttled=0
episode=1996
  mode      collector=async  worker=2  epsilon=0.001
  outcome   reward=2.958899999999961  progress=0.1481  success=0/1 (0.00%)  steps=mean:611.0 range:[611,611]
  training  completed=1998/2500  queue=7/256 (3%)  replay=200000/200000  updates=31  loss=0.00098  policy_version=150
  throughput env_steps_s=1325.8  transitions_s=1325.8  transitions_step=1.0  updates_s=331.4  updates_throttled=0
episode=1992
  mode      collector=async  worker=3  epsilon=0.001
  outcome   reward=13.841100000000216  progress=0.5556  success=0/1 (0.00%)  steps=mean:1789.0 range:[1789,1789]
  training  completed=1999/2500  queue=1/256 (0%)  replay=200000/200000  updates=32  loss=0.00158  policy_version=150
  throughput env_steps_s=1461.0  transitions_s=1461.0  transitions_step=1.0  updates_s=365.3  updates_throttled=0
episode=1999
  mode      collector=async  worker=1  epsilon=0.001
  outcome   reward=0.002600000000000824  progress=0.0370  success=0/1 (0.00%)  steps=mean:174.0 range:[174,174]
  training  completed=2000/2500  queue=11/256 (4%)  replay=200000/200000  updates=93  loss=0.00127  policy_version=151
  throughput env_steps_s=1284.7  transitions_s=1284.7  transitions_step=1.0  updates_s=322.0  updates_throttled=0
Saved checkpoint: checkpoints/breakout_s2_rand/ckpt-2000
Scheduled replay buffer save: checkpoints/breakout_s2_rand/replay-2000.npz transitions=200000
Evaluating frozen checkpoint episode=2000 episodes=20 metric=auto...
episode=2000
  mode      collector=async  worker=0  epsilon=0.001
  outcome   reward=-0.0031999999999989814  progress=0.0370  success=0/1 (0.00%)  steps=mean:232.0 range:[232,232]
  training  completed=2001/2500  queue=9/256 (4%)  replay=200000/200000  updates=79  loss=0.00158  policy_version=152
  throughput env_steps_s=1031.5  transitions_s=1031.5  transitions_step=1.0  updates_s=257.1  updates_throttled=0
Saved replay buffer: checkpoints/breakout_s2_rand/replay-2000.npz transitions=200000
episode=2001
  mode      collector=async  worker=2  epsilon=0.001
  outcome   reward=-0.0037999999999989154  progress=0.0370  success=0/1 (0.00%)  steps=mean:238.0 range:[238,238]
  training  completed=2002/2500  queue=3/256 (1%)  replay=200000/200000  updates=34  loss=0.00161  policy_version=152
  throughput env_steps_s=1251.3  transitions_s=1251.3  transitions_step=1.0  updates_s=315.2  updates_throttled=0
episode=2003
  mode      collector=async  worker=1  epsilon=0.001
  outcome   reward=2.9588999999999626  progress=0.1481  success=0/1 (0.00%)  steps=mean:611.0 range:[611,611]
  training  completed=2003/2500  queue=1/256 (0%)  replay=200000/200000  updates=506  loss=0.00183  policy_version=157
  throughput env_steps_s=1215.0  transitions_s=1215.0  transitions_step=1.0  updates_s=303.9  updates_throttled=0
episode=2005
  mode      collector=async  worker=2  epsilon=0.001
  outcome   reward=2.96829999999993  progress=0.1481  success=0/1 (0.00%)  steps=mean:517.0 range:[517,517]
  training  completed=2004/2500  queue=4/256 (2%)  replay=200000/200000  updates=8  loss=0.00228  policy_version=157
  throughput env_steps_s=901.5  transitions_s=901.5  transitions_step=1.0  updates_s=225.4  updates_throttled=0
episode=2007
  mode      collector=async  worker=2  epsilon=0.001
  outcome   reward=-1.0065  progress=0.0000  success=0/1 (0.00%)  steps=mean:65.0 range:[65,65]
  training  completed=2005/2500  queue=3/256 (1%)  replay=200000/200000  updates=64  loss=0.00154  policy_version=158
  throughput env_steps_s=1244.1  transitions_s=1244.1  transitions_step=1.0  updates_s=309.8  updates_throttled=0
episode=2006
  mode      collector=async  worker=1  epsilon=0.001
  outcome   reward=0.001300000000000745  progress=0.0370  success=0/1 (0.00%)  steps=mean:187.0 range:[187,187]
  training  completed=2006/2500  queue=2/256 (1%)  replay=200000/200000  updates=116  loss=0.00181  policy_version=159
  throughput env_steps_s=1301.8  transitions_s=1301.8  transitions_step=1.0  updates_s=325.4  updates_throttled=0
episode=2009
  mode      collector=async  worker=1  epsilon=0.001
  outcome   reward=-1.006  progress=0.0000  success=0/1 (0.00%)  steps=mean:60.0 range:[60,60]
  training  completed=2007/2500  queue=3/256 (1%)  replay=200000/200000  updates=60  loss=0.00152  policy_version=159
  throughput env_steps_s=1300.6  transitions_s=1300.6  transitions_step=1.0  updates_s=322.5  updates_throttled=0
episode=2008
  mode      collector=async  worker=2  epsilon=0.001
  outcome   reward=-0.0011999999999989797  progress=0.0370  success=0/1 (0.00%)  steps=mean:212.0 range:[212,212]
  training  completed=2008/2500  queue=3/256 (1%)  replay=200000/200000  updates=33  loss=0.00162  policy_version=160
  throughput env_steps_s=1312.6  transitions_s=1312.6  transitions_step=1.0  updates_s=328.2  updates_throttled=0
episode=2010
  mode      collector=async  worker=1  epsilon=0.001
  outcome   reward=-1.0062  progress=0.0000  success=0/1 (0.00%)  steps=mean:62.0 range:[62,62]
  training  completed=2009/2500  queue=2/256 (1%)  replay=200000/200000  updates=31  loss=0.00405  policy_version=160
  throughput env_steps_s=1283.4  transitions_s=1283.4  transitions_step=1.0  updates_s=323.4  updates_throttled=0
episode=2004
  mode      collector=async  worker=0  epsilon=0.001
  outcome   reward=7.8868000000001  progress=0.3333  success=0/1 (0.00%)  steps=mean:1332.0 range:[1332,1332]
  training  completed=2010/2500  queue=3/256 (1%)  replay=200000/200000  updates=462  loss=0.00226  policy_version=165
  throughput env_steps_s=1329.3  transitions_s=1329.3  transitions_step=1.0  updates_s=332.3  updates_throttled=0
episode=2012
  mode      collector=async  worker=1  epsilon=0.001
  outcome   reward=1.9664999999999655  progress=0.1111  success=0/1 (0.00%)  steps=mean:535.0 range:[535,535]
  training  completed=2011/2500  queue=2/256 (1%)  replay=200000/200000  updates=65  loss=0.00303  policy_version=165
  throughput env_steps_s=1318.9  transitions_s=1318.9  transitions_step=1.0  updates_s=331.0  updates_throttled=0
episode=2013
  mode      collector=async  worker=0  epsilon=0.001
  outcome   reward=1.000699999999984  progress=0.0741  success=0/1 (0.00%)  steps=mean:193.0 range:[193,193]
  training  completed=2012/2500  queue=5/256 (2%)  replay=200000/200000  updates=130  loss=0.00222  policy_version=167
  throughput env_steps_s=1332.9  transitions_s=1332.9  transitions_step=1.0  updates_s=333.9  updates_throttled=0
episode=2015
  mode      collector=async  worker=0  epsilon=0.001
  outcome   reward=-1.0063  progress=0.0000  success=0/1 (0.00%)  steps=mean:63.0 range:[63,63]
  training  completed=2013/2500  queue=4/256 (2%)  replay=200000/200000  updates=61  loss=0.00141  policy_version=167
  throughput env_steps_s=1286.1  transitions_s=1286.1  transitions_step=1.0  updates_s=317.6  updates_throttled=0
episode=2011
  mode      collector=async  worker=2  epsilon=0.001
  outcome   reward=6.935000000000019  progress=0.2963  success=0/1 (0.00%)  steps=mean:850.0 range:[850,850]
  training  completed=2014/2500  queue=3/256 (1%)  replay=200000/200000  updates=103  loss=0.00148  policy_version=168
  throughput env_steps_s=1348.4  transitions_s=1348.4  transitions_step=1.0  updates_s=337.1  updates_throttled=0
episode=2014
  mode      collector=async  worker=1  epsilon=0.001
  outcome   reward=0.9857000000000027  progress=0.0741  success=0/1 (0.00%)  steps=mean:343.0 range:[343,343]
  training  completed=2015/2500  queue=3/256 (1%)  replay=200000/200000  updates=45  loss=0.00328  policy_version=169
  throughput env_steps_s=1220.5  transitions_s=1220.5  transitions_step=1.0  updates_s=310.3  updates_throttled=0
episode=2018
  mode      collector=async  worker=1  epsilon=0.001
  outcome   reward=2.9639999999999596  progress=0.1481  success=0/1 (0.00%)  steps=mean:560.0 range:[560,560]
  training  completed=2016/2500  queue=3/256 (1%)  replay=200000/200000  updates=568  loss=0.00176  policy_version=174
  throughput env_steps_s=1294.7  transitions_s=1294.7  transitions_step=1.0  updates_s=323.7  updates_throttled=0
episode=2019
  mode      collector=async  worker=1  epsilon=0.001
  outcome   reward=-1.0066  progress=0.0000  success=0/1 (0.00%)  steps=mean:66.0 range:[66,66]
  training  completed=2017/2500  queue=5/256 (2%)  replay=200000/200000  updates=70  loss=0.00232  policy_version=175
  throughput env_steps_s=1224.0  transitions_s=1224.0  transitions_step=1.0  updates_s=303.8  updates_throttled=0
episode=2016
  mode      collector=async  worker=0  epsilon=0.001
  outcome   reward=4.940999999999986  progress=0.2222  success=0/1 (0.00%)  steps=mean:790.0 range:[790,790]
  training  completed=2018/2500  queue=4/256 (2%)  replay=200000/200000  updates=5  loss=0.00598  policy_version=175
  throughput env_steps_s=1185.3  transitions_s=1185.3  transitions_step=1.0  updates_s=311.9  updates_throttled=0
episode=2020
  mode      collector=async  worker=1  epsilon=0.001
  outcome   reward=-1.006  progress=0.0000  success=0/1 (0.00%)  steps=mean:60.0 range:[60,60]
  training  completed=2019/2500  queue=5/256 (2%)  replay=200000/200000  updates=56  loss=0.00342  policy_version=176
  throughput env_steps_s=1209.3  transitions_s=1209.3  transitions_step=1.0  updates_s=302.3  updates_throttled=0
episode=2021
  mode      collector=async  worker=0  epsilon=0.001
  outcome   reward=1.9750999999999423  progress=0.1111  success=0/1 (0.00%)  steps=mean:449.0 range:[449,449]
  training  completed=2020/2500  queue=12/256 (5%)  replay=200000/200000  updates=400  loss=0.00176  policy_version=180
  throughput env_steps_s=1235.0  transitions_s=1235.0  transitions_step=1.0  updates_s=308.6  updates_throttled=0
episode=2002
  mode      collector=async  worker=3  epsilon=0.001
  outcome   reward=11.715300000000498  progress=0.4815  success=0/1 (0.00%)  steps=mean:3047.0 range:[3047,3047]
  training  completed=2021/2500  queue=3/256 (1%)  replay=200000/200000  updates=61  loss=0.00198  policy_version=180
  throughput env_steps_s=1260.6  transitions_s=1260.6  transitions_step=1.0  updates_s=316.4  updates_throttled=0
episode=2023
  mode      collector=async  worker=0  epsilon=0.001
  outcome   reward=-1.0065  progress=0.0000  success=0/1 (0.00%)  steps=mean:65.0 range:[65,65]
  training  completed=2022/2500  queue=4/256 (2%)  replay=200000/200000  updates=6  loss=0.00174  policy_version=180
  throughput env_steps_s=901.0  transitions_s=901.0  transitions_step=1.0  updates_s=225.2  updates_throttled=0
episode=2017
  mode      collector=async  worker=2  epsilon=0.001
  outcome   reward=11.881100000000181  progress=0.4815  success=0/1 (0.00%)  steps=mean:1389.0 range:[1389,1389]
  training  completed=2023/2500  queue=8/256 (3%)  replay=200000/200000  updates=188  loss=0.00218  policy_version=182
  throughput env_steps_s=1165.1  transitions_s=1165.1  transitions_step=1.0  updates_s=290.9  updates_throttled=0
episode=2022
  mode      collector=async  worker=1  epsilon=0.001
  outcome   reward=3.9428999999999528  progress=0.1852  success=0/1 (0.00%)  steps=mean:771.0 range:[771,771]
  training  completed=2024/2500  queue=3/256 (1%)  replay=200000/200000  updates=112  loss=0.00172  policy_version=183
  throughput env_steps_s=1213.7  transitions_s=1213.7  transitions_step=1.0  updates_s=304.8  updates_throttled=0
episode=2025
  mode      collector=async  worker=0  epsilon=0.001
  outcome   reward=3.9566000000000034  progress=0.1852  success=0/1 (0.00%)  steps=mean:634.0 range:[634,634]
  training  completed=2025/2500  queue=6/256 (2%)  replay=200000/200000  updates=328  loss=0.00259  policy_version=187
  throughput env_steps_s=1134.9  transitions_s=1134.9  transitions_step=1.0  updates_s=283.3  updates_throttled=0
episode=2027
  mode      collector=async  worker=1  epsilon=0.001
  outcome   reward=1.985899999999983  progress=0.1111  success=0/1 (0.00%)  steps=mean:341.0 range:[341,341]
  training  completed=2026/2500  queue=3/256 (1%)  replay=200000/200000  updates=10  loss=0.00026  policy_version=187
  throughput env_steps_s=848.1  transitions_s=848.1  transitions_step=1.0  updates_s=206.9  updates_throttled=0
episode=2028
  mode      collector=async  worker=0  epsilon=0.001
  outcome   reward=0.001300000000000745  progress=0.0370  success=0/1 (0.00%)  steps=mean:187.0 range:[187,187]
  training  completed=2027/2500  queue=2/256 (1%)  replay=200000/200000  updates=171  loss=0.00176  policy_version=188
  throughput env_steps_s=714.5  transitions_s=714.5  transitions_step=1.0  updates_s=178.6  updates_throttled=0
episode=2026
  mode      collector=async  worker=2  epsilon=0.001
  outcome   reward=4.940100000000115  progress=0.2222  success=0/1 (0.00%)  steps=mean:799.0 range:[799,799]
  training  completed=2028/2500  queue=3/256 (1%)  replay=200000/200000  updates=181  loss=0.00178  policy_version=190
  throughput env_steps_s=620.7  transitions_s=620.7  transitions_step=1.0  updates_s=155.8  updates_throttled=0
episode=2031
  mode      collector=async  worker=2  epsilon=0.001
  outcome   reward=-1.0064  progress=0.0000  success=0/1 (0.00%)  steps=mean:64.0 range:[64,64]
  training  completed=2029/2500  queue=5/256 (2%)  replay=200000/200000  updates=69  loss=0.00131  policy_version=191
  throughput env_steps_s=600.6  transitions_s=600.6  transitions_step=1.0  updates_s=149.6  updates_throttled=0
episode=2024
  mode      collector=async  worker=3  epsilon=0.001
  outcome   reward=7.882800000000177  progress=0.3333  success=0/1 (0.00%)  steps=mean:1372.0 range:[1372,1372]
  training  completed=2030/2500  queue=8/256 (3%)  replay=200000/200000  updates=302  loss=0.00228  policy_version=194
  throughput env_steps_s=567.6  transitions_s=567.6  transitions_step=1.0  updates_s=141.8  updates_throttled=0
episode=2032
  mode      collector=async  worker=2  epsilon=0.001
  outcome   reward=0.9881000000000022  progress=0.0741  success=0/1 (0.00%)  steps=mean:319.0 range:[319,319]
  training  completed=2031/2500  queue=6/256 (2%)  replay=200000/200000  updates=16  loss=0.00279  policy_version=194
  throughput env_steps_s=451.3  transitions_s=451.3  transitions_step=1.0  updates_s=116.5  updates_throttled=0
episode=2033
  mode      collector=async  worker=3  epsilon=0.001
  outcome   reward=-0.0023999999999988475  progress=0.0370  success=0/1 (0.00%)  steps=mean:224.0 range:[224,224]
  training  completed=2032/2500  queue=3/256 (1%)  replay=200000/200000  updates=206  loss=0.00197  policy_version=196
  throughput env_steps_s=528.3  transitions_s=528.3  transitions_step=1.0  updates_s=131.9  updates_throttled=0
episode=2030
  mode      collector=async  worker=0  epsilon=0.001
  outcome   reward=5.932000000000061  progress=0.2593  success=0/1 (0.00%)  steps=mean:880.0 range:[880,880]
  training  completed=2033/2500  queue=15/256 (6%)  replay=200000/200000  updates=88  loss=0.00216  policy_version=197
  throughput env_steps_s=535.8  transitions_s=535.8  transitions_step=1.0  updates_s=134.3  updates_throttled=0
episode=2029
  mode      collector=async  worker=1  epsilon=0.001
  outcome   reward=6.909600000000044  progress=0.2963  success=0/1 (0.00%)  steps=mean:1104.0 range:[1104,1104]
  training  completed=2034/2500  queue=9/256 (4%)  replay=200000/200000  updates=84  loss=0.00126  policy_version=198
  throughput env_steps_s=625.1  transitions_s=625.1  transitions_step=1.0  updates_s=156.3  updates_throttled=0
episode=2036
  mode      collector=async  worker=0  epsilon=0.001
  outcome   reward=8.881784197001252e-16  progress=0.0370  success=0/1 (0.00%)  steps=mean:200.0 range:[200,200]
  training  completed=2035/2500  queue=14/256 (5%)  replay=200000/200000  updates=116  loss=0.00251  policy_version=199
  throughput env_steps_s=572.3  transitions_s=572.3  transitions_step=1.0  updates_s=142.8  updates_throttled=0
episode=2038
  mode      collector=async  worker=0  epsilon=0.001
  outcome   reward=-0.0014999999999989466  progress=0.0370  success=0/1 (0.00%)  steps=mean:215.0 range:[215,215]
  training  completed=2036/2500  queue=4/256 (2%)  replay=200000/200000  updates=210  loss=0.00240  policy_version=201
  throughput env_steps_s=570.3  transitions_s=570.3  transitions_step=1.0  updates_s=142.2  updates_throttled=0
episode=2039
  mode      collector=async  worker=0  epsilon=0.001
  outcome   reward=0.9820000000000026  progress=0.0741  success=0/1 (0.00%)  steps=mean:380.0 range:[380,380]
  training  completed=2037/2500  queue=2/256 (1%)  replay=200000/200000  updates=373  loss=0.00178  policy_version=205
  throughput env_steps_s=597.4  transitions_s=597.4  transitions_step=1.0  updates_s=149.5  updates_throttled=0
episode=2040
  mode      collector=async  worker=0  epsilon=0.001
  outcome   reward=-1.0066  progress=0.0000  success=0/1 (0.00%)  steps=mean:66.0 range:[66,66]
  training  completed=2038/2500  queue=7/256 (3%)  replay=200000/200000  updates=67  loss=0.00349  policy_version=206
  throughput env_steps_s=585.8  transitions_s=585.8  transitions_step=1.0  updates_s=147.5  updates_throttled=0
episode=2037
  mode      collector=async  worker=1  epsilon=0.001
  outcome   reward=5.940300000000082  progress=0.2593  success=0/1 (0.00%)  steps=mean:797.0 range:[797,797]
  training  completed=2039/2500  queue=7/256 (3%)  replay=200000/200000  updates=37  loss=0.00137  policy_version=206
  throughput env_steps_s=536.9  transitions_s=536.9  transitions_step=1.0  updates_s=133.3  updates_throttled=0
episode=2041
  mode      collector=async  worker=0  epsilon=0.001
  outcome   reward=-1.006  progress=0.0000  success=0/1 (0.00%)  steps=mean:60.0 range:[60,60]
  training  completed=2040/2500  queue=19/256 (7%)  replay=200000/200000  updates=27  loss=0.00149  policy_version=206
  throughput env_steps_s=510.1  transitions_s=510.1  transitions_step=1.0  updates_s=128.7  updates_throttled=0
episode=2042
  mode      collector=async  worker=1  epsilon=0.001
  outcome   reward=-1.0063  progress=0.0000  success=0/1 (0.00%)  steps=mean:63.0 range:[63,63]
  training  completed=2041/2500  queue=2/256 (1%)  replay=200000/200000  updates=35  loss=0.00191  policy_version=207
  throughput env_steps_s=734.4  transitions_s=734.4  transitions_step=1.0  updates_s=179.7  updates_throttled=0
episode=2044
  mode      collector=async  worker=1  epsilon=0.001
  outcome   reward=-0.0024999999999988365  progress=0.0370  success=0/1 (0.00%)  steps=mean:225.0 range:[225,225]
  training  completed=2042/2500  queue=10/256 (4%)  replay=200000/200000  updates=221  loss=0.00287  policy_version=209
  throughput env_steps_s=575.5  transitions_s=575.5  transitions_step=1.0  updates_s=144.4  updates_throttled=0
episode=2035
  mode      collector=async  worker=3  epsilon=0.001
  outcome   reward=10.88520000000011  progress=0.4444  success=0/1 (0.00%)  steps=mean:1348.0 range:[1348,1348]
  training  completed=2043/2500  queue=2/256 (1%)  replay=200000/200000  updates=93  loss=0.00134  policy_version=210
  throughput env_steps_s=609.0  transitions_s=609.0  transitions_step=1.0  updates_s=151.0  updates_throttled=0
episode=2034
  mode      collector=async  worker=2  epsilon=0.001
  outcome   reward=11.815300000000283  progress=0.4815  success=0/1 (0.00%)  steps=mean:2047.0 range:[2047,2047]
  training  completed=2044/2500  queue=7/256 (3%)  replay=200000/200000  updates=513  loss=0.00234  policy_version=215
  throughput env_steps_s=568.8  transitions_s=568.8  transitions_step=1.0  updates_s=142.3  updates_throttled=0
episode=2046
  mode      collector=async  worker=3  epsilon=0.001
  outcome   reward=2.9612999999999605  progress=0.1481  success=0/1 (0.00%)  steps=mean:587.0 range:[587,587]
  training  completed=2045/2500  queue=3/256 (1%)  replay=200000/200000  updates=75  loss=0.00242  policy_version=216
  throughput env_steps_s=535.8  transitions_s=535.8  transitions_step=1.0  updates_s=134.4  updates_throttled=0
episode=2045
  mode      collector=async  worker=1  epsilon=0.001
  outcome   reward=3.948099999999968  progress=0.1852  success=0/1 (0.00%)  steps=mean:719.0 range:[719,719]
  training  completed=2046/2500  queue=3/256 (1%)  replay=200000/200000  updates=42  loss=0.00172  policy_version=216
  throughput env_steps_s=546.8  transitions_s=546.8  transitions_step=1.0  updates_s=136.7  updates_throttled=0
episode=2048
  mode      collector=async  worker=3  epsilon=0.001
  outcome   reward=-1.0063  progress=0.0000  success=0/1 (0.00%)  steps=mean:63.0 range:[63,63]
  training  completed=2047/2500  queue=2/256 (1%)  replay=200000/200000  updates=21  loss=0.00192  policy_version=216
  throughput env_steps_s=545.6  transitions_s=545.6  transitions_step=1.0  updates_s=136.4  updates_throttled=0
episode=2049
  mode      collector=async  worker=1  epsilon=0.001
  outcome   reward=-1.006  progress=0.0000  success=0/1 (0.00%)  steps=mean:60.0 range:[60,60]
  training  completed=2048/2500  queue=5/256 (2%)  replay=200000/200000  updates=43  loss=0.00200  policy_version=217
  throughput env_steps_s=592.9  transitions_s=592.9  transitions_step=1.0  updates_s=148.2  updates_throttled=0
episode=2043
  mode      collector=async  worker=0  epsilon=0.001
  outcome   reward=7.901300000000113  progress=0.3333  success=0/1 (0.00%)  steps=mean:1187.0 range:[1187,1187]
  training  completed=2049/2500  queue=5/256 (2%)  replay=200000/200000  updates=136  loss=0.00232  policy_version=218
  throughput env_steps_s=581.9  transitions_s=581.9  transitions_step=1.0  updates_s=145.5  updates_throttled=0
episode=2050
  mode      collector=async  worker=3  epsilon=0.001
  outcome   reward=-0.0031999999999989814  progress=0.0370  success=0/1 (0.00%)  steps=mean:232.0 range:[232,232]
  training  completed=2050/2500  queue=9/256 (4%)  replay=200000/200000  updates=54  loss=0.00157  policy_version=219
  throughput env_steps_s=572.2  transitions_s=572.2  transitions_step=1.0  updates_s=143.0  updates_throttled=0
episode=2051
  mode      collector=async  worker=1  epsilon=0.001
  outcome   reward=4.93180000000001  progress=0.2222  success=0/1 (0.00%)  steps=mean:882.0 range:[882,882]
  training  completed=2051/2500  queue=18/256 (7%)  replay=200000/200000  updates=700  loss=0.00199  policy_version=226
  throughput env_steps_s=534.4  transitions_s=534.4  transitions_step=1.0  updates_s=133.5  updates_throttled=0
episode=2053
  mode      collector=async  worker=3  epsilon=0.001
  outcome   reward=5.945900000000032  progress=0.2593  success=0/1 (0.00%)  steps=mean:741.0 range:[741,741]
  training  completed=2052/2500  queue=9/256 (4%)  replay=200000/200000  updates=28  loss=0.00174  policy_version=226
  throughput env_steps_s=577.5  transitions_s=577.5  transitions_step=1.0  updates_s=145.7  updates_throttled=0
episode=2052
  mode      collector=async  worker=0  epsilon=0.001
  outcome   reward=4.9352999999999945  progress=0.2222  success=0/1 (0.00%)  steps=mean:847.0 range:[847,847]
  training  completed=2053/2500  queue=1/256 (0%)  replay=200000/200000  updates=75  loss=0.00154  policy_version=227
  throughput env_steps_s=586.3  transitions_s=586.3  transitions_step=1.0  updates_s=146.1  updates_throttled=0
episode=2047
  mode      collector=async  worker=2  epsilon=0.001
  outcome   reward=8.899400000000131  progress=0.3704  success=0/1 (0.00%)  steps=mean:1206.0 range:[1206,1206]
  training  completed=2054/2500  queue=4/256 (2%)  replay=200000/200000  updates=10  loss=0.00177  policy_version=227
  throughput env_steps_s=518.1  transitions_s=518.1  transitions_step=1.0  updates_s=129.5  updates_throttled=0
episode=2057
  mode      collector=async  worker=2  epsilon=0.001
  outcome   reward=0.001600000000000712  progress=0.0370  success=0/1 (0.00%)  steps=mean:184.0 range:[184,184]
  training  completed=2055/2500  queue=4/256 (2%)  replay=200000/200000  updates=190  loss=0.00242  policy_version=229
  throughput env_steps_s=584.4  transitions_s=584.4  transitions_step=1.0  updates_s=146.3  updates_throttled=0
episode=2055
  mode      collector=async  worker=3  epsilon=0.001
  outcome   reward=0.9773000000000032  progress=0.0741  success=0/1 (0.00%)  steps=mean:427.0 range:[427,427]
  training  completed=2056/2500  queue=12/256 (5%)  replay=200000/200000  updates=158  loss=0.00175  policy_version=230
  throughput env_steps_s=543.9  transitions_s=543.9  transitions_step=1.0  updates_s=136.2  updates_throttled=0
episode=2054
  mode      collector=async  worker=1  epsilon=0.001
  outcome   reward=2.957399999999957  progress=0.1481  success=0/1 (0.00%)  steps=mean:626.0 range:[626,626]
  training  completed=2057/2500  queue=3/256 (1%)  replay=200000/200000  updates=159  loss=0.00241  policy_version=232
  throughput env_steps_s=607.2  transitions_s=607.2  transitions_step=1.0  updates_s=151.1  updates_throttled=0
episode=2058
  mode      collector=async  worker=2  epsilon=0.001
  outcome   reward=0.9858000000000027  progress=0.0741  success=0/1 (0.00%)  steps=mean:342.0 range:[342,342]
  training  completed=2058/2500  queue=4/256 (2%)  replay=200000/200000  updates=22  loss=0.00132  policy_version=232
  throughput env_steps_s=471.8  transitions_s=471.8  transitions_step=1.0  updates_s=119.3  updates_throttled=0
episode=2056
  mode      collector=async  worker=0  epsilon=0.001
  outcome   reward=2.9570999999999588  progress=0.1481  success=0/1 (0.00%)  steps=mean:629.0 range:[629,629]
  training  completed=2059/2500  queue=7/256 (3%)  replay=200000/200000  updates=80  loss=0.00220  policy_version=233
  throughput env_steps_s=588.6  transitions_s=588.6  transitions_step=1.0  updates_s=146.7  updates_throttled=0
episode=2062
  mode      collector=async  worker=0  epsilon=0.001
  outcome   reward=0.001700000000000923  progress=0.0370  success=0/1 (0.00%)  steps=mean:183.0 range:[183,183]
  training  completed=2060/2500  queue=28/256 (11%)  replay=200000/200000  updates=181  loss=0.00252  policy_version=235
  throughput env_steps_s=587.4  transitions_s=587.4  transitions_step=1.0  updates_s=147.5  updates_throttled=0
episode=2059
  mode      collector=async  worker=3  epsilon=0.001
  outcome   reward=1.9758999999999876  progress=0.1111  success=0/1 (0.00%)  steps=mean:441.0 range:[441,441]
  training  completed=2061/2500  queue=17/256 (7%)  replay=200000/200000  updates=7  loss=0.00191  policy_version=235
  throughput env_steps_s=1007.9  transitions_s=1007.9  transitions_step=1.0  updates_s=252.0  updates_throttled=0
episode=2063
  mode      collector=async  worker=0  epsilon=0.001
  outcome   reward=-1.006  progress=0.0000  success=0/1 (0.00%)  steps=mean:60.0 range:[60,60]
  training  completed=2062/2500  queue=6/256 (2%)  replay=200000/200000  updates=54  loss=0.00232  policy_version=235
  throughput env_steps_s=527.5  transitions_s=527.5  transitions_step=1.0  updates_s=130.1  updates_throttled=0
episode=2065
  mode      collector=async  worker=0  epsilon=0.001
  outcome   reward=0.00020000000000086615  progress=0.0370  success=0/1 (0.00%)  steps=mean:198.0 range:[198,198]
  training  completed=2063/2500  queue=3/256 (1%)  replay=200000/200000  updates=190  loss=0.00236  policy_version=237
  throughput env_steps_s=595.8  transitions_s=595.8  transitions_step=1.0  updates_s=149.2  updates_throttled=0
episode=2064
  mode      collector=async  worker=3  epsilon=0.001
  outcome   reward=0.9883000000000024  progress=0.0741  success=0/1 (0.00%)  steps=mean:317.0 range:[317,317]
  training  completed=2064/2500  queue=3/256 (1%)  replay=200000/200000  updates=71  loss=0.00202  policy_version=238
  throughput env_steps_s=537.7  transitions_s=537.7  transitions_step=1.0  updates_s=134.4  updates_throttled=0
episode=2067
  mode      collector=async  worker=3  epsilon=0.001
  outcome   reward=-0.0010999999999989907  progress=0.0370  success=0/1 (0.00%)  steps=mean:211.0 range:[211,211]
  training  completed=2065/2500  queue=8/256 (3%)  replay=200000/200000  updates=212  loss=0.00207  policy_version=240
  throughput env_steps_s=563.9  transitions_s=563.9  transitions_step=1.0  updates_s=140.8  updates_throttled=0
episode=2060
  mode      collector=async  worker=1  epsilon=0.001
  outcome   reward=5.893200000000098  progress=0.2593  success=0/1 (0.00%)  steps=mean:1268.0 range:[1268,1268]
  training  completed=2066/2500  queue=4/256 (2%)  replay=200000/200000  updates=417  loss=0.00249  policy_version=244
  throughput env_steps_s=596.4  transitions_s=596.4  transitions_step=1.0  updates_s=149.2  updates_throttled=0
episode=2068
  mode      collector=async  worker=3  epsilon=0.001
  outcome   reward=4.947199999999966  progress=0.2222  success=0/1 (0.00%)  steps=mean:728.0 range:[728,728]
  training  completed=2067/2500  queue=3/256 (1%)  replay=200000/200000  updates=323  loss=0.00250  policy_version=247
  throughput env_steps_s=572.6  transitions_s=572.6  transitions_step=1.0  updates_s=143.3  updates_throttled=0
episode=2066
  mode      collector=async  worker=0  epsilon=0.001
  outcome   reward=6.8867000000000695  progress=0.2963  success=0/1 (0.00%)  steps=mean:1333.0 range:[1333,1333]
  training  completed=2068/2500  queue=6/256 (2%)  replay=200000/200000  updates=309  loss=0.00243  policy_version=250
  throughput env_steps_s=581.8  transitions_s=581.8  transitions_step=1.0  updates_s=145.2  updates_throttled=0
episode=2069
  mode      collector=async  worker=1  epsilon=0.001
  outcome   reward=6.919399999999994  progress=0.2963  success=0/1 (0.00%)  steps=mean:1006.0 range:[1006,1006]
  training  completed=2069/2500  queue=7/256 (3%)  replay=200000/200000  updates=369  loss=0.00220  policy_version=254
  throughput env_steps_s=567.3  transitions_s=567.3  transitions_step=1.0  updates_s=142.1  updates_throttled=0
episode=2072
  mode      collector=async  worker=1  epsilon=0.001
  outcome   reward=-1.0065  progress=0.0000  success=0/1 (0.00%)  steps=mean:65.0 range:[65,65]
  training  completed=2070/2500  queue=11/256 (4%)  replay=200000/200000  updates=65  loss=0.00276  policy_version=255
  throughput env_steps_s=539.4  transitions_s=539.4  transitions_step=1.0  updates_s=133.3  updates_throttled=0
Frozen evaluation episode=2000: success=0/20 (0.00%) reward_mean=1.6138 steps_mean=472.3
episode=2073
  mode      collector=async  worker=1  epsilon=0.001
  outcome   reward=1.9878999999999853  progress=0.1111  success=0/1 (0.00%)  steps=mean:321.0 range:[321,321]
  training  completed=2071/2500  queue=5/256 (2%)  replay=200000/200000  updates=332  loss=0.00243  policy_version=258
  throughput env_steps_s=593.1  transitions_s=593.1  transitions_step=1.0  updates_s=148.6  updates_throttled=0
episode=2074
  mode      collector=async  worker=1  epsilon=0.001
  outcome   reward=-0.0037999999999989154  progress=0.0370  success=0/1 (0.00%)  steps=mean:238.0 range:[238,238]
  training  completed=2072/2500  queue=6/256 (2%)  replay=200000/200000  updates=246  loss=0.00188  policy_version=261
  throughput env_steps_s=669.1  transitions_s=669.1  transitions_step=1.0  updates_s=167.3  updates_throttled=0
episode=2070
  mode      collector=async  worker=3  epsilon=0.001
  outcome   reward=6.889599999999978  progress=0.2963  success=0/1 (0.00%)  steps=mean:1304.0 range:[1304,1304]
  training  completed=2073/2500  queue=7/256 (3%)  replay=200000/200000  updates=0  loss=0.00000  policy_version=261
  throughput env_steps_s=669.1  transitions_s=669.1  transitions_step=1.0  updates_s=167.3  updates_throttled=0
episode=2076
  mode      collector=async  worker=3  epsilon=0.001
  outcome   reward=0.9843000000000024  progress=0.0741  success=0/1 (0.00%)  steps=mean:357.0 range:[357,357]
  training  completed=2074/2500  queue=7/256 (3%)  replay=200000/200000  updates=354  loss=0.00201  policy_version=264
  throughput env_steps_s=683.6  transitions_s=683.6  transitions_step=1.0  updates_s=170.9  updates_throttled=0
episode=2061
  mode      collector=async  worker=2  epsilon=0.001
  outcome   reward=14.662000000000624  progress=0.5926  success=0/1 (0.00%)  steps=mean:3580.0 range:[3580,3580]
  training  completed=2075/2500  queue=4/256 (2%)  replay=200000/200000  updates=402  loss=0.00244  policy_version=268
  throughput env_steps_s=1220.7  transitions_s=1220.7  transitions_step=1.0  updates_s=304.6  updates_throttled=0
episode=2071
  mode      collector=async  worker=0  epsilon=0.001
  outcome   reward=11.837500000000263  progress=0.4815  success=0/1 (0.00%)  steps=mean:1825.0 range:[1825,1825]
  training  completed=2076/2500  queue=4/256 (2%)  replay=200000/200000  updates=44  loss=0.00133  policy_version=269
  throughput env_steps_s=1326.4  transitions_s=1326.4  transitions_step=1.0  updates_s=337.3  updates_throttled=0
episode=2077
  mode      collector=async  worker=3  epsilon=0.001
  outcome   reward=4.948499999999937  progress=0.2222  success=0/1 (0.00%)  steps=mean:715.0 range:[715,715]
  training  completed=2077/2500  queue=3/256 (1%)  replay=200000/200000  updates=266  loss=0.00194  policy_version=271
  throughput env_steps_s=1375.5  transitions_s=1375.5  transitions_step=1.0  updates_s=343.2  updates_throttled=0
episode=2078
  mode      collector=async  worker=2  epsilon=0.001
  outcome   reward=5.926500000000024  progress=0.2593  success=0/1 (0.00%)  steps=mean:935.0 range:[935,935]
  training  completed=2078/2500  queue=3/256 (1%)  replay=200000/200000  updates=623  loss=0.00207  policy_version=277
  throughput env_steps_s=1368.0  transitions_s=1368.0  transitions_step=1.0  updates_s=341.9  updates_throttled=0
episode=2081
  mode      collector=async  worker=2  epsilon=0.001
  outcome   reward=-1.0062  progress=0.0000  success=0/1 (0.00%)  steps=mean:62.0 range:[62,62]
  training  completed=2079/2500  queue=3/256 (1%)  replay=200000/200000  updates=63  loss=0.00225  policy_version=278
  throughput env_steps_s=1359.6  transitions_s=1359.6  transitions_step=1.0  updates_s=339.9  updates_throttled=0
episode=2082
  mode      collector=async  worker=2  epsilon=0.001
  outcome   reward=0.002200000000000868  progress=0.0370  success=0/1 (0.00%)  steps=mean:178.0 range:[178,178]
  training  completed=2080/2500  queue=12/256 (5%)  replay=200000/200000  updates=179  loss=0.00248  policy_version=280
  throughput env_steps_s=1326.4  transitions_s=1326.4  transitions_step=1.0  updates_s=331.6  updates_throttled=0
episode=2083
  mode      collector=async  worker=2  epsilon=0.001
  outcome   reward=-1.0067  progress=0.0000  success=0/1 (0.00%)  steps=mean:67.0 range:[67,67]
  training  completed=2081/2500  queue=2/256 (1%)  replay=200000/200000  updates=68  loss=0.00209  policy_version=281
  throughput env_steps_s=1389.2  transitions_s=1389.2  transitions_step=1.0  updates_s=349.9  updates_throttled=0
episode=2080
  mode      collector=async  worker=3  epsilon=0.001
  outcome   reward=7.907800000000085  progress=0.3333  success=0/1 (0.00%)  steps=mean:1122.0 range:[1122,1122]
  training  completed=2082/2500  queue=3/256 (1%)  replay=200000/200000  updates=191  loss=0.00151  policy_version=282
  throughput env_steps_s=1360.2  transitions_s=1360.2  transitions_step=1.0  updates_s=339.6  updates_throttled=0
episode=2084
  mode      collector=async  worker=2  epsilon=0.001
  outcome   reward=-0.004499999999998838  progress=0.0370  success=0/1 (0.00%)  steps=mean:245.0 range:[245,245]
  training  completed=2083/2500  queue=4/256 (2%)  replay=200000/200000  updates=56  loss=0.00240  policy_version=283
  throughput env_steps_s=1304.9  transitions_s=1304.9  transitions_step=1.0  updates_s=329.2  updates_throttled=0
episode=2085
  mode      collector=async  worker=3  epsilon=0.001
  outcome   reward=1.9890999999999657  progress=0.1111  success=0/1 (0.00%)  steps=mean:309.0 range:[309,309]
  training  completed=2084/2500  queue=3/256 (1%)  replay=200000/200000  updates=255  loss=0.00206  policy_version=286
  throughput env_steps_s=1334.3  transitions_s=1334.3  transitions_step=1.0  updates_s=332.6  updates_throttled=0
episode=2079
  mode      collector=async  worker=0  epsilon=0.001
  outcome   reward=11.82600000000026  progress=0.4815  success=0/1 (0.00%)  steps=mean:1940.0 range:[1940,1940]
  training  completed=2085/2500  queue=3/256 (1%)  replay=200000/200000  updates=242  loss=0.00159  policy_version=288
  throughput env_steps_s=1359.4  transitions_s=1359.4  transitions_step=1.0  updates_s=340.9  updates_throttled=0
episode=2087
  mode      collector=async  worker=3  epsilon=0.001
  outcome   reward=4.955500000000079  progress=0.2222  success=0/1 (0.00%)  steps=mean:645.0 range:[645,645]
  training  completed=2086/2500  queue=3/256 (1%)  replay=200000/200000  updates=398  loss=0.00201  policy_version=292
  throughput env_steps_s=1355.6  transitions_s=1355.6  transitions_step=1.0  updates_s=338.9  updates_throttled=0
episode=2075
  mode      collector=async  worker=1  epsilon=0.001
  outcome   reward=19.701100000000604  progress=0.7778  success=0/1 (0.00%)  steps=mean:3189.0 range:[3189,3189]
  training  completed=2087/2500  queue=5/256 (2%)  replay=200000/200000  updates=31  loss=0.00212  policy_version=292
  throughput env_steps_s=1337.9  transitions_s=1337.9  transitions_step=1.0  updates_s=334.5  updates_throttled=0
episode=2090
  mode      collector=async  worker=1  epsilon=0.001
  outcome   reward=2.978699999999961  progress=0.1481  success=0/1 (0.00%)  steps=mean:413.0 range:[413,413]
  training  completed=2088/2500  queue=2/256 (1%)  replay=200000/200000  updates=414  loss=0.00201  policy_version=296
  throughput env_steps_s=1361.7  transitions_s=1361.7  transitions_step=1.0  updates_s=340.2  updates_throttled=0
episode=2088
  mode      collector=async  worker=0  epsilon=0.001
  outcome   reward=4.93039999999999  progress=0.2222  success=0/1 (0.00%)  steps=mean:896.0 range:[896,896]
  training  completed=2089/2500  queue=3/256 (1%)  replay=200000/200000  updates=57  loss=0.00258  policy_version=297
  throughput env_steps_s=1351.4  transitions_s=1351.4  transitions_step=1.0  updates_s=339.3  updates_throttled=0
episode=2086
  mode      collector=async  worker=2  epsilon=0.001
  outcome   reward=9.879100000000145  progress=0.4074  success=0/1 (0.00%)  steps=mean:1409.0 range:[1409,1409]
  training  completed=2090/2500  queue=5/256 (2%)  replay=200000/200000  updates=6  loss=0.00162  policy_version=297
  throughput env_steps_s=1205.0  transitions_s=1205.0  transitions_step=1.0  updates_s=267.8  updates_throttled=0
episode=2092
  mode      collector=async  worker=0  epsilon=0.001
  outcome   reward=-1.0061  progress=0.0000  success=0/1 (0.00%)  steps=mean:61.0 range:[61,61]
  training  completed=2091/2500  queue=4/256 (2%)  replay=200000/200000  updates=56  loss=0.00149  policy_version=298
  throughput env_steps_s=1340.6  transitions_s=1340.6  transitions_step=1.0  updates_s=339.7  updates_throttled=0
episode=2094
  mode      collector=async  worker=0  epsilon=0.001
  outcome   reward=-1.0061  progress=0.0000  success=0/1 (0.00%)  steps=mean:61.0 range:[61,61]
  training  completed=2092/2500  queue=3/256 (1%)  replay=200000/200000  updates=63  loss=0.00215  policy_version=298
  throughput env_steps_s=1365.4  transitions_s=1365.4  transitions_step=1.0  updates_s=341.4  updates_throttled=0
episode=2093
  mode      collector=async  worker=2  epsilon=0.001
  outcome   reward=0.9868000000000023  progress=0.0741  success=0/1 (0.00%)  steps=mean:332.0 range:[332,332]
  training  completed=2093/2500  queue=2/256 (1%)  replay=200000/200000  updates=210  loss=0.00191  policy_version=300
  throughput env_steps_s=1360.6  transitions_s=1360.6  transitions_step=1.0  updates_s=338.9  updates_throttled=0
episode=2091
  mode      collector=async  worker=1  epsilon=0.001
  outcome   reward=2.9756999999999616  progress=0.1481  success=0/1 (0.00%)  steps=mean:443.0 range:[443,443]
  training  completed=2094/2500  queue=3/256 (1%)  replay=200000/200000  updates=56  loss=0.00198  policy_version=301
  throughput env_steps_s=1284.3  transitions_s=1284.3  transitions_step=1.0  updates_s=322.5  updates_throttled=0
episode=2095
  mode      collector=async  worker=0  epsilon=0.001
  outcome   reward=3.9687999999999484  progress=0.1852  success=0/1 (0.00%)  steps=mean:512.0 range:[512,512]
  training  completed=2095/2500  queue=0/256 (0%)  replay=200000/200000  updates=247  loss=0.00187  policy_version=303
  throughput env_steps_s=1350.2  transitions_s=1350.2  transitions_step=1.0  updates_s=337.2  updates_throttled=0
episode=2097
  mode      collector=async  worker=1  epsilon=0.001
  outcome   reward=0.9888000000000023  progress=0.0741  success=0/1 (0.00%)  steps=mean:312.0 range:[312,312]
  training  completed=2096/2500  queue=3/256 (1%)  replay=200000/200000  updates=60  loss=0.00261  policy_version=304
  throughput env_steps_s=1324.8  transitions_s=1324.8  transitions_step=1.0  updates_s=331.2  updates_throttled=0
episode=2098
  mode      collector=async  worker=0  epsilon=0.001
  outcome   reward=-1.0063  progress=0.0000  success=0/1 (0.00%)  steps=mean:63.0 range:[63,63]
  training  completed=2097/2500  queue=3/256 (1%)  replay=200000/200000  updates=4  loss=0.00052  policy_version=304
  throughput env_steps_s=1335.5  transitions_s=1335.5  transitions_step=1.0  updates_s=356.1  updates_throttled=0
episode=2100
  mode      collector=async  worker=0  epsilon=0.001
  outcome   reward=-1.0063  progress=0.0000  success=0/1 (0.00%)  steps=mean:63.0 range:[63,63]
  training  completed=2098/2500  queue=3/256 (1%)  replay=200000/200000  updates=63  loss=0.00272  policy_version=305
  throughput env_steps_s=1286.3  transitions_s=1286.3  transitions_step=1.0  updates_s=322.9  updates_throttled=0
episode=2101
  mode      collector=async  worker=0  epsilon=0.001
  outcome   reward=0.9852000000000027  progress=0.0741  success=0/1 (0.00%)  steps=mean:348.0 range:[348,348]
  training  completed=2099/2500  queue=3/256 (1%)  replay=200000/200000  updates=349  loss=0.00193  policy_version=308
  throughput env_steps_s=1369.2  transitions_s=1369.2  transitions_step=1.0  updates_s=341.8  updates_throttled=0
episode=2102
  mode      collector=async  worker=0  epsilon=0.001
  outcome   reward=-1.0062  progress=0.0000  success=0/1 (0.00%)  steps=mean:62.0 range:[62,62]
  training  completed=2100/2500  queue=16/256 (6%)  replay=200000/200000  updates=61  loss=0.00218  policy_version=309
  throughput env_steps_s=1251.0  transitions_s=1251.0  transitions_step=1.0  updates_s=315.3  updates_throttled=0
Saved checkpoint: checkpoints/breakout_s2_rand/ckpt-2100
Scheduled replay buffer save: checkpoints/breakout_s2_rand/replay-2100.npz transitions=200000
Evaluating frozen checkpoint episode=2100 episodes=20 metric=auto...
episode=2103
  mode      collector=async  worker=0  epsilon=0.001
  outcome   reward=-1.0065  progress=0.0000  success=0/1 (0.00%)  steps=mean:65.0 range:[65,65]
  training  completed=2101/2500  queue=5/256 (2%)  replay=200000/200000  updates=68  loss=0.00278  policy_version=309
  throughput env_steps_s=1028.6  transitions_s=1028.6  transitions_step=1.0  updates_s=255.3  updates_throttled=0
Saved replay buffer: checkpoints/breakout_s2_rand/replay-2100.npz transitions=200000
episode=2089
  mode      collector=async  worker=3  epsilon=0.001
  outcome   reward=12.838600000000206  progress=0.5185  success=0/1 (0.00%)  steps=mean:1814.0 range:[1814,1814]
  training  completed=2102/2500  queue=3/256 (1%)  replay=200000/200000  updates=72  loss=0.00188  policy_version=310
  throughput env_steps_s=1222.6  transitions_s=1222.6  transitions_step=1.0  updates_s=306.7  updates_throttled=0
episode=2099
  mode      collector=async  worker=1  epsilon=0.001
  outcome   reward=3.9550999999999457  progress=0.1852  success=0/1 (0.00%)  steps=mean:649.0 range:[649,649]
  training  completed=2103/2500  queue=4/256 (2%)  replay=200000/200000  updates=30  loss=0.00379  policy_version=310
  throughput env_steps_s=1107.9  transitions_s=1107.9  transitions_step=1.0  updates_s=279.3  updates_throttled=0
episode=2104
  mode      collector=async  worker=0  epsilon=0.001
  outcome   reward=0.002700000000000813  progress=0.0370  success=0/1 (0.00%)  steps=mean:173.0 range:[173,173]
  training  completed=2104/2500  queue=5/256 (2%)  replay=200000/200000  updates=68  loss=0.00246  policy_version=311
  throughput env_steps_s=1265.4  transitions_s=1265.4  transitions_step=1.0  updates_s=314.0  updates_throttled=0
episode=2106
  mode      collector=async  worker=1  epsilon=0.001
  outcome   reward=0.001900000000000901  progress=0.0370  success=0/1 (0.00%)  steps=mean:181.0 range:[181,181]
  training  completed=2105/2500  queue=3/256 (1%)  replay=200000/200000  updates=114  loss=0.00190  policy_version=312
  throughput env_steps_s=1268.1  transitions_s=1268.1  transitions_step=1.0  updates_s=317.7  updates_throttled=0
episode=2105
  mode      collector=async  worker=3  epsilon=0.001
  outcome   reward=0.9844000000000026  progress=0.0741  success=0/1 (0.00%)  steps=mean:356.0 range:[356,356]
  training  completed=2106/2500  queue=5/256 (2%)  replay=200000/200000  updates=146  loss=0.00283  policy_version=314
  throughput env_steps_s=1229.1  transitions_s=1229.1  transitions_step=1.0  updates_s=308.3  updates_throttled=0
episode=2108
  mode      collector=async  worker=1  epsilon=0.001
  outcome   reward=0.001100000000000767  progress=0.0370  success=0/1 (0.00%)  steps=mean:189.0 range:[189,189]
  training  completed=2107/2500  queue=4/256 (2%)  replay=200000/200000  updates=44  loss=0.00272  policy_version=314
  throughput env_steps_s=1301.1  transitions_s=1301.1  transitions_step=1.0  updates_s=319.8  updates_throttled=0
episode=2107
  mode      collector=async  worker=0  epsilon=0.001
  outcome   reward=2.9841999999999818  progress=0.1481  success=0/1 (0.00%)  steps=mean:358.0 range:[358,358]
  training  completed=2108/2500  queue=3/256 (1%)  replay=200000/200000  updates=58  loss=0.00257  policy_version=315
  throughput env_steps_s=1282.5  transitions_s=1282.5  transitions_step=1.0  updates_s=324.8  updates_throttled=0
episode=2111
  mode      collector=async  worker=0  epsilon=0.001
  outcome   reward=7.891799999999968  progress=0.3333  success=0/1 (0.00%)  steps=mean:1282.0 range:[1282,1282]
  training  completed=2109/2500  queue=3/256 (1%)  replay=200000/200000  updates=1296  loss=0.00215  policy_version=328
  throughput env_steps_s=1267.3  transitions_s=1267.3  transitions_step=1.0  updates_s=316.8  updates_throttled=0
episode=2109
  mode      collector=async  worker=3  epsilon=0.001
  outcome   reward=12.872200000000165  progress=0.5185  success=0/1 (0.00%)  steps=mean:1478.0 range:[1478,1478]
  training  completed=2110/2500  queue=3/256 (1%)  replay=200000/200000  updates=71  loss=0.00242  policy_version=328
  throughput env_steps_s=1240.0  transitions_s=1240.0  transitions_step=1.0  updates_s=307.8  updates_throttled=0
episode=2113
  mode      collector=async  worker=3  epsilon=0.001
  outcome   reward=-1.0066  progress=0.0000  success=0/1 (0.00%)  steps=mean:66.0 range:[66,66]
  training  completed=2111/2500  queue=3/256 (1%)  replay=200000/200000  updates=72  loss=0.00264  policy_version=329
  throughput env_steps_s=1296.9  transitions_s=1296.9  transitions_step=1.0  updates_s=326.5  updates_throttled=0
episode=2096
  mode      collector=async  worker=2  epsilon=0.001
  outcome   reward=19.699200000000538  progress=0.7778  success=0/1 (0.00%)  steps=mean:3208.0 range:[3208,3208]
  training  completed=2112/2500  queue=4/256 (2%)  replay=200000/200000  updates=321  loss=0.00188  policy_version=332
  throughput env_steps_s=1265.5  transitions_s=1265.5  transitions_step=1.0  updates_s=315.9  updates_throttled=0
episode=2112
  mode      collector=async  worker=0  epsilon=0.001
  outcome   reward=3.972299999999973  progress=0.1852  success=0/1 (0.00%)  steps=mean:477.0 range:[477,477]
  training  completed=2113/2500  queue=3/256 (1%)  replay=200000/200000  updates=11  loss=0.00396  policy_version=332
  throughput env_steps_s=1168.7  transitions_s=1168.7  transitions_step=1.0  updates_s=292.2  updates_throttled=0
episode=2114
  mode      collector=async  worker=3  epsilon=0.001
  outcome   reward=5.9287000000000685  progress=0.2593  success=0/1 (0.00%)  steps=mean:913.0 range:[913,913]
  training  completed=2114/2500  queue=5/256 (2%)  replay=200000/200000  updates=578  loss=0.00215  policy_version=338
  throughput env_steps_s=1276.4  transitions_s=1276.4  transitions_step=1.0  updates_s=319.1  updates_throttled=0
episode=2115
  mode      collector=async  worker=2  epsilon=0.001
  outcome   reward=7.936399999999981  progress=0.3333  success=0/1 (0.00%)  steps=mean:836.0 range:[836,836]
  training  completed=2115/2500  queue=3/256 (1%)  replay=200000/200000  updates=234  loss=0.00210  policy_version=341
  throughput env_steps_s=1270.9  transitions_s=1270.9  transitions_step=1.0  updates_s=318.8  updates_throttled=0
episode=2110
  mode      collector=async  worker=1  epsilon=0.001
  outcome   reward=17.754900000000404  progress=0.7037  success=0/1 (0.00%)  steps=mean:2651.0 range:[2651,2651]
  training  completed=2116/2500  queue=6/256 (2%)  replay=200000/200000  updates=10  loss=0.00336  policy_version=341
  throughput env_steps_s=1104.8  transitions_s=1104.8  transitions_step=1.0  updates_s=269.5  updates_throttled=0
episode=2118
  mode      collector=async  worker=2  epsilon=0.001
  outcome   reward=-1.0062  progress=0.0000  success=0/1 (0.00%)  steps=mean:62.0 range:[62,62]
  training  completed=2117/2500  queue=5/256 (2%)  replay=200000/200000  updates=51  loss=0.00179  policy_version=341
  throughput env_steps_s=1227.5  transitions_s=1227.5  transitions_step=1.0  updates_s=308.4  updates_throttled=0
episode=2119
  mode      collector=async  worker=1  epsilon=0.001
  outcome   reward=3.965499999999988  progress=0.1852  success=0/1 (0.00%)  steps=mean:545.0 range:[545,545]
  training  completed=2118/2500  queue=2/256 (1%)  replay=200000/200000  updates=491  loss=0.00181  policy_version=346
  throughput env_steps_s=1272.3  transitions_s=1272.3  transitions_step=1.0  updates_s=317.6  updates_throttled=0
episode=2116
  mode      collector=async  worker=0  epsilon=0.001
  outcome   reward=11.882000000000101  progress=0.4815  success=0/1 (0.00%)  steps=mean:1380.0 range:[1380,1380]
  training  completed=2119/2500  queue=3/256 (1%)  replay=200000/200000  updates=19  loss=0.00171  policy_version=346
  throughput env_steps_s=1206.9  transitions_s=1206.9  transitions_step=1.0  updates_s=309.9  updates_throttled=0
episode=2122
  mode      collector=async  worker=0  epsilon=0.001
  outcome   reward=-1.0059  progress=0.0000  success=0/1 (0.00%)  steps=mean:59.0 range:[59,59]
  training  completed=2120/2500  queue=16/256 (6%)  replay=200000/200000  updates=62  loss=0.00132  policy_version=347
  throughput env_steps_s=1174.6  transitions_s=1174.6  transitions_step=1.0  updates_s=293.6  updates_throttled=0
episode=2123
  mode      collector=async  worker=0  epsilon=0.001
  outcome   reward=-1.0063  progress=0.0000  success=0/1 (0.00%)  steps=mean:63.0 range:[63,63]
  training  completed=2121/2500  queue=3/256 (1%)  replay=200000/200000  updates=68  loss=0.00204  policy_version=348
  throughput env_steps_s=1297.3  transitions_s=1297.3  transitions_step=1.0  updates_s=322.0  updates_throttled=0
episode=2121
  mode      collector=async  worker=1  epsilon=0.001
  outcome   reward=0.001400000000000734  progress=0.0370  success=0/1 (0.00%)  steps=mean:186.0 range:[186,186]
  training  completed=2122/2500  queue=2/256 (1%)  replay=200000/200000  updates=34  loss=0.00161  policy_version=348
  throughput env_steps_s=1275.4  transitions_s=1275.4  transitions_step=1.0  updates_s=321.2  updates_throttled=0
episode=2117
  mode      collector=async  worker=3  epsilon=0.001
  outcome   reward=6.921900000000015  progress=0.2963  success=0/1 (0.00%)  steps=mean:981.0 range:[981,981]
  training  completed=2123/2500  queue=3/256 (1%)  replay=200000/200000  updates=19  loss=0.00161  policy_version=348
  throughput env_steps_s=1128.8  transitions_s=1128.8  transitions_step=1.0  updates_s=286.0  updates_throttled=0
episode=2126
  mode      collector=async  worker=3  epsilon=0.001
  outcome   reward=-0.0026999999999990365  progress=0.0370  success=0/1 (0.00%)  steps=mean:227.0 range:[227,227]
  training  completed=2124/2500  queue=3/256 (1%)  replay=200000/200000  updates=234  loss=0.00278  policy_version=350
  throughput env_steps_s=1256.5  transitions_s=1256.5  transitions_step=1.0  updates_s=314.5  updates_throttled=0
episode=2120
  mode      collector=async  worker=2  epsilon=0.001
  outcome   reward=4.924500000000061  progress=0.2222  success=0/1 (0.00%)  steps=mean:955.0 range:[955,955]
  training  completed=2125/2500  queue=3/256 (1%)  replay=200000/200000  updates=26  loss=0.00178  policy_version=351
  throughput env_steps_s=1203.1  transitions_s=1203.1  transitions_step=1.0  updates_s=297.9  updates_throttled=0
episode=2128
  mode      collector=async  worker=2  epsilon=0.001
  outcome   reward=0.00990000000000113  progress=0.0370  success=0/1 (0.00%)  steps=mean:101.0 range:[101,101]
  training  completed=2126/2500  queue=4/256 (2%)  replay=200000/200000  updates=104  loss=0.00182  policy_version=352
  throughput env_steps_s=1260.6  transitions_s=1260.6  transitions_step=1.0  updates_s=315.2  updates_throttled=0
episode=2125
  mode      collector=async  worker=1  epsilon=0.001
  outcome   reward=1.9784999999999882  progress=0.1111  success=0/1 (0.00%)  steps=mean:415.0 range:[415,415]
  training  completed=2127/2500  queue=9/256 (4%)  replay=200000/200000  updates=27  loss=0.00303  policy_version=352
  throughput env_steps_s=1195.1  transitions_s=1195.1  transitions_step=1.0  updates_s=298.8  updates_throttled=0
episode=2124
  mode      collector=async  worker=0  epsilon=0.001
  outcome   reward=4.947799999999975  progress=0.2222  success=0/1 (0.00%)  steps=mean:722.0 range:[722,722]
  training  completed=2128/2500  queue=4/256 (2%)  replay=200000/200000  updates=272  loss=0.00254  policy_version=355
  throughput env_steps_s=1282.5  transitions_s=1282.5  transitions_step=1.0  updates_s=320.3  updates_throttled=0
episode=2129
  mode      collector=async  worker=2  epsilon=0.001
  outcome   reward=0.9887000000000021  progress=0.0741  success=0/1 (0.00%)  steps=mean:313.0 range:[313,313]
  training  completed=2129/2500  queue=5/256 (2%)  replay=200000/200000  updates=11  loss=0.00239  policy_version=355
  throughput env_steps_s=1228.2  transitions_s=1228.2  transitions_step=1.0  updates_s=321.7  updates_throttled=0
episode=2130
  mode      collector=async  worker=1  epsilon=0.001
  outcome   reward=1.988499999999968  progress=0.1111  success=0/1 (0.00%)  steps=mean:315.0 range:[315,315]
  training  completed=2130/2500  queue=3/256 (1%)  replay=200000/200000  updates=33  loss=0.00202  policy_version=355
  throughput env_steps_s=1232.9  transitions_s=1232.9  transitions_step=1.0  updates_s=308.2  updates_throttled=0
episode=2133
  mode      collector=async  worker=1  epsilon=0.001
  outcome   reward=-1.0066  progress=0.0000  success=0/1 (0.00%)  steps=mean:66.0 range:[66,66]
  training  completed=2131/2500  queue=7/256 (3%)  replay=200000/200000  updates=72  loss=0.00187  policy_version=356
  throughput env_steps_s=1244.0  transitions_s=1244.0  transitions_step=1.0  updates_s=309.9  updates_throttled=0
episode=2134
  mode      collector=async  worker=1  epsilon=0.001
  outcome   reward=0.001400000000000734  progress=0.0370  success=0/1 (0.00%)  steps=mean:186.0 range:[186,186]
  training  completed=2132/2500  queue=3/256 (1%)  replay=200000/200000  updates=188  loss=0.00224  policy_version=358
  throughput env_steps_s=1274.0  transitions_s=1274.0  transitions_step=1.0  updates_s=317.6  updates_throttled=0
episode=2132
  mode      collector=async  worker=2  epsilon=0.001
  outcome   reward=1.9874999999999654  progress=0.1111  success=0/1 (0.00%)  steps=mean:325.0 range:[325,325]
  training  completed=2133/2500  queue=1/256 (0%)  replay=200000/200000  updates=29  loss=0.00182  policy_version=358
  throughput env_steps_s=1236.6  transitions_s=1236.6  transitions_step=1.0  updates_s=309.1  updates_throttled=0
episode=2131
  mode      collector=async  worker=0  epsilon=0.001
  outcome   reward=6.908900000000063  progress=0.2963  success=0/1 (0.00%)  steps=mean:1111.0 range:[1111,1111]
  training  completed=2134/2500  queue=3/256 (1%)  replay=200000/200000  updates=792  loss=0.00229  policy_version=366
  throughput env_steps_s=1271.9  transitions_s=1271.9  transitions_step=1.0  updates_s=318.1  updates_throttled=0
episode=2135
  mode      collector=async  worker=1  epsilon=0.001
  outcome   reward=5.912600000000026  progress=0.2593  success=0/1 (0.00%)  steps=mean:1074.0 range:[1074,1074]
  training  completed=2135/2500  queue=2/256 (1%)  replay=200000/200000  updates=246  loss=0.00256  policy_version=368
  throughput env_steps_s=1250.8  transitions_s=1250.8  transitions_step=1.0  updates_s=313.3  updates_throttled=0
episode=2138
  mode      collector=async  worker=1  epsilon=0.001
  outcome   reward=-0.0002999999999990788  progress=0.0370  success=0/1 (0.00%)  steps=mean:203.0 range:[203,203]
  training  completed=2136/2500  queue=7/256 (3%)  replay=200000/200000  updates=205  loss=0.00185  policy_version=371
  throughput env_steps_s=1233.4  transitions_s=1233.4  transitions_step=1.0  updates_s=307.6  updates_throttled=0
episode=2137
  mode      collector=async  worker=0  epsilon=0.001
  outcome   reward=7.905900000000077  progress=0.3333  success=0/1 (0.00%)  steps=mean:1141.0 range:[1141,1141]
  training  completed=2137/2500  queue=4/256 (2%)  replay=200000/200000  updates=687  loss=0.00251  policy_version=377
  throughput env_steps_s=1277.5  transitions_s=1277.5  transitions_step=1.0  updates_s=319.4  updates_throttled=0
episode=2139
  mode      collector=async  worker=1  epsilon=0.001
  outcome   reward=3.9516999999999705  progress=0.1852  success=0/1 (0.00%)  steps=mean:683.0 range:[683,683]
  training  completed=2138/2500  queue=2/256 (1%)  replay=200000/200000  updates=5  loss=0.00166  policy_version=377
  throughput env_steps_s=1263.3  transitions_s=1263.3  transitions_step=1.0  updates_s=332.5  updates_throttled=0
episode=2140
  mode      collector=async  worker=0  epsilon=0.001
  outcome   reward=6.906000000000082  progress=0.2963  success=0/1 (0.00%)  steps=mean:1140.0 range:[1140,1140]
  training  completed=2139/2500  queue=4/256 (2%)  replay=200000/200000  updates=1135  loss=0.00242  policy_version=389
  throughput env_steps_s=1273.1  transitions_s=1273.1  transitions_step=1.0  updates_s=318.4  updates_throttled=0
episode=2136
  mode      collector=async  worker=2  epsilon=0.001
  outcome   reward=12.70860000000058  progress=0.5185  success=0/1 (0.00%)  steps=mean:3114.0 range:[3114,3114]
  training  completed=2140/2500  queue=15/256 (6%)  replay=200000/200000  updates=35  loss=0.00338  policy_version=389
  throughput env_steps_s=1083.9  transitions_s=1083.9  transitions_step=1.0  updates_s=269.0  updates_throttled=0
episode=2142
  mode      collector=async  worker=0  epsilon=0.001
  outcome   reward=-1.0063  progress=0.0000  success=0/1 (0.00%)  steps=mean:63.0 range:[63,63]
  training  completed=2141/2500  queue=4/256 (2%)  replay=200000/200000  updates=28  loss=0.00241  policy_version=389
  throughput env_steps_s=1453.1  transitions_s=1453.1  transitions_step=1.0  updates_s=366.6  updates_throttled=0
episode=2144
  mode      collector=async  worker=0  epsilon=0.001
  outcome   reward=1.9899999999999876  progress=0.1111  success=0/1 (0.00%)  steps=mean:300.0 range:[300,300]
  training  completed=2142/2500  queue=3/256 (1%)  replay=200000/200000  updates=301  loss=0.00186  policy_version=392
  throughput env_steps_s=1264.6  transitions_s=1264.6  transitions_step=1.0  updates_s=315.6  updates_throttled=0
episode=2145
  mode      collector=async  worker=0  epsilon=0.001
  outcome   reward=-0.0033999999999989594  progress=0.0370  success=0/1 (0.00%)  steps=mean:234.0 range:[234,234]
  training  completed=2143/2500  queue=4/256 (2%)  replay=200000/200000  updates=233  loss=0.00276  policy_version=395
  throughput env_steps_s=1251.9  transitions_s=1251.9  transitions_step=1.0  updates_s=312.6  updates_throttled=0
episode=2146
  mode      collector=async  worker=0  epsilon=0.001
  outcome   reward=0.0007000000000008111  progress=0.0370  success=0/1 (0.00%)  steps=mean:193.0 range:[193,193]
  training  completed=2144/2500  queue=8/256 (3%)  replay=200000/200000  updates=193  loss=0.00209  policy_version=397
  throughput env_steps_s=1252.3  transitions_s=1252.3  transitions_step=1.0  updates_s=314.3  updates_throttled=0
episode=2127
  mode      collector=async  worker=3  epsilon=0.001
  outcome   reward=23.551700000000853  progress=0.9259  success=0/1 (0.00%)  steps=mean:4683.0 range:[4683,4683]
  training  completed=2145/2500  queue=0/256 (0%)  replay=200000/200000  updates=43  loss=0.00162  policy_version=397
  throughput env_steps_s=1307.4  transitions_s=1307.4  transitions_step=1.0  updates_s=321.3  updates_throttled=0
episode=2147
  mode      collector=async  worker=0  epsilon=0.001
  outcome   reward=5.953500000000093  progress=0.2593  success=0/1 (0.00%)  steps=mean:665.0 range:[665,665]
  training  completed=2146/2500  queue=3/256 (1%)  replay=200000/200000  updates=617  loss=0.00246  policy_version=403
  throughput env_steps_s=1259.6  transitions_s=1259.6  transitions_step=1.0  updates_s=315.3  updates_throttled=0
episode=2143
  mode      collector=async  worker=2  epsilon=0.001
  outcome   reward=11.843400000000248  progress=0.4815  success=0/1 (0.00%)  steps=mean:1766.0 range:[1766,1766]
  training  completed=2147/2500  queue=5/256 (2%)  replay=200000/200000  updates=338  loss=0.00231  policy_version=407
  throughput env_steps_s=1268.8  transitions_s=1268.8  transitions_step=1.0  updates_s=316.5  updates_throttled=0
episode=2150
  mode      collector=async  worker=2  epsilon=0.001
  outcome   reward=-1.0062  progress=0.0000  success=0/1 (0.00%)  steps=mean:62.0 range:[62,62]
  training  completed=2148/2500  queue=4/256 (2%)  replay=200000/200000  updates=62  loss=0.00231  policy_version=407
  throughput env_steps_s=1219.7  transitions_s=1219.7  transitions_step=1.0  updates_s=307.4  updates_throttled=0
episode=2141
  mode      collector=async  worker=1  epsilon=0.001
  outcome   reward=15.715400000000514  progress=0.6296  success=0/1 (0.00%)  steps=mean:3046.0 range:[3046,3046]
  training  completed=2149/2500  queue=3/256 (1%)  replay=200000/200000  updates=89  loss=0.00283  policy_version=408
  throughput env_steps_s=1258.6  transitions_s=1258.6  transitions_step=1.0  updates_s=313.8  updates_throttled=0
episode=2149
  mode      collector=async  worker=0  epsilon=0.001
  outcome   reward=1.9695999999999867  progress=0.1111  success=0/1 (0.00%)  steps=mean:504.0 range:[504,504]
  training  completed=2150/2500  queue=6/256 (2%)  replay=200000/200000  updates=20  loss=0.00167  policy_version=408
  throughput env_steps_s=1023.5  transitions_s=1023.5  transitions_step=1.0  updates_s=255.9  updates_throttled=0
episode=2153
  mode      collector=async  worker=0  epsilon=0.001
  outcome   reward=-1.0062  progress=0.0000  success=0/1 (0.00%)  steps=mean:62.0 range:[62,62]
  training  completed=2151/2500  queue=7/256 (3%)  replay=200000/200000  updates=62  loss=0.00187  policy_version=409
  throughput env_steps_s=1168.4  transitions_s=1168.4  transitions_step=1.0  updates_s=293.3  updates_throttled=0
episode=2152
  mode      collector=async  worker=1  epsilon=0.001
  outcome   reward=-0.0002999999999990788  progress=0.0370  success=0/1 (0.00%)  steps=mean:203.0 range:[203,203]
  training  completed=2152/2500  queue=1/256 (0%)  replay=200000/200000  updates=120  loss=0.00302  policy_version=410
  throughput env_steps_s=1181.2  transitions_s=1181.2  transitions_step=1.0  updates_s=294.1  updates_throttled=0
episode=2154
  mode      collector=async  worker=0  epsilon=0.001
  outcome   reward=0.001700000000000923  progress=0.0370  success=0/1 (0.00%)  steps=mean:183.0 range:[183,183]
  training  completed=2153/2500  queue=5/256 (2%)  replay=200000/200000  updates=66  loss=0.00223  policy_version=411
  throughput env_steps_s=1113.5  transitions_s=1113.5  transitions_step=1.0  updates_s=280.5  updates_throttled=0
episode=2156
  mode      collector=async  worker=0  epsilon=0.001
  outcome   reward=-1.0061  progress=0.0000  success=0/1 (0.00%)  steps=mean:61.0 range:[61,61]
  training  completed=2154/2500  queue=4/256 (2%)  replay=200000/200000  updates=64  loss=0.00208  policy_version=411
  throughput env_steps_s=1223.6  transitions_s=1223.6  transitions_step=1.0  updates_s=304.7  updates_throttled=0
episode=2157
  mode      collector=async  worker=0  epsilon=0.001
  outcome   reward=-1.0066  progress=0.0000  success=0/1 (0.00%)  steps=mean:66.0 range:[66,66]
  training  completed=2155/2500  queue=3/256 (1%)  replay=200000/200000  updates=64  loss=0.00164  policy_version=412
  throughput env_steps_s=1234.0  transitions_s=1234.0  transitions_step=1.0  updates_s=309.7  updates_throttled=0
episode=2158
  mode      collector=async  worker=0  epsilon=0.001
  outcome   reward=-1.0065  progress=0.0000  success=0/1 (0.00%)  steps=mean:65.0 range:[65,65]
  training  completed=2156/2500  queue=5/256 (2%)  replay=200000/200000  updates=69  loss=0.00150  policy_version=413
  throughput env_steps_s=1201.3  transitions_s=1201.3  transitions_step=1.0  updates_s=299.2  updates_throttled=0
episode=2155
  mode      collector=async  worker=1  epsilon=0.001
  outcome   reward=1.9714999999999814  progress=0.1111  success=0/1 (0.00%)  steps=mean:485.0 range:[485,485]
  training  completed=2157/2500  queue=3/256 (1%)  replay=200000/200000  updates=217  loss=0.00227  policy_version=415
  throughput env_steps_s=1233.8  transitions_s=1233.8  transitions_step=1.0  updates_s=308.1  updates_throttled=0
episode=2151
  mode      collector=async  worker=2  epsilon=0.001
  outcome   reward=5.927300000000035  progress=0.2593  success=0/1 (0.00%)  steps=mean:927.0 range:[927,927]
  training  completed=2158/2500  queue=4/256 (2%)  replay=200000/200000  updates=148  loss=0.00182  policy_version=416
  throughput env_steps_s=1270.4  transitions_s=1270.4  transitions_step=1.0  updates_s=317.6  updates_throttled=0
episode=2148
  mode      collector=async  worker=3  epsilon=0.001
  outcome   reward=10.778000000000343  progress=0.4444  success=0/1 (0.00%)  steps=mean:2420.0 range:[2420,2420]
  training  completed=2159/2500  queue=3/256 (1%)  replay=200000/200000  updates=482  loss=0.00249  policy_version=421
  throughput env_steps_s=1269.1  transitions_s=1269.1  transitions_step=1.0  updates_s=317.6  updates_throttled=0
episode=2161
  mode      collector=async  worker=2  epsilon=0.001
  outcome   reward=2.955699999999945  progress=0.1481  success=0/1 (0.00%)  steps=mean:643.0 range:[643,643]
  training  completed=2160/2500  queue=17/256 (7%)  replay=200000/200000  updates=159  loss=0.00213  policy_version=423
  throughput env_steps_s=941.5  transitions_s=941.5  transitions_step=1.0  updates_s=234.6  updates_throttled=0
episode=2159
  mode      collector=async  worker=0  epsilon=0.001
  outcome   reward=8.878900000000133  progress=0.3704  success=0/1 (0.00%)  steps=mean:1411.0 range:[1411,1411]
  training  completed=2161/2500  queue=3/256 (1%)  replay=200000/200000  updates=400  loss=0.00249  policy_version=427
  throughput env_steps_s=702.4  transitions_s=702.4  transitions_step=1.0  updates_s=175.8  updates_throttled=0
episode=2163
  mode      collector=async  worker=2  epsilon=0.001
  outcome   reward=3.9508999999999626  progress=0.1852  success=0/1 (0.00%)  steps=mean:691.0 range:[691,691]
  training  completed=2162/2500  queue=4/256 (2%)  replay=200000/200000  updates=294  loss=0.00249  policy_version=430
  throughput env_steps_s=572.6  transitions_s=572.6  transitions_step=1.0  updates_s=143.0  updates_throttled=0
episode=2162
  mode      collector=async  worker=3  epsilon=0.001
  outcome   reward=5.932200000000029  progress=0.2593  success=0/1 (0.00%)  steps=mean:878.0 range:[878,878]
  training  completed=2163/2500  queue=3/256 (1%)  replay=200000/200000  updates=34  loss=0.00465  policy_version=430
  throughput env_steps_s=565.1  transitions_s=565.1  transitions_step=1.0  updates_s=143.4  updates_throttled=0
episode=2164
  mode      collector=async  worker=0  epsilon=0.001
  outcome   reward=0.9875000000000025  progress=0.0741  success=0/1 (0.00%)  steps=mean:325.0 range:[325,325]
  training  completed=2164/2500  queue=7/256 (3%)  replay=200000/200000  updates=0  loss=0.00000  policy_version=430
  throughput env_steps_s=565.1  transitions_s=565.1  transitions_step=1.0  updates_s=143.4  updates_throttled=0
episode=2160
  mode      collector=async  worker=1  epsilon=0.001
  outcome   reward=10.856200000000175  progress=0.4444  success=0/1 (0.00%)  steps=mean:1638.0 range:[1638,1638]
  training  completed=2165/2500  queue=8/256 (3%)  replay=200000/200000  updates=110  loss=0.00188  policy_version=431
  throughput env_steps_s=566.9  transitions_s=566.9  transitions_step=1.0  updates_s=140.8  updates_throttled=0
episode=2167
  mode      collector=async  worker=0  epsilon=0.001
  outcome   reward=1.9787999999999875  progress=0.1111  success=0/1 (0.00%)  steps=mean:412.0 range:[412,412]
  training  completed=2166/2500  queue=5/256 (2%)  replay=200000/200000  updates=303  loss=0.00259  policy_version=434
  throughput env_steps_s=583.8  transitions_s=583.8  transitions_step=1.0  updates_s=146.3  updates_throttled=0
episode=2168
  mode      collector=async  worker=1  epsilon=0.001
  outcome   reward=1.9709999999999874  progress=0.1111  success=0/1 (0.00%)  steps=mean:490.0 range:[490,490]
  training  completed=2167/2500  queue=14/256 (5%)  replay=200000/200000  updates=187  loss=0.00218  policy_version=436
  throughput env_steps_s=565.2  transitions_s=565.2  transitions_step=1.0  updates_s=140.7  updates_throttled=0
episode=2169
  mode      collector=async  worker=0  epsilon=0.001
  outcome   reward=6.9258000000000735  progress=0.2963  success=0/1 (0.00%)  steps=mean:942.0 range:[942,942]
  training  completed=2168/2500  queue=4/256 (2%)  replay=200000/200000  updates=746  loss=0.00215  policy_version=444
  throughput env_steps_s=587.2  transitions_s=587.2  transitions_step=1.0  updates_s=146.8  updates_throttled=0
episode=2170
  mode      collector=async  worker=1  epsilon=0.001
  outcome   reward=3.941699999999962  progress=0.1852  success=0/1 (0.00%)  steps=mean:783.0 range:[783,783]
  training  completed=2169/2500  queue=3/256 (1%)  replay=200000/200000  updates=48  loss=0.00325  policy_version=444
  throughput env_steps_s=573.7  transitions_s=573.7  transitions_step=1.0  updates_s=144.2  updates_throttled=0
episode=2171
  mode      collector=async  worker=0  epsilon=0.001
  outcome   reward=-1.0064  progress=0.0000  success=0/1 (0.00%)  steps=mean:64.0 range:[64,64]
  training  completed=2170/2500  queue=7/256 (3%)  replay=200000/200000  updates=17  loss=0.00213  policy_version=444
  throughput env_steps_s=539.0  transitions_s=539.0  transitions_step=1.0  updates_s=138.8  updates_throttled=0
episode=2172
  mode      collector=async  worker=1  epsilon=0.001
  outcome   reward=0.00030000000000085514  progress=0.0370  success=0/1 (0.00%)  steps=mean:197.0 range:[197,197]
  training  completed=2171/2500  queue=6/256 (2%)  replay=200000/200000  updates=183  loss=0.00276  policy_version=446
  throughput env_steps_s=580.3  transitions_s=580.3  transitions_step=1.0  updates_s=145.1  updates_throttled=0
episode=2173
  mode      collector=async  worker=0  epsilon=0.001
  outcome   reward=-0.0025999999999990475  progress=0.0370  success=0/1 (0.00%)  steps=mean:226.0 range:[226,226]
  training  completed=2172/2500  queue=12/256 (5%)  replay=200000/200000  updates=45  loss=0.00320  policy_version=447
  throughput env_steps_s=543.7  transitions_s=543.7  transitions_step=1.0  updates_s=135.2  updates_throttled=0
episode=2166
  mode      collector=async  worker=3  epsilon=0.001
  outcome   reward=11.837400000000278  progress=0.4815  success=0/1 (0.00%)  steps=mean:1826.0 range:[1826,1826]
  training  completed=2173/2500  queue=5/256 (2%)  replay=200000/200000  updates=192  loss=0.00240  policy_version=448
  throughput env_steps_s=619.7  transitions_s=619.7  transitions_step=1.0  updates_s=154.9  updates_throttled=0
episode=2175
  mode      collector=async  worker=0  epsilon=0.001
  outcome   reward=0.9891000000000021  progress=0.0741  success=0/1 (0.00%)  steps=mean:309.0 range:[309,309]
  training  completed=2174/2500  queue=4/256 (2%)  replay=200000/200000  updates=119  loss=0.00315  policy_version=450
  throughput env_steps_s=562.7  transitions_s=562.7  transitions_step=1.0  updates_s=141.0  updates_throttled=0
episode=2174
  mode      collector=async  worker=1  epsilon=0.001
  outcome   reward=1.9747999999999861  progress=0.1111  success=0/1 (0.00%)  steps=mean:452.0 range:[452,452]
  training  completed=2175/2500  queue=14/256 (5%)  replay=200000/200000  updates=93  loss=0.00175  policy_version=451
  throughput env_steps_s=545.3  transitions_s=545.3  transitions_step=1.0  updates_s=135.2  updates_throttled=0
episode=2165
  mode      collector=async  worker=2  epsilon=0.001
  outcome   reward=13.789700000000384  progress=0.5556  success=0/1 (0.00%)  steps=mean:2303.0 range:[2303,2303]
  training  completed=2176/2500  queue=5/256 (2%)  replay=200000/200000  updates=223  loss=0.00253  policy_version=453
  throughput env_steps_s=599.9  transitions_s=599.9  transitions_step=1.0  updates_s=150.1  updates_throttled=0
episode=2176
  mode      collector=async  worker=3  epsilon=0.001
  outcome   reward=2.9494999999999507  progress=0.1481  success=0/1 (0.00%)  steps=mean:705.0 range:[705,705]
  training  completed=2177/2500  queue=4/256 (2%)  replay=200000/200000  updates=281  loss=0.00203  policy_version=456
  throughput env_steps_s=561.6  transitions_s=561.6  transitions_step=1.0  updates_s=140.4  updates_throttled=0
episode=2180
  mode      collector=async  worker=3  epsilon=0.001
  outcome   reward=-1.0067  progress=0.0000  success=0/1 (0.00%)  steps=mean:67.0 range:[67,67]
  training  completed=2178/2500  queue=4/256 (2%)  replay=200000/200000  updates=63  loss=0.00212  policy_version=456
  throughput env_steps_s=612.5  transitions_s=612.5  transitions_step=1.0  updates_s=153.1  updates_throttled=0
episode=2178
  mode      collector=async  worker=1  epsilon=0.001
  outcome   reward=7.906300000000117  progress=0.3333  success=0/1 (0.00%)  steps=mean:1137.0 range:[1137,1137]
  training  completed=2179/2500  queue=3/256 (1%)  replay=200000/200000  updates=557  loss=0.00252  policy_version=462
  throughput env_steps_s=585.7  transitions_s=585.7  transitions_step=1.0  updates_s=146.4  updates_throttled=0
episode=2179
  mode      collector=async  worker=2  epsilon=0.001
  outcome   reward=5.930000000000008  progress=0.2593  success=0/1 (0.00%)  steps=mean:900.0 range:[900,900]
  training  completed=2180/2500  queue=32/256 (12%)  replay=200000/200000  updates=13  loss=0.00192  policy_version=462
  throughput env_steps_s=329.6  transitions_s=329.6  transitions_step=1.0  updates_s=82.4  updates_throttled=0
episode=2181
  mode      collector=async  worker=3  epsilon=0.001
  outcome   reward=2.954399999999951  progress=0.1481  success=0/1 (0.00%)  steps=mean:656.0 range:[656,656]
  training  completed=2181/2500  queue=9/256 (4%)  replay=200000/200000  updates=77  loss=0.00290  policy_version=463
  throughput env_steps_s=840.3  transitions_s=840.3  transitions_step=1.0  updates_s=211.4  updates_throttled=0
episode=2177
  mode      collector=async  worker=0  epsilon=0.001
  outcome   reward=12.820200000000312  progress=0.5185  success=0/1 (0.00%)  steps=mean:1998.0 range:[1998,1998]
  training  completed=2182/2500  queue=5/256 (2%)  replay=200000/200000  updates=683  loss=0.00256  policy_version=470
  throughput env_steps_s=1277.5  transitions_s=1277.5  transitions_step=1.0  updates_s=319.3  updates_throttled=0
episode=2185
  mode      collector=async  worker=0  epsilon=0.001
  outcome   reward=-0.0021999999999988695  progress=0.0370  success=0/1 (0.00%)  steps=mean:222.0 range:[222,222]
  training  completed=2183/2500  queue=3/256 (1%)  replay=200000/200000  updates=220  loss=0.00224  policy_version=472
  throughput env_steps_s=1280.8  transitions_s=1280.8  transitions_step=1.0  updates_s=319.8  updates_throttled=0
episode=2184
  mode      collector=async  worker=3  epsilon=0.001
  outcome   reward=15.803200000000352  progress=0.6296  success=0/1 (0.00%)  steps=mean:2168.0 range:[2168,2168]
  training  completed=2184/2500  queue=0/256 (0%)  replay=200000/200000  updates=1263  loss=0.00241  policy_version=484
  throughput env_steps_s=1288.7  transitions_s=1288.7  transitions_step=1.0  updates_s=322.2  updates_throttled=0
episode=2183
  mode      collector=async  worker=2  epsilon=0.001
  outcome   reward=12.789400000000324  progress=0.5185  success=0/1 (0.00%)  steps=mean:2306.0 range:[2306,2306]
  training  completed=2185/2500  queue=4/256 (2%)  replay=200000/200000  updates=61  loss=0.00276  policy_version=485
  throughput env_steps_s=1197.2  transitions_s=1197.2  transitions_step=1.0  updates_s=301.8  updates_throttled=0
episode=2186
  mode      collector=async  worker=0  epsilon=0.001
  outcome   reward=10.88160000000019  progress=0.4444  success=0/1 (0.00%)  steps=mean:1384.0 range:[1384,1384]
  training  completed=2186/2500  queue=12/256 (5%)  replay=200000/200000  updates=51  loss=0.00306  policy_version=486
  throughput env_steps_s=1207.6  transitions_s=1207.6  transitions_step=1.0  updates_s=301.9  updates_throttled=0
episode=2189
  mode      collector=async  worker=0  epsilon=0.001
  outcome   reward=-1.0064  progress=0.0000  success=0/1 (0.00%)  steps=mean:64.0 range:[64,64]
  training  completed=2187/2500  queue=3/256 (1%)  replay=200000/200000  updates=63  loss=0.00260  policy_version=486
  throughput env_steps_s=1318.2  transitions_s=1318.2  transitions_step=1.0  updates_s=326.9  updates_throttled=0
episode=2188
  mode      collector=async  worker=2  epsilon=0.001
  outcome   reward=0.9832000000000027  progress=0.0741  success=0/1 (0.00%)  steps=mean:368.0 range:[368,368]
  training  completed=2188/2500  queue=6/256 (2%)  replay=200000/200000  updates=265  loss=0.00258  policy_version=489
  throughput env_steps_s=1267.8  transitions_s=1267.8  transitions_step=1.0  updates_s=317.8  updates_throttled=0
episode=2191
  mode      collector=async  worker=2  epsilon=0.001
  outcome   reward=-1.0066  progress=0.0000  success=0/1 (0.00%)  steps=mean:66.0 range:[66,66]
  training  completed=2189/2500  queue=3/256 (1%)  replay=200000/200000  updates=65  loss=0.00185  policy_version=489
  throughput env_steps_s=1297.7  transitions_s=1297.7  transitions_step=1.0  updates_s=324.4  updates_throttled=0
episode=2192
  mode      collector=async  worker=2  epsilon=0.001
  outcome   reward=8.897600000000082  progress=0.3704  success=0/1 (0.00%)  steps=mean:1224.0 range:[1224,1224]
  training  completed=2190/2500  queue=4/256 (2%)  replay=200000/200000  updates=1220  loss=0.00232  policy_version=502
  throughput env_steps_s=1277.3  transitions_s=1277.3  transitions_step=1.0  updates_s=319.2  updates_throttled=0
episode=2193
  mode      collector=async  worker=2  epsilon=0.001
  outcome   reward=3.950999999999963  progress=0.1852  success=0/1 (0.00%)  steps=mean:690.0 range:[690,690]
  training  completed=2191/2500  queue=6/256 (2%)  replay=200000/200000  updates=691  loss=0.00235  policy_version=509
  throughput env_steps_s=1287.9  transitions_s=1287.9  transitions_step=1.0  updates_s=322.0  updates_throttled=0
episode=2190
  mode      collector=async  worker=0  epsilon=0.001
  outcome   reward=15.756200000000423  progress=0.6296  success=0/1 (0.00%)  steps=mean:2638.0 range:[2638,2638]
  training  completed=2192/2500  queue=0/256 (0%)  replay=200000/200000  updates=403  loss=0.00235  policy_version=513
  throughput env_steps_s=1271.9  transitions_s=1271.9  transitions_step=1.0  updates_s=317.8  updates_throttled=0
episode=2195
  mode      collector=async  worker=0  epsilon=0.001
  outcome   reward=-0.0004999999999990568  progress=0.0370  success=0/1 (0.00%)  steps=mean:205.0 range:[205,205]
  training  completed=2193/2500  queue=3/256 (1%)  replay=200000/200000  updates=208  loss=0.00257  policy_version=515
  throughput env_steps_s=1271.8  transitions_s=1271.8  transitions_step=1.0  updates_s=318.0  updates_throttled=0
episode=2196
  mode      collector=async  worker=0  epsilon=0.001
  outcome   reward=2.9563999999999515  progress=0.1481  success=0/1 (0.00%)  steps=mean:636.0 range:[636,636]
  training  completed=2194/2500  queue=3/256 (1%)  replay=200000/200000  updates=644  loss=0.00259  policy_version=521
  throughput env_steps_s=1283.8  transitions_s=1283.8  transitions_step=1.0  updates_s=321.1  updates_throttled=0
episode=2182
  mode      collector=async  worker=1  epsilon=0.001
  outcome   reward=24.369500000001295  progress=0.9630  success=0/1 (0.00%)  steps=mean:6505.0 range:[6505,6505]
  training  completed=2195/2500  queue=3/256 (1%)  replay=200000/200000  updates=574  loss=0.00241  policy_version=527
  throughput env_steps_s=1279.7  transitions_s=1279.7  transitions_step=1.0  updates_s=320.2  updates_throttled=0
episode=2194
  mode      collector=async  worker=2  epsilon=0.001
  outcome   reward=15.808300000000354  progress=0.6296  success=0/1 (0.00%)  steps=mean:2117.0 range:[2117,2117]
  training  completed=2196/2500  queue=7/256 (3%)  replay=200000/200000  updates=291  loss=0.00236  policy_version=530
  throughput env_steps_s=1288.7  transitions_s=1288.7  transitions_step=1.0  updates_s=321.3  updates_throttled=0
episode=2187
  mode      collector=async  worker=3  epsilon=0.001
  outcome   reward=24.55420000000089  progress=0.9630  success=0/1 (0.00%)  steps=mean:4658.0 range:[4658,4658]
  training  completed=2197/2500  queue=7/256 (3%)  replay=200000/200000  updates=120  loss=0.00269  policy_version=531
  throughput env_steps_s=1247.3  transitions_s=1247.3  transitions_step=1.0  updates_s=313.8  updates_throttled=0
episode=2200
  mode      collector=async  worker=3  epsilon=0.001
  outcome   reward=0.002600000000000824  progress=0.0370  success=0/1 (0.00%)  steps=mean:174.0 range:[174,174]
  training  completed=2198/2500  queue=4/256 (2%)  replay=200000/200000  updates=170  loss=0.00262  policy_version=533
  throughput env_steps_s=1279.8  transitions_s=1279.8  transitions_step=1.0  updates_s=318.6  updates_throttled=0
episode=2197
  mode      collector=async  worker=0  epsilon=0.001
  outcome   reward=8.894700000000094  progress=0.3704  success=0/1 (0.00%)  steps=mean:1253.0 range:[1253,1253]
  training  completed=2199/2500  queue=3/256 (1%)  replay=200000/200000  updates=103  loss=0.00227  policy_version=534
  throughput env_steps_s=1280.5  transitions_s=1280.5  transitions_step=1.0  updates_s=320.9  updates_throttled=0
episode=2202
  mode      collector=async  worker=0  epsilon=0.001
  outcome   reward=-1.0063  progress=0.0000  success=0/1 (0.00%)  steps=mean:63.0 range:[63,63]
  training  completed=2200/2500  queue=10/256 (4%)  replay=200000/200000  updates=65  loss=0.00169  policy_version=534
  throughput env_steps_s=1217.7  transitions_s=1217.7  transitions_step=1.0  updates_s=303.2  updates_throttled=0
Saved checkpoint: checkpoints/breakout_s2_rand/ckpt-2200
Scheduled replay buffer save: checkpoints/breakout_s2_rand/replay-2200.npz transitions=200000
Skipping best-checkpoint evaluation for episode=2200: a previous evaluation is still running.
Saved replay buffer: checkpoints/breakout_s2_rand/replay-2200.npz transitions=200000
episode=2198
  mode      collector=async  worker=1  epsilon=0.001
  outcome   reward=5.909300000000034  progress=0.2593  success=0/1 (0.00%)  steps=mean:1107.0 range:[1107,1107]
  training  completed=2201/2500  queue=3/256 (1%)  replay=200000/200000  updates=353  loss=0.00248  policy_version=538
  throughput env_steps_s=1264.3  transitions_s=1264.3  transitions_step=1.0  updates_s=316.5  updates_throttled=0
episode=2199
  mode      collector=async  worker=2  epsilon=0.001
  outcome   reward=1.9339999999999076  progress=0.1111  success=0/1 (0.00%)  steps=mean:860.0 range:[860,860]
  training  completed=2202/2500  queue=3/256 (1%)  replay=200000/200000  updates=48  loss=0.00269  policy_version=538
  throughput env_steps_s=1233.0  transitions_s=1233.0  transitions_step=1.0  updates_s=305.1  updates_throttled=0
episode=2201
  mode      collector=async  worker=3  epsilon=0.001
  outcome   reward=5.96250000000002  progress=0.2593  success=0/1 (0.00%)  steps=mean:575.0 range:[575,575]
  training  completed=2203/2500  queue=5/256 (2%)  replay=200000/200000  updates=9  loss=0.00524  policy_version=538
  throughput env_steps_s=1094.2  transitions_s=1094.2  transitions_step=1.0  updates_s=298.4  updates_throttled=0
episode=2205
  mode      collector=async  worker=2  epsilon=0.001
  outcome   reward=-1.0062  progress=0.0000  success=0/1 (0.00%)  steps=mean:62.0 range:[62,62]
  training  completed=2204/2500  queue=3/256 (1%)  replay=200000/200000  updates=55  loss=0.00310  policy_version=539
  throughput env_steps_s=1282.2  transitions_s=1282.2  transitions_step=1.0  updates_s=317.7  updates_throttled=0
episode=2206
  mode      collector=async  worker=3  epsilon=0.001
  outcome   reward=-1.006  progress=0.0000  success=0/1 (0.00%)  steps=mean:60.0 range:[60,60]
  training  completed=2205/2500  queue=6/256 (2%)  replay=200000/200000  updates=5  loss=0.00810  policy_version=539
  throughput env_steps_s=1064.1  transitions_s=1064.1  transitions_step=1.0  updates_s=280.0  updates_throttled=0
episode=2203
  mode      collector=async  worker=0  epsilon=0.001
  outcome   reward=2.972499999999987  progress=0.1481  success=0/1 (0.00%)  steps=mean:475.0 range:[475,475]
  training  completed=2206/2500  queue=2/256 (1%)  replay=200000/200000  updates=3  loss=0.00277  policy_version=539
  throughput env_steps_s=1291.0  transitions_s=1291.0  transitions_step=1.0  updates_s=297.9  updates_throttled=0
episode=2207
  mode      collector=async  worker=2  epsilon=0.001
  outcome   reward=-1.0063  progress=0.0000  success=0/1 (0.00%)  steps=mean:63.0 range:[63,63]
  training  completed=2207/2500  queue=4/256 (2%)  replay=200000/200000  updates=59  loss=0.00343  policy_version=540
  throughput env_steps_s=1209.9  transitions_s=1209.9  transitions_step=1.0  updates_s=303.8  updates_throttled=0
episode=2210
  mode      collector=async  worker=2  epsilon=0.001
  outcome   reward=-1.0065  progress=0.0000  success=0/1 (0.00%)  steps=mean:65.0 range:[65,65]
  training  completed=2208/2500  queue=3/256 (1%)  replay=200000/200000  updates=68  loss=0.00270  policy_version=540
  throughput env_steps_s=1252.4  transitions_s=1252.4  transitions_step=1.0  updates_s=313.1  updates_throttled=0
episode=2208
  mode      collector=async  worker=3  epsilon=0.001
  outcome   reward=-0.0022999999999988585  progress=0.0370  success=0/1 (0.00%)  steps=mean:223.0 range:[223,223]
  training  completed=2209/2500  queue=4/256 (2%)  replay=200000/200000  updates=92  loss=0.00271  policy_version=541
  throughput env_steps_s=1264.6  transitions_s=1264.6  transitions_step=1.0  updates_s=315.3  updates_throttled=0
episode=2211
  mode      collector=async  worker=2  epsilon=0.001
  outcome   reward=1.9850999999999843  progress=0.1111  success=0/1 (0.00%)  steps=mean:349.0 range:[349,349]
  training  completed=2210/2500  queue=4/256 (2%)  replay=200000/200000  updates=264  loss=0.00243  policy_version=544
  throughput env_steps_s=1267.1  transitions_s=1267.1  transitions_step=1.0  updates_s=316.5  updates_throttled=0
episode=2209
  mode      collector=async  worker=0  epsilon=0.001
  outcome   reward=3.93519999999996  progress=0.1852  success=0/1 (0.00%)  steps=mean:848.0 range:[848,848]
  training  completed=2211/2500  queue=5/256 (2%)  replay=200000/200000  updates=362  loss=0.00259  policy_version=548
  throughput env_steps_s=1267.6  transitions_s=1267.6  transitions_step=1.0  updates_s=317.1  updates_throttled=0
episode=2212
  mode      collector=async  worker=3  epsilon=0.001
  outcome   reward=1.9516999999999338  progress=0.1111  success=0/1 (0.00%)  steps=mean:683.0 range:[683,683]
  training  completed=2212/2500  queue=2/256 (1%)  replay=200000/200000  updates=60  loss=0.00193  policy_version=548
  throughput env_steps_s=1304.1  transitions_s=1304.1  transitions_step=1.0  updates_s=327.4  updates_throttled=0
episode=2215
  mode      collector=async  worker=3  epsilon=0.001
  outcome   reward=-1.0068  progress=0.0000  success=0/1 (0.00%)  steps=mean:68.0 range:[68,68]
  training  completed=2213/2500  queue=3/256 (1%)  replay=200000/200000  updates=67  loss=0.00254  policy_version=549
  throughput env_steps_s=1250.7  transitions_s=1250.7  transitions_step=1.0  updates_s=313.8  updates_throttled=0
episode=2204
  mode      collector=async  worker=1  epsilon=0.001
  outcome   reward=7.872100000000181  progress=0.3333  success=0/1 (0.00%)  steps=mean:1479.0 range:[1479,1479]
  training  completed=2214/2500  queue=3/256 (1%)  replay=200000/200000  updates=377  loss=0.00220  policy_version=553
  throughput env_steps_s=1273.8  transitions_s=1273.8  transitions_step=1.0  updates_s=318.2  updates_throttled=0
episode=2217
  mode      collector=async  worker=1  epsilon=0.001
  outcome   reward=-1.0064  progress=0.0000  success=0/1 (0.00%)  steps=mean:64.0 range:[64,64]
  training  completed=2215/2500  queue=5/256 (2%)  replay=200000/200000  updates=63  loss=0.00281  policy_version=553
  throughput env_steps_s=1207.3  transitions_s=1207.3  transitions_step=1.0  updates_s=303.0  updates_throttled=0
episode=2218
  mode      collector=async  worker=1  epsilon=0.001
  outcome   reward=-1.0063  progress=0.0000  success=0/1 (0.00%)  steps=mean:63.0 range:[63,63]
  training  completed=2216/2500  queue=4/256 (2%)  replay=200000/200000  updates=67  loss=0.00243  policy_version=554
  throughput env_steps_s=1220.3  transitions_s=1220.3  transitions_step=1.0  updates_s=303.9  updates_throttled=0
episode=2216
  mode      collector=async  worker=3  epsilon=0.001
  outcome   reward=4.944099999999964  progress=0.2222  success=0/1 (0.00%)  steps=mean:759.0 range:[759,759]
  training  completed=2217/2500  queue=8/256 (3%)  replay=200000/200000  updates=247  loss=0.00241  policy_version=556
  throughput env_steps_s=1259.4  transitions_s=1259.4  transitions_step=1.0  updates_s=315.2  updates_throttled=0
episode=2219
  mode      collector=async  worker=1  epsilon=0.001
  outcome   reward=6.920600000000025  progress=0.2963  success=0/1 (0.00%)  steps=mean:994.0 range:[994,994]
  training  completed=2218/2500  queue=3/256 (1%)  replay=200000/200000  updates=749  loss=0.00229  policy_version=564
  throughput env_steps_s=1267.1  transitions_s=1267.1  transitions_step=1.0  updates_s=316.7  updates_throttled=0
episode=2214
  mode      collector=async  worker=0  epsilon=0.001
  outcome   reward=10.816500000000303  progress=0.4444  success=0/1 (0.00%)  steps=mean:2035.0 range:[2035,2035]
  training  completed=2219/2500  queue=4/256 (2%)  replay=200000/200000  updates=417  loss=0.00268  policy_version=568
  throughput env_steps_s=1269.9  transitions_s=1269.9  transitions_step=1.0  updates_s=317.7  updates_throttled=0
episode=2221
  mode      collector=async  worker=1  epsilon=0.001
  outcome   reward=3.9747999999999717  progress=0.1852  success=0/1 (0.00%)  steps=mean:452.0 range:[452,452]
  training  completed=2220/2500  queue=27/256 (11%)  replay=200000/200000  updates=29  loss=0.00139  policy_version=568
  throughput env_steps_s=1042.1  transitions_s=1042.1  transitions_step=1.0  updates_s=260.5  updates_throttled=0
episode=2220
  mode      collector=async  worker=3  epsilon=0.001
  outcome   reward=9.852900000000195  progress=0.4074  success=0/1 (0.00%)  steps=mean:1671.0 range:[1671,1671]
  training  completed=2221/2500  queue=8/256 (3%)  replay=200000/200000  updates=478  loss=0.00219  policy_version=573
  throughput env_steps_s=775.0  transitions_s=775.0  transitions_step=1.0  updates_s=193.6  updates_throttled=0
episode=2213
  mode      collector=async  worker=2  epsilon=0.001
  outcome   reward=16.70770000000055  progress=0.6667  success=0/1 (0.00%)  steps=mean:3123.0 range:[3123,3123]
  training  completed=2222/2500  queue=4/256 (2%)  replay=200000/200000  updates=213  loss=0.00185  policy_version=575
  throughput env_steps_s=579.4  transitions_s=579.4  transitions_step=1.0  updates_s=145.0  updates_throttled=0
episode=2223
  mode      collector=async  worker=1  epsilon=0.001
  outcome   reward=4.938000000000082  progress=0.2222  success=0/1 (0.00%)  steps=mean:820.0 range:[820,820]
  training  completed=2223/2500  queue=10/256 (4%)  replay=200000/200000  updates=124  loss=0.00266  policy_version=576
  throughput env_steps_s=569.1  transitions_s=569.1  transitions_step=1.0  updates_s=141.4  updates_throttled=0
episode=2225
  mode      collector=async  worker=2  epsilon=0.001
  outcome   reward=4.955099999999976  progress=0.2222  success=0/1 (0.00%)  steps=mean:649.0 range:[649,649]
  training  completed=2224/2500  queue=3/256 (1%)  replay=200000/200000  updates=528  loss=0.00246  policy_version=582
  throughput env_steps_s=791.9  transitions_s=791.9  transitions_step=1.0  updates_s=198.2  updates_throttled=0
episode=2224
  mode      collector=async  worker=3  epsilon=0.001
  outcome   reward=9.879300000000134  progress=0.4074  success=0/1 (0.00%)  steps=mean:1407.0 range:[1407,1407]
  training  completed=2225/2500  queue=2/256 (1%)  replay=200000/200000  updates=564  loss=0.00255  policy_version=587
  throughput env_steps_s=1290.6  transitions_s=1290.6  transitions_step=1.0  updates_s=322.4  updates_throttled=0
episode=2228
  mode      collector=async  worker=3  epsilon=0.001
  outcome   reward=-1.0064  progress=0.0000  success=0/1 (0.00%)  steps=mean:64.0 range:[64,64]
  training  completed=2226/2500  queue=2/256 (1%)  replay=200000/200000  updates=67  loss=0.00256  policy_version=588
  throughput env_steps_s=1269.7  transitions_s=1269.7  transitions_step=1.0  updates_s=318.6  updates_throttled=0
episode=2222
  mode      collector=async  worker=0  epsilon=0.001
  outcome   reward=13.763400000000463  progress=0.5556  success=0/1 (0.00%)  steps=mean:2566.0 range:[2566,2566]
  training  completed=2227/2500  queue=3/256 (1%)  replay=200000/200000  updates=551  loss=0.00220  policy_version=594
  throughput env_steps_s=1283.5  transitions_s=1283.5  transitions_step=1.0  updates_s=320.7  updates_throttled=0
episode=2230
  mode      collector=async  worker=0  epsilon=0.001
  outcome   reward=0.001600000000000712  progress=0.0370  success=0/1 (0.00%)  steps=mean:184.0 range:[184,184]
  training  completed=2228/2500  queue=0/256 (0%)  replay=200000/200000  updates=189  loss=0.00293  policy_version=595
  throughput env_steps_s=1276.1  transitions_s=1276.1  transitions_step=1.0  updates_s=319.0  updates_throttled=0
episode=2226
  mode      collector=async  worker=1  epsilon=0.001
  outcome   reward=16.819500000000286  progress=0.6667  success=0/1 (0.00%)  steps=mean:2005.0 range:[2005,2005]
  training  completed=2229/2500  queue=6/256 (2%)  replay=200000/200000  updates=79  loss=0.00243  policy_version=596
  throughput env_steps_s=1276.9  transitions_s=1276.9  transitions_step=1.0  updates_s=321.3  updates_throttled=0
episode=2229
  mode      collector=async  worker=3  epsilon=0.001
  outcome   reward=5.929600000000049  progress=0.2593  success=0/1 (0.00%)  steps=mean:904.0 range:[904,904]
  training  completed=2230/2500  queue=5/256 (2%)  replay=200000/200000  updates=93  loss=0.00216  policy_version=597
  throughput env_steps_s=1264.4  transitions_s=1264.4  transitions_step=1.0  updates_s=316.1  updates_throttled=0
episode=2231
  mode      collector=async  worker=0  epsilon=0.001
  outcome   reward=2.9639999999999587  progress=0.1481  success=0/1 (0.00%)  steps=mean:560.0 range:[560,560]
  training  completed=2231/2500  queue=3/256 (1%)  replay=200000/200000  updates=384  loss=0.00243  policy_version=601
  throughput env_steps_s=1282.2  transitions_s=1282.2  transitions_step=1.0  updates_s=320.6  updates_throttled=0
episode=2234
  mode      collector=async  worker=0  epsilon=0.001
  outcome   reward=-1.0062  progress=0.0000  success=0/1 (0.00%)  steps=mean:62.0 range:[62,62]
  training  completed=2232/2500  queue=5/256 (2%)  replay=200000/200000  updates=63  loss=0.00274  policy_version=602
  throughput env_steps_s=1207.4  transitions_s=1207.4  transitions_step=1.0  updates_s=301.8  updates_throttled=0
episode=2232
  mode      collector=async  worker=1  epsilon=0.001
  outcome   reward=17.81700000000028  progress=0.7037  success=0/1 (0.00%)  steps=mean:2030.0 range:[2030,2030]
  training  completed=2233/2500  queue=5/256 (2%)  replay=200000/200000  updates=1492  loss=0.00291  policy_version=617
  throughput env_steps_s=1277.3  transitions_s=1277.3  transitions_step=1.0  updates_s=319.3  updates_throttled=0
episode=2236
  mode      collector=async  worker=1  epsilon=0.001
  outcome   reward=-1.0062  progress=0.0000  success=0/1 (0.00%)  steps=mean:62.0 range:[62,62]
  training  completed=2234/2500  queue=3/256 (1%)  replay=200000/200000  updates=61  loss=0.00215  policy_version=617
  throughput env_steps_s=1222.0  transitions_s=1222.0  transitions_step=1.0  updates_s=308.0  updates_throttled=0
episode=2237
  mode      collector=async  worker=1  epsilon=0.001
  outcome   reward=0.00200000000000089  progress=0.0370  success=0/1 (0.00%)  steps=mean:180.0 range:[180,180]
  training  completed=2235/2500  queue=4/256 (2%)  replay=200000/200000  updates=178  loss=0.00287  policy_version=619
  throughput env_steps_s=1287.9  transitions_s=1287.9  transitions_step=1.0  updates_s=321.1  updates_throttled=0
episode=2238
  mode      collector=async  worker=1  epsilon=0.001
  outcome   reward=-1.0063  progress=0.0000  success=0/1 (0.00%)  steps=mean:63.0 range:[63,63]
  training  completed=2236/2500  queue=5/256 (2%)  replay=200000/200000  updates=62  loss=0.00277  policy_version=620
  throughput env_steps_s=1167.9  transitions_s=1167.9  transitions_step=1.0  updates_s=294.3  updates_throttled=0
episode=2239
  mode      collector=async  worker=1  epsilon=0.001
  outcome   reward=0.0008000000000008001  progress=0.0370  success=0/1 (0.00%)  steps=mean:192.0 range:[192,192]
  training  completed=2237/2500  queue=3/256 (1%)  replay=200000/200000  updates=187  loss=0.00223  policy_version=621
  throughput env_steps_s=1268.8  transitions_s=1268.8  transitions_step=1.0  updates_s=316.8  updates_throttled=0
episode=2233
  mode      collector=async  worker=3  epsilon=0.001
  outcome   reward=13.777500000000368  progress=0.5556  success=0/1 (0.00%)  steps=mean:2425.0 range:[2425,2425]
  training  completed=2238/2500  queue=5/256 (2%)  replay=200000/200000  updates=26  loss=0.00240  policy_version=622
  throughput env_steps_s=1230.4  transitions_s=1230.4  transitions_step=1.0  updates_s=307.6  updates_throttled=0
episode=2235
  mode      collector=async  worker=0  epsilon=0.001
  outcome   reward=17.80900000000035  progress=0.7037  success=0/1 (0.00%)  steps=mean:2110.0 range:[2110,2110]
  training  completed=2239/2500  queue=6/256 (2%)  replay=200000/200000  updates=96  loss=0.00244  policy_version=623
  throughput env_steps_s=1227.0  transitions_s=1227.0  transitions_step=1.0  updates_s=306.0  updates_throttled=0
episode=2241
  mode      collector=async  worker=3  epsilon=0.001
  outcome   reward=-0.0004999999999990568  progress=0.0370  success=0/1 (0.00%)  steps=mean:205.0 range:[205,205]
  training  completed=2240/2500  queue=15/256 (6%)  replay=200000/200000  updates=110  loss=0.00250  policy_version=624
  throughput env_steps_s=1224.2  transitions_s=1224.2  transitions_step=1.0  updates_s=306.8  updates_throttled=0
episode=2242
  mode      collector=async  worker=0  epsilon=0.001
  outcome   reward=-0.0005999999999990457  progress=0.0370  success=0/1 (0.00%)  steps=mean:206.0 range:[206,206]
  training  completed=2241/2500  queue=3/256 (1%)  replay=200000/200000  updates=91  loss=0.00189  policy_version=625
  throughput env_steps_s=1281.6  transitions_s=1281.6  transitions_step=1.0  updates_s=318.7  updates_throttled=0
episode=2243
  mode      collector=async  worker=3  epsilon=0.001
  outcome   reward=4.946599999999969  progress=0.2222  success=0/1 (0.00%)  steps=mean:734.0 range:[734,734]
  training  completed=2242/2500  queue=9/256 (4%)  replay=200000/200000  updates=653  loss=0.00244  policy_version=631
  throughput env_steps_s=1231.7  transitions_s=1231.7  transitions_step=1.0  updates_s=308.3  updates_throttled=0
episode=2244
  mode      collector=async  worker=0  epsilon=0.001
  outcome   reward=3.9484999999999717  progress=0.1852  success=0/1 (0.00%)  steps=mean:715.0 range:[715,715]
  training  completed=2243/2500  queue=4/256 (2%)  replay=200000/200000  updates=60  loss=0.00177  policy_version=632
  throughput env_steps_s=1307.6  transitions_s=1307.6  transitions_step=1.0  updates_s=325.5  updates_throttled=0
episode=2246
  mode      collector=async  worker=0  epsilon=0.001
  outcome   reward=-0.0002999999999990788  progress=0.0370  success=0/1 (0.00%)  steps=mean:203.0 range:[203,203]
  training  completed=2244/2500  queue=1/256 (0%)  replay=200000/200000  updates=198  loss=0.00297  policy_version=634
  throughput env_steps_s=1237.1  transitions_s=1237.1  transitions_step=1.0  updates_s=308.5  updates_throttled=0
episode=2245
  mode      collector=async  worker=3  epsilon=0.001
  outcome   reward=3.9667999999999894  progress=0.1852  success=0/1 (0.00%)  steps=mean:532.0 range:[532,532]
  training  completed=2245/2500  queue=4/256 (2%)  replay=200000/200000  updates=278  loss=0.00224  policy_version=637
  throughput env_steps_s=1225.8  transitions_s=1225.8  transitions_step=1.0  updates_s=306.5  updates_throttled=0
episode=2240
  mode      collector=async  worker=1  epsilon=0.001
  outcome   reward=14.82220000000031  progress=0.5926  success=0/1 (0.00%)  steps=mean:1978.0 range:[1978,1978]
  training  completed=2246/2500  queue=7/256 (3%)  replay=200000/200000  updates=487  loss=0.00254  policy_version=641
  throughput env_steps_s=1216.3  transitions_s=1216.3  transitions_step=1.0  updates_s=304.6  updates_throttled=0
episode=2227
  mode      collector=async  worker=2  epsilon=0.001
  outcome   reward=21.413600000001267  progress=0.8519  success=0/1 (0.00%)  steps=mean:6064.0 range:[6064,6064]
  training  completed=2247/2500  queue=3/256 (1%)  replay=200000/200000  updates=55  loss=0.00313  policy_version=642
  throughput env_steps_s=1295.6  transitions_s=1295.6  transitions_step=1.0  updates_s=319.5  updates_throttled=0
episode=2247
  mode      collector=async  worker=0  epsilon=0.001
  outcome   reward=6.928300000000065  progress=0.2963  success=0/1 (0.00%)  steps=mean:917.0 range:[917,917]
  training  completed=2248/2500  queue=3/256 (1%)  replay=200000/200000  updates=102  loss=0.00371  policy_version=643
  throughput env_steps_s=1193.9  transitions_s=1193.9  transitions_step=1.0  updates_s=299.2  updates_throttled=0
episode=2251
  mode      collector=async  worker=0  epsilon=0.001
  outcome   reward=-1.0063  progress=0.0000  success=0/1 (0.00%)  steps=mean:63.0 range:[63,63]
  training  completed=2249/2500  queue=3/256 (1%)  replay=200000/200000  updates=67  loss=0.00332  policy_version=644
  throughput env_steps_s=1155.4  transitions_s=1155.4  transitions_step=1.0  updates_s=288.9  updates_throttled=0
episode=2249
  mode      collector=async  worker=1  epsilon=0.001
  outcome   reward=3.9635999999999934  progress=0.1852  success=0/1 (0.00%)  steps=mean:564.0 range:[564,564]
  training  completed=2250/2500  queue=6/256 (2%)  replay=200000/200000  updates=335  loss=0.00294  policy_version=647
  throughput env_steps_s=1184.8  transitions_s=1184.8  transitions_step=1.0  updates_s=296.4  updates_throttled=0
episode=2252
  mode      collector=async  worker=0  epsilon=0.001
  outcome   reward=1.9823999999999764  progress=0.1111  success=0/1 (0.00%)  steps=mean:376.0 range:[376,376]
  training  completed=2251/2500  queue=4/256 (2%)  replay=200000/200000  updates=38  loss=0.00271  policy_version=647
  throughput env_steps_s=1183.4  transitions_s=1183.4  transitions_step=1.0  updates_s=293.9  updates_throttled=0
episode=2248
  mode      collector=async  worker=3  epsilon=0.001
  outcome   reward=6.905000000000143  progress=0.2963  success=0/1 (0.00%)  steps=mean:1150.0 range:[1150,1150]
  training  completed=2252/2500  queue=8/256 (3%)  replay=200000/200000  updates=68  loss=0.00231  policy_version=648
  throughput env_steps_s=1172.8  transitions_s=1172.8  transitions_step=1.0  updates_s=295.4  updates_throttled=0
episode=2253
  mode      collector=async  worker=1  epsilon=0.001
  outcome   reward=0.0008000000000008001  progress=0.0370  success=0/1 (0.00%)  steps=mean:192.0 range:[192,192]
  training  completed=2253/2500  queue=2/256 (1%)  replay=200000/200000  updates=84  loss=0.00262  policy_version=649
  throughput env_steps_s=1202.8  transitions_s=1202.8  transitions_step=1.0  updates_s=298.9  updates_throttled=0
episode=2255
  mode      collector=async  worker=3  epsilon=0.001
  outcome   reward=5.9621000000000475  progress=0.2593  success=0/1 (0.00%)  steps=mean:579.0 range:[579,579]
  training  completed=2254/2500  queue=7/256 (3%)  replay=200000/200000  updates=506  loss=0.00298  policy_version=654
  throughput env_steps_s=1186.0  transitions_s=1186.0  transitions_step=1.0  updates_s=296.8  updates_throttled=0
episode=2254
  mode      collector=async  worker=0  epsilon=0.001
  outcome   reward=5.94330000000003  progress=0.2593  success=0/1 (0.00%)  steps=mean:767.0 range:[767,767]
  training  completed=2255/2500  queue=3/256 (1%)  replay=200000/200000  updates=100  loss=0.00225  policy_version=655
  throughput env_steps_s=1123.6  transitions_s=1123.6  transitions_step=1.0  updates_s=280.9  updates_throttled=0
episode=2256
  mode      collector=async  worker=1  epsilon=0.001
  outcome   reward=2.9594999999999523  progress=0.1481  success=0/1 (0.00%)  steps=mean:605.0 range:[605,605]
  training  completed=2256/2500  queue=2/256 (1%)  replay=200000/200000  updates=3  loss=0.00024  policy_version=655
  throughput env_steps_s=906.9  transitions_s=906.9  transitions_step=1.0  updates_s=194.3  updates_throttled=0
episode=2259
  mode      collector=async  worker=1  epsilon=0.001
  outcome   reward=2.9591999999999556  progress=0.1481  success=0/1 (0.00%)  steps=mean:608.0 range:[608,608]
  training  completed=2257/2500  queue=8/256 (3%)  replay=200000/200000  updates=608  loss=0.00242  policy_version=661
  throughput env_steps_s=1048.9  transitions_s=1048.9  transitions_step=1.0  updates_s=262.3  updates_throttled=0
episode=2257
  mode      collector=async  worker=3  epsilon=0.001
  outcome   reward=6.911700000000035  progress=0.2963  success=0/1 (0.00%)  steps=mean:1083.0 range:[1083,1083]
  training  completed=2258/2500  queue=3/256 (1%)  replay=200000/200000  updates=373  loss=0.00260  policy_version=665
  throughput env_steps_s=1062.3  transitions_s=1062.3  transitions_step=1.0  updates_s=265.4  updates_throttled=0
episode=2258
  mode      collector=async  worker=0  epsilon=0.001
  outcome   reward=6.921300000000092  progress=0.2963  success=0/1 (0.00%)  steps=mean:987.0 range:[987,987]
  training  completed=2259/2500  queue=4/256 (2%)  replay=200000/200000  updates=6  loss=0.00241  policy_version=665
  throughput env_steps_s=1011.2  transitions_s=1011.2  transitions_step=1.0  updates_s=275.8  updates_throttled=0
episode=2262
  mode      collector=async  worker=0  epsilon=0.001
  outcome   reward=-1.0063  progress=0.0000  success=0/1 (0.00%)  steps=mean:63.0 range:[63,63]
  training  completed=2260/2500  queue=21/256 (8%)  replay=200000/200000  updates=65  loss=0.00201  policy_version=665
  throughput env_steps_s=926.5  transitions_s=926.5  transitions_step=1.0  updates_s=229.9  updates_throttled=0
episode=2250
  mode      collector=async  worker=2  epsilon=0.001
  outcome   reward=12.773000000000348  progress=0.5185  success=0/1 (0.00%)  steps=mean:2470.0 range:[2470,2470]
  training  completed=2261/2500  queue=11/256 (4%)  replay=200000/200000  updates=107  loss=0.00309  policy_version=667
  throughput env_steps_s=1062.9  transitions_s=1062.9  transitions_step=1.0  updates_s=266.3  updates_throttled=0
episode=2263
  mode      collector=async  worker=0  epsilon=0.001
  outcome   reward=3.9584999999999635  progress=0.1852  success=0/1 (0.00%)  steps=mean:615.0 range:[615,615]
  training  completed=2262/2500  queue=5/256 (2%)  replay=200000/200000  updates=502  loss=0.00266  policy_version=672
  throughput env_steps_s=815.0  transitions_s=815.0  transitions_step=1.0  updates_s=203.8  updates_throttled=0
episode=2264
  mode      collector=async  worker=2  epsilon=0.001
  outcome   reward=1.9697999999999836  progress=0.1111  success=0/1 (0.00%)  steps=mean:502.0 range:[502,502]
  training  completed=2263/2500  queue=5/256 (2%)  replay=200000/200000  updates=7  loss=0.00263  policy_version=672
  throughput env_steps_s=549.7  transitions_s=549.7  transitions_step=1.0  updates_s=128.3  updates_throttled=0
episode=2261
  mode      collector=async  worker=3  epsilon=0.001
  outcome   reward=4.938600000000083  progress=0.2222  success=0/1 (0.00%)  steps=mean:814.0 range:[814,814]
  training  completed=2264/2500  queue=4/256 (2%)  replay=200000/200000  updates=121  loss=0.00350  policy_version=673
  throughput env_steps_s=647.4  transitions_s=647.4  transitions_step=1.0  updates_s=161.9  updates_throttled=0
episode=2266
  mode      collector=async  worker=2  epsilon=0.001
  outcome   reward=1.9668999999999721  progress=0.1111  success=0/1 (0.00%)  steps=mean:531.0 range:[531,531]
  training  completed=2265/2500  queue=6/256 (2%)  replay=200000/200000  updates=405  loss=0.00260  policy_version=677
  throughput env_steps_s=590.2  transitions_s=590.2  transitions_step=1.0  updates_s=147.6  updates_throttled=0
episode=2265
  mode      collector=async  worker=0  epsilon=0.001
  outcome   reward=4.95339999999997  progress=0.2222  success=0/1 (0.00%)  steps=mean:666.0 range:[666,666]
  training  completed=2266/2500  queue=10/256 (4%)  replay=200000/200000  updates=127  loss=0.00319  policy_version=678
  throughput env_steps_s=593.6  transitions_s=593.6  transitions_step=1.0  updates_s=149.0  updates_throttled=0
episode=2267
  mode      collector=async  worker=3  epsilon=0.001
  outcome   reward=2.965599999999961  progress=0.1481  success=0/1 (0.00%)  steps=mean:544.0 range:[544,544]
  training  completed=2267/2500  queue=3/256 (1%)  replay=200000/200000  updates=15  loss=0.00253  policy_version=678
  throughput env_steps_s=602.3  transitions_s=602.3  transitions_step=1.0  updates_s=150.6  updates_throttled=0
episode=2270
  mode      collector=async  worker=3  epsilon=0.001
  outcome   reward=-1.0063  progress=0.0000  success=0/1 (0.00%)  steps=mean:63.0 range:[63,63]
  training  completed=2268/2500  queue=11/256 (4%)  replay=200000/200000  updates=64  loss=0.00224  policy_version=679
  throughput env_steps_s=582.3  transitions_s=582.3  transitions_step=1.0  updates_s=145.0  updates_throttled=0
episode=2269
  mode      collector=async  worker=0  epsilon=0.001
  outcome   reward=1.9886999999999848  progress=0.1111  success=0/1 (0.00%)  steps=mean:313.0 range:[313,313]
  training  completed=2269/2500  queue=4/256 (2%)  replay=200000/200000  updates=235  loss=0.00246  policy_version=681
  throughput env_steps_s=586.1  transitions_s=586.1  transitions_step=1.0  updates_s=146.5  updates_throttled=0
episode=2268
  mode      collector=async  worker=2  epsilon=0.001
  outcome   reward=1.9702999999999833  progress=0.1111  success=0/1 (0.00%)  steps=mean:497.0 range:[497,497]
  training  completed=2270/2500  queue=3/256 (1%)  replay=200000/200000  updates=60  loss=0.00272  policy_version=682
  throughput env_steps_s=598.7  transitions_s=598.7  transitions_step=1.0  updates_s=150.3  updates_throttled=0
episode=2260
  mode      collector=async  worker=1  epsilon=0.001
  outcome   reward=14.77750000000047  progress=0.5926  success=0/1 (0.00%)  steps=mean:2425.0 range:[2425,2425]
  training  completed=2271/2500  queue=7/256 (3%)  replay=200000/200000  updates=333  loss=0.00309  policy_version=685
  throughput env_steps_s=566.3  transitions_s=566.3  transitions_step=1.0  updates_s=141.3  updates_throttled=0
episode=2272
  mode      collector=async  worker=0  epsilon=0.001
  outcome   reward=13.864800000000042  progress=0.5556  success=0/1 (0.00%)  steps=mean:1552.0 range:[1552,1552]
  training  completed=2272/2500  queue=2/256 (1%)  replay=200000/200000  updates=1175  loss=0.00242  policy_version=697
  throughput env_steps_s=582.2  transitions_s=582.2  transitions_step=1.0  updates_s=145.6  updates_throttled=0
episode=2275
  mode      collector=async  worker=0  epsilon=0.001
  outcome   reward=-1.0064  progress=0.0000  success=0/1 (0.00%)  steps=mean:64.0 range:[64,64]
  training  completed=2273/2500  queue=6/256 (2%)  replay=200000/200000  updates=63  loss=0.00318  policy_version=698
  throughput env_steps_s=542.7  transitions_s=542.7  transitions_step=1.0  updates_s=136.8  updates_throttled=0
episode=2273
  mode      collector=async  worker=2  epsilon=0.001
  outcome   reward=10.827500000000258  progress=0.4444  success=0/1 (0.00%)  steps=mean:1925.0 range:[1925,1925]
  training  completed=2274/2500  queue=5/256 (2%)  replay=200000/200000  updates=349  loss=0.00247  policy_version=701
  throughput env_steps_s=553.8  transitions_s=553.8  transitions_step=1.0  updates_s=138.2  updates_throttled=0
episode=2271
  mode      collector=async  worker=3  epsilon=0.001
  outcome   reward=14.793800000000386  progress=0.5926  success=0/1 (0.00%)  steps=mean:2262.0 range:[2262,2262]
  training  completed=2275/2500  queue=3/256 (1%)  replay=200000/200000  updates=51  loss=0.00277  policy_version=702
  throughput env_steps_s=538.6  transitions_s=538.6  transitions_step=1.0  updates_s=134.6  updates_throttled=0
episode=2278
  mode      collector=async  worker=3  epsilon=0.001
  outcome   reward=-0.004399999999998849  progress=0.0370  success=0/1 (0.00%)  steps=mean:244.0 range:[244,244]
  training  completed=2276/2500  queue=6/256 (2%)  replay=200000/200000  updates=250  loss=0.00278  policy_version=704
  throughput env_steps_s=572.8  transitions_s=572.8  transitions_step=1.0  updates_s=143.4  updates_throttled=0
episode=2276
  mode      collector=async  worker=0  epsilon=0.001
  outcome   reward=4.948500000000016  progress=0.2222  success=0/1 (0.00%)  steps=mean:715.0 range:[715,715]
  training  completed=2277/2500  queue=7/256 (3%)  replay=200000/200000  updates=66  loss=0.00191  policy_version=705
  throughput env_steps_s=584.1  transitions_s=584.1  transitions_step=1.0  updates_s=146.0  updates_throttled=0
episode=2279
  mode      collector=async  worker=3  epsilon=0.001
  outcome   reward=0.001300000000000745  progress=0.0370  success=0/1 (0.00%)  steps=mean:187.0 range:[187,187]
  training  completed=2278/2500  queue=2/256 (1%)  replay=200000/200000  updates=115  loss=0.00235  policy_version=706
  throughput env_steps_s=569.2  transitions_s=569.2  transitions_step=1.0  updates_s=142.3  updates_throttled=0
episode=2277
  mode      collector=async  worker=2  epsilon=0.001
  outcome   reward=2.970799999999956  progress=0.1481  success=0/1 (0.00%)  steps=mean:492.0 range:[492,492]
  training  completed=2279/2500  queue=3/256 (1%)  replay=200000/200000  updates=4  loss=0.00055  policy_version=706
  throughput env_steps_s=417.7  transitions_s=417.7  transitions_step=1.0  updates_s=111.4  updates_throttled=0
episode=2274
  mode      collector=async  worker=1  epsilon=0.001
  outcome   reward=12.804600000000304  progress=0.5185  success=0/1 (0.00%)  steps=mean:2154.0 range:[2154,2154]
  training  completed=2280/2500  queue=25/256 (10%)  replay=200000/200000  updates=66  loss=0.00221  policy_version=707
  throughput env_steps_s=524.7  transitions_s=524.7  transitions_step=1.0  updates_s=130.2  updates_throttled=0
episode=2283
  mode      collector=async  worker=1  epsilon=0.001
  outcome   reward=-1.0065  progress=0.0000  success=0/1 (0.00%)  steps=mean:65.0 range:[65,65]
  training  completed=2281/2500  queue=5/256 (2%)  replay=200000/200000  updates=71  loss=0.00301  policy_version=707
  throughput env_steps_s=524.4  transitions_s=524.4  transitions_step=1.0  updates_s=132.0  updates_throttled=0
episode=2284
  mode      collector=async  worker=1  epsilon=0.001
  outcome   reward=-1.0066  progress=0.0000  success=0/1 (0.00%)  steps=mean:66.0 range:[66,66]
  training  completed=2282/2500  queue=6/256 (2%)  replay=200000/200000  updates=69  loss=0.00289  policy_version=708
  throughput env_steps_s=498.0  transitions_s=498.0  transitions_step=1.0  updates_s=123.6  updates_throttled=0
episode=2285
  mode      collector=async  worker=1  epsilon=0.001
  outcome   reward=-1.0065  progress=0.0000  success=0/1 (0.00%)  steps=mean:65.0 range:[65,65]
  training  completed=2283/2500  queue=4/256 (2%)  replay=200000/200000  updates=70  loss=0.00164  policy_version=709
  throughput env_steps_s=599.3  transitions_s=599.3  transitions_step=1.0  updates_s=149.8  updates_throttled=0
episode=2280
  mode      collector=async  worker=0  epsilon=0.001
  outcome   reward=3.960899999999965  progress=0.1852  success=0/1 (0.00%)  steps=mean:591.0 range:[591,591]
  training  completed=2284/2500  queue=0/256 (0%)  replay=200000/200000  updates=192  loss=0.00261  policy_version=711
  throughput env_steps_s=578.7  transitions_s=578.7  transitions_step=1.0  updates_s=144.7  updates_throttled=0
episode=2286
  mode      collector=async  worker=1  epsilon=0.001
  outcome   reward=6.936800000000063  progress=0.2963  success=0/1 (0.00%)  steps=mean:832.0 range:[832,832]
  training  completed=2285/2500  queue=3/256 (1%)  replay=200000/200000  updates=647  loss=0.00306  policy_version=717
  throughput env_steps_s=651.4  transitions_s=651.4  transitions_step=1.0  updates_s=163.0  updates_throttled=0
episode=2287
  mode      collector=async  worker=0  epsilon=0.001
  outcome   reward=3.949699999999969  progress=0.1852  success=0/1 (0.00%)  steps=mean:703.0 range:[703,703]
  training  completed=2286/2500  queue=0/256 (0%)  replay=200000/200000  updates=51  loss=0.00221  policy_version=718
  throughput env_steps_s=1311.1  transitions_s=1311.1  transitions_step=1.0  updates_s=324.6  updates_throttled=0
episode=2288
  mode      collector=async  worker=1  epsilon=0.001
  outcome   reward=-1.0064  progress=0.0000  success=0/1 (0.00%)  steps=mean:64.0 range:[64,64]
  training  completed=2287/2500  queue=2/256 (1%)  replay=200000/200000  updates=15  loss=0.00586  policy_version=718
  throughput env_steps_s=1210.7  transitions_s=1210.7  transitions_step=1.0  updates_s=313.1  updates_throttled=0
episode=2281
  mode      collector=async  worker=3  epsilon=0.001
  outcome   reward=10.884500000000125  progress=0.4444  success=0/1 (0.00%)  steps=mean:1355.0 range:[1355,1355]
  training  completed=2288/2500  queue=2/256 (1%)  replay=200000/200000  updates=161  loss=0.00237  policy_version=719
  throughput env_steps_s=1287.4  transitions_s=1287.4  transitions_step=1.0  updates_s=321.3  updates_throttled=0
episode=2290
  mode      collector=async  worker=1  epsilon=0.001
  outcome   reward=0.001500000000000945  progress=0.0370  success=0/1 (0.00%)  steps=mean:185.0 range:[185,185]
  training  completed=2289/2500  queue=3/256 (1%)  replay=200000/200000  updates=26  loss=0.00197  policy_version=720
  throughput env_steps_s=1274.2  transitions_s=1274.2  transitions_step=1.0  updates_s=318.5  updates_throttled=0
episode=2292
  mode      collector=async  worker=1  epsilon=0.001
  outcome   reward=2.954599999999944  progress=0.1481  success=0/1 (0.00%)  steps=mean:654.0 range:[654,654]
  training  completed=2290/2500  queue=2/256 (1%)  replay=200000/200000  updates=655  loss=0.00274  policy_version=726
  throughput env_steps_s=1294.0  transitions_s=1294.0  transitions_step=1.0  updates_s=323.4  updates_throttled=0
episode=2291
  mode      collector=async  worker=3  epsilon=0.001
  outcome   reward=2.939999999999907  progress=0.1481  success=0/1 (0.00%)  steps=mean:800.0 range:[800,800]
  training  completed=2291/2500  queue=3/256 (1%)  replay=200000/200000  updates=119  loss=0.00385  policy_version=727
  throughput env_steps_s=1270.2  transitions_s=1270.2  transitions_step=1.0  updates_s=318.2  updates_throttled=0
episode=2294
  mode      collector=async  worker=3  epsilon=0.001
  outcome   reward=-1.006  progress=0.0000  success=0/1 (0.00%)  steps=mean:60.0 range:[60,60]
  training  completed=2292/2500  queue=3/256 (1%)  replay=200000/200000  updates=61  loss=0.00256  policy_version=728
  throughput env_steps_s=1306.1  transitions_s=1306.1  transitions_step=1.0  updates_s=326.5  updates_throttled=0
episode=2295
  mode      collector=async  worker=3  epsilon=0.001
  outcome   reward=2.960199999999954  progress=0.1481  success=0/1 (0.00%)  steps=mean:598.0 range:[598,598]
  training  completed=2293/2500  queue=3/256 (1%)  replay=200000/200000  updates=591  loss=0.00257  policy_version=734
  throughput env_steps_s=1283.6  transitions_s=1283.6  transitions_step=1.0  updates_s=320.8  updates_throttled=0
episode=2296
  mode      collector=async  worker=3  epsilon=0.001
  outcome   reward=-1.0064  progress=0.0000  success=0/1 (0.00%)  steps=mean:64.0 range:[64,64]
  training  completed=2294/2500  queue=2/256 (1%)  replay=200000/200000  updates=68  loss=0.00321  policy_version=735
  throughput env_steps_s=1279.5  transitions_s=1279.5  transitions_step=1.0  updates_s=322.3  updates_throttled=0
episode=2293
  mode      collector=async  worker=1  epsilon=0.001
  outcome   reward=4.936000000000002  progress=0.2222  success=0/1 (0.00%)  steps=mean:840.0 range:[840,840]
  training  completed=2295/2500  queue=0/256 (0%)  replay=200000/200000  updates=2  loss=0.00014  policy_version=735
  throughput env_steps_s=1556.7  transitions_s=1556.7  transitions_step=1.0  updates_s=311.3  updates_throttled=0
episode=2298
  mode      collector=async  worker=1  epsilon=0.001
  outcome   reward=-1.0067  progress=0.0000  success=0/1 (0.00%)  steps=mean:67.0 range:[67,67]
  training  completed=2296/2500  queue=3/256 (1%)  replay=200000/200000  updates=71  loss=0.00217  policy_version=735
  throughput env_steps_s=1250.9  transitions_s=1250.9  transitions_step=1.0  updates_s=313.8  updates_throttled=0
episode=2282
  mode      collector=async  worker=2  epsilon=0.001
  outcome   reward=21.70780000000054  progress=0.8519  success=0/1 (0.00%)  steps=mean:3122.0 range:[3122,3122]
  training  completed=2297/2500  queue=3/256 (1%)  replay=200000/200000  updates=186  loss=0.00261  policy_version=737
  throughput env_steps_s=1291.7  transitions_s=1291.7  transitions_step=1.0  updates_s=322.5  updates_throttled=0
episode=2297
  mode      collector=async  worker=3  epsilon=0.001
  outcome   reward=2.977799999999962  progress=0.1481  success=0/1 (0.00%)  steps=mean:422.0 range:[422,422]
  training  completed=2298/2500  queue=3/256 (1%)  replay=200000/200000  updates=154  loss=0.00256  policy_version=739
  throughput env_steps_s=1301.1  transitions_s=1301.1  transitions_step=1.0  updates_s=325.3  updates_throttled=0
episode=2299
  mode      collector=async  worker=1  epsilon=0.001
  outcome   reward=2.977499999999959  progress=0.1481  success=0/1 (0.00%)  steps=mean:425.0 range:[425,425]
  training  completed=2299/2500  queue=3/256 (1%)  replay=200000/200000  updates=92  loss=0.00313  policy_version=740
  throughput env_steps_s=1272.6  transitions_s=1272.6  transitions_step=1.0  updates_s=319.9  updates_throttled=0
episode=2289
  mode      collector=async  worker=0  epsilon=0.001
  outcome   reward=15.72550000000048  progress=0.6296  success=0/1 (0.00%)  steps=mean:2945.0 range:[2945,2945]
  training  completed=2300/2500  queue=14/256 (5%)  replay=200000/200000  updates=741  loss=0.00282  policy_version=747
  throughput env_steps_s=1251.4  transitions_s=1251.4  transitions_step=1.0  updates_s=312.8  updates_throttled=0
Saved checkpoint: checkpoints/breakout_s2_rand/ckpt-2300
Scheduled replay buffer save: checkpoints/breakout_s2_rand/replay-2300.npz transitions=200000
Skipping best-checkpoint evaluation for episode=2300: a previous evaluation is still running.
episode=2302
  mode      collector=async  worker=1  epsilon=0.001
  outcome   reward=4.944800000000011  progress=0.2222  success=0/1 (0.00%)  steps=mean:752.0 range:[752,752]
  training  completed=2301/2500  queue=90/256 (35%)  replay=200000/200000  updates=16  loss=0.00302  policy_version=747
  throughput env_steps_s=573.1  transitions_s=573.1  transitions_step=1.0  updates_s=143.3  updates_throttled=0
Saved replay buffer: checkpoints/breakout_s2_rand/replay-2300.npz transitions=200000
episode=2304
  mode      collector=async  worker=1  epsilon=0.001
  outcome   reward=-0.0010999999999989907  progress=0.0370  success=0/1 (0.00%)  steps=mean:211.0 range:[211,211]
  training  completed=2302/2500  queue=3/256 (1%)  replay=200000/200000  updates=206  loss=0.00206  policy_version=749
  throughput env_steps_s=1386.5  transitions_s=1386.5  transitions_step=1.0  updates_s=345.8  updates_throttled=0
episode=2300
  mode      collector=async  worker=2  epsilon=0.001
  outcome   reward=5.897699999999972  progress=0.2593  success=0/1 (0.00%)  steps=mean:1223.0 range:[1223,1223]
  training  completed=2303/2500  queue=5/256 (2%)  replay=200000/200000  updates=15  loss=0.00326  policy_version=749
  throughput env_steps_s=1146.2  transitions_s=1146.2  transitions_step=1.0  updates_s=286.5  updates_throttled=0
episode=2303
  mode      collector=async  worker=0  epsilon=0.001
  outcome   reward=0.9901000000000022  progress=0.0741  success=0/1 (0.00%)  steps=mean:299.0 range:[299,299]
  training  completed=2304/2500  queue=4/256 (2%)  replay=200000/200000  updates=64  loss=0.00422  policy_version=750
  throughput env_steps_s=1263.3  transitions_s=1263.3  transitions_step=1.0  updates_s=317.1  updates_throttled=0
episode=2307
  mode      collector=async  worker=0  epsilon=0.001
  outcome   reward=-1.0064  progress=0.0000  success=0/1 (0.00%)  steps=mean:64.0 range:[64,64]
  training  completed=2305/2500  queue=3/256 (1%)  replay=200000/200000  updates=62  loss=0.00253  policy_version=751
  throughput env_steps_s=1303.7  transitions_s=1303.7  transitions_step=1.0  updates_s=328.6  updates_throttled=0
episode=2308
  mode      collector=async  worker=0  epsilon=0.001
  outcome   reward=-1.0063  progress=0.0000  success=0/1 (0.00%)  steps=mean:63.0 range:[63,63]
  training  completed=2306/2500  queue=4/256 (2%)  replay=200000/200000  updates=62  loss=0.00313  policy_version=751
  throughput env_steps_s=1214.0  transitions_s=1214.0  transitions_step=1.0  updates_s=301.1  updates_throttled=0
episode=2305
  mode      collector=async  worker=1  epsilon=0.001
  outcome   reward=1.9862999999999678  progress=0.1111  success=0/1 (0.00%)  steps=mean:337.0 range:[337,337]
  training  completed=2307/2500  queue=0/256 (0%)  replay=200000/200000  updates=139  loss=0.00271  policy_version=753
  throughput env_steps_s=1290.9  transitions_s=1290.9  transitions_step=1.0  updates_s=322.1  updates_throttled=0
episode=2301
  mode      collector=async  worker=3  epsilon=0.001
  outcome   reward=8.869500000000153  progress=0.3704  success=0/1 (0.00%)  steps=mean:1505.0 range:[1505,1505]
  training  completed=2308/2500  queue=4/256 (2%)  replay=200000/200000  updates=102  loss=0.00306  policy_version=754
  throughput env_steps_s=1279.5  transitions_s=1279.5  transitions_step=1.0  updates_s=319.9  updates_throttled=0
episode=2311
  mode      collector=async  worker=3  epsilon=0.001
  outcome   reward=0.001100000000000767  progress=0.0370  success=0/1 (0.00%)  steps=mean:189.0 range:[189,189]
  training  completed=2309/2500  queue=4/256 (2%)  replay=200000/200000  updates=191  loss=0.00391  policy_version=756
  throughput env_steps_s=1276.8  transitions_s=1276.8  transitions_step=1.0  updates_s=319.2  updates_throttled=0
episode=2312
  mode      collector=async  worker=3  epsilon=0.001
  outcome   reward=-1.0065  progress=0.0000  success=0/1 (0.00%)  steps=mean:65.0 range:[65,65]
  training  completed=2310/2500  queue=0/256 (0%)  replay=200000/200000  updates=65  loss=0.00356  policy_version=756
  throughput env_steps_s=1302.1  transitions_s=1302.1  transitions_step=1.0  updates_s=325.5  updates_throttled=0
episode=2309
  mode      collector=async  worker=0  epsilon=0.001
  outcome   reward=2.961899999999952  progress=0.1481  success=0/1 (0.00%)  steps=mean:581.0 range:[581,581]
  training  completed=2311/2500  queue=5/256 (2%)  replay=200000/200000  updates=89  loss=0.00261  policy_version=757
  throughput env_steps_s=1220.6  transitions_s=1220.6  transitions_step=1.0  updates_s=307.8  updates_throttled=0
episode=2306
  mode      collector=async  worker=2  epsilon=0.001
  outcome   reward=5.931799999999996  progress=0.2593  success=0/1 (0.00%)  steps=mean:882.0 range:[882,882]
  training  completed=2312/2500  queue=3/256 (1%)  replay=200000/200000  updates=107  loss=0.00279  policy_version=758
  throughput env_steps_s=1278.4  transitions_s=1278.4  transitions_step=1.0  updates_s=317.4  updates_throttled=0
episode=2314
  mode      collector=async  worker=0  epsilon=0.001
  outcome   reward=0.9858000000000025  progress=0.0741  success=0/1 (0.00%)  steps=mean:342.0 range:[342,342]
  training  completed=2313/2500  queue=2/256 (1%)  replay=200000/200000  updates=236  loss=0.00286  policy_version=761
  throughput env_steps_s=1279.6  transitions_s=1279.6  transitions_step=1.0  updates_s=320.6  updates_throttled=0
episode=2310
  mode      collector=async  worker=1  epsilon=0.001
  outcome   reward=3.9304999999999426  progress=0.1852  success=0/1 (0.00%)  steps=mean:895.0 range:[895,895]
  training  completed=2314/2500  queue=4/256 (2%)  replay=200000/200000  updates=102  loss=0.00232  policy_version=762
  throughput env_steps_s=1264.0  transitions_s=1264.0  transitions_step=1.0  updates_s=315.2  updates_throttled=0
episode=2316
  mode      collector=async  worker=0  epsilon=0.001
  outcome   reward=1.9756999999999858  progress=0.1111  success=0/1 (0.00%)  steps=mean:443.0 range:[443,443]
  training  completed=2315/2500  queue=5/256 (2%)  replay=200000/200000  updates=348  loss=0.00259  policy_version=765
  throughput env_steps_s=1286.5  transitions_s=1286.5  transitions_step=1.0  updates_s=321.4  updates_throttled=0
episode=2318
  mode      collector=async  worker=0  epsilon=0.001
  outcome   reward=1.9760999999999898  progress=0.1111  success=0/1 (0.00%)  steps=mean:439.0 range:[439,439]
  training  completed=2316/2500  queue=3/256 (1%)  replay=200000/200000  updates=438  loss=0.00294  policy_version=769
  throughput env_steps_s=1266.5  transitions_s=1266.5  transitions_step=1.0  updates_s=316.6  updates_throttled=0
episode=2313
  mode      collector=async  worker=3  epsilon=0.001
  outcome   reward=9.862900000000149  progress=0.4074  success=0/1 (0.00%)  steps=mean:1571.0 range:[1571,1571]
  training  completed=2317/2500  queue=3/256 (1%)  replay=200000/200000  updates=255  loss=0.00287  policy_version=772
  throughput env_steps_s=1265.6  transitions_s=1265.6  transitions_step=1.0  updates_s=316.7  updates_throttled=0
episode=2320
  mode      collector=async  worker=3  epsilon=0.001
  outcome   reward=-1.0061  progress=0.0000  success=0/1 (0.00%)  steps=mean:61.0 range:[61,61]
  training  completed=2318/2500  queue=3/256 (1%)  replay=200000/200000  updates=66  loss=0.00441  policy_version=773
  throughput env_steps_s=1241.3  transitions_s=1241.3  transitions_step=1.0  updates_s=312.7  updates_throttled=0
episode=2321
  mode      collector=async  worker=3  epsilon=0.001
  outcome   reward=-1.006  progress=0.0000  success=0/1 (0.00%)  steps=mean:60.0 range:[60,60]
  training  completed=2319/2500  queue=3/256 (1%)  replay=200000/200000  updates=61  loss=0.00320  policy_version=773
  throughput env_steps_s=1288.1  transitions_s=1288.1  transitions_step=1.0  updates_s=322.0  updates_throttled=0
episode=2322
  mode      collector=async  worker=3  epsilon=0.001
  outcome   reward=-1.006  progress=0.0000  success=0/1 (0.00%)  steps=mean:60.0 range:[60,60]
  training  completed=2320/2500  queue=19/256 (7%)  replay=200000/200000  updates=58  loss=0.00306  policy_version=774
  throughput env_steps_s=1012.4  transitions_s=1012.4  transitions_step=1.0  updates_s=250.9  updates_throttled=0
episode=2315
  mode      collector=async  worker=2  epsilon=0.001
  outcome   reward=18.74030000000033  progress=0.7407  success=0/1 (0.00%)  steps=mean:2797.0 range:[2797,2797]
  training  completed=2321/2500  queue=3/256 (1%)  replay=200000/200000  updates=1219  loss=0.00291  policy_version=786
  throughput env_steps_s=1255.1  transitions_s=1255.1  transitions_step=1.0  updates_s=313.9  updates_throttled=0
episode=2324
  mode      collector=async  worker=2  epsilon=0.001
  outcome   reward=2.9750999999999586  progress=0.1481  success=0/1 (0.00%)  steps=mean:449.0 range:[449,449]
  training  completed=2322/2500  queue=6/256 (2%)  replay=200000/200000  updates=446  loss=0.00365  policy_version=791
  throughput env_steps_s=1261.9  transitions_s=1261.9  transitions_step=1.0  updates_s=315.5  updates_throttled=0
episode=2323
  mode      collector=async  worker=3  epsilon=0.001
  outcome   reward=9.84350000000021  progress=0.4074  success=0/1 (0.00%)  steps=mean:1765.0 range:[1765,1765]
  training  completed=2323/2500  queue=4/256 (2%)  replay=200000/200000  updates=104  loss=0.00335  policy_version=792
  throughput env_steps_s=1219.7  transitions_s=1219.7  transitions_step=1.0  updates_s=303.5  updates_throttled=0
episode=2317
  mode      collector=async  worker=1  epsilon=0.001
  outcome   reward=15.714800000000466  progress=0.6296  success=0/1 (0.00%)  steps=mean:3052.0 range:[3052,3052]
  training  completed=2324/2500  queue=4/256 (2%)  replay=200000/200000  updates=53  loss=0.00300  policy_version=792
  throughput env_steps_s=1245.1  transitions_s=1245.1  transitions_step=1.0  updates_s=311.3  updates_throttled=0
episode=2325
  mode      collector=async  worker=2  epsilon=0.001
  outcome   reward=-0.0030999999999989925  progress=0.0370  success=0/1 (0.00%)  steps=mean:231.0 range:[231,231]
  training  completed=2325/2500  queue=3/256 (1%)  replay=200000/200000  updates=74  loss=0.00263  policy_version=793
  throughput env_steps_s=1223.6  transitions_s=1223.6  transitions_step=1.0  updates_s=305.9  updates_throttled=0
episode=2327
  mode      collector=async  worker=1  epsilon=0.001
  outcome   reward=0.9864000000000026  progress=0.0741  success=0/1 (0.00%)  steps=mean:336.0 range:[336,336]
  training  completed=2326/2500  queue=6/256 (2%)  replay=200000/200000  updates=265  loss=0.00317  policy_version=795
  throughput env_steps_s=1252.6  transitions_s=1252.6  transitions_step=1.0  updates_s=313.7  updates_throttled=0
episode=2328
  mode      collector=async  worker=2  epsilon=0.001
  outcome   reward=0.9885000000000024  progress=0.0741  success=0/1 (0.00%)  steps=mean:315.0 range:[315,315]
  training  completed=2327/2500  queue=3/256 (1%)  replay=200000/200000  updates=46  loss=0.00317  policy_version=796
  throughput env_steps_s=1371.9  transitions_s=1371.9  transitions_step=1.0  updates_s=337.5  updates_throttled=0
episode=2319
  mode      collector=async  worker=0  epsilon=0.001
  outcome   reward=18.754900000000422  progress=0.7407  success=0/1 (0.00%)  steps=mean:2651.0 range:[2651,2651]
  training  completed=2328/2500  queue=3/256 (1%)  replay=200000/200000  updates=3  loss=0.00579  policy_version=796
  throughput env_steps_s=1071.3  transitions_s=1071.3  transitions_step=1.0  updates_s=321.4  updates_throttled=0
episode=2329
  mode      collector=async  worker=1  epsilon=0.001
  outcome   reward=-0.0002999999999990788  progress=0.0370  success=0/1 (0.00%)  steps=mean:203.0 range:[203,203]
  training  completed=2329/2500  queue=11/256 (4%)  replay=200000/200000  updates=158  loss=0.00338  policy_version=798
  throughput env_steps_s=1245.2  transitions_s=1245.2  transitions_step=1.0  updates_s=311.8  updates_throttled=0
episode=2330
  mode      collector=async  worker=2  epsilon=0.001
  outcome   reward=8.881784197001252e-16  progress=0.0370  success=0/1 (0.00%)  steps=mean:200.0 range:[200,200]
  training  completed=2330/2500  queue=3/256 (1%)  replay=200000/200000  updates=44  loss=0.00297  policy_version=798
  throughput env_steps_s=1373.9  transitions_s=1373.9  transitions_step=1.0  updates_s=339.6  updates_throttled=0
episode=2333
  mode      collector=async  worker=2  epsilon=0.001
  outcome   reward=-0.0026999999999988145  progress=0.0370  success=0/1 (0.00%)  steps=mean:227.0 range:[227,227]
  training  completed=2331/2500  queue=5/256 (2%)  replay=200000/200000  updates=226  loss=0.00276  policy_version=800
  throughput env_steps_s=1254.2  transitions_s=1254.2  transitions_step=1.0  updates_s=313.2  updates_throttled=0
episode=2334
  mode      collector=async  worker=2  epsilon=0.001
  outcome   reward=1.9739999999999849  progress=0.1111  success=0/1 (0.00%)  steps=mean:460.0 range:[460,460]
  training  completed=2332/2500  queue=2/256 (1%)  replay=200000/200000  updates=459  loss=0.00285  policy_version=805
  throughput env_steps_s=1268.5  transitions_s=1268.5  transitions_step=1.0  updates_s=317.1  updates_throttled=0
episode=2326
  mode      collector=async  worker=3  epsilon=0.001
  outcome   reward=10.87690000000015  progress=0.4444  success=0/1 (0.00%)  steps=mean:1431.0 range:[1431,1431]
  training  completed=2333/2500  queue=7/256 (3%)  replay=200000/200000  updates=105  loss=0.00272  policy_version=806
  throughput env_steps_s=1226.3  transitions_s=1226.3  transitions_step=1.0  updates_s=308.0  updates_throttled=0
episode=2331
  mode      collector=async  worker=0  epsilon=0.001
  outcome   reward=7.855600000000132  progress=0.3333  success=0/1 (0.00%)  steps=mean:1644.0 range:[1644,1644]
  training  completed=2334/2500  queue=3/256 (1%)  replay=200000/200000  updates=638  loss=0.00277  policy_version=812
  throughput env_steps_s=1255.7  transitions_s=1255.7  transitions_step=1.0  updates_s=314.1  updates_throttled=0
episode=2335
  mode      collector=async  worker=2  epsilon=0.001
  outcome   reward=5.942799999999997  progress=0.2593  success=0/1 (0.00%)  steps=mean:772.0 range:[772,772]
  training  completed=2335/2500  queue=6/256 (2%)  replay=200000/200000  updates=26  loss=0.00257  policy_version=813
  throughput env_steps_s=1167.7  transitions_s=1167.7  transitions_step=1.0  updates_s=283.7  updates_throttled=0
episode=2336
  mode      collector=async  worker=3  epsilon=0.001
  outcome   reward=3.9525999999999675  progress=0.1852  success=0/1 (0.00%)  steps=mean:674.0 range:[674,674]
  training  completed=2336/2500  queue=5/256 (2%)  replay=200000/200000  updates=20  loss=0.00433  policy_version=813
  throughput env_steps_s=1294.5  transitions_s=1294.5  transitions_step=1.0  updates_s=323.6  updates_throttled=0
episode=2337
  mode      collector=async  worker=0  epsilon=0.001
  outcome   reward=-1.0063  progress=0.0000  success=0/1 (0.00%)  steps=mean:63.0 range:[63,63]
  training  completed=2337/2500  queue=5/256 (2%)  replay=200000/200000  updates=16  loss=0.00292  policy_version=813
  throughput env_steps_s=1241.5  transitions_s=1241.5  transitions_step=1.0  updates_s=315.3  updates_throttled=0
episode=2338
  mode      collector=async  worker=2  epsilon=0.001
  outcome   reward=-1.0065  progress=0.0000  success=0/1 (0.00%)  steps=mean:65.0 range:[65,65]
  training  completed=2338/2500  queue=2/256 (1%)  replay=200000/200000  updates=29  loss=0.00345  policy_version=813
  throughput env_steps_s=1277.7  transitions_s=1277.7  transitions_step=1.0  updates_s=322.2  updates_throttled=0
episode=2339
  mode      collector=async  worker=3  epsilon=0.001
  outcome   reward=0.9883000000000022  progress=0.0741  success=0/1 (0.00%)  steps=mean:317.0 range:[317,317]
  training  completed=2339/2500  queue=2/256 (1%)  replay=200000/200000  updates=278  loss=0.00274  policy_version=816
  throughput env_steps_s=1239.0  transitions_s=1239.0  transitions_step=1.0  updates_s=310.0  updates_throttled=0
episode=2341
  mode      collector=async  worker=2  epsilon=0.001
  outcome   reward=0.9901000000000022  progress=0.0741  success=0/1 (0.00%)  steps=mean:299.0 range:[299,299]
  training  completed=2340/2500  queue=15/256 (6%)  replay=200000/200000  updates=22  loss=0.00282  policy_version=816
  throughput env_steps_s=1083.2  transitions_s=1083.2  transitions_step=1.0  updates_s=261.9  updates_throttled=0
episode=2340
  mode      collector=async  worker=0  epsilon=0.001
  outcome   reward=0.9870000000000025  progress=0.0741  success=0/1 (0.00%)  steps=mean:330.0 range:[330,330]
  training  completed=2341/2500  queue=9/256 (4%)  replay=200000/200000  updates=4  loss=0.00510  policy_version=816
  throughput env_steps_s=1857.5  transitions_s=1857.5  transitions_step=1.0  updates_s=530.7  updates_throttled=0
episode=2332
  mode      collector=async  worker=1  epsilon=0.001
  outcome   reward=17.769200000000385  progress=0.7037  success=0/1 (0.00%)  steps=mean:2508.0 range:[2508,2508]
  training  completed=2342/2500  queue=9/256 (4%)  replay=200000/200000  updates=631  loss=0.00307  policy_version=823
  throughput env_steps_s=1258.9  transitions_s=1258.9  transitions_step=1.0  updates_s=314.8  updates_throttled=0
episode=2342
  mode      collector=async  worker=3  epsilon=0.001
  outcome   reward=5.936600000000055  progress=0.2593  success=0/1 (0.00%)  steps=mean:834.0 range:[834,834]
  training  completed=2343/2500  queue=3/256 (1%)  replay=200000/200000  updates=175  loss=0.00268  policy_version=824
  throughput env_steps_s=1269.3  transitions_s=1269.3  transitions_step=1.0  updates_s=317.3  updates_throttled=0
episode=2345
  mode      collector=async  worker=1  epsilon=0.001
  outcome   reward=0.0007000000000008111  progress=0.0370  success=0/1 (0.00%)  steps=mean:193.0 range:[193,193]
  training  completed=2344/2500  queue=3/256 (1%)  replay=200000/200000  updates=18  loss=0.00182  policy_version=824
  throughput env_steps_s=1113.2  transitions_s=1113.2  transitions_step=1.0  updates_s=270.8  updates_throttled=0
episode=2347
  mode      collector=async  worker=1  epsilon=0.001
  outcome   reward=-1.006  progress=0.0000  success=0/1 (0.00%)  steps=mean:60.0 range:[60,60]
  training  completed=2345/2500  queue=0/256 (0%)  replay=200000/200000  updates=61  loss=0.00343  policy_version=825
  throughput env_steps_s=1323.2  transitions_s=1323.2  transitions_step=1.0  updates_s=329.5  updates_throttled=0
episode=2343
  mode      collector=async  worker=2  epsilon=0.001
  outcome   reward=7.929400000000054  progress=0.3333  success=0/1 (0.00%)  steps=mean:906.0 range:[906,906]
  training  completed=2346/2500  queue=2/256 (1%)  replay=200000/200000  updates=7  loss=0.00171  policy_version=825
  throughput env_steps_s=1068.4  transitions_s=1068.4  transitions_step=1.0  updates_s=287.6  updates_throttled=0
episode=2346
  mode      collector=async  worker=3  epsilon=0.001
  outcome   reward=2.967799999999964  progress=0.1481  success=0/1 (0.00%)  steps=mean:522.0 range:[522,522]
  training  completed=2347/2500  queue=4/256 (2%)  replay=200000/200000  updates=438  loss=0.00256  policy_version=830
  throughput env_steps_s=1277.7  transitions_s=1277.7  transitions_step=1.0  updates_s=319.0  updates_throttled=0
episode=2350
  mode      collector=async  worker=3  epsilon=0.001
  outcome   reward=0.0004000000000008441  progress=0.0370  success=0/1 (0.00%)  steps=mean:196.0 range:[196,196]
  training  completed=2348/2500  queue=5/256 (2%)  replay=200000/200000  updates=199  loss=0.00252  policy_version=832
  throughput env_steps_s=1259.4  transitions_s=1259.4  transitions_step=1.0  updates_s=315.2  updates_throttled=0
episode=2348
  mode      collector=async  worker=1  epsilon=0.001
  outcome   reward=3.9543999999999686  progress=0.1852  success=0/1 (0.00%)  steps=mean:656.0 range:[656,656]
  training  completed=2349/2500  queue=6/256 (2%)  replay=200000/200000  updates=16  loss=0.00302  policy_version=832
  throughput env_steps_s=1227.9  transitions_s=1227.9  transitions_step=1.0  updates_s=307.0  updates_throttled=0
episode=2352
  mode      collector=async  worker=1  epsilon=0.001
  outcome   reward=-1.0064  progress=0.0000  success=0/1 (0.00%)  steps=mean:64.0 range:[64,64]
  training  completed=2350/2500  queue=5/256 (2%)  replay=200000/200000  updates=65  loss=0.00208  policy_version=832
  throughput env_steps_s=1250.1  transitions_s=1250.1  transitions_step=1.0  updates_s=313.7  updates_throttled=0
episode=2351
  mode      collector=async  worker=3  epsilon=0.001
  outcome   reward=-9.999999999910081e-05  progress=0.0370  success=0/1 (0.00%)  steps=mean:201.0 range:[201,201]
  training  completed=2351/2500  queue=7/256 (3%)  replay=200000/200000  updates=125  loss=0.00336  policy_version=834
  throughput env_steps_s=1241.9  transitions_s=1241.9  transitions_step=1.0  updates_s=311.1  updates_throttled=0
episode=2344
  mode      collector=async  worker=0  epsilon=0.001
  outcome   reward=14.815800000000344  progress=0.5926  success=0/1 (0.00%)  steps=mean:2042.0 range:[2042,2042]
  training  completed=2352/2500  queue=7/256 (3%)  replay=200000/200000  updates=308  loss=0.00261  policy_version=837
  throughput env_steps_s=1255.1  transitions_s=1255.1  transitions_step=1.0  updates_s=313.5  updates_throttled=0
episode=2354
  mode      collector=async  worker=3  epsilon=0.001
  outcome   reward=0.9886000000000024  progress=0.0741  success=0/1 (0.00%)  steps=mean:314.0 range:[314,314]
  training  completed=2353/2500  queue=3/256 (1%)  replay=200000/200000  updates=5  loss=0.00032  policy_version=837
  throughput env_steps_s=1582.9  transitions_s=1582.9  transitions_step=1.0  updates_s=376.9  updates_throttled=0
episode=2355
  mode      collector=async  worker=0  epsilon=0.001
  outcome   reward=0.00010000000000087717  progress=0.0370  success=0/1 (0.00%)  steps=mean:199.0 range:[199,199]
  training  completed=2354/2500  queue=2/256 (1%)  replay=200000/200000  updates=199  loss=0.00252  policy_version=839
  throughput env_steps_s=1273.4  transitions_s=1273.4  transitions_step=1.0  updates_s=318.8  updates_throttled=0
episode=2356
  mode      collector=async  worker=3  epsilon=0.001
  outcome   reward=1.9773999999999872  progress=0.1111  success=0/1 (0.00%)  steps=mean:426.0 range:[426,426]
  training  completed=2355/2500  queue=4/256 (2%)  replay=200000/200000  updates=221  loss=0.00218  policy_version=841
  throughput env_steps_s=1258.5  transitions_s=1258.5  transitions_step=1.0  updates_s=314.3  updates_throttled=0
episode=2357
  mode      collector=async  worker=0  epsilon=0.001
  outcome   reward=2.960399999999959  progress=0.1481  success=0/1 (0.00%)  steps=mean:596.0 range:[596,596]
  training  completed=2356/2500  queue=4/256 (2%)  replay=200000/200000  updates=378  loss=0.00282  policy_version=845
  throughput env_steps_s=1261.9  transitions_s=1261.9  transitions_step=1.0  updates_s=315.5  updates_throttled=0
episode=2349
  mode      collector=async  worker=2  epsilon=0.001
  outcome   reward=13.819700000000315  progress=0.5556  success=0/1 (0.00%)  steps=mean:2003.0 range:[2003,2003]
  training  completed=2357/2500  queue=4/256 (2%)  replay=200000/200000  updates=47  loss=0.00163  policy_version=845
  throughput env_steps_s=1324.0  transitions_s=1324.0  transitions_step=1.0  updates_s=329.2  updates_throttled=0
episode=2359
  mode      collector=async  worker=0  epsilon=0.001
  outcome   reward=-1.0066  progress=0.0000  success=0/1 (0.00%)  steps=mean:66.0 range:[66,66]
  training  completed=2358/2500  queue=6/256 (2%)  replay=200000/200000  updates=20  loss=0.00269  policy_version=845
  throughput env_steps_s=1139.5  transitions_s=1139.5  transitions_step=1.0  updates_s=288.5  updates_throttled=0
episode=2360
  mode      collector=async  worker=2  epsilon=0.001
  outcome   reward=0.991600000000002  progress=0.0741  success=0/1 (0.00%)  steps=mean:284.0 range:[284,284]
  training  completed=2359/2500  queue=3/256 (1%)  replay=200000/200000  updates=264  loss=0.00312  policy_version=848
  throughput env_steps_s=1280.6  transitions_s=1280.6  transitions_step=1.0  updates_s=320.5  updates_throttled=0
episode=2362
  mode      collector=async  worker=2  epsilon=0.001
  outcome   reward=-1.0067  progress=0.0000  success=0/1 (0.00%)  steps=mean:67.0 range:[67,67]
  training  completed=2360/2500  queue=14/256 (5%)  replay=200000/200000  updates=69  loss=0.00216  policy_version=849
  throughput env_steps_s=1175.3  transitions_s=1175.3  transitions_step=1.0  updates_s=294.9  updates_throttled=0
episode=2363
  mode      collector=async  worker=2  epsilon=0.001
  outcome   reward=-1.0061  progress=0.0000  success=0/1 (0.00%)  steps=mean:61.0 range:[61,61]
  training  completed=2361/2500  queue=3/256 (1%)  replay=200000/200000  updates=64  loss=0.00185  policy_version=849
  throughput env_steps_s=1318.3  transitions_s=1318.3  transitions_step=1.0  updates_s=329.6  updates_throttled=0
episode=2361
  mode      collector=async  worker=0  epsilon=0.001
  outcome   reward=6.907700000000159  progress=0.2963  success=0/1 (0.00%)  steps=mean:1123.0 range:[1123,1123]
  training  completed=2362/2500  queue=3/256 (1%)  replay=200000/200000  updates=725  loss=0.00314  policy_version=857
  throughput env_steps_s=1253.5  transitions_s=1253.5  transitions_step=1.0  updates_s=313.1  updates_throttled=0
episode=2353
  mode      collector=async  worker=1  epsilon=0.001
  outcome   reward=12.773700000000362  progress=0.5185  success=0/1 (0.00%)  steps=mean:2463.0 range:[2463,2463]
  training  completed=2363/2500  queue=3/256 (1%)  replay=200000/200000  updates=34  loss=0.00270  policy_version=857
  throughput env_steps_s=1256.8  transitions_s=1256.8  transitions_step=1.0  updates_s=316.5  updates_throttled=0
episode=2358
  mode      collector=async  worker=3  epsilon=0.001
  outcome   reward=12.847900000000244  progress=0.5185  success=0/1 (0.00%)  steps=mean:1721.0 range:[1721,1721]
  training  completed=2364/2500  queue=3/256 (1%)  replay=200000/200000  updates=114  loss=0.00260  policy_version=858
  throughput env_steps_s=1261.7  transitions_s=1261.7  transitions_step=1.0  updates_s=315.4  updates_throttled=0
episode=2364
  mode      collector=async  worker=2  epsilon=0.001
  outcome   reward=8.915700000000056  progress=0.3704  success=0/1 (0.00%)  steps=mean:1043.0 range:[1043,1043]
  training  completed=2365/2500  queue=5/256 (2%)  replay=200000/200000  updates=172  loss=0.00273  policy_version=860
  throughput env_steps_s=1283.5  transitions_s=1283.5  transitions_step=1.0  updates_s=320.4  updates_throttled=0
episode=2366
  mode      collector=async  worker=1  epsilon=0.001
  outcome   reward=0.9848000000000026  progress=0.0741  success=0/1 (0.00%)  steps=mean:352.0 range:[352,352]
  training  completed=2366/2500  queue=7/256 (3%)  replay=200000/200000  updates=75  loss=0.00202  policy_version=861
  throughput env_steps_s=1237.0  transitions_s=1237.0  transitions_step=1.0  updates_s=310.3  updates_throttled=0
episode=2365
  mode      collector=async  worker=0  epsilon=0.001
  outcome   reward=5.907000000000051  progress=0.2593  success=0/1 (0.00%)  steps=mean:1130.0 range:[1130,1130]
  training  completed=2367/2500  queue=3/256 (1%)  replay=200000/200000  updates=729  loss=0.00261  policy_version=868
  throughput env_steps_s=1270.1  transitions_s=1270.1  transitions_step=1.0  updates_s=317.5  updates_throttled=0
episode=2370
  mode      collector=async  worker=0  epsilon=0.001
  outcome   reward=-0.0013999999999989576  progress=0.0370  success=0/1 (0.00%)  steps=mean:214.0 range:[214,214]
  training  completed=2368/2500  queue=6/256 (2%)  replay=200000/200000  updates=218  loss=0.00325  policy_version=870
  throughput env_steps_s=1198.9  transitions_s=1198.9  transitions_step=1.0  updates_s=300.1  updates_throttled=0
episode=2369
  mode      collector=async  worker=1  epsilon=0.001
  outcome   reward=6.9240000000000625  progress=0.2963  success=0/1 (0.00%)  steps=mean:960.0 range:[960,960]
  training  completed=2369/2500  queue=6/256 (2%)  replay=200000/200000  updates=18  loss=0.00280  policy_version=870
  throughput env_steps_s=1194.8  transitions_s=1194.8  transitions_step=1.0  updates_s=298.7  updates_throttled=0
episode=2371
  mode      collector=async  worker=0  epsilon=0.001
  outcome   reward=-1.0061  progress=0.0000  success=0/1 (0.00%)  steps=mean:61.0 range:[61,61]
  training  completed=2370/2500  queue=3/256 (1%)  replay=200000/200000  updates=40  loss=0.00177  policy_version=871
  throughput env_steps_s=1213.0  transitions_s=1213.0  transitions_step=1.0  updates_s=305.2  updates_throttled=0
episode=2373
  mode      collector=async  worker=0  epsilon=0.001
  outcome   reward=1.9768999999999861  progress=0.1111  success=0/1 (0.00%)  steps=mean:431.0 range:[431,431]
  training  completed=2371/2500  queue=0/256 (0%)  replay=200000/200000  updates=429  loss=0.00230  policy_version=875
  throughput env_steps_s=1249.2  transitions_s=1249.2  transitions_step=1.0  updates_s=311.8  updates_throttled=0
episode=2374
  mode      collector=async  worker=0  epsilon=0.001
  outcome   reward=0.9888000000000023  progress=0.0741  success=0/1 (0.00%)  steps=mean:312.0 range:[312,312]
  training  completed=2372/2500  queue=4/256 (2%)  replay=200000/200000  updates=317  loss=0.00350  policy_version=878
  throughput env_steps_s=1222.1  transitions_s=1222.1  transitions_step=1.0  updates_s=306.0  updates_throttled=0
episode=2372
  mode      collector=async  worker=1  epsilon=0.001
  outcome   reward=4.940099999999992  progress=0.2222  success=0/1 (0.00%)  steps=mean:799.0 range:[799,799]
  training  completed=2373/2500  queue=5/256 (2%)  replay=200000/200000  updates=14  loss=0.00134  policy_version=878
  throughput env_steps_s=1241.4  transitions_s=1241.4  transitions_step=1.0  updates_s=304.9  updates_throttled=0
episode=2368
  mode      collector=async  worker=2  epsilon=0.001
  outcome   reward=13.831900000000223  progress=0.5556  success=0/1 (0.00%)  steps=mean:1881.0 range:[1881,1881]
  training  completed=2374/2500  queue=16/256 (6%)  replay=200000/200000  updates=33  loss=0.00261  policy_version=879
  throughput env_steps_s=1087.7  transitions_s=1087.7  transitions_step=1.0  updates_s=274.0  updates_throttled=0
episode=2377
  mode      collector=async  worker=2  epsilon=0.001
  outcome   reward=0.00030000000000085514  progress=0.0370  success=0/1 (0.00%)  steps=mean:197.0 range:[197,197]
  training  completed=2375/2500  queue=9/256 (4%)  replay=200000/200000  updates=200  loss=0.00246  policy_version=881
  throughput env_steps_s=1260.8  transitions_s=1260.8  transitions_step=1.0  updates_s=315.6  updates_throttled=0
episode=2376
  mode      collector=async  worker=1  epsilon=0.001
  outcome   reward=0.9886000000000024  progress=0.0741  success=0/1 (0.00%)  steps=mean:314.0 range:[314,314]
  training  completed=2376/2500  queue=3/256 (1%)  replay=200000/200000  updates=81  loss=0.00387  policy_version=881
  throughput env_steps_s=1251.8  transitions_s=1251.8  transitions_step=1.0  updates_s=311.0  updates_throttled=0
episode=2378
  mode      collector=async  worker=2  epsilon=0.001
  outcome   reward=7.8814000000001325  progress=0.3333  success=0/1 (0.00%)  steps=mean:1386.0 range:[1386,1386]
  training  completed=2377/2500  queue=7/256 (3%)  replay=200000/200000  updates=1321  loss=0.00278  policy_version=895
  throughput env_steps_s=1143.3  transitions_s=1143.3  transitions_step=1.0  updates_s=285.9  updates_throttled=0
episode=2375
  mode      collector=async  worker=0  epsilon=0.001
  outcome   reward=9.853100000000206  progress=0.4074  success=0/1 (0.00%)  steps=mean:1669.0 range:[1669,1669]
  training  completed=2378/2500  queue=8/256 (3%)  replay=200000/200000  updates=14  loss=0.00717  policy_version=895
  throughput env_steps_s=1167.5  transitions_s=1167.5  transitions_step=1.0  updates_s=297.2  updates_throttled=0
episode=2379
  mode      collector=async  worker=1  epsilon=0.001
  outcome   reward=7.880600000000095  progress=0.3333  success=0/1 (0.00%)  steps=mean:1394.0 range:[1394,1394]
  training  completed=2379/2500  queue=5/256 (2%)  replay=200000/200000  updates=53  loss=0.00241  policy_version=895
  throughput env_steps_s=1168.6  transitions_s=1168.6  transitions_step=1.0  updates_s=289.4  updates_throttled=0
episode=2380
  mode      collector=async  worker=2  epsilon=0.001
  outcome   reward=-1.0067  progress=0.0000  success=0/1 (0.00%)  steps=mean:67.0 range:[67,67]
  training  completed=2380/2500  queue=15/256 (6%)  replay=200000/200000  updates=1  loss=0.00041  policy_version=895
  throughput env_steps_s=244.1  transitions_s=244.1  transitions_step=1.0  updates_s=61.0  updates_throttled=0
episode=2383
  mode      collector=async  worker=2  epsilon=0.001
  outcome   reward=-1.0066  progress=0.0000  success=0/1 (0.00%)  steps=mean:66.0 range:[66,66]
  training  completed=2381/2500  queue=11/256 (4%)  replay=200000/200000  updates=70  loss=0.00182  policy_version=896
  throughput env_steps_s=1075.2  transitions_s=1075.2  transitions_step=1.0  updates_s=269.8  updates_throttled=0
episode=2381
  mode      collector=async  worker=0  epsilon=0.001
  outcome   reward=4.939799999999998  progress=0.2222  success=0/1 (0.00%)  steps=mean:802.0 range:[802,802]
  training  completed=2382/2500  queue=5/256 (2%)  replay=200000/200000  updates=674  loss=0.00285  policy_version=903
  throughput env_steps_s=992.3  transitions_s=992.3  transitions_step=1.0  updates_s=247.9  updates_throttled=0
episode=2367
  mode      collector=async  worker=3  epsilon=0.001
  outcome   reward=23.563100000000883  progress=0.9259  success=0/1 (0.00%)  steps=mean:4569.0 range:[4569,4569]
  training  completed=2383/2500  queue=11/256 (4%)  replay=200000/200000  updates=96  loss=0.00255  policy_version=904
  throughput env_steps_s=957.9  transitions_s=957.9  transitions_step=1.0  updates_s=240.7  updates_throttled=0
episode=2382
  mode      collector=async  worker=1  epsilon=0.001
  outcome   reward=5.935000000000008  progress=0.2593  success=0/1 (0.00%)  steps=mean:850.0 range:[850,850]
  training  completed=2384/2500  queue=7/256 (3%)  replay=200000/200000  updates=8  loss=0.00191  policy_version=904
  throughput env_steps_s=1207.0  transitions_s=1207.0  transitions_step=1.0  updates_s=311.5  updates_throttled=0
episode=2387
  mode      collector=async  worker=1  epsilon=0.001
  outcome   reward=-1.006  progress=0.0000  success=0/1 (0.00%)  steps=mean:60.0 range:[60,60]
  training  completed=2385/2500  queue=3/256 (1%)  replay=200000/200000  updates=54  loss=0.00320  policy_version=904
  throughput env_steps_s=1015.8  transitions_s=1015.8  transitions_step=1.0  updates_s=250.5  updates_throttled=0
episode=2386
  mode      collector=async  worker=3  epsilon=0.001
  outcome   reward=-1.0063  progress=0.0000  success=0/1 (0.00%)  steps=mean:63.0 range:[63,63]
  training  completed=2386/2500  queue=6/256 (2%)  replay=200000/200000  updates=4  loss=0.00058  policy_version=904
  throughput env_steps_s=812.9  transitions_s=812.9  transitions_step=1.0  updates_s=250.1  updates_throttled=0
episode=2385
  mode      collector=async  worker=0  epsilon=0.001
  outcome   reward=0.001300000000000967  progress=0.0370  success=0/1 (0.00%)  steps=mean:187.0 range:[187,187]
  training  completed=2387/2500  queue=8/256 (3%)  replay=200000/200000  updates=27  loss=0.00202  policy_version=905
  throughput env_steps_s=961.8  transitions_s=961.8  transitions_step=1.0  updates_s=234.0  updates_throttled=0
episode=2390
  mode      collector=async  worker=0  epsilon=0.001
  outcome   reward=6.929100000000049  progress=0.2963  success=0/1 (0.00%)  steps=mean:909.0 range:[909,909]
  training  completed=2388/2500  queue=7/256 (3%)  replay=200000/200000  updates=916  loss=0.00262  policy_version=914
  throughput env_steps_s=1016.6  transitions_s=1016.6  transitions_step=1.0  updates_s=254.4  updates_throttled=0
episode=2389
  mode      collector=async  worker=3  epsilon=0.001
  outcome   reward=5.915400000000039  progress=0.2593  success=0/1 (0.00%)  steps=mean:1046.0 range:[1046,1046]
  training  completed=2389/2500  queue=5/256 (2%)  replay=200000/200000  updates=105  loss=0.00260  policy_version=915
  throughput env_steps_s=709.0  transitions_s=709.0  transitions_step=1.0  updates_s=176.8  updates_throttled=0
episode=2388
  mode      collector=async  worker=1  epsilon=0.001
  outcome   reward=8.883600000000115  progress=0.3704  success=0/1 (0.00%)  steps=mean:1364.0 range:[1364,1364]
  training  completed=2390/2500  queue=2/256 (1%)  replay=200000/200000  updates=305  loss=0.00234  policy_version=918
  throughput env_steps_s=625.8  transitions_s=625.8  transitions_step=1.0  updates_s=156.5  updates_throttled=0
episode=2393
  mode      collector=async  worker=1  epsilon=0.001
  outcome   reward=-0.0023999999999988475  progress=0.0370  success=0/1 (0.00%)  steps=mean:224.0 range:[224,224]
  training  completed=2391/2500  queue=7/256 (3%)  replay=200000/200000  updates=225  loss=0.00264  policy_version=920
  throughput env_steps_s=579.0  transitions_s=579.0  transitions_step=1.0  updates_s=144.7  updates_throttled=0
episode=2392
  mode      collector=async  worker=3  epsilon=0.001
  outcome   reward=2.963099999999958  progress=0.1481  success=0/1 (0.00%)  steps=mean:569.0 range:[569,569]
  training  completed=2392/2500  queue=7/256 (3%)  replay=200000/200000  updates=26  loss=0.00368  policy_version=920
  throughput env_steps_s=527.9  transitions_s=527.9  transitions_step=1.0  updates_s=130.7  updates_throttled=0
episode=2394
  mode      collector=async  worker=1  epsilon=0.001
  outcome   reward=-1.0067  progress=0.0000  success=0/1 (0.00%)  steps=mean:67.0 range:[67,67]
  training  completed=2393/2500  queue=11/256 (4%)  replay=200000/200000  updates=41  loss=0.00219  policy_version=921
  throughput env_steps_s=567.1  transitions_s=567.1  transitions_step=1.0  updates_s=141.8  updates_throttled=0
episode=2384
  mode      collector=async  worker=2  epsilon=0.001
  outcome   reward=16.735800000000456  progress=0.6667  success=0/1 (0.00%)  steps=mean:2842.0 range:[2842,2842]
  training  completed=2394/2500  queue=5/256 (2%)  replay=200000/200000  updates=376  loss=0.00221  policy_version=924
  throughput env_steps_s=558.2  transitions_s=558.2  transitions_step=1.0  updates_s=139.4  updates_throttled=0
episode=2397
  mode      collector=async  worker=2  epsilon=0.001
  outcome   reward=1.9779999999999884  progress=0.1111  success=0/1 (0.00%)  steps=mean:420.0 range:[420,420]
  training  completed=2395/2500  queue=12/256 (5%)  replay=200000/200000  updates=413  loss=0.00258  policy_version=929
  throughput env_steps_s=579.9  transitions_s=579.9  transitions_step=1.0  updates_s=145.0  updates_throttled=0
episode=2391
  mode      collector=async  worker=0  epsilon=0.001
  outcome   reward=9.859700000000178  progress=0.4074  success=0/1 (0.00%)  steps=mean:1603.0 range:[1603,1603]
  training  completed=2396/2500  queue=9/256 (4%)  replay=200000/200000  updates=98  loss=0.00258  policy_version=930
  throughput env_steps_s=580.5  transitions_s=580.5  transitions_step=1.0  updates_s=146.3  updates_throttled=0
episode=2399
  mode      collector=async  worker=0  epsilon=0.001
  outcome   reward=-1.0064  progress=0.0000  success=0/1 (0.00%)  steps=mean:64.0 range:[64,64]
  training  completed=2397/2500  queue=7/256 (3%)  replay=200000/200000  updates=61  loss=0.00280  policy_version=930
  throughput env_steps_s=611.2  transitions_s=611.2  transitions_step=1.0  updates_s=152.2  updates_throttled=0
episode=2395
  mode      collector=async  worker=3  epsilon=0.001
  outcome   reward=7.900100000000082  progress=0.3333  success=0/1 (0.00%)  steps=mean:1199.0 range:[1199,1199]
  training  completed=2398/2500  queue=3/256 (1%)  replay=200000/200000  updates=239  loss=0.00251  policy_version=933
  throughput env_steps_s=567.0  transitions_s=567.0  transitions_step=1.0  updates_s=141.9  updates_throttled=0
episode=2401
  mode      collector=async  worker=3  epsilon=0.001
  outcome   reward=-1.0061  progress=0.0000  success=0/1 (0.00%)  steps=mean:61.0 range:[61,61]
  training  completed=2399/2500  queue=3/256 (1%)  replay=200000/200000  updates=60  loss=0.00289  policy_version=933
  throughput env_steps_s=586.9  transitions_s=586.9  transitions_step=1.0  updates_s=144.9  updates_throttled=0
episode=2396
  mode      collector=async  worker=1  epsilon=0.001
  outcome   reward=7.892800000000104  progress=0.3333  success=0/1 (0.00%)  steps=mean:1272.0 range:[1272,1272]
  training  completed=2400/2500  queue=15/256 (6%)  replay=200000/200000  updates=41  loss=0.00295  policy_version=934
  throughput env_steps_s=506.7  transitions_s=506.7  transitions_step=1.0  updates_s=127.4  updates_throttled=0
Saved checkpoint: checkpoints/breakout_s2_rand/ckpt-2400
Scheduled replay buffer save: checkpoints/breakout_s2_rand/replay-2400.npz transitions=200000
Skipping best-checkpoint evaluation for episode=2400: a previous evaluation is still running.
Frozen evaluation episode=2100: success=0/20 (0.00%) reward_mean=2.6814 steps_mean=2296.4
Saved replay buffer: checkpoints/breakout_s2_rand/replay-2400.npz transitions=200000
episode=2402
  mode      collector=async  worker=3  epsilon=0.001
  outcome   reward=0.9892000000000023  progress=0.0741  success=0/1 (0.00%)  steps=mean:308.0 range:[308,308]
  training  completed=2401/2500  queue=3/256 (1%)  replay=200000/200000  updates=270  loss=0.00291  policy_version=936
  throughput env_steps_s=619.8  transitions_s=619.8  transitions_step=1.0  updates_s=155.2  updates_throttled=0
episode=2398
  mode      collector=async  worker=2  epsilon=0.001
  outcome   reward=5.931700000000016  progress=0.2593  success=0/1 (0.00%)  steps=mean:883.0 range:[883,883]
  training  completed=2402/2500  queue=10/256 (4%)  replay=200000/200000  updates=111  loss=0.00264  policy_version=937
  throughput env_steps_s=628.7  transitions_s=628.7  transitions_step=1.0  updates_s=156.8  updates_throttled=0
episode=2403
  mode      collector=async  worker=1  epsilon=0.001
  outcome   reward=3.943899999999963  progress=0.1852  success=0/1 (0.00%)  steps=mean:761.0 range:[761,761]
  training  completed=2403/2500  queue=8/256 (3%)  replay=200000/200000  updates=372  loss=0.00283  policy_version=941
  throughput env_steps_s=648.4  transitions_s=648.4  transitions_step=1.0  updates_s=161.9  updates_throttled=0
episode=2400
  mode      collector=async  worker=0  epsilon=0.001
  outcome   reward=8.901800000000135  progress=0.3704  success=0/1 (0.00%)  steps=mean:1182.0 range:[1182,1182]
  training  completed=2404/2500  queue=5/256 (2%)  replay=200000/200000  updates=91  loss=0.00215  policy_version=942
  throughput env_steps_s=680.7  transitions_s=680.7  transitions_step=1.0  updates_s=171.1  updates_throttled=0
episode=2406
  mode      collector=async  worker=1  epsilon=0.001
  outcome   reward=0.001400000000000956  progress=0.0370  success=0/1 (0.00%)  steps=mean:186.0 range:[186,186]
  training  completed=2405/2500  queue=7/256 (3%)  replay=200000/200000  updates=95  loss=0.00257  policy_version=943
  throughput env_steps_s=633.5  transitions_s=633.5  transitions_step=1.0  updates_s=158.8  updates_throttled=0
episode=2407
  mode      collector=async  worker=0  epsilon=0.001
  outcome   reward=0.9883000000000024  progress=0.0741  success=0/1 (0.00%)  steps=mean:317.0 range:[317,317]
  training  completed=2406/2500  queue=0/256 (0%)  replay=200000/200000  updates=226  loss=0.00232  policy_version=945
  throughput env_steps_s=645.3  transitions_s=645.3  transitions_step=1.0  updates_s=160.8  updates_throttled=0
episode=2404
  mode      collector=async  worker=3  epsilon=0.001
  outcome   reward=11.816200000000267  progress=0.4815  success=0/1 (0.00%)  steps=mean:2038.0 range:[2038,2038]
  training  completed=2407/2500  queue=8/256 (3%)  replay=200000/200000  updates=1140  loss=0.00264  policy_version=957
  throughput env_steps_s=646.6  transitions_s=646.6  transitions_step=1.0  updates_s=161.7  updates_throttled=0
episode=2408
  mode      collector=async  worker=1  epsilon=0.001
  outcome   reward=8.874900000000258  progress=0.3704  success=0/1 (0.00%)  steps=mean:1451.0 range:[1451,1451]
  training  completed=2408/2500  queue=2/256 (1%)  replay=200000/200000  updates=100  loss=0.00346  policy_version=958
  throughput env_steps_s=642.6  transitions_s=642.6  transitions_step=1.0  updates_s=160.7  updates_throttled=0
episode=2409
  mode      collector=async  worker=0  epsilon=0.001
  outcome   reward=11.851200000000182  progress=0.4815  success=0/1 (0.00%)  steps=mean:1688.0 range:[1688,1688]
  training  completed=2409/2500  queue=10/256 (4%)  replay=200000/200000  updates=443  loss=0.00280  policy_version=962
  throughput env_steps_s=644.5  transitions_s=644.5  transitions_step=1.0  updates_s=161.2  updates_throttled=0
episode=2412
  mode      collector=async  worker=0  epsilon=0.001
  outcome   reward=-1.0065  progress=0.0000  success=0/1 (0.00%)  steps=mean:65.0 range:[65,65]
  training  completed=2410/2500  queue=11/256 (4%)  replay=200000/200000  updates=65  loss=0.00205  policy_version=963
  throughput env_steps_s=651.6  transitions_s=651.6  transitions_step=1.0  updates_s=162.3  updates_throttled=0
episode=2405
  mode      collector=async  worker=2  epsilon=0.001
  outcome   reward=13.761200000000397  progress=0.5556  success=0/1 (0.00%)  steps=mean:2588.0 range:[2588,2588]
  training  completed=2411/2500  queue=7/256 (3%)  replay=200000/200000  updates=20  loss=0.00177  policy_version=963
  throughput env_steps_s=732.1  transitions_s=732.1  transitions_step=1.0  updates_s=183.0  updates_throttled=0
episode=2413
  mode      collector=async  worker=0  epsilon=0.001
  outcome   reward=2.9635999999999587  progress=0.1481  success=0/1 (0.00%)  steps=mean:564.0 range:[564,564]
  training  completed=2412/2500  queue=1/256 (0%)  replay=200000/200000  updates=549  loss=0.00301  policy_version=968
  throughput env_steps_s=795.1  transitions_s=795.1  transitions_step=1.0  updates_s=198.7  updates_throttled=0
episode=2410
  mode      collector=async  worker=3  epsilon=0.001
  outcome   reward=7.877900000000032  progress=0.3333  success=0/1 (0.00%)  steps=mean:1421.0 range:[1421,1421]
  training  completed=2413/2500  queue=3/256 (1%)  replay=200000/200000  updates=249  loss=0.00255  policy_version=971
  throughput env_steps_s=1368.1  transitions_s=1368.1  transitions_step=1.0  updates_s=342.7  updates_throttled=0
episode=2415
  mode      collector=async  worker=0  epsilon=0.001
  outcome   reward=1.9862999999999855  progress=0.1111  success=0/1 (0.00%)  steps=mean:337.0 range:[337,337]
  training  completed=2414/2500  queue=0/256 (0%)  replay=200000/200000  updates=90  loss=0.00223  policy_version=972
  throughput env_steps_s=1375.9  transitions_s=1375.9  transitions_step=1.0  updates_s=341.1  updates_throttled=0
episode=2414
  mode      collector=async  worker=2  epsilon=0.001
  outcome   reward=6.9246000000000825  progress=0.2963  success=0/1 (0.00%)  steps=mean:954.0 range:[954,954]
  training  completed=2415/2500  queue=4/256 (2%)  replay=200000/200000  updates=68  loss=0.00285  policy_version=972
  throughput env_steps_s=1315.4  transitions_s=1315.4  transitions_step=1.0  updates_s=332.5  updates_throttled=0
episode=2416
  mode      collector=async  worker=3  epsilon=0.001
  outcome   reward=1.0022999999999864  progress=0.0741  success=0/1 (0.00%)  steps=mean:177.0 range:[177,177]
  training  completed=2416/2500  queue=3/256 (1%)  replay=200000/200000  updates=20  loss=0.00443  policy_version=973
  throughput env_steps_s=1419.6  transitions_s=1419.6  transitions_step=1.0  updates_s=350.5  updates_throttled=0
episode=2411
  mode      collector=async  worker=1  epsilon=0.001
  outcome   reward=11.843000000000224  progress=0.4815  success=0/1 (0.00%)  steps=mean:1770.0 range:[1770,1770]
  training  completed=2417/2500  queue=3/256 (1%)  replay=200000/200000  updates=258  loss=0.00283  policy_version=975
  throughput env_steps_s=1355.8  transitions_s=1355.8  transitions_step=1.0  updates_s=338.6  updates_throttled=0
episode=2420
  mode      collector=async  worker=1  epsilon=0.001
  outcome   reward=1.9735999999999854  progress=0.1111  success=0/1 (0.00%)  steps=mean:464.0 range:[464,464]
  training  completed=2418/2500  queue=3/256 (1%)  replay=200000/200000  updates=464  loss=0.00183  policy_version=980
  throughput env_steps_s=1382.3  transitions_s=1382.3  transitions_step=1.0  updates_s=345.6  updates_throttled=0
episode=2417
  mode      collector=async  worker=0  epsilon=0.001
  outcome   reward=5.931900000000111  progress=0.2593  success=0/1 (0.00%)  steps=mean:881.0 range:[881,881]
  training  completed=2419/2500  queue=3/256 (1%)  replay=200000/200000  updates=75  loss=0.00293  policy_version=981
  throughput env_steps_s=1376.3  transitions_s=1376.3  transitions_step=1.0  updates_s=344.1  updates_throttled=0
episode=2421
  mode      collector=async  worker=1  epsilon=0.001
  outcome   reward=0.010200000000001097  progress=0.0370  success=0/1 (0.00%)  steps=mean:98.0 range:[98,98]
  training  completed=2420/2500  queue=14/256 (5%)  replay=200000/200000  updates=22  loss=0.00441  policy_version=981
  throughput env_steps_s=1208.7  transitions_s=1208.7  transitions_step=1.0  updates_s=302.2  updates_throttled=0
episode=2418
  mode      collector=async  worker=2  epsilon=0.001
  outcome   reward=4.930499999999985  progress=0.2222  success=0/1 (0.00%)  steps=mean:895.0 range:[895,895]
  training  completed=2421/2500  queue=3/256 (1%)  replay=200000/200000  updates=53  loss=0.00222  policy_version=981
  throughput env_steps_s=1378.2  transitions_s=1378.2  transitions_step=1.0  updates_s=342.9  updates_throttled=0
episode=2419
  mode      collector=async  worker=3  epsilon=0.001
  outcome   reward=3.9268999999999172  progress=0.1852  success=0/1 (0.00%)  steps=mean:931.0 range:[931,931]
  training  completed=2422/2500  queue=3/256 (1%)  replay=200000/200000  updates=61  loss=0.00258  policy_version=982
  throughput env_steps_s=1354.3  transitions_s=1354.3  transitions_step=1.0  updates_s=342.8  updates_throttled=0
episode=2424
  mode      collector=async  worker=2  epsilon=0.001
  outcome   reward=-1.0065  progress=0.0000  success=0/1 (0.00%)  steps=mean:65.0 range:[65,65]
  training  completed=2423/2500  queue=3/256 (1%)  replay=200000/200000  updates=4  loss=0.00727  policy_version=982
  throughput env_steps_s=1353.5  transitions_s=1353.5  transitions_step=1.0  updates_s=338.4  updates_throttled=0
episode=2423
  mode      collector=async  worker=1  epsilon=0.001
  outcome   reward=0.0007000000000008111  progress=0.0370  success=0/1 (0.00%)  steps=mean:193.0 range:[193,193]
  training  completed=2424/2500  queue=5/256 (2%)  replay=200000/200000  updates=70  loss=0.00209  policy_version=983
  throughput env_steps_s=1317.5  transitions_s=1317.5  transitions_step=1.0  updates_s=327.0  updates_throttled=0
episode=2425
  mode      collector=async  worker=3  epsilon=0.001
  outcome   reward=-0.0002999999999990788  progress=0.0370  success=0/1 (0.00%)  steps=mean:203.0 range:[203,203]
  training  completed=2425/2500  queue=3/256 (1%)  replay=200000/200000  updates=133  loss=0.00307  policy_version=984
  throughput env_steps_s=1345.4  transitions_s=1345.4  transitions_step=1.0  updates_s=335.7  updates_throttled=0
episode=2422
  mode      collector=async  worker=0  epsilon=0.001
  outcome   reward=1.9685999999999837  progress=0.1111  success=0/1 (0.00%)  steps=mean:514.0 range:[514,514]
  training  completed=2426/2500  queue=3/256 (1%)  replay=200000/200000  updates=174  loss=0.00258  policy_version=986
  throughput env_steps_s=1352.1  transitions_s=1352.1  transitions_step=1.0  updates_s=339.0  updates_throttled=0
episode=2427
  mode      collector=async  worker=1  epsilon=0.001
  outcome   reward=4.94969999999997  progress=0.2222  success=0/1 (0.00%)  steps=mean:703.0 range:[703,703]
  training  completed=2427/2500  queue=2/256 (1%)  replay=200000/200000  updates=387  loss=0.00260  policy_version=990
  throughput env_steps_s=1360.3  transitions_s=1360.3  transitions_step=1.0  updates_s=339.6  updates_throttled=0
episode=2430
  mode      collector=async  worker=1  epsilon=0.001
  outcome   reward=-1.0061  progress=0.0000  success=0/1 (0.00%)  steps=mean:61.0 range:[61,61]
  training  completed=2428/2500  queue=4/256 (2%)  replay=200000/200000  updates=63  loss=0.00274  policy_version=990
  throughput env_steps_s=1318.4  transitions_s=1318.4  transitions_step=1.0  updates_s=333.6  updates_throttled=0
episode=2428
  mode      collector=async  worker=3  epsilon=0.001
  outcome   reward=3.9410000000000096  progress=0.1852  success=0/1 (0.00%)  steps=mean:790.0 range:[790,790]
  training  completed=2429/2500  queue=5/256 (2%)  replay=200000/200000  updates=169  loss=0.00226  policy_version=992
  throughput env_steps_s=1382.0  transitions_s=1382.0  transitions_step=1.0  updates_s=344.0  updates_throttled=0
episode=2429
  mode      collector=async  worker=0  epsilon=0.001
  outcome   reward=3.9466999999999652  progress=0.1852  success=0/1 (0.00%)  steps=mean:733.0 range:[733,733]
  training  completed=2430/2500  queue=3/256 (1%)  replay=200000/200000  updates=127  loss=0.00244  policy_version=993
  throughput env_steps_s=1355.0  transitions_s=1355.0  transitions_step=1.0  updates_s=339.4  updates_throttled=0
episode=2432
  mode      collector=async  worker=3  epsilon=0.001
  outcome   reward=5.933500000000011  progress=0.2593  success=0/1 (0.00%)  steps=mean:865.0 range:[865,865]
  training  completed=2431/2500  queue=3/256 (1%)  replay=200000/200000  updates=740  loss=0.00235  policy_version=1001
  throughput env_steps_s=1368.5  transitions_s=1368.5  transitions_step=1.0  updates_s=342.1  updates_throttled=0
episode=2434
  mode      collector=async  worker=3  epsilon=0.001
  outcome   reward=-1.0065  progress=0.0000  success=0/1 (0.00%)  steps=mean:65.0 range:[65,65]
  training  completed=2432/2500  queue=4/256 (2%)  replay=200000/200000  updates=63  loss=0.00308  policy_version=1001
  throughput env_steps_s=1328.8  transitions_s=1328.8  transitions_step=1.0  updates_s=333.5  updates_throttled=0
episode=2435
  mode      collector=async  worker=3  epsilon=0.001
  outcome   reward=-1.0065  progress=0.0000  success=0/1 (0.00%)  steps=mean:65.0 range:[65,65]
  training  completed=2433/2500  queue=2/256 (1%)  replay=200000/200000  updates=67  loss=0.00182  policy_version=1002
  throughput env_steps_s=1382.8  transitions_s=1382.8  transitions_step=1.0  updates_s=347.0  updates_throttled=0
episode=2426
  mode      collector=async  worker=2  epsilon=0.001
  outcome   reward=17.734100000000463  progress=0.7037  success=0/1 (0.00%)  steps=mean:2859.0 range:[2859,2859]
  training  completed=2434/2500  queue=3/256 (1%)  replay=200000/200000  updates=858  loss=0.00294  policy_version=1011
  throughput env_steps_s=1359.1  transitions_s=1359.1  transitions_step=1.0  updates_s=339.5  updates_throttled=0
episode=2436
  mode      collector=async  worker=3  epsilon=0.001
  outcome   reward=4.930199999999979  progress=0.2222  success=0/1 (0.00%)  steps=mean:898.0 range:[898,898]
  training  completed=2435/2500  queue=2/256 (1%)  replay=200000/200000  updates=41  loss=0.00293  policy_version=1011
  throughput env_steps_s=1368.0  transitions_s=1368.0  transitions_step=1.0  updates_s=344.1  updates_throttled=0
episode=2437
  mode      collector=async  worker=2  epsilon=0.001
  outcome   reward=-1.006  progress=0.0000  success=0/1 (0.00%)  steps=mean:60.0 range:[60,60]
  training  completed=2436/2500  queue=2/256 (1%)  replay=200000/200000  updates=20  loss=0.00180  policy_version=1011
  throughput env_steps_s=1309.4  transitions_s=1309.4  transitions_step=1.0  updates_s=335.7  updates_throttled=0
episode=2438
  mode      collector=async  worker=3  epsilon=0.001
  outcome   reward=-1.0064  progress=0.0000  success=0/1 (0.00%)  steps=mean:64.0 range:[64,64]
  training  completed=2437/2500  queue=6/256 (2%)  replay=200000/200000  updates=45  loss=0.00220  policy_version=1012
  throughput env_steps_s=1291.4  transitions_s=1291.4  transitions_step=1.0  updates_s=317.6  updates_throttled=0
episode=2440
  mode      collector=async  worker=3  epsilon=0.001
  outcome   reward=-1.0064  progress=0.0000  success=0/1 (0.00%)  steps=mean:64.0 range:[64,64]
  training  completed=2438/2500  queue=4/256 (2%)  replay=200000/200000  updates=66  loss=0.00268  policy_version=1012
  throughput env_steps_s=1377.5  transitions_s=1377.5  transitions_step=1.0  updates_s=344.4  updates_throttled=0
episode=2439
  mode      collector=async  worker=2  epsilon=0.001
  outcome   reward=-0.0002999999999990788  progress=0.0370  success=0/1 (0.00%)  steps=mean:203.0 range:[203,203]
  training  completed=2439/2500  queue=5/256 (2%)  replay=200000/200000  updates=93  loss=0.00283  policy_version=1013
  throughput env_steps_s=1316.8  transitions_s=1316.8  transitions_step=1.0  updates_s=331.9  updates_throttled=0
episode=2442
  mode      collector=async  worker=2  epsilon=0.001
  outcome   reward=0.9907000000000021  progress=0.0741  success=0/1 (0.00%)  steps=mean:293.0 range:[293,293]
  training  completed=2440/2500  queue=15/256 (6%)  replay=200000/200000  updates=293  loss=0.00262  policy_version=1016
  throughput env_steps_s=1350.3  transitions_s=1350.3  transitions_step=1.0  updates_s=336.7  updates_throttled=0
episode=2431
  mode      collector=async  worker=1  epsilon=0.001
  outcome   reward=19.55300000000089  progress=0.7778  success=0/1 (0.00%)  steps=mean:4670.0 range:[4670,4670]
  training  completed=2441/2500  queue=3/256 (1%)  replay=200000/200000  updates=2075  loss=0.00266  policy_version=1037
  throughput env_steps_s=1361.2  transitions_s=1361.2  transitions_step=1.0  updates_s=340.3  updates_throttled=0
episode=2441
  mode      collector=async  worker=3  epsilon=0.001
  outcome   reward=17.726800000000484  progress=0.7037  success=0/1 (0.00%)  steps=mean:2932.0 range:[2932,2932]
  training  completed=2442/2500  queue=7/256 (3%)  replay=200000/200000  updates=469  loss=0.00254  policy_version=1042
  throughput env_steps_s=1354.8  transitions_s=1354.8  transitions_step=1.0  updates_s=339.1  updates_throttled=0
episode=2433
  mode      collector=async  worker=0  epsilon=0.001
  outcome   reward=20.47140000000108  progress=0.8148  success=0/1 (0.00%)  steps=mean:5486.0 range:[5486,5486]
  training  completed=2443/2500  queue=8/256 (3%)  replay=200000/200000  updates=649  loss=0.00254  policy_version=1048
  throughput env_steps_s=1363.0  transitions_s=1363.0  transitions_step=1.0  updates_s=340.8  updates_throttled=0
episode=2446
  mode      collector=async  worker=0  epsilon=0.001
  outcome   reward=-1.0062  progress=0.0000  success=0/1 (0.00%)  steps=mean:62.0 range:[62,62]
  training  completed=2444/2500  queue=4/256 (2%)  replay=200000/200000  updates=62  loss=0.00336  policy_version=1049
  throughput env_steps_s=1329.5  transitions_s=1329.5  transitions_step=1.0  updates_s=329.7  updates_throttled=0
episode=2444
  mode      collector=async  worker=1  epsilon=0.001
  outcome   reward=12.795000000000393  progress=0.5185  success=0/1 (0.00%)  steps=mean:2250.0 range:[2250,2250]
  training  completed=2445/2500  queue=4/256 (2%)  replay=200000/200000  updates=1067  loss=0.00254  policy_version=1059
  throughput env_steps_s=1357.1  transitions_s=1357.1  transitions_step=1.0  updates_s=339.3  updates_throttled=0
episode=2445
  mode      collector=async  worker=3  epsilon=0.001
  outcome   reward=9.840100000000216  progress=0.4074  success=0/1 (0.00%)  steps=mean:1799.0 range:[1799,1799]
  training  completed=2446/2500  queue=3/256 (1%)  replay=200000/200000  updates=27  loss=0.00191  policy_version=1060
  throughput env_steps_s=1351.9  transitions_s=1351.9  transitions_step=1.0  updates_s=347.6  updates_throttled=0
episode=2449
  mode      collector=async  worker=3  epsilon=0.001
  outcome   reward=4.9408  progress=0.2222  success=0/1 (0.00%)  steps=mean:792.0 range:[792,792]
  training  completed=2447/2500  queue=8/256 (3%)  replay=200000/200000  updates=787  loss=0.00249  policy_version=1068
  throughput env_steps_s=1348.9  transitions_s=1348.9  transitions_step=1.0  updates_s=337.0  updates_throttled=0
episode=2443
  mode      collector=async  worker=2  epsilon=0.001
  outcome   reward=23.501200000000996  progress=0.9259  success=0/1 (0.00%)  steps=mean:5188.0 range:[5188,5188]
  training  completed=2448/2500  queue=2/256 (1%)  replay=200000/200000  updates=59  loss=0.00298  policy_version=1068
  throughput env_steps_s=1374.1  transitions_s=1374.1  transitions_step=1.0  updates_s=345.0  updates_throttled=0
episode=2447
  mode      collector=async  worker=0  epsilon=0.001
  outcome   reward=9.82400000000025  progress=0.4074  success=0/1 (0.00%)  steps=mean:1960.0 range:[1960,1960]
  training  completed=2449/2500  queue=2/256 (1%)  replay=200000/200000  updates=31  loss=0.00242  policy_version=1068
  throughput env_steps_s=1302.9  transitions_s=1302.9  transitions_step=1.0  updates_s=323.1  updates_throttled=0
episode=2452
  mode      collector=async  worker=0  epsilon=0.001
  outcome   reward=0.001100000000000767  progress=0.0370  success=0/1 (0.00%)  steps=mean:189.0 range:[189,189]
  training  completed=2450/2500  queue=3/256 (1%)  replay=200000/200000  updates=197  loss=0.00222  policy_version=1070
  throughput env_steps_s=1346.6  transitions_s=1346.6  transitions_step=1.0  updates_s=336.2  updates_throttled=0
episode=2453
  mode      collector=async  worker=0  epsilon=0.001
  outcome   reward=-1.0064  progress=0.0000  success=0/1 (0.00%)  steps=mean:64.0 range:[64,64]
  training  completed=2451/2500  queue=3/256 (1%)  replay=200000/200000  updates=63  loss=0.00197  policy_version=1071
  throughput env_steps_s=1365.8  transitions_s=1365.8  transitions_step=1.0  updates_s=344.2  updates_throttled=0
episode=2448
  mode      collector=async  worker=1  epsilon=0.001
  outcome   reward=9.900500000000148  progress=0.4074  success=0/1 (0.00%)  steps=mean:1195.0 range:[1195,1195]
  training  completed=2452/2500  queue=2/256 (1%)  replay=200000/200000  updates=24  loss=0.00189  policy_version=1071
  throughput env_steps_s=1221.7  transitions_s=1221.7  transitions_step=1.0  updates_s=305.4  updates_throttled=0
episode=2454
  mode      collector=async  worker=0  epsilon=0.001
  outcome   reward=-1.0067  progress=0.0000  success=0/1 (0.00%)  steps=mean:67.0 range:[67,67]
  training  completed=2453/2500  queue=3/256 (1%)  replay=200000/200000  updates=42  loss=0.00206  policy_version=1072
  throughput env_steps_s=1336.8  transitions_s=1336.8  transitions_step=1.0  updates_s=334.2  updates_throttled=0
episode=2456
  mode      collector=async  worker=0  epsilon=0.001
  outcome   reward=0.9854000000000025  progress=0.0741  success=0/1 (0.00%)  steps=mean:346.0 range:[346,346]
  training  completed=2454/2500  queue=3/256 (1%)  replay=200000/200000  updates=346  loss=0.00208  policy_version=1075
  throughput env_steps_s=1349.3  transitions_s=1349.3  transitions_step=1.0  updates_s=337.6  updates_throttled=0
episode=2451
  mode      collector=async  worker=2  epsilon=0.001
  outcome   reward=4.949099999999968  progress=0.2222  success=0/1 (0.00%)  steps=mean:709.0 range:[709,709]
  training  completed=2455/2500  queue=2/256 (1%)  replay=200000/200000  updates=8  loss=0.00051  policy_version=1075
  throughput env_steps_s=985.4  transitions_s=985.4  transitions_step=1.0  updates_s=238.9  updates_throttled=0
episode=2457
  mode      collector=async  worker=0  epsilon=0.001
  outcome   reward=-1.0061  progress=0.0000  success=0/1 (0.00%)  steps=mean:61.0 range:[61,61]
  training  completed=2456/2500  queue=3/256 (1%)  replay=200000/200000  updates=54  loss=0.00298  policy_version=1076
  throughput env_steps_s=1281.5  transitions_s=1281.5  transitions_step=1.0  updates_s=318.9  updates_throttled=0
episode=2450
  mode      collector=async  worker=3  epsilon=0.001
  outcome   reward=10.849100000000208  progress=0.4444  success=0/1 (0.00%)  steps=mean:1709.0 range:[1709,1709]
  training  completed=2457/2500  queue=3/256 (1%)  replay=200000/200000  updates=889  loss=0.00243  policy_version=1085
  throughput env_steps_s=1358.5  transitions_s=1358.5  transitions_step=1.0  updates_s=339.8  updates_throttled=0
episode=2458
  mode      collector=async  worker=2  epsilon=0.001
  outcome   reward=7.923300000000047  progress=0.3333  success=0/1 (0.00%)  steps=mean:967.0 range:[967,967]
  training  completed=2458/2500  queue=2/256 (1%)  replay=200000/200000  updates=22  loss=0.00631  policy_version=1085
  throughput env_steps_s=1403.2  transitions_s=1403.2  transitions_step=1.0  updates_s=343.0  updates_throttled=0
episode=2459
  mode      collector=async  worker=0  epsilon=0.001
  outcome   reward=7.929500000000074  progress=0.3333  success=0/1 (0.00%)  steps=mean:905.0 range:[905,905]
  training  completed=2459/2500  queue=2/256 (1%)  replay=200000/200000  updates=0  loss=0.00000  policy_version=1085
  throughput env_steps_s=1403.2  transitions_s=1403.2  transitions_step=1.0  updates_s=343.0  updates_throttled=0
episode=2462
  mode      collector=async  worker=0  epsilon=0.001
  outcome   reward=-1.0062  progress=0.0000  success=0/1 (0.00%)  steps=mean:62.0 range:[62,62]
  training  completed=2460/2500  queue=13/256 (5%)  replay=200000/200000  updates=64  loss=0.00294  policy_version=1085
  throughput env_steps_s=1267.9  transitions_s=1267.9  transitions_step=1.0  updates_s=315.7  updates_throttled=0
episode=2460
  mode      collector=async  worker=3  epsilon=0.001
  outcome   reward=2.9623999999999624  progress=0.1481  success=0/1 (0.00%)  steps=mean:576.0 range:[576,576]
  training  completed=2461/2500  queue=3/256 (1%)  replay=200000/200000  updates=491  loss=0.00259  policy_version=1090
  throughput env_steps_s=1342.7  transitions_s=1342.7  transitions_step=1.0  updates_s=335.9  updates_throttled=0
episode=2461
  mode      collector=async  worker=2  epsilon=0.001
  outcome   reward=3.9625000000000394  progress=0.1852  success=0/1 (0.00%)  steps=mean:575.0 range:[575,575]
  training  completed=2462/2500  queue=5/256 (2%)  replay=200000/200000  updates=24  loss=0.00406  policy_version=1091
  throughput env_steps_s=1321.8  transitions_s=1321.8  transitions_step=1.0  updates_s=330.5  updates_throttled=0
episode=2465
  mode      collector=async  worker=2  epsilon=0.001
  outcome   reward=-0.0033999999999989594  progress=0.0370  success=0/1 (0.00%)  steps=mean:234.0 range:[234,234]
  training  completed=2463/2500  queue=6/256 (2%)  replay=200000/200000  updates=235  loss=0.00246  policy_version=1093
  throughput env_steps_s=1341.5  transitions_s=1341.5  transitions_step=1.0  updates_s=335.7  updates_throttled=0
episode=2463
  mode      collector=async  worker=0  epsilon=0.001
  outcome   reward=5.9258000000000335  progress=0.2593  success=0/1 (0.00%)  steps=mean:942.0 range:[942,942]
  training  completed=2464/2500  queue=3/256 (1%)  replay=200000/200000  updates=190  loss=0.00241  policy_version=1095
  throughput env_steps_s=1352.6  transitions_s=1352.6  transitions_step=1.0  updates_s=337.3  updates_throttled=0
episode=2467
  mode      collector=async  worker=0  epsilon=0.001
  outcome   reward=-1.0062  progress=0.0000  success=0/1 (0.00%)  steps=mean:62.0 range:[62,62]
  training  completed=2465/2500  queue=8/256 (3%)  replay=200000/200000  updates=65  loss=0.00251  policy_version=1096
  throughput env_steps_s=1290.6  transitions_s=1290.6  transitions_step=1.0  updates_s=323.9  updates_throttled=0
episode=2468
  mode      collector=async  worker=0  epsilon=0.001
  outcome   reward=-1.0064  progress=0.0000  success=0/1 (0.00%)  steps=mean:64.0 range:[64,64]
  training  completed=2466/2500  queue=4/256 (2%)  replay=200000/200000  updates=63  loss=0.00197  policy_version=1096
  throughput env_steps_s=1379.2  transitions_s=1379.2  transitions_step=1.0  updates_s=347.6  updates_throttled=0
episode=2466
  mode      collector=async  worker=2  epsilon=0.001
  outcome   reward=1.987399999999962  progress=0.1111  success=0/1 (0.00%)  steps=mean:326.0 range:[326,326]
  training  completed=2467/2500  queue=4/256 (2%)  replay=200000/200000  updates=8  loss=0.00231  policy_version=1096
  throughput env_steps_s=1277.7  transitions_s=1277.7  transitions_step=1.0  updates_s=300.6  updates_throttled=0
episode=2455
  mode      collector=async  worker=1  epsilon=0.001
  outcome   reward=18.740400000000545  progress=0.7407  success=0/1 (0.00%)  steps=mean:2796.0 range:[2796,2796]
  training  completed=2468/2500  queue=3/256 (1%)  replay=200000/200000  updates=261  loss=0.00305  policy_version=1099
  throughput env_steps_s=1351.5  transitions_s=1351.5  transitions_step=1.0  updates_s=337.6  updates_throttled=0
episode=2471
  mode      collector=async  worker=1  epsilon=0.001
  outcome   reward=-1.0065  progress=0.0000  success=0/1 (0.00%)  steps=mean:65.0 range:[65,65]
  training  completed=2469/2500  queue=6/256 (2%)  replay=200000/200000  updates=64  loss=0.00212  policy_version=1100
  throughput env_steps_s=1306.6  transitions_s=1306.6  transitions_step=1.0  updates_s=326.7  updates_throttled=0
episode=2470
  mode      collector=async  worker=2  epsilon=0.001
  outcome   reward=4.953200000000013  progress=0.2222  success=0/1 (0.00%)  steps=mean:668.0 range:[668,668]
  training  completed=2470/2500  queue=3/256 (1%)  replay=200000/200000  updates=347  loss=0.00233  policy_version=1103
  throughput env_steps_s=1352.7  transitions_s=1352.7  transitions_step=1.0  updates_s=338.2  updates_throttled=0
episode=2464
  mode      collector=async  worker=3  epsilon=0.001
  outcome   reward=7.870000000000108  progress=0.3333  success=0/1 (0.00%)  steps=mean:1500.0 range:[1500,1500]
  training  completed=2471/2500  queue=3/256 (1%)  replay=200000/200000  updates=252  loss=0.00227  policy_version=1105
  throughput env_steps_s=1368.8  transitions_s=1368.8  transitions_step=1.0  updates_s=343.2  updates_throttled=0
episode=2472
  mode      collector=async  worker=1  epsilon=0.001
  outcome   reward=2.9533999999999567  progress=0.1481  success=0/1 (0.00%)  steps=mean:666.0 range:[666,666]
  training  completed=2472/2500  queue=4/256 (2%)  replay=200000/200000  updates=71  loss=0.00331  policy_version=1106
  throughput env_steps_s=1331.2  transitions_s=1331.2  transitions_step=1.0  updates_s=331.6  updates_throttled=0
episode=2474
  mode      collector=async  worker=3  epsilon=0.001
  outcome   reward=3.9503999999999673  progress=0.1852  success=0/1 (0.00%)  steps=mean:696.0 range:[696,696]
  training  completed=2473/2500  queue=3/256 (1%)  replay=200000/200000  updates=625  loss=0.00265  policy_version=1112
  throughput env_steps_s=1356.4  transitions_s=1356.4  transitions_step=1.0  updates_s=339.1  updates_throttled=0
episode=2476
  mode      collector=async  worker=3  epsilon=0.001
  outcome   reward=7.901000000000092  progress=0.3333  success=0/1 (0.00%)  steps=mean:1190.0 range:[1190,1190]
  training  completed=2474/2500  queue=3/256 (1%)  replay=200000/200000  updates=1196  loss=0.00263  policy_version=1124
  throughput env_steps_s=1354.2  transitions_s=1354.2  transitions_step=1.0  updates_s=338.6  updates_throttled=0
episode=2477
  mode      collector=async  worker=3  epsilon=0.001
  outcome   reward=-1.0063  progress=0.0000  success=0/1 (0.00%)  steps=mean:63.0 range:[63,63]
  training  completed=2475/2500  queue=5/256 (2%)  replay=200000/200000  updates=64  loss=0.00176  policy_version=1125
  throughput env_steps_s=1318.3  transitions_s=1318.3  transitions_step=1.0  updates_s=327.0  updates_throttled=0
episode=2473
  mode      collector=async  worker=2  epsilon=0.001
  outcome   reward=16.78720000000036  progress=0.6667  success=0/1 (0.00%)  steps=mean:2328.0 range:[2328,2328]
  training  completed=2476/2500  queue=3/256 (1%)  replay=200000/200000  updates=128  loss=0.00187  policy_version=1126
  throughput env_steps_s=1348.4  transitions_s=1348.4  transitions_step=1.0  updates_s=337.1  updates_throttled=0
episode=2478
  mode      collector=async  worker=3  epsilon=0.001
  outcome   reward=0.001300000000000745  progress=0.0370  success=0/1 (0.00%)  steps=mean:187.0 range:[187,187]
  training  completed=2477/2500  queue=6/256 (2%)  replay=200000/200000  updates=60  loss=0.00221  policy_version=1127
  throughput env_steps_s=1258.3  transitions_s=1258.3  transitions_step=1.0  updates_s=314.6  updates_throttled=0
episode=2475
  mode      collector=async  worker=1  epsilon=0.001
  outcome   reward=18.72710000000049  progress=0.7407  success=0/1 (0.00%)  steps=mean:2929.0 range:[2929,2929]
  training  completed=2478/2500  queue=3/256 (1%)  replay=200000/200000  updates=840  loss=0.00269  policy_version=1135
  throughput env_steps_s=1347.4  transitions_s=1347.4  transitions_step=1.0  updates_s=336.9  updates_throttled=0
episode=2469
  mode      collector=async  worker=0  epsilon=0.001
  outcome   reward=24.62290000000075  progress=0.9630  success=0/1 (0.00%)  steps=mean:3971.0 range:[3971,3971]
  training  completed=2479/2500  queue=3/256 (1%)  replay=200000/200000  updates=56  loss=0.00184  policy_version=1136
  throughput env_steps_s=1331.7  transitions_s=1331.7  transitions_step=1.0  updates_s=331.5  updates_throttled=0
episode=2479
  mode      collector=async  worker=2  epsilon=0.001
  outcome   reward=3.923899999999975  progress=0.1852  success=0/1 (0.00%)  steps=mean:961.0 range:[961,961]
  training  completed=2480/2500  queue=13/256 (5%)  replay=200000/200000  updates=4  loss=0.00062  policy_version=1136
  throughput env_steps_s=728.6  transitions_s=728.6  transitions_step=1.0  updates_s=194.3  updates_throttled=0
episode=2482
  mode      collector=async  worker=0  epsilon=0.001
  outcome   reward=-1.0064  progress=0.0000  success=0/1 (0.00%)  steps=mean:64.0 range:[64,64]
  training  completed=2481/2500  queue=3/256 (1%)  replay=200000/200000  updates=60  loss=0.00189  policy_version=1137
  throughput env_steps_s=1389.4  transitions_s=1389.4  transitions_step=1.0  updates_s=348.8  updates_throttled=0
episode=2483
  mode      collector=async  worker=2  epsilon=0.001
  outcome   reward=-1.0064  progress=0.0000  success=0/1 (0.00%)  steps=mean:64.0 range:[64,64]
  training  completed=2482/2500  queue=8/256 (3%)  replay=200000/200000  updates=6  loss=0.00218  policy_version=1137
  throughput env_steps_s=955.5  transitions_s=955.5  transitions_step=1.0  updates_s=229.3  updates_throttled=0
episode=2481
  mode      collector=async  worker=1  epsilon=0.001
  outcome   reward=-0.0010999999999989907  progress=0.0370  success=0/1 (0.00%)  steps=mean:211.0 range:[211,211]
  training  completed=2483/2500  queue=4/256 (2%)  replay=200000/200000  updates=85  loss=0.00363  policy_version=1137
  throughput env_steps_s=1314.7  transitions_s=1314.7  transitions_step=1.0  updates_s=327.7  updates_throttled=0
episode=2486
  mode      collector=async  worker=1  epsilon=0.001
  outcome   reward=-1.0067  progress=0.0000  success=0/1 (0.00%)  steps=mean:67.0 range:[67,67]
  training  completed=2484/2500  queue=6/256 (2%)  replay=200000/200000  updates=69  loss=0.00272  policy_version=1138
  throughput env_steps_s=1303.0  transitions_s=1303.0  transitions_step=1.0  updates_s=325.8  updates_throttled=0
episode=2485
  mode      collector=async  worker=2  epsilon=0.001
  outcome   reward=1.9740999999999878  progress=0.1111  success=0/1 (0.00%)  steps=mean:459.0 range:[459,459]
  training  completed=2485/2500  queue=3/256 (1%)  replay=200000/200000  updates=299  loss=0.00224  policy_version=1141
  throughput env_steps_s=1319.0  transitions_s=1319.0  transitions_step=1.0  updates_s=330.0  updates_throttled=0
episode=2480
  mode      collector=async  worker=3  epsilon=0.001
  outcome   reward=13.863700000000199  progress=0.5556  success=0/1 (0.00%)  steps=mean:1563.0 range:[1563,1563]
  training  completed=2486/2500  queue=6/256 (2%)  replay=200000/200000  updates=141  loss=0.00211  policy_version=1143
  throughput env_steps_s=1309.5  transitions_s=1309.5  transitions_step=1.0  updates_s=328.5  updates_throttled=0
episode=2487
  mode      collector=async  worker=1  epsilon=0.001
  outcome   reward=5.931000000000048  progress=0.2593  success=0/1 (0.00%)  steps=mean:890.0 range:[890,890]
  training  completed=2487/2500  queue=3/256 (1%)  replay=200000/200000  updates=440  loss=0.00285  policy_version=1147
  throughput env_steps_s=1326.6  transitions_s=1326.6  transitions_step=1.0  updates_s=331.3  updates_throttled=0
episode=2490
  mode      collector=async  worker=1  epsilon=0.001
  outcome   reward=-1.0061  progress=0.0000  success=0/1 (0.00%)  steps=mean:61.0 range:[61,61]
  training  completed=2488/2500  queue=8/256 (3%)  replay=200000/200000  updates=62  loss=0.00251  policy_version=1148
  throughput env_steps_s=1253.8  transitions_s=1253.8  transitions_step=1.0  updates_s=313.5  updates_throttled=0
episode=2491
  mode      collector=async  worker=1  epsilon=0.001
  outcome   reward=5.929100000000069  progress=0.2593  success=0/1 (0.00%)  steps=mean:909.0 range:[909,909]
  training  completed=2489/2500  queue=3/256 (1%)  replay=200000/200000  updates=913  loss=0.00242  policy_version=1157
  throughput env_steps_s=1319.7  transitions_s=1319.7  transitions_step=1.0  updates_s=330.1  updates_throttled=0
episode=2484
  mode      collector=async  worker=0  epsilon=0.001
  outcome   reward=13.795700000000322  progress=0.5556  success=0/1 (0.00%)  steps=mean:2243.0 range:[2243,2243]
  training  completed=2490/2500  queue=2/256 (1%)  replay=200000/200000  updates=225  loss=0.00222  policy_version=1159
  throughput env_steps_s=1285.0  transitions_s=1285.0  transitions_step=1.0  updates_s=320.2  updates_throttled=0
episode=2488
  mode      collector=async  worker=2  epsilon=0.001
  outcome   reward=10.835900000000217  progress=0.4444  success=0/1 (0.00%)  steps=mean:1841.0 range:[1841,1841]
  training  completed=2491/2500  queue=4/256 (2%)  replay=200000/200000  updates=69  loss=0.00253  policy_version=1160
  throughput env_steps_s=1193.3  transitions_s=1193.3  transitions_step=1.0  updates_s=298.3  updates_throttled=0
episode=2489
  mode      collector=async  worker=3  epsilon=0.001
  outcome   reward=13.847600000000305  progress=0.5556  success=0/1 (0.00%)  steps=mean:1724.0 range:[1724,1724]
  training  completed=2492/2500  queue=5/256 (2%)  replay=200000/200000  updates=18  loss=0.00162  policy_version=1160
  throughput env_steps_s=1204.0  transitions_s=1204.0  transitions_step=1.0  updates_s=301.0  updates_throttled=0
episode=2492
  mode      collector=async  worker=1  epsilon=0.001
  outcome   reward=0.9860000000000027  progress=0.0741  success=0/1 (0.00%)  steps=mean:340.0 range:[340,340]
  training  completed=2493/2500  queue=5/256 (2%)  replay=200000/200000  updates=22  loss=0.00209  policy_version=1160
  throughput env_steps_s=1270.8  transitions_s=1270.8  transitions_step=1.0  updates_s=317.7  updates_throttled=0
episode=2496
  mode      collector=async  worker=1  epsilon=0.001
  outcome   reward=-1.0061  progress=0.0000  success=0/1 (0.00%)  steps=mean:61.0 range:[61,61]
  training  completed=2494/2500  queue=5/256 (2%)  replay=200000/200000  updates=61  loss=0.00276  policy_version=1161
  throughput env_steps_s=1206.1  transitions_s=1206.1  transitions_step=1.0  updates_s=301.5  updates_throttled=0
episode=2495
  mode      collector=async  worker=3  epsilon=0.001
  outcome   reward=1.9907999999999875  progress=0.1111  success=0/1 (0.00%)  steps=mean:292.0 range:[292,292]
  training  completed=2495/2500  queue=3/256 (1%)  replay=200000/200000  updates=207  loss=0.00290  policy_version=1163
  throughput env_steps_s=1263.6  transitions_s=1263.6  transitions_step=1.0  updates_s=316.7  updates_throttled=0
episode=2494
  mode      collector=async  worker=2  epsilon=0.001
  outcome   reward=2.975099999999986  progress=0.1481  success=0/1 (0.00%)  steps=mean:449.0 range:[449,449]
  training  completed=2496/2500  queue=3/256 (1%)  replay=200000/200000  updates=141  loss=0.00182  policy_version=1164
  throughput env_steps_s=1266.5  transitions_s=1266.5  transitions_step=1.0  updates_s=316.1  updates_throttled=0
episode=2493
  mode      collector=async  worker=0  epsilon=0.001
  outcome   reward=3.952299999999971  progress=0.1852  success=0/1 (0.00%)  steps=mean:677.0 range:[677,677]
  training  completed=2497/2500  queue=3/256 (1%)  replay=200000/200000  updates=159  loss=0.00244  policy_version=1166
  throughput env_steps_s=1276.2  transitions_s=1276.2  transitions_step=1.0  updates_s=319.6  updates_throttled=0
episode=2497
  mode      collector=async  worker=1  epsilon=0.001
  outcome   reward=2.960899999999951  progress=0.1481  success=0/1 (0.00%)  steps=mean:591.0 range:[591,591]
  training  completed=2498/2500  queue=2/256 (1%)  replay=200000/200000  updates=66  loss=0.00344  policy_version=1166
  throughput env_steps_s=1041.7  transitions_s=1041.7  transitions_step=1.0  updates_s=261.4  updates_throttled=0
episode=2499
  mode      collector=async  worker=2  epsilon=0.001
  outcome   reward=2.9736999999999547  progress=0.1481  success=0/1 (0.00%)  steps=mean:463.0 range:[463,463]
  training  completed=2499/2500  queue=0/256 (0%)  replay=200000/200000  updates=108  loss=0.00212  policy_version=1167
  throughput env_steps_s=729.6  transitions_s=729.6  transitions_step=1.0  updates_s=181.2  updates_throttled=0
episode=2498
  mode      collector=async  worker=3  epsilon=0.001
  outcome   reward=5.9478000000000275  progress=0.2593  success=0/1 (0.00%)  steps=mean:722.0 range:[722,722]
  training  completed=2500/2500  queue=0/256 (0%)  replay=200000/200000  updates=30  loss=0.00138  policy_version=1168
  throughput env_steps_s=369.3  transitions_s=369.3  transitions_step=1.0  updates_s=93.1  updates_throttled=0
Saved checkpoint: checkpoints/breakout_s2_rand/ckpt-2500
Scheduled replay buffer save: checkpoints/breakout_s2_rand/replay-2500.npz transitions=200000
Evaluating frozen checkpoint episode=2500 episodes=20 metric=auto...
Saved weights: breakout_s2_rand.weights.h5
Saved replay buffer: checkpoints/breakout_s2_rand/replay-2500.npz transitions=200000
Frozen evaluation episode=2500: success=2/20 (10.00%) reward_mean=9.7058 steps_mean=2052.0
